alignment,alignment_replayed,attack,attack_id,canonical_sha256,execution_code_sha256,extra_utility_fits,level_index,linkage_rate,noise_scale,outer_seed,participant_count,protocol,realization,source_utility_run
,False,AM,s0_p10_l10_r0_AM,a12dcb1ba4e2a21b6a4474c284e3079c1b8e06dc282072a6d2d3a684bd02794b,1a980269c1778978c64462bf76cf00949cd95e29e33d5066107809299e5dec35,0,10,0.09,0.06,0,10.0,NAA-GDP,0,s0_p10_NAA-GDP_l10_r0
,False,AM,s0_p10_l10_r1_AM,a12dcb1ba4e2a21b6a4474c284e3079c1b8e06dc282072a6d2d3a684bd02794b,1a980269c1778978c64462bf76cf00949cd95e29e33d5066107809299e5dec35,0,10,0.081,0.06,0,10.0,NAA-GDP,1,s0_p10_NAA-GDP_l10_r1
,False,AM,s0_p10_l10_r2_AM,a12dcb1ba4e2a21b6a4474c284e3079c1b8e06dc282072a6d2d3a684bd02794b,1a980269c1778978c64462bf76cf00949cd95e29e33d5066107809299e5dec35,0,10,0.101,0.06,0,10.0,NAA-GDP,2,s0_p10_NAA-GDP_l10_r2
,False,AM,s0_p10_l10_r3_AM,a12dcb1ba4e2a21b6a4474c284e3079c1b8e06dc282072a6d2d3a684bd02794b,1a980269c1778978c64462bf76cf00949cd95e29e33d5066107809299e5dec35,0,10,0.112,0.06,0,10.0,NAA-GDP,3,s0_p10_NAA-GDP_l10_r3
,True,AM,s0_p10_l1_r0_AM,a12dcb1ba4e2a21b6a4474c284e3079c1b8e06dc282072a6d2d3a684bd02794b,1a980269c1778978c64462bf76cf00949cd95e29e33d5066107809299e5dec35,0,1,0.558,0.006,0,10.0,NAA-GDP,0,s0_p10_NAA-GDP_l1_r0
,True,AM,s0_p10_l1_r1_AM,a12dcb1ba4e2a21b6a4474c284e3079c1b8e06dc282072a6d2d3a684bd02794b,1a980269c1778978c64462bf76cf00949cd95e29e33d5066107809299e5dec35,0,1,0.613,0.006,0,10.0,NAA-GDP,1,s0_p10_NAA-GDP_l1_r1
,True,AM,s0_p10_l1_r2_AM,a12dcb1ba4e2a21b6a4474c284e3079c1b8e06dc282072a6d2d3a684bd02794b,1a980269c1778978c64462bf76cf00949cd95e29e33d5066107809299e5dec35,0,1,0.57,0.006,0,10.0,NAA-GDP,2,s0_p10_NAA-GDP_l1_r2
,True,AM,s0_p10_l1_r3_AM,a12dcb1ba4e2a21b6a4474c284e3079c1b8e06dc282072a6d2d3a684bd02794b,1a980269c1778978c64462bf76cf00949cd95e29e33d5066107809299e5dec35,0,1,0.581,0.006,0,10.0,NAA-GDP,3,s0_p10_NAA-GDP_l1_r3
,True,AM,s0_p10_l2_r0_AM,a12dcb1ba4e2a21b6a4474c284e3079c1b8e06dc282072a6d2d3a684bd02794b,1a980269c1778978c64462bf76cf00949cd95e29e33d5066107809299e5dec35,0,2,0.412,0.012,0,10.0,NAA-GDP,0,s0_p10_NAA-GDP_l2_r0
,True,AM,s0_p10_l2_r1_AM,a12dcb1ba4e2a21b6a4474c284e3079c1b8e06dc282072a6d2d3a684bd02794b,1a980269c1778978c64462bf76cf00949cd95e29e33d5066107809299e5dec35,0,2,0.333,0.012,0,10.0,NAA-GDP,1,s0_p10_NAA-GDP_l2_r1
,True,AM,s0_p10_l2_r2_AM,a12dcb1ba4e2a21b6a4474c284e3079c1b8e06dc282072a6d2d3a684bd02794b,1a980269c1778978c64462bf76cf00949cd95e29e33d5066107809299e5dec35,0,2,0.329,0.012,0,10.0,NAA-GDP,2,s0_p10_NAA-GDP_l2_r2
,True,AM,s0_p10_l2_r3_AM,a12dcb1ba4e2a21b6a4474c284e3079c1b8e06dc282072a6d2d3a684bd02794b,1a980269c1778978c64462bf76cf00949cd95e29e33d5066107809299e5dec35,0,2,0.373,0.012,0,10.0,NAA-GDP,3,s0_p10_NAA-GDP_l2_r3
,True,AM,s0_p10_l3_r0_AM,a12dcb1ba4e2a21b6a4474c284e3079c1b8e06dc282072a6d2d3a684bd02794b,1a980269c1778978c64462bf76cf00949cd95e29e33d5066107809299e5dec35,0,3,0.286,0.018,0,10.0,NAA-GDP,0,s0_p10_NAA-GDP_l3_r0
,True,AM,s0_p10_l3_r1_AM,a12dcb1ba4e2a21b6a4474c284e3079c1b8e06dc282072a6d2d3a684bd02794b,1a980269c1778978c64462bf76cf00949cd95e29e33d5066107809299e5dec35,0,3,0.228,0.018,0,10.0,NAA-GDP,1,s0_p10_NAA-GDP_l3_r1
,True,AM,s0_p10_l3_r2_AM,a12dcb1ba4e2a21b6a4474c284e3079c1b8e06dc282072a6d2d3a684bd02794b,1a980269c1778978c64462bf76cf00949cd95e29e33d5066107809299e5dec35,0,3,0.234,0.018,0,10.0,NAA-GDP,2,s0_p10_NAA-GDP_l3_r2
,True,AM,s0_p10_l3_r3_AM,a12dcb1ba4e2a21b6a4474c284e3079c1b8e06dc282072a6d2d3a684bd02794b,1a980269c1778978c64462bf76cf00949cd95e29e33d5066107809299e5dec35,0,3,0.248,0.018,0,10.0,NAA-GDP,3,s0_p10_NAA-GDP_l3_r3
,True,AM,s0_p10_l4_r0_AM,a12dcb1ba4e2a21b6a4474c284e3079c1b8e06dc282072a6d2d3a684bd02794b,1a980269c1778978c64462bf76cf00949cd95e29e33d5066107809299e5dec35,0,4,0.23,0.024,0,10.0,NAA-GDP,0,s0_p10_NAA-GDP_l4_r0
,True,AM,s0_p10_l4_r1_AM,a12dcb1ba4e2a21b6a4474c284e3079c1b8e06dc282072a6d2d3a684bd02794b,1a980269c1778978c64462bf76cf00949cd95e29e33d5066107809299e5dec35,0,4,0.227,0.024,0,10.0,NAA-GDP,1,s0_p10_NAA-GDP_l4_r1
,True,AM,s0_p10_l4_r2_AM,a12dcb1ba4e2a21b6a4474c284e3079c1b8e06dc282072a6d2d3a684bd02794b,1a980269c1778978c64462bf76cf00949cd95e29e33d5066107809299e5dec35,0,4,0.186,0.024,0,10.0,NAA-GDP,2,s0_p10_NAA-GDP_l4_r2
,True,AM,s0_p10_l4_r3_AM,a12dcb1ba4e2a21b6a4474c284e3079c1b8e06dc282072a6d2d3a684bd02794b,1a980269c1778978c64462bf76cf00949cd95e29e33d5066107809299e5dec35,0,4,0.186,0.024,0,10.0,NAA-GDP,3,s0_p10_NAA-GDP_l4_r3
,True,AM,s0_p10_l5_r0_AM,a12dcb1ba4e2a21b6a4474c284e3079c1b8e06dc282072a6d2d3a684bd02794b,1a980269c1778978c64462bf76cf00949cd95e29e33d5066107809299e5dec35,0,5,0.113,0.03,0,10.0,NAA-GDP,0,s0_p10_NAA-GDP_l5_r0
,True,AM,s0_p10_l5_r1_AM,a12dcb1ba4e2a21b6a4474c284e3079c1b8e06dc282072a6d2d3a684bd02794b,1a980269c1778978c64462bf76cf00949cd95e29e33d5066107809299e5dec35,0,5,0.167,0.03,0,10.0,NAA-GDP,1,s0_p10_NAA-GDP_l5_r1
,True,AM,s0_p10_l5_r2_AM,a12dcb1ba4e2a21b6a4474c284e3079c1b8e06dc282072a6d2d3a684bd02794b,1a980269c1778978c64462bf76cf00949cd95e29e33d5066107809299e5dec35,0,5,0.145,0.03,0,10.0,NAA-GDP,2,s0_p10_NAA-GDP_l5_r2
,True,AM,s0_p10_l5_r3_AM,a12dcb1ba4e2a21b6a4474c284e3079c1b8e06dc282072a6d2d3a684bd02794b,1a980269c1778978c64462bf76cf00949cd95e29e33d5066107809299e5dec35,0,5,0.189,0.03,0,10.0,NAA-GDP,3,s0_p10_NAA-GDP_l5_r3
,True,AM,s0_p10_l6_r0_AM,a12dcb1ba4e2a21b6a4474c284e3079c1b8e06dc282072a6d2d3a684bd02794b,1a980269c1778978c64462bf76cf00949cd95e29e33d5066107809299e5dec35,0,6,0.165,0.036,0,10.0,NAA-GDP,0,s0_p10_NAA-GDP_l6_r0
,True,AM,s0_p10_l6_r1_AM,a12dcb1ba4e2a21b6a4474c284e3079c1b8e06dc282072a6d2d3a684bd02794b,1a980269c1778978c64462bf76cf00949cd95e29e33d5066107809299e5dec35,0,6,0.114,0.036,0,10.0,NAA-GDP,1,s0_p10_NAA-GDP_l6_r1
,True,AM,s0_p10_l6_r2_AM,a12dcb1ba4e2a21b6a4474c284e3079c1b8e06dc282072a6d2d3a684bd02794b,1a980269c1778978c64462bf76cf00949cd95e29e33d5066107809299e5dec35,0,6,0.168,0.036,0,10.0,NAA-GDP,2,s0_p10_NAA-GDP_l6_r2
,True,AM,s0_p10_l6_r3_AM,a12dcb1ba4e2a21b6a4474c284e3079c1b8e06dc282072a6d2d3a684bd02794b,1a980269c1778978c64462bf76cf00949cd95e29e33d5066107809299e5dec35,0,6,0.168,0.036,0,10.0,NAA-GDP,3,s0_p10_NAA-GDP_l6_r3
,True,AM,s0_p10_l7_r0_AM,a12dcb1ba4e2a21b6a4474c284e3079c1b8e06dc282072a6d2d3a684bd02794b,1a980269c1778978c64462bf76cf00949cd95e29e33d5066107809299e5dec35,0,7,0.129,0.042,0,10.0,NAA-GDP,0,s0_p10_NAA-GDP_l7_r0
,True,AM,s0_p10_l7_r1_AM,a12dcb1ba4e2a21b6a4474c284e3079c1b8e06dc282072a6d2d3a684bd02794b,1a980269c1778978c64462bf76cf00949cd95e29e33d5066107809299e5dec35,0,7,0.154,0.042,0,10.0,NAA-GDP,1,s0_p10_NAA-GDP_l7_r1
,True,AM,s0_p10_l7_r2_AM,a12dcb1ba4e2a21b6a4474c284e3079c1b8e06dc282072a6d2d3a684bd02794b,1a980269c1778978c64462bf76cf00949cd95e29e33d5066107809299e5dec35,0,7,0.132,0.042,0,10.0,NAA-GDP,2,s0_p10_NAA-GDP_l7_r2
,True,AM,s0_p10_l7_r3_AM,a12dcb1ba4e2a21b6a4474c284e3079c1b8e06dc282072a6d2d3a684bd02794b,1a980269c1778978c64462bf76cf00949cd95e29e33d5066107809299e5dec35,0,7,0.126,0.042,0,10.0,NAA-GDP,3,s0_p10_NAA-GDP_l7_r3
,True,AM,s0_p10_l8_r0_AM,a12dcb1ba4e2a21b6a4474c284e3079c1b8e06dc282072a6d2d3a684bd02794b,1a980269c1778978c64462bf76cf00949cd95e29e33d5066107809299e5dec35,0,8,0.124,0.048,0,10.0,NAA-GDP,0,s0_p10_NAA-GDP_l8_r0
,True,AM,s0_p10_l8_r1_AM,a12dcb1ba4e2a21b6a4474c284e3079c1b8e06dc282072a6d2d3a684bd02794b,1a980269c1778978c64462bf76cf00949cd95e29e33d5066107809299e5dec35,0,8,0.135,0.048,0,10.0,NAA-GDP,1,s0_p10_NAA-GDP_l8_r1
,False,AM,s0_p10_l8_r2_AM,a12dcb1ba4e2a21b6a4474c284e3079c1b8e06dc282072a6d2d3a684bd02794b,1a980269c1778978c64462bf76cf00949cd95e29e33d5066107809299e5dec35,0,8,0.116,0.048,0,10.0,NAA-GDP,2,s0_p10_NAA-GDP_l8_r2
,False,AM,s0_p10_l8_r3_AM,a12dcb1ba4e2a21b6a4474c284e3079c1b8e06dc282072a6d2d3a684bd02794b,1a980269c1778978c64462bf76cf00949cd95e29e33d5066107809299e5dec35,0,8,0.129,0.048,0,10.0,NAA-GDP,3,s0_p10_NAA-GDP_l8_r3
,False,AM,s0_p10_l9_r0_AM,a12dcb1ba4e2a21b6a4474c284e3079c1b8e06dc282072a6d2d3a684bd02794b,1a980269c1778978c64462bf76cf00949cd95e29e33d5066107809299e5dec35,0,9,0.077,0.054,0,10.0,NAA-GDP,0,s0_p10_NAA-GDP_l9_r0
,False,AM,s0_p10_l9_r1_AM,a12dcb1ba4e2a21b6a4474c284e3079c1b8e06dc282072a6d2d3a684bd02794b,1a980269c1778978c64462bf76cf00949cd95e29e33d5066107809299e5dec35,0,9,0.096,0.054,0,10.0,NAA-GDP,1,s0_p10_NAA-GDP_l9_r1
,False,AM,s0_p10_l9_r2_AM,a12dcb1ba4e2a21b6a4474c284e3079c1b8e06dc282072a6d2d3a684bd02794b,1a980269c1778978c64462bf76cf00949cd95e29e33d5066107809299e5dec35,0,9,0.097,0.054,0,10.0,NAA-GDP,2,s0_p10_NAA-GDP_l9_r2
,False,AM,s0_p10_l9_r3_AM,a12dcb1ba4e2a21b6a4474c284e3079c1b8e06dc282072a6d2d3a684bd02794b,1a980269c1778978c64462bf76cf00949cd95e29e33d5066107809299e5dec35,0,9,0.088,0.054,0,10.0,NAA-GDP,3,s0_p10_NAA-GDP_l9_r3
,False,AM,s0_p20_l10_r0_AM,a12dcb1ba4e2a21b6a4474c284e3079c1b8e06dc282072a6d2d3a684bd02794b,1a980269c1778978c64462bf76cf00949cd95e29e33d5066107809299e5dec35,0,10,0.097,0.06,0,20.0,NAA-GDP,0,s0_p20_NAA-GDP_l10_r0
,False,AM,s0_p20_l10_r1_AM,a12dcb1ba4e2a21b6a4474c284e3079c1b8e06dc282072a6d2d3a684bd02794b,1a980269c1778978c64462bf76cf00949cd95e29e33d5066107809299e5dec35,0,10,0.12,0.06,0,20.0,NAA-GDP,1,s0_p20_NAA-GDP_l10_r1
,False,AM,s0_p20_l10_r2_AM,a12dcb1ba4e2a21b6a4474c284e3079c1b8e06dc282072a6d2d3a684bd02794b,1a980269c1778978c64462bf76cf00949cd95e29e33d5066107809299e5dec35,0,10,0.098,0.06,0,20.0,NAA-GDP,2,s0_p20_NAA-GDP_l10_r2
,False,AM,s0_p20_l10_r3_AM,a12dcb1ba4e2a21b6a4474c284e3079c1b8e06dc282072a6d2d3a684bd02794b,1a980269c1778978c64462bf76cf00949cd95e29e33d5066107809299e5dec35,0,10,0.103,0.06,0,20.0,NAA-GDP,3,s0_p20_NAA-GDP_l10_r3
,True,AM,s0_p20_l1_r0_AM,a12dcb1ba4e2a21b6a4474c284e3079c1b8e06dc282072a6d2d3a684bd02794b,1a980269c1778978c64462bf76cf00949cd95e29e33d5066107809299e5dec35,0,1,0.554,0.006,0,20.0,NAA-GDP,0,s0_p20_NAA-GDP_l1_r0
,True,AM,s0_p20_l1_r1_AM,a12dcb1ba4e2a21b6a4474c284e3079c1b8e06dc282072a6d2d3a684bd02794b,1a980269c1778978c64462bf76cf00949cd95e29e33d5066107809299e5dec35,0,1,0.611,0.006,0,20.0,NAA-GDP,1,s0_p20_NAA-GDP_l1_r1
,True,AM,s0_p20_l1_r2_AM,a12dcb1ba4e2a21b6a4474c284e3079c1b8e06dc282072a6d2d3a684bd02794b,1a980269c1778978c64462bf76cf00949cd95e29e33d5066107809299e5dec35,0,1,0.569,0.006,0,20.0,NAA-GDP,2,s0_p20_NAA-GDP_l1_r2
,True,AM,s0_p20_l1_r3_AM,a12dcb1ba4e2a21b6a4474c284e3079c1b8e06dc282072a6d2d3a684bd02794b,1a980269c1778978c64462bf76cf00949cd95e29e33d5066107809299e5dec35,0,1,0.579,0.006,0,20.0,NAA-GDP,3,s0_p20_NAA-GDP_l1_r3
,True,AM,s0_p20_l2_r0_AM,a12dcb1ba4e2a21b6a4474c284e3079c1b8e06dc282072a6d2d3a684bd02794b,1a980269c1778978c64462bf76cf00949cd95e29e33d5066107809299e5dec35,0,2,0.413,0.012,0,20.0,NAA-GDP,0,s0_p20_NAA-GDP_l2_r0
,True,AM,s0_p20_l2_r1_AM,a12dcb1ba4e2a21b6a4474c284e3079c1b8e06dc282072a6d2d3a684bd02794b,1a980269c1778978c64462bf76cf00949cd95e29e33d5066107809299e5dec35,0,2,0.312,0.012,0,20.0,NAA-GDP,1,s0_p20_NAA-GDP_l2_r1
,True,AM,s0_p20_l2_r2_AM,a12dcb1ba4e2a21b6a4474c284e3079c1b8e06dc282072a6d2d3a684bd02794b,1a980269c1778978c64462bf76cf00949cd95e29e33d5066107809299e5dec35,0,2,0.336,0.012,0,20.0,NAA-GDP,2,s0_p20_NAA-GDP_l2_r2
,True,AM,s0_p20_l2_r3_AM,a12dcb1ba4e2a21b6a4474c284e3079c1b8e06dc282072a6d2d3a684bd02794b,1a980269c1778978c64462bf76cf00949cd95e29e33d5066107809299e5dec35,0,2,0.38,0.012,0,20.0,NAA-GDP,3,s0_p20_NAA-GDP_l2_r3
,True,AM,s0_p20_l3_r0_AM,a12dcb1ba4e2a21b6a4474c284e3079c1b8e06dc282072a6d2d3a684bd02794b,1a980269c1778978c64462bf76cf00949cd95e29e33d5066107809299e5dec35,0,3,0.252,0.018,0,20.0,NAA-GDP,0,s0_p20_NAA-GDP_l3_r0
,True,AM,s0_p20_l3_r1_AM,a12dcb1ba4e2a21b6a4474c284e3079c1b8e06dc282072a6d2d3a684bd02794b,1a980269c1778978c64462bf76cf00949cd95e29e33d5066107809299e5dec35,0,3,0.217,0.018,0,20.0,NAA-GDP,1,s0_p20_NAA-GDP_l3_r1
,True,AM,s0_p20_l3_r2_AM,a12dcb1ba4e2a21b6a4474c284e3079c1b8e06dc282072a6d2d3a684bd02794b,1a980269c1778978c64462bf76cf00949cd95e29e33d5066107809299e5dec35,0,3,0.227,0.018,0,20.0,NAA-GDP,2,s0_p20_NAA-GDP_l3_r2
,True,AM,s0_p20_l3_r3_AM,a12dcb1ba4e2a21b6a4474c284e3079c1b8e06dc282072a6d2d3a684bd02794b,1a980269c1778978c64462bf76cf00949cd95e29e33d5066107809299e5dec35,0,3,0.239,0.018,0,20.0,NAA-GDP,3,s0_p20_NAA-GDP_l3_r3
,True,AM,s0_p20_l4_r0_AM,a12dcb1ba4e2a21b6a4474c284e3079c1b8e06dc282072a6d2d3a684bd02794b,1a980269c1778978c64462bf76cf00949cd95e29e33d5066107809299e5dec35,0,4,0.223,0.024,0,20.0,NAA-GDP,0,s0_p20_NAA-GDP_l4_r0
,True,AM,s0_p20_l4_r1_AM,a12dcb1ba4e2a21b6a4474c284e3079c1b8e06dc282072a6d2d3a684bd02794b,1a980269c1778978c64462bf76cf00949cd95e29e33d5066107809299e5dec35,0,4,0.21,0.024,0,20.0,NAA-GDP,1,s0_p20_NAA-GDP_l4_r1
,True,AM,s0_p20_l4_r2_AM,a12dcb1ba4e2a21b6a4474c284e3079c1b8e06dc282072a6d2d3a684bd02794b,1a980269c1778978c64462bf76cf00949cd95e29e33d5066107809299e5dec35,0,4,0.188,0.024,0,20.0,NAA-GDP,2,s0_p20_NAA-GDP_l4_r2
,True,AM,s0_p20_l4_r3_AM,a12dcb1ba4e2a21b6a4474c284e3079c1b8e06dc282072a6d2d3a684bd02794b,1a980269c1778978c64462bf76cf00949cd95e29e33d5066107809299e5dec35,0,4,0.176,0.024,0,20.0,NAA-GDP,3,s0_p20_NAA-GDP_l4_r3
,True,AM,s0_p20_l5_r0_AM,a12dcb1ba4e2a21b6a4474c284e3079c1b8e06dc282072a6d2d3a684bd02794b,1a980269c1778978c64462bf76cf00949cd95e29e33d5066107809299e5dec35,0,5,0.129,0.03,0,20.0,NAA-GDP,0,s0_p20_NAA-GDP_l5_r0
,True,AM,s0_p20_l5_r1_AM,a12dcb1ba4e2a21b6a4474c284e3079c1b8e06dc282072a6d2d3a684bd02794b,1a980269c1778978c64462bf76cf00949cd95e29e33d5066107809299e5dec35,0,5,0.165,0.03,0,20.0,NAA-GDP,1,s0_p20_NAA-GDP_l5_r1
,True,AM,s0_p20_l5_r2_AM,a12dcb1ba4e2a21b6a4474c284e3079c1b8e06dc282072a6d2d3a684bd02794b,1a980269c1778978c64462bf76cf00949cd95e29e33d5066107809299e5dec35,0,5,0.153,0.03,0,20.0,NAA-GDP,2,s0_p20_NAA-GDP_l5_r2
,True,AM,s0_p20_l5_r3_AM,a12dcb1ba4e2a21b6a4474c284e3079c1b8e06dc282072a6d2d3a684bd02794b,1a980269c1778978c64462bf76cf00949cd95e29e33d5066107809299e5dec35,0,5,0.192,0.03,0,20.0,NAA-GDP,3,s0_p20_NAA-GDP_l5_r3
,True,AM,s0_p20_l6_r0_AM,a12dcb1ba4e2a21b6a4474c284e3079c1b8e06dc282072a6d2d3a684bd02794b,1a980269c1778978c64462bf76cf00949cd95e29e33d5066107809299e5dec35,0,6,0.18,0.036,0,20.0,NAA-GDP,0,s0_p20_NAA-GDP_l6_r0
,True,AM,s0_p20_l6_r1_AM,a12dcb1ba4e2a21b6a4474c284e3079c1b8e06dc282072a6d2d3a684bd02794b,1a980269c1778978c64462bf76cf00949cd95e29e33d5066107809299e5dec35,0,6,0.137,0.036,0,20.0,NAA-GDP,1,s0_p20_NAA-GDP_l6_r1
,True,AM,s0_p20_l6_r2_AM,a12dcb1ba4e2a21b6a4474c284e3079c1b8e06dc282072a6d2d3a684bd02794b,1a980269c1778978c64462bf76cf00949cd95e29e33d5066107809299e5dec35,0,6,0.168,0.036,0,20.0,NAA-GDP,2,s0_p20_NAA-GDP_l6_r2
,True,AM,s0_p20_l6_r3_AM,a12dcb1ba4e2a21b6a4474c284e3079c1b8e06dc282072a6d2d3a684bd02794b,1a980269c1778978c64462bf76cf00949cd95e29e33d5066107809299e5dec35,0,6,0.121,0.036,0,20.0,NAA-GDP,3,s0_p20_NAA-GDP_l6_r3
,True,AM,s0_p20_l7_r0_AM,a12dcb1ba4e2a21b6a4474c284e3079c1b8e06dc282072a6d2d3a684bd02794b,1a980269c1778978c64462bf76cf00949cd95e29e33d5066107809299e5dec35,0,7,0.112,0.042,0,20.0,NAA-GDP,0,s0_p20_NAA-GDP_l7_r0
,True,AM,s0_p20_l7_r1_AM,a12dcb1ba4e2a21b6a4474c284e3079c1b8e06dc282072a6d2d3a684bd02794b,1a980269c1778978c64462bf76cf00949cd95e29e33d5066107809299e5dec35,0,7,0.149,0.042,0,20.0,NAA-GDP,1,s0_p20_NAA-GDP_l7_r1
,True,AM,s0_p20_l7_r2_AM,a12dcb1ba4e2a21b6a4474c284e3079c1b8e06dc282072a6d2d3a684bd02794b,1a980269c1778978c64462bf76cf00949cd95e29e33d5066107809299e5dec35,0,7,0.145,0.042,0,20.0,NAA-GDP,2,s0_p20_NAA-GDP_l7_r2
,True,AM,s0_p20_l7_r3_AM,a12dcb1ba4e2a21b6a4474c284e3079c1b8e06dc282072a6d2d3a684bd02794b,1a980269c1778978c64462bf76cf00949cd95e29e33d5066107809299e5dec35,0,7,0.138,0.042,0,20.0,NAA-GDP,3,s0_p20_NAA-GDP_l7_r3
,True,AM,s0_p20_l8_r0_AM,a12dcb1ba4e2a21b6a4474c284e3079c1b8e06dc282072a6d2d3a684bd02794b,1a980269c1778978c64462bf76cf00949cd95e29e33d5066107809299e5dec35,0,8,0.114,0.048,0,20.0,NAA-GDP,0,s0_p20_NAA-GDP_l8_r0
,True,AM,s0_p20_l8_r1_AM,a12dcb1ba4e2a21b6a4474c284e3079c1b8e06dc282072a6d2d3a684bd02794b,1a980269c1778978c64462bf76cf00949cd95e29e33d5066107809299e5dec35,0,8,0.155,0.048,0,20.0,NAA-GDP,1,s0_p20_NAA-GDP_l8_r1
,False,AM,s0_p20_l8_r2_AM,a12dcb1ba4e2a21b6a4474c284e3079c1b8e06dc282072a6d2d3a684bd02794b,1a980269c1778978c64462bf76cf00949cd95e29e33d5066107809299e5dec35,0,8,0.11,0.048,0,20.0,NAA-GDP,2,s0_p20_NAA-GDP_l8_r2
,False,AM,s0_p20_l8_r3_AM,a12dcb1ba4e2a21b6a4474c284e3079c1b8e06dc282072a6d2d3a684bd02794b,1a980269c1778978c64462bf76cf00949cd95e29e33d5066107809299e5dec35,0,8,0.117,0.048,0,20.0,NAA-GDP,3,s0_p20_NAA-GDP_l8_r3
,False,AM,s0_p20_l9_r0_AM,a12dcb1ba4e2a21b6a4474c284e3079c1b8e06dc282072a6d2d3a684bd02794b,1a980269c1778978c64462bf76cf00949cd95e29e33d5066107809299e5dec35,0,9,0.098,0.054,0,20.0,NAA-GDP,0,s0_p20_NAA-GDP_l9_r0
,False,AM,s0_p20_l9_r1_AM,a12dcb1ba4e2a21b6a4474c284e3079c1b8e06dc282072a6d2d3a684bd02794b,1a980269c1778978c64462bf76cf00949cd95e29e33d5066107809299e5dec35,0,9,0.136,0.054,0,20.0,NAA-GDP,1,s0_p20_NAA-GDP_l9_r1
,False,AM,s0_p20_l9_r2_AM,a12dcb1ba4e2a21b6a4474c284e3079c1b8e06dc282072a6d2d3a684bd02794b,1a980269c1778978c64462bf76cf00949cd95e29e33d5066107809299e5dec35,0,9,0.075,0.054,0,20.0,NAA-GDP,2,s0_p20_NAA-GDP_l9_r2
,False,AM,s0_p20_l9_r3_AM,a12dcb1ba4e2a21b6a4474c284e3079c1b8e06dc282072a6d2d3a684bd02794b,1a980269c1778978c64462bf76cf00949cd95e29e33d5066107809299e5dec35,0,9,0.119,0.054,0,20.0,NAA-GDP,3,s0_p20_NAA-GDP_l9_r3
,False,AM,s0_p2_l10_r0_AM,a12dcb1ba4e2a21b6a4474c284e3079c1b8e06dc282072a6d2d3a684bd02794b,1a980269c1778978c64462bf76cf00949cd95e29e33d5066107809299e5dec35,0,10,0.086,0.06,0,2.0,NAA-GDP,0,s0_p2_NAA-GDP_l10_r0
,False,AM,s0_p2_l10_r1_AM,a12dcb1ba4e2a21b6a4474c284e3079c1b8e06dc282072a6d2d3a684bd02794b,1a980269c1778978c64462bf76cf00949cd95e29e33d5066107809299e5dec35,0,10,0.108,0.06,0,2.0,NAA-GDP,1,s0_p2_NAA-GDP_l10_r1
,False,AM,s0_p2_l10_r2_AM,a12dcb1ba4e2a21b6a4474c284e3079c1b8e06dc282072a6d2d3a684bd02794b,1a980269c1778978c64462bf76cf00949cd95e29e33d5066107809299e5dec35,0,10,0.104,0.06,0,2.0,NAA-GDP,2,s0_p2_NAA-GDP_l10_r2
,False,AM,s0_p2_l10_r3_AM,a12dcb1ba4e2a21b6a4474c284e3079c1b8e06dc282072a6d2d3a684bd02794b,1a980269c1778978c64462bf76cf00949cd95e29e33d5066107809299e5dec35,0,10,0.118,0.06,0,2.0,NAA-GDP,3,s0_p2_NAA-GDP_l10_r3
,True,AM,s0_p2_l1_r0_AM,a12dcb1ba4e2a21b6a4474c284e3079c1b8e06dc282072a6d2d3a684bd02794b,1a980269c1778978c64462bf76cf00949cd95e29e33d5066107809299e5dec35,0,1,0.557,0.006,0,2.0,NAA-GDP,0,s0_p2_NAA-GDP_l1_r0
,True,AM,s0_p2_l1_r1_AM,a12dcb1ba4e2a21b6a4474c284e3079c1b8e06dc282072a6d2d3a684bd02794b,1a980269c1778978c64462bf76cf00949cd95e29e33d5066107809299e5dec35,0,1,0.613,0.006,0,2.0,NAA-GDP,1,s0_p2_NAA-GDP_l1_r1
,True,AM,s0_p2_l1_r2_AM,a12dcb1ba4e2a21b6a4474c284e3079c1b8e06dc282072a6d2d3a684bd02794b,1a980269c1778978c64462bf76cf00949cd95e29e33d5066107809299e5dec35,0,1,0.556,0.006,0,2.0,NAA-GDP,2,s0_p2_NAA-GDP_l1_r2
,True,AM,s0_p2_l1_r3_AM,a12dcb1ba4e2a21b6a4474c284e3079c1b8e06dc282072a6d2d3a684bd02794b,1a980269c1778978c64462bf76cf00949cd95e29e33d5066107809299e5dec35,0,1,0.578,0.006,0,2.0,NAA-GDP,3,s0_p2_NAA-GDP_l1_r3
,True,AM,s0_p2_l2_r0_AM,a12dcb1ba4e2a21b6a4474c284e3079c1b8e06dc282072a6d2d3a684bd02794b,1a980269c1778978c64462bf76cf00949cd95e29e33d5066107809299e5dec35,0,2,0.386,0.012,0,2.0,NAA-GDP,0,s0_p2_NAA-GDP_l2_r0
,True,AM,s0_p2_l2_r1_AM,a12dcb1ba4e2a21b6a4474c284e3079c1b8e06dc282072a6d2d3a684bd02794b,1a980269c1778978c64462bf76cf00949cd95e29e33d5066107809299e5dec35,0,2,0.338,0.012,0,2.0,NAA-GDP,1,s0_p2_NAA-GDP_l2_r1
,True,AM,s0_p2_l2_r2_AM,a12dcb1ba4e2a21b6a4474c284e3079c1b8e06dc282072a6d2d3a684bd02794b,1a980269c1778978c64462bf76cf00949cd95e29e33d5066107809299e5dec35,0,2,0.309,0.012,0,2.0,NAA-GDP,2,s0_p2_NAA-GDP_l2_r2
,True,AM,s0_p2_l2_r3_AM,a12dcb1ba4e2a21b6a4474c284e3079c1b8e06dc282072a6d2d3a684bd02794b,1a980269c1778978c64462bf76cf00949cd95e29e33d5066107809299e5dec35,0,2,0.38,0.012,0,2.0,NAA-GDP,3,s0_p2_NAA-GDP_l2_r3
,True,AM,s0_p2_l3_r0_AM,a12dcb1ba4e2a21b6a4474c284e3079c1b8e06dc282072a6d2d3a684bd02794b,1a980269c1778978c64462bf76cf00949cd95e29e33d5066107809299e5dec35,0,3,0.217,0.018,0,2.0,NAA-GDP,0,s0_p2_NAA-GDP_l3_r0
,True,AM,s0_p2_l3_r1_AM,a12dcb1ba4e2a21b6a4474c284e3079c1b8e06dc282072a6d2d3a684bd02794b,1a980269c1778978c64462bf76cf00949cd95e29e33d5066107809299e5dec35,0,3,0.229,0.018,0,2.0,NAA-GDP,1,s0_p2_NAA-GDP_l3_r1
,True,AM,s0_p2_l3_r2_AM,a12dcb1ba4e2a21b6a4474c284e3079c1b8e06dc282072a6d2d3a684bd02794b,1a980269c1778978c64462bf76cf00949cd95e29e33d5066107809299e5dec35,0,3,0.247,0.018,0,2.0,NAA-GDP,2,s0_p2_NAA-GDP_l3_r2
,True,AM,s0_p2_l3_r3_AM,a12dcb1ba4e2a21b6a4474c284e3079c1b8e06dc282072a6d2d3a684bd02794b,1a980269c1778978c64462bf76cf00949cd95e29e33d5066107809299e5dec35,0,3,0.227,0.018,0,2.0,NAA-GDP,3,s0_p2_NAA-GDP_l3_r3
,True,AM,s0_p2_l4_r0_AM,a12dcb1ba4e2a21b6a4474c284e3079c1b8e06dc282072a6d2d3a684bd02794b,1a980269c1778978c64462bf76cf00949cd95e29e33d5066107809299e5dec35,0,4,0.253,0.024,0,2.0,NAA-GDP,0,s0_p2_NAA-GDP_l4_r0
,True,AM,s0_p2_l4_r1_AM,a12dcb1ba4e2a21b6a4474c284e3079c1b8e06dc282072a6d2d3a684bd02794b,1a980269c1778978c64462bf76cf00949cd95e29e33d5066107809299e5dec35,0,4,0.173,0.024,0,2.0,NAA-GDP,1,s0_p2_NAA-GDP_l4_r1
,True,AM,s0_p2_l4_r2_AM,a12dcb1ba4e2a21b6a4474c284e3079c1b8e06dc282072a6d2d3a684bd02794b,1a980269c1778978c64462bf76cf00949cd95e29e33d5066107809299e5dec35,0,4,0.167,0.024,0,2.0,NAA-GDP,2,s0_p2_NAA-GDP_l4_r2
,True,AM,s0_p2_l4_r3_AM,a12dcb1ba4e2a21b6a4474c284e3079c1b8e06dc282072a6d2d3a684bd02794b,1a980269c1778978c64462bf76cf00949cd95e29e33d5066107809299e5dec35,0,4,0.176,0.024,0,2.0,NAA-GDP,3,s0_p2_NAA-GDP_l4_r3
,True,AM,s0_p2_l5_r0_AM,a12dcb1ba4e2a21b6a4474c284e3079c1b8e06dc282072a6d2d3a684bd02794b,1a980269c1778978c64462bf76cf00949cd95e29e33d5066107809299e5dec35,0,5,0.115,0.03,0,2.0,NAA-GDP,0,s0_p2_NAA-GDP_l5_r0
,True,AM,s0_p2_l5_r1_AM,a12dcb1ba4e2a21b6a4474c284e3079c1b8e06dc282072a6d2d3a684bd02794b,1a980269c1778978c64462bf76cf00949cd95e29e33d5066107809299e5dec35,0,5,0.12,0.03,0,2.0,NAA-GDP,1,s0_p2_NAA-GDP_l5_r1
,True,AM,s0_p2_l5_r2_AM,a12dcb1ba4e2a21b6a4474c284e3079c1b8e06dc282072a6d2d3a684bd02794b,1a980269c1778978c64462bf76cf00949cd95e29e33d5066107809299e5dec35,0,5,0.166,0.03,0,2.0,NAA-GDP,2,s0_p2_NAA-GDP_l5_r2
,True,AM,s0_p2_l5_r3_AM,a12dcb1ba4e2a21b6a4474c284e3079c1b8e06dc282072a6d2d3a684bd02794b,1a980269c1778978c64462bf76cf00949cd95e29e33d5066107809299e5dec35,0,5,0.159,0.03,0,2.0,NAA-GDP,3,s0_p2_NAA-GDP_l5_r3
,True,AM,s0_p2_l6_r0_AM,a12dcb1ba4e2a21b6a4474c284e3079c1b8e06dc282072a6d2d3a684bd02794b,1a980269c1778978c64462bf76cf00949cd95e29e33d5066107809299e5dec35,0,6,0.096,0.036,0,2.0,NAA-GDP,0,s0_p2_NAA-GDP_l6_r0
,True,AM,s0_p2_l6_r1_AM,a12dcb1ba4e2a21b6a4474c284e3079c1b8e06dc282072a6d2d3a684bd02794b,1a980269c1778978c64462bf76cf00949cd95e29e33d5066107809299e5dec35,0,6,0.097,0.036,0,2.0,NAA-GDP,1,s0_p2_NAA-GDP_l6_r1
,True,AM,s0_p2_l6_r2_AM,a12dcb1ba4e2a21b6a4474c284e3079c1b8e06dc282072a6d2d3a684bd02794b,1a980269c1778978c64462bf76cf00949cd95e29e33d5066107809299e5dec35,0,6,0.119,0.036,0,2.0,NAA-GDP,2,s0_p2_NAA-GDP_l6_r2
,True,AM,s0_p2_l6_r3_AM,a12dcb1ba4e2a21b6a4474c284e3079c1b8e06dc282072a6d2d3a684bd02794b,1a980269c1778978c64462bf76cf00949cd95e29e33d5066107809299e5dec35,0,6,0.129,0.036,0,2.0,NAA-GDP,3,s0_p2_NAA-GDP_l6_r3
,True,AM,s0_p2_l7_r0_AM,a12dcb1ba4e2a21b6a4474c284e3079c1b8e06dc282072a6d2d3a684bd02794b,1a980269c1778978c64462bf76cf00949cd95e29e33d5066107809299e5dec35,0,7,0.117,0.042,0,2.0,NAA-GDP,0,s0_p2_NAA-GDP_l7_r0
,True,AM,s0_p2_l7_r1_AM,a12dcb1ba4e2a21b6a4474c284e3079c1b8e06dc282072a6d2d3a684bd02794b,1a980269c1778978c64462bf76cf00949cd95e29e33d5066107809299e5dec35,0,7,0.108,0.042,0,2.0,NAA-GDP,1,s0_p2_NAA-GDP_l7_r1
,True,AM,s0_p2_l7_r2_AM,a12dcb1ba4e2a21b6a4474c284e3079c1b8e06dc282072a6d2d3a684bd02794b,1a980269c1778978c64462bf76cf00949cd95e29e33d5066107809299e5dec35,0,7,0.16,0.042,0,2.0,NAA-GDP,2,s0_p2_NAA-GDP_l7_r2
,True,AM,s0_p2_l7_r3_AM,a12dcb1ba4e2a21b6a4474c284e3079c1b8e06dc282072a6d2d3a684bd02794b,1a980269c1778978c64462bf76cf00949cd95e29e33d5066107809299e5dec35,0,7,0.082,0.042,0,2.0,NAA-GDP,3,s0_p2_NAA-GDP_l7_r3
,True,AM,s0_p2_l8_r0_AM,a12dcb1ba4e2a21b6a4474c284e3079c1b8e06dc282072a6d2d3a684bd02794b,1a980269c1778978c64462bf76cf00949cd95e29e33d5066107809299e5dec35,0,8,0.099,0.048,0,2.0,NAA-GDP,0,s0_p2_NAA-GDP_l8_r0
,True,AM,s0_p2_l8_r1_AM,a12dcb1ba4e2a21b6a4474c284e3079c1b8e06dc282072a6d2d3a684bd02794b,1a980269c1778978c64462bf76cf00949cd95e29e33d5066107809299e5dec35,0,8,0.135,0.048,0,2.0,NAA-GDP,1,s0_p2_NAA-GDP_l8_r1
,False,AM,s0_p2_l8_r2_AM,a12dcb1ba4e2a21b6a4474c284e3079c1b8e06dc282072a6d2d3a684bd02794b,1a980269c1778978c64462bf76cf00949cd95e29e33d5066107809299e5dec35,0,8,0.119,0.048,0,2.0,NAA-GDP,2,s0_p2_NAA-GDP_l8_r2
,False,AM,s0_p2_l8_r3_AM,a12dcb1ba4e2a21b6a4474c284e3079c1b8e06dc282072a6d2d3a684bd02794b,1a980269c1778978c64462bf76cf00949cd95e29e33d5066107809299e5dec35,0,8,0.097,0.048,0,2.0,NAA-GDP,3,s0_p2_NAA-GDP_l8_r3
,False,AM,s0_p2_l9_r0_AM,a12dcb1ba4e2a21b6a4474c284e3079c1b8e06dc282072a6d2d3a684bd02794b,1a980269c1778978c64462bf76cf00949cd95e29e33d5066107809299e5dec35,0,9,0.064,0.054,0,2.0,NAA-GDP,0,s0_p2_NAA-GDP_l9_r0
,False,AM,s0_p2_l9_r1_AM,a12dcb1ba4e2a21b6a4474c284e3079c1b8e06dc282072a6d2d3a684bd02794b,1a980269c1778978c64462bf76cf00949cd95e29e33d5066107809299e5dec35,0,9,0.119,0.054,0,2.0,NAA-GDP,1,s0_p2_NAA-GDP_l9_r1
,False,AM,s0_p2_l9_r2_AM,a12dcb1ba4e2a21b6a4474c284e3079c1b8e06dc282072a6d2d3a684bd02794b,1a980269c1778978c64462bf76cf00949cd95e29e33d5066107809299e5dec35,0,9,0.1,0.054,0,2.0,NAA-GDP,2,s0_p2_NAA-GDP_l9_r2
,False,AM,s0_p2_l9_r3_AM,a12dcb1ba4e2a21b6a4474c284e3079c1b8e06dc282072a6d2d3a684bd02794b,1a980269c1778978c64462bf76cf00949cd95e29e33d5066107809299e5dec35,0,9,0.087,0.054,0,2.0,NAA-GDP,3,s0_p2_NAA-GDP_l9_r3
,False,AM,s0_p50_l10_r0_AM,a12dcb1ba4e2a21b6a4474c284e3079c1b8e06dc282072a6d2d3a684bd02794b,1a980269c1778978c64462bf76cf00949cd95e29e33d5066107809299e5dec35,0,10,0.119,0.06,0,50.0,NAA-GDP,0,s0_p50_NAA-GDP_l10_r0
,False,AM,s0_p50_l10_r1_AM,a12dcb1ba4e2a21b6a4474c284e3079c1b8e06dc282072a6d2d3a684bd02794b,1a980269c1778978c64462bf76cf00949cd95e29e33d5066107809299e5dec35,0,10,0.107,0.06,0,50.0,NAA-GDP,1,s0_p50_NAA-GDP_l10_r1
,False,AM,s0_p50_l10_r2_AM,a12dcb1ba4e2a21b6a4474c284e3079c1b8e06dc282072a6d2d3a684bd02794b,1a980269c1778978c64462bf76cf00949cd95e29e33d5066107809299e5dec35,0,10,0.125,0.06,0,50.0,NAA-GDP,2,s0_p50_NAA-GDP_l10_r2
,False,AM,s0_p50_l10_r3_AM,a12dcb1ba4e2a21b6a4474c284e3079c1b8e06dc282072a6d2d3a684bd02794b,1a980269c1778978c64462bf76cf00949cd95e29e33d5066107809299e5dec35,0,10,0.124,0.06,0,50.0,NAA-GDP,3,s0_p50_NAA-GDP_l10_r3
,True,AM,s0_p50_l1_r0_AM,a12dcb1ba4e2a21b6a4474c284e3079c1b8e06dc282072a6d2d3a684bd02794b,1a980269c1778978c64462bf76cf00949cd95e29e33d5066107809299e5dec35,0,1,0.555,0.006,0,50.0,NAA-GDP,0,s0_p50_NAA-GDP_l1_r0
,True,AM,s0_p50_l1_r1_AM,a12dcb1ba4e2a21b6a4474c284e3079c1b8e06dc282072a6d2d3a684bd02794b,1a980269c1778978c64462bf76cf00949cd95e29e33d5066107809299e5dec35,0,1,0.613,0.006,0,50.0,NAA-GDP,1,s0_p50_NAA-GDP_l1_r1
,True,AM,s0_p50_l1_r2_AM,a12dcb1ba4e2a21b6a4474c284e3079c1b8e06dc282072a6d2d3a684bd02794b,1a980269c1778978c64462bf76cf00949cd95e29e33d5066107809299e5dec35,0,1,0.57,0.006,0,50.0,NAA-GDP,2,s0_p50_NAA-GDP_l1_r2
,True,AM,s0_p50_l1_r3_AM,a12dcb1ba4e2a21b6a4474c284e3079c1b8e06dc282072a6d2d3a684bd02794b,1a980269c1778978c64462bf76cf00949cd95e29e33d5066107809299e5dec35,0,1,0.585,0.006,0,50.0,NAA-GDP,3,s0_p50_NAA-GDP_l1_r3
,True,AM,s0_p50_l2_r0_AM,a12dcb1ba4e2a21b6a4474c284e3079c1b8e06dc282072a6d2d3a684bd02794b,1a980269c1778978c64462bf76cf00949cd95e29e33d5066107809299e5dec35,0,2,0.405,0.012,0,50.0,NAA-GDP,0,s0_p50_NAA-GDP_l2_r0
,True,AM,s0_p50_l2_r1_AM,a12dcb1ba4e2a21b6a4474c284e3079c1b8e06dc282072a6d2d3a684bd02794b,1a980269c1778978c64462bf76cf00949cd95e29e33d5066107809299e5dec35,0,2,0.317,0.012,0,50.0,NAA-GDP,1,s0_p50_NAA-GDP_l2_r1
,True,AM,s0_p50_l2_r2_AM,a12dcb1ba4e2a21b6a4474c284e3079c1b8e06dc282072a6d2d3a684bd02794b,1a980269c1778978c64462bf76cf00949cd95e29e33d5066107809299e5dec35,0,2,0.325,0.012,0,50.0,NAA-GDP,2,s0_p50_NAA-GDP_l2_r2
,True,AM,s0_p50_l2_r3_AM,a12dcb1ba4e2a21b6a4474c284e3079c1b8e06dc282072a6d2d3a684bd02794b,1a980269c1778978c64462bf76cf00949cd95e29e33d5066107809299e5dec35,0,2,0.39,0.012,0,50.0,NAA-GDP,3,s0_p50_NAA-GDP_l2_r3
,True,AM,s0_p50_l3_r0_AM,a12dcb1ba4e2a21b6a4474c284e3079c1b8e06dc282072a6d2d3a684bd02794b,1a980269c1778978c64462bf76cf00949cd95e29e33d5066107809299e5dec35,0,3,0.267,0.018,0,50.0,NAA-GDP,0,s0_p50_NAA-GDP_l3_r0
,True,AM,s0_p50_l3_r1_AM,a12dcb1ba4e2a21b6a4474c284e3079c1b8e06dc282072a6d2d3a684bd02794b,1a980269c1778978c64462bf76cf00949cd95e29e33d5066107809299e5dec35,0,3,0.213,0.018,0,50.0,NAA-GDP,1,s0_p50_NAA-GDP_l3_r1
,True,AM,s0_p50_l3_r2_AM,a12dcb1ba4e2a21b6a4474c284e3079c1b8e06dc282072a6d2d3a684bd02794b,1a980269c1778978c64462bf76cf00949cd95e29e33d5066107809299e5dec35,0,3,0.226,0.018,0,50.0,NAA-GDP,2,s0_p50_NAA-GDP_l3_r2
,True,AM,s0_p50_l3_r3_AM,a12dcb1ba4e2a21b6a4474c284e3079c1b8e06dc282072a6d2d3a684bd02794b,1a980269c1778978c64462bf76cf00949cd95e29e33d5066107809299e5dec35,0,3,0.241,0.018,0,50.0,NAA-GDP,3,s0_p50_NAA-GDP_l3_r3
,True,AM,s0_p50_l4_r0_AM,a12dcb1ba4e2a21b6a4474c284e3079c1b8e06dc282072a6d2d3a684bd02794b,1a980269c1778978c64462bf76cf00949cd95e29e33d5066107809299e5dec35,0,4,0.214,0.024,0,50.0,NAA-GDP,0,s0_p50_NAA-GDP_l4_r0
,True,AM,s0_p50_l4_r1_AM,a12dcb1ba4e2a21b6a4474c284e3079c1b8e06dc282072a6d2d3a684bd02794b,1a980269c1778978c64462bf76cf00949cd95e29e33d5066107809299e5dec35,0,4,0.219,0.024,0,50.0,NAA-GDP,1,s0_p50_NAA-GDP_l4_r1
,True,AM,s0_p50_l4_r2_AM,a12dcb1ba4e2a21b6a4474c284e3079c1b8e06dc282072a6d2d3a684bd02794b,1a980269c1778978c64462bf76cf00949cd95e29e33d5066107809299e5dec35,0,4,0.225,0.024,0,50.0,NAA-GDP,2,s0_p50_NAA-GDP_l4_r2
,True,AM,s0_p50_l4_r3_AM,a12dcb1ba4e2a21b6a4474c284e3079c1b8e06dc282072a6d2d3a684bd02794b,1a980269c1778978c64462bf76cf00949cd95e29e33d5066107809299e5dec35,0,4,0.153,0.024,0,50.0,NAA-GDP,3,s0_p50_NAA-GDP_l4_r3
,True,AM,s0_p50_l5_r0_AM,a12dcb1ba4e2a21b6a4474c284e3079c1b8e06dc282072a6d2d3a684bd02794b,1a980269c1778978c64462bf76cf00949cd95e29e33d5066107809299e5dec35,0,5,0.145,0.03,0,50.0,NAA-GDP,0,s0_p50_NAA-GDP_l5_r0
,True,AM,s0_p50_l5_r1_AM,a12dcb1ba4e2a21b6a4474c284e3079c1b8e06dc282072a6d2d3a684bd02794b,1a980269c1778978c64462bf76cf00949cd95e29e33d5066107809299e5dec35,0,5,0.18,0.03,0,50.0,NAA-GDP,1,s0_p50_NAA-GDP_l5_r1
,True,AM,s0_p50_l5_r2_AM,a12dcb1ba4e2a21b6a4474c284e3079c1b8e06dc282072a6d2d3a684bd02794b,1a980269c1778978c64462bf76cf00949cd95e29e33d5066107809299e5dec35,0,5,0.162,0.03,0,50.0,NAA-GDP,2,s0_p50_NAA-GDP_l5_r2
,True,AM,s0_p50_l5_r3_AM,a12dcb1ba4e2a21b6a4474c284e3079c1b8e06dc282072a6d2d3a684bd02794b,1a980269c1778978c64462bf76cf00949cd95e29e33d5066107809299e5dec35,0,5,0.183,0.03,0,50.0,NAA-GDP,3,s0_p50_NAA-GDP_l5_r3
,True,AM,s0_p50_l6_r0_AM,a12dcb1ba4e2a21b6a4474c284e3079c1b8e06dc282072a6d2d3a684bd02794b,1a980269c1778978c64462bf76cf00949cd95e29e33d5066107809299e5dec35,0,6,0.169,0.036,0,50.0,NAA-GDP,0,s0_p50_NAA-GDP_l6_r0
,True,AM,s0_p50_l6_r1_AM,a12dcb1ba4e2a21b6a4474c284e3079c1b8e06dc282072a6d2d3a684bd02794b,1a980269c1778978c64462bf76cf00949cd95e29e33d5066107809299e5dec35,0,6,0.144,0.036,0,50.0,NAA-GDP,1,s0_p50_NAA-GDP_l6_r1
,True,AM,s0_p50_l6_r2_AM,a12dcb1ba4e2a21b6a4474c284e3079c1b8e06dc282072a6d2d3a684bd02794b,1a980269c1778978c64462bf76cf00949cd95e29e33d5066107809299e5dec35,0,6,0.174,0.036,0,50.0,NAA-GDP,2,s0_p50_NAA-GDP_l6_r2
,True,AM,s0_p50_l6_r3_AM,a12dcb1ba4e2a21b6a4474c284e3079c1b8e06dc282072a6d2d3a684bd02794b,1a980269c1778978c64462bf76cf00949cd95e29e33d5066107809299e5dec35,0,6,0.144,0.036,0,50.0,NAA-GDP,3,s0_p50_NAA-GDP_l6_r3
,True,AM,s0_p50_l7_r0_AM,a12dcb1ba4e2a21b6a4474c284e3079c1b8e06dc282072a6d2d3a684bd02794b,1a980269c1778978c64462bf76cf00949cd95e29e33d5066107809299e5dec35,0,7,0.124,0.042,0,50.0,NAA-GDP,0,s0_p50_NAA-GDP_l7_r0
,True,AM,s0_p50_l7_r1_AM,a12dcb1ba4e2a21b6a4474c284e3079c1b8e06dc282072a6d2d3a684bd02794b,1a980269c1778978c64462bf76cf00949cd95e29e33d5066107809299e5dec35,0,7,0.154,0.042,0,50.0,NAA-GDP,1,s0_p50_NAA-GDP_l7_r1
,True,AM,s0_p50_l7_r2_AM,a12dcb1ba4e2a21b6a4474c284e3079c1b8e06dc282072a6d2d3a684bd02794b,1a980269c1778978c64462bf76cf00949cd95e29e33d5066107809299e5dec35,0,7,0.149,0.042,0,50.0,NAA-GDP,2,s0_p50_NAA-GDP_l7_r2
,True,AM,s0_p50_l7_r3_AM,a12dcb1ba4e2a21b6a4474c284e3079c1b8e06dc282072a6d2d3a684bd02794b,1a980269c1778978c64462bf76cf00949cd95e29e33d5066107809299e5dec35,0,7,0.103,0.042,0,50.0,NAA-GDP,3,s0_p50_NAA-GDP_l7_r3
,True,AM,s0_p50_l8_r0_AM,a12dcb1ba4e2a21b6a4474c284e3079c1b8e06dc282072a6d2d3a684bd02794b,1a980269c1778978c64462bf76cf00949cd95e29e33d5066107809299e5dec35,0,8,0.13,0.048,0,50.0,NAA-GDP,0,s0_p50_NAA-GDP_l8_r0
,False,AM,s0_p50_l8_r1_AM,a12dcb1ba4e2a21b6a4474c284e3079c1b8e06dc282072a6d2d3a684bd02794b,1a980269c1778978c64462bf76cf00949cd95e29e33d5066107809299e5dec35,0,8,0.128,0.048,0,50.0,NAA-GDP,1,s0_p50_NAA-GDP_l8_r1
,False,AM,s0_p50_l8_r2_AM,a12dcb1ba4e2a21b6a4474c284e3079c1b8e06dc282072a6d2d3a684bd02794b,1a980269c1778978c64462bf76cf00949cd95e29e33d5066107809299e5dec35,0,8,0.114,0.048,0,50.0,NAA-GDP,2,s0_p50_NAA-GDP_l8_r2
,False,AM,s0_p50_l8_r3_AM,a12dcb1ba4e2a21b6a4474c284e3079c1b8e06dc282072a6d2d3a684bd02794b,1a980269c1778978c64462bf76cf00949cd95e29e33d5066107809299e5dec35,0,8,0.131,0.048,0,50.0,NAA-GDP,3,s0_p50_NAA-GDP_l8_r3
,False,AM,s0_p50_l9_r0_AM,a12dcb1ba4e2a21b6a4474c284e3079c1b8e06dc282072a6d2d3a684bd02794b,1a980269c1778978c64462bf76cf00949cd95e29e33d5066107809299e5dec35,0,9,0.101,0.054,0,50.0,NAA-GDP,0,s0_p50_NAA-GDP_l9_r0
,False,AM,s0_p50_l9_r1_AM,a12dcb1ba4e2a21b6a4474c284e3079c1b8e06dc282072a6d2d3a684bd02794b,1a980269c1778978c64462bf76cf00949cd95e29e33d5066107809299e5dec35,0,9,0.135,0.054,0,50.0,NAA-GDP,1,s0_p50_NAA-GDP_l9_r1
,False,AM,s0_p50_l9_r2_AM,a12dcb1ba4e2a21b6a4474c284e3079c1b8e06dc282072a6d2d3a684bd02794b,1a980269c1778978c64462bf76cf00949cd95e29e33d5066107809299e5dec35,0,9,0.117,0.054,0,50.0,NAA-GDP,2,s0_p50_NAA-GDP_l9_r2
,False,AM,s0_p50_l9_r3_AM,a12dcb1ba4e2a21b6a4474c284e3079c1b8e06dc282072a6d2d3a684bd02794b,1a980269c1778978c64462bf76cf00949cd95e29e33d5066107809299e5dec35,0,9,0.083,0.054,0,50.0,NAA-GDP,3,s0_p50_NAA-GDP_l9_r3
,False,AM,s0_p5_l10_r0_AM,a12dcb1ba4e2a21b6a4474c284e3079c1b8e06dc282072a6d2d3a684bd02794b,1a980269c1778978c64462bf76cf00949cd95e29e33d5066107809299e5dec35,0,10,0.081,0.06,0,5.0,NAA-GDP,0,s0_p5_NAA-GDP_l10_r0
,False,AM,s0_p5_l10_r1_AM,a12dcb1ba4e2a21b6a4474c284e3079c1b8e06dc282072a6d2d3a684bd02794b,1a980269c1778978c64462bf76cf00949cd95e29e33d5066107809299e5dec35,0,10,0.125,0.06,0,5.0,NAA-GDP,1,s0_p5_NAA-GDP_l10_r1
,False,AM,s0_p5_l10_r2_AM,a12dcb1ba4e2a21b6a4474c284e3079c1b8e06dc282072a6d2d3a684bd02794b,1a980269c1778978c64462bf76cf00949cd95e29e33d5066107809299e5dec35,0,10,0.115,0.06,0,5.0,NAA-GDP,2,s0_p5_NAA-GDP_l10_r2
,False,AM,s0_p5_l10_r3_AM,a12dcb1ba4e2a21b6a4474c284e3079c1b8e06dc282072a6d2d3a684bd02794b,1a980269c1778978c64462bf76cf00949cd95e29e33d5066107809299e5dec35,0,10,0.109,0.06,0,5.0,NAA-GDP,3,s0_p5_NAA-GDP_l10_r3
,True,AM,s0_p5_l1_r0_AM,a12dcb1ba4e2a21b6a4474c284e3079c1b8e06dc282072a6d2d3a684bd02794b,1a980269c1778978c64462bf76cf00949cd95e29e33d5066107809299e5dec35,0,1,0.558,0.006,0,5.0,NAA-GDP,0,s0_p5_NAA-GDP_l1_r0
,True,AM,s0_p5_l1_r1_AM,a12dcb1ba4e2a21b6a4474c284e3079c1b8e06dc282072a6d2d3a684bd02794b,1a980269c1778978c64462bf76cf00949cd95e29e33d5066107809299e5dec35,0,1,0.609,0.006,0,5.0,NAA-GDP,1,s0_p5_NAA-GDP_l1_r1
,True,AM,s0_p5_l1_r2_AM,a12dcb1ba4e2a21b6a4474c284e3079c1b8e06dc282072a6d2d3a684bd02794b,1a980269c1778978c64462bf76cf00949cd95e29e33d5066107809299e5dec35,0,1,0.564,0.006,0,5.0,NAA-GDP,2,s0_p5_NAA-GDP_l1_r2
,True,AM,s0_p5_l1_r3_AM,a12dcb1ba4e2a21b6a4474c284e3079c1b8e06dc282072a6d2d3a684bd02794b,1a980269c1778978c64462bf76cf00949cd95e29e33d5066107809299e5dec35,0,1,0.579,0.006,0,5.0,NAA-GDP,3,s0_p5_NAA-GDP_l1_r3
,True,AM,s0_p5_l2_r0_AM,a12dcb1ba4e2a21b6a4474c284e3079c1b8e06dc282072a6d2d3a684bd02794b,1a980269c1778978c64462bf76cf00949cd95e29e33d5066107809299e5dec35,0,2,0.398,0.012,0,5.0,NAA-GDP,0,s0_p5_NAA-GDP_l2_r0
,True,AM,s0_p5_l2_r1_AM,a12dcb1ba4e2a21b6a4474c284e3079c1b8e06dc282072a6d2d3a684bd02794b,1a980269c1778978c64462bf76cf00949cd95e29e33d5066107809299e5dec35,0,2,0.34,0.012,0,5.0,NAA-GDP,1,s0_p5_NAA-GDP_l2_r1
,True,AM,s0_p5_l2_r2_AM,a12dcb1ba4e2a21b6a4474c284e3079c1b8e06dc282072a6d2d3a684bd02794b,1a980269c1778978c64462bf76cf00949cd95e29e33d5066107809299e5dec35,0,2,0.32,0.012,0,5.0,NAA-GDP,2,s0_p5_NAA-GDP_l2_r2
,True,AM,s0_p5_l2_r3_AM,a12dcb1ba4e2a21b6a4474c284e3079c1b8e06dc282072a6d2d3a684bd02794b,1a980269c1778978c64462bf76cf00949cd95e29e33d5066107809299e5dec35,0,2,0.372,0.012,0,5.0,NAA-GDP,3,s0_p5_NAA-GDP_l2_r3
,True,AM,s0_p5_l3_r0_AM,a12dcb1ba4e2a21b6a4474c284e3079c1b8e06dc282072a6d2d3a684bd02794b,1a980269c1778978c64462bf76cf00949cd95e29e33d5066107809299e5dec35,0,3,0.274,0.018,0,5.0,NAA-GDP,0,s0_p5_NAA-GDP_l3_r0
,True,AM,s0_p5_l3_r1_AM,a12dcb1ba4e2a21b6a4474c284e3079c1b8e06dc282072a6d2d3a684bd02794b,1a980269c1778978c64462bf76cf00949cd95e29e33d5066107809299e5dec35,0,3,0.223,0.018,0,5.0,NAA-GDP,1,s0_p5_NAA-GDP_l3_r1
,True,AM,s0_p5_l3_r2_AM,a12dcb1ba4e2a21b6a4474c284e3079c1b8e06dc282072a6d2d3a684bd02794b,1a980269c1778978c64462bf76cf00949cd95e29e33d5066107809299e5dec35,0,3,0.219,0.018,0,5.0,NAA-GDP,2,s0_p5_NAA-GDP_l3_r2
,True,AM,s0_p5_l3_r3_AM,a12dcb1ba4e2a21b6a4474c284e3079c1b8e06dc282072a6d2d3a684bd02794b,1a980269c1778978c64462bf76cf00949cd95e29e33d5066107809299e5dec35,0,3,0.267,0.018,0,5.0,NAA-GDP,3,s0_p5_NAA-GDP_l3_r3
,True,AM,s0_p5_l4_r0_AM,a12dcb1ba4e2a21b6a4474c284e3079c1b8e06dc282072a6d2d3a684bd02794b,1a980269c1778978c64462bf76cf00949cd95e29e33d5066107809299e5dec35,0,4,0.244,0.024,0,5.0,NAA-GDP,0,s0_p5_NAA-GDP_l4_r0
,True,AM,s0_p5_l4_r1_AM,a12dcb1ba4e2a21b6a4474c284e3079c1b8e06dc282072a6d2d3a684bd02794b,1a980269c1778978c64462bf76cf00949cd95e29e33d5066107809299e5dec35,0,4,0.192,0.024,0,5.0,NAA-GDP,1,s0_p5_NAA-GDP_l4_r1
,True,AM,s0_p5_l4_r2_AM,a12dcb1ba4e2a21b6a4474c284e3079c1b8e06dc282072a6d2d3a684bd02794b,1a980269c1778978c64462bf76cf00949cd95e29e33d5066107809299e5dec35,0,4,0.179,0.024,0,5.0,NAA-GDP,2,s0_p5_NAA-GDP_l4_r2
,True,AM,s0_p5_l4_r3_AM,a12dcb1ba4e2a21b6a4474c284e3079c1b8e06dc282072a6d2d3a684bd02794b,1a980269c1778978c64462bf76cf00949cd95e29e33d5066107809299e5dec35,0,4,0.178,0.024,0,5.0,NAA-GDP,3,s0_p5_NAA-GDP_l4_r3
,True,AM,s0_p5_l5_r0_AM,a12dcb1ba4e2a21b6a4474c284e3079c1b8e06dc282072a6d2d3a684bd02794b,1a980269c1778978c64462bf76cf00949cd95e29e33d5066107809299e5dec35,0,5,0.141,0.03,0,5.0,NAA-GDP,0,s0_p5_NAA-GDP_l5_r0
,True,AM,s0_p5_l5_r1_AM,a12dcb1ba4e2a21b6a4474c284e3079c1b8e06dc282072a6d2d3a684bd02794b,1a980269c1778978c64462bf76cf00949cd95e29e33d5066107809299e5dec35,0,5,0.116,0.03,0,5.0,NAA-GDP,1,s0_p5_NAA-GDP_l5_r1
,True,AM,s0_p5_l5_r2_AM,a12dcb1ba4e2a21b6a4474c284e3079c1b8e06dc282072a6d2d3a684bd02794b,1a980269c1778978c64462bf76cf00949cd95e29e33d5066107809299e5dec35,0,5,0.125,0.03,0,5.0,NAA-GDP,2,s0_p5_NAA-GDP_l5_r2
,True,AM,s0_p5_l5_r3_AM,a12dcb1ba4e2a21b6a4474c284e3079c1b8e06dc282072a6d2d3a684bd02794b,1a980269c1778978c64462bf76cf00949cd95e29e33d5066107809299e5dec35,0,5,0.155,0.03,0,5.0,NAA-GDP,3,s0_p5_NAA-GDP_l5_r3
,True,AM,s0_p5_l6_r0_AM,a12dcb1ba4e2a21b6a4474c284e3079c1b8e06dc282072a6d2d3a684bd02794b,1a980269c1778978c64462bf76cf00949cd95e29e33d5066107809299e5dec35,0,6,0.137,0.036,0,5.0,NAA-GDP,0,s0_p5_NAA-GDP_l6_r0
,True,AM,s0_p5_l6_r1_AM,a12dcb1ba4e2a21b6a4474c284e3079c1b8e06dc282072a6d2d3a684bd02794b,1a980269c1778978c64462bf76cf00949cd95e29e33d5066107809299e5dec35,0,6,0.128,0.036,0,5.0,NAA-GDP,1,s0_p5_NAA-GDP_l6_r1
,True,AM,s0_p5_l6_r2_AM,a12dcb1ba4e2a21b6a4474c284e3079c1b8e06dc282072a6d2d3a684bd02794b,1a980269c1778978c64462bf76cf00949cd95e29e33d5066107809299e5dec35,0,6,0.141,0.036,0,5.0,NAA-GDP,2,s0_p5_NAA-GDP_l6_r2
,True,AM,s0_p5_l6_r3_AM,a12dcb1ba4e2a21b6a4474c284e3079c1b8e06dc282072a6d2d3a684bd02794b,1a980269c1778978c64462bf76cf00949cd95e29e33d5066107809299e5dec35,0,6,0.14,0.036,0,5.0,NAA-GDP,3,s0_p5_NAA-GDP_l6_r3
,True,AM,s0_p5_l7_r0_AM,a12dcb1ba4e2a21b6a4474c284e3079c1b8e06dc282072a6d2d3a684bd02794b,1a980269c1778978c64462bf76cf00949cd95e29e33d5066107809299e5dec35,0,7,0.141,0.042,0,5.0,NAA-GDP,0,s0_p5_NAA-GDP_l7_r0
,True,AM,s0_p5_l7_r1_AM,a12dcb1ba4e2a21b6a4474c284e3079c1b8e06dc282072a6d2d3a684bd02794b,1a980269c1778978c64462bf76cf00949cd95e29e33d5066107809299e5dec35,0,7,0.121,0.042,0,5.0,NAA-GDP,1,s0_p5_NAA-GDP_l7_r1
,True,AM,s0_p5_l7_r2_AM,a12dcb1ba4e2a21b6a4474c284e3079c1b8e06dc282072a6d2d3a684bd02794b,1a980269c1778978c64462bf76cf00949cd95e29e33d5066107809299e5dec35,0,7,0.137,0.042,0,5.0,NAA-GDP,2,s0_p5_NAA-GDP_l7_r2
,True,AM,s0_p5_l7_r3_AM,a12dcb1ba4e2a21b6a4474c284e3079c1b8e06dc282072a6d2d3a684bd02794b,1a980269c1778978c64462bf76cf00949cd95e29e33d5066107809299e5dec35,0,7,0.13,0.042,0,5.0,NAA-GDP,3,s0_p5_NAA-GDP_l7_r3
,True,AM,s0_p5_l8_r0_AM,a12dcb1ba4e2a21b6a4474c284e3079c1b8e06dc282072a6d2d3a684bd02794b,1a980269c1778978c64462bf76cf00949cd95e29e33d5066107809299e5dec35,0,8,0.102,0.048,0,5.0,NAA-GDP,0,s0_p5_NAA-GDP_l8_r0
,True,AM,s0_p5_l8_r1_AM,a12dcb1ba4e2a21b6a4474c284e3079c1b8e06dc282072a6d2d3a684bd02794b,1a980269c1778978c64462bf76cf00949cd95e29e33d5066107809299e5dec35,0,8,0.119,0.048,0,5.0,NAA-GDP,1,s0_p5_NAA-GDP_l8_r1
,False,AM,s0_p5_l8_r2_AM,a12dcb1ba4e2a21b6a4474c284e3079c1b8e06dc282072a6d2d3a684bd02794b,1a980269c1778978c64462bf76cf00949cd95e29e33d5066107809299e5dec35,0,8,0.098,0.048,0,5.0,NAA-GDP,2,s0_p5_NAA-GDP_l8_r2
,False,AM,s0_p5_l8_r3_AM,a12dcb1ba4e2a21b6a4474c284e3079c1b8e06dc282072a6d2d3a684bd02794b,1a980269c1778978c64462bf76cf00949cd95e29e33d5066107809299e5dec35,0,8,0.109,0.048,0,5.0,NAA-GDP,3,s0_p5_NAA-GDP_l8_r3
,False,AM,s0_p5_l9_r0_AM,a12dcb1ba4e2a21b6a4474c284e3079c1b8e06dc282072a6d2d3a684bd02794b,1a980269c1778978c64462bf76cf00949cd95e29e33d5066107809299e5dec35,0,9,0.069,0.054,0,5.0,NAA-GDP,0,s0_p5_NAA-GDP_l9_r0
,False,AM,s0_p5_l9_r1_AM,a12dcb1ba4e2a21b6a4474c284e3079c1b8e06dc282072a6d2d3a684bd02794b,1a980269c1778978c64462bf76cf00949cd95e29e33d5066107809299e5dec35,0,9,0.131,0.054,0,5.0,NAA-GDP,1,s0_p5_NAA-GDP_l9_r1
,False,AM,s0_p5_l9_r2_AM,a12dcb1ba4e2a21b6a4474c284e3079c1b8e06dc282072a6d2d3a684bd02794b,1a980269c1778978c64462bf76cf00949cd95e29e33d5066107809299e5dec35,0,9,0.12,0.054,0,5.0,NAA-GDP,2,s0_p5_NAA-GDP_l9_r2
,False,AM,s0_p5_l9_r3_AM,a12dcb1ba4e2a21b6a4474c284e3079c1b8e06dc282072a6d2d3a684bd02794b,1a980269c1778978c64462bf76cf00949cd95e29e33d5066107809299e5dec35,0,9,0.095,0.054,0,5.0,NAA-GDP,3,s0_p5_NAA-GDP_l9_r3
,False,MP,s0_shared_l10_r0_MP,a12dcb1ba4e2a21b6a4474c284e3079c1b8e06dc282072a6d2d3a684bd02794b,1a980269c1778978c64462bf76cf00949cd95e29e33d5066107809299e5dec35,0,10,0.097,0.06,0,,NAA-GDP,0,s0_p50_NAA-GDP_l10_r0
,False,OP,s0_shared_l10_r0_OP,a12dcb1ba4e2a21b6a4474c284e3079c1b8e06dc282072a6d2d3a684bd02794b,1a980269c1778978c64462bf76cf00949cd95e29e33d5066107809299e5dec35,0,10,0.124,0.06,0,,NAA-GDP,0,s0_p50_NAA-GDP_l10_r0
,False,MP,s0_shared_l10_r1_MP,a12dcb1ba4e2a21b6a4474c284e3079c1b8e06dc282072a6d2d3a684bd02794b,1a980269c1778978c64462bf76cf00949cd95e29e33d5066107809299e5dec35,0,10,0.093,0.06,0,,NAA-GDP,1,s0_p50_NAA-GDP_l10_r1
,False,OP,s0_shared_l10_r1_OP,a12dcb1ba4e2a21b6a4474c284e3079c1b8e06dc282072a6d2d3a684bd02794b,1a980269c1778978c64462bf76cf00949cd95e29e33d5066107809299e5dec35,0,10,0.152,0.06,0,,NAA-GDP,1,s0_p50_NAA-GDP_l10_r1
,False,MP,s0_shared_l10_r2_MP,a12dcb1ba4e2a21b6a4474c284e3079c1b8e06dc282072a6d2d3a684bd02794b,1a980269c1778978c64462bf76cf00949cd95e29e33d5066107809299e5dec35,0,10,0.08,0.06,0,,NAA-GDP,2,s0_p50_NAA-GDP_l10_r2
,False,OP,s0_shared_l10_r2_OP,a12dcb1ba4e2a21b6a4474c284e3079c1b8e06dc282072a6d2d3a684bd02794b,1a980269c1778978c64462bf76cf00949cd95e29e33d5066107809299e5dec35,0,10,0.162,0.06,0,,NAA-GDP,2,s0_p50_NAA-GDP_l10_r2
,False,MP,s0_shared_l10_r3_MP,a12dcb1ba4e2a21b6a4474c284e3079c1b8e06dc282072a6d2d3a684bd02794b,1a980269c1778978c64462bf76cf00949cd95e29e33d5066107809299e5dec35,0,10,0.091,0.06,0,,NAA-GDP,3,s0_p50_NAA-GDP_l10_r3
,False,OP,s0_shared_l10_r3_OP,a12dcb1ba4e2a21b6a4474c284e3079c1b8e06dc282072a6d2d3a684bd02794b,1a980269c1778978c64462bf76cf00949cd95e29e33d5066107809299e5dec35,0,10,0.097,0.06,0,,NAA-GDP,3,s0_p50_NAA-GDP_l10_r3
,False,MP,s0_shared_l1_r0_MP,a12dcb1ba4e2a21b6a4474c284e3079c1b8e06dc282072a6d2d3a684bd02794b,1a980269c1778978c64462bf76cf00949cd95e29e33d5066107809299e5dec35,0,1,0.584,0.006,0,,NAA-GDP,0,s0_p50_NAA-GDP_l1_r0
,False,OP,s0_shared_l1_r0_OP,a12dcb1ba4e2a21b6a4474c284e3079c1b8e06dc282072a6d2d3a684bd02794b,1a980269c1778978c64462bf76cf00949cd95e29e33d5066107809299e5dec35,0,1,0.664,0.006,0,,NAA-GDP,0,s0_p50_NAA-GDP_l1_r0
,False,MP,s0_shared_l1_r1_MP,a12dcb1ba4e2a21b6a4474c284e3079c1b8e06dc282072a6d2d3a684bd02794b,1a980269c1778978c64462bf76cf00949cd95e29e33d5066107809299e5dec35,0,1,0.607,0.006,0,,NAA-GDP,1,s0_p50_NAA-GDP_l1_r1
,False,OP,s0_shared_l1_r1_OP,a12dcb1ba4e2a21b6a4474c284e3079c1b8e06dc282072a6d2d3a684bd02794b,1a980269c1778978c64462bf76cf00949cd95e29e33d5066107809299e5dec35,0,1,0.661,0.006,0,,NAA-GDP,1,s0_p50_NAA-GDP_l1_r1
,False,MP,s0_shared_l1_r2_MP,a12dcb1ba4e2a21b6a4474c284e3079c1b8e06dc282072a6d2d3a684bd02794b,1a980269c1778978c64462bf76cf00949cd95e29e33d5066107809299e5dec35,0,1,0.556,0.006,0,,NAA-GDP,2,s0_p50_NAA-GDP_l1_r2
,False,OP,s0_shared_l1_r2_OP,a12dcb1ba4e2a21b6a4474c284e3079c1b8e06dc282072a6d2d3a684bd02794b,1a980269c1778978c64462bf76cf00949cd95e29e33d5066107809299e5dec35,0,1,0.643,0.006,0,,NAA-GDP,2,s0_p50_NAA-GDP_l1_r2
,False,MP,s0_shared_l1_r3_MP,a12dcb1ba4e2a21b6a4474c284e3079c1b8e06dc282072a6d2d3a684bd02794b,1a980269c1778978c64462bf76cf00949cd95e29e33d5066107809299e5dec35,0,1,0.614,0.006,0,,NAA-GDP,3,s0_p50_NAA-GDP_l1_r3
,False,OP,s0_shared_l1_r3_OP,a12dcb1ba4e2a21b6a4474c284e3079c1b8e06dc282072a6d2d3a684bd02794b,1a980269c1778978c64462bf76cf00949cd95e29e33d5066107809299e5dec35,0,1,0.655,0.006,0,,NAA-GDP,3,s0_p50_NAA-GDP_l1_r3
,False,MP,s0_shared_l2_r0_MP,a12dcb1ba4e2a21b6a4474c284e3079c1b8e06dc282072a6d2d3a684bd02794b,1a980269c1778978c64462bf76cf00949cd95e29e33d5066107809299e5dec35,0,2,0.454,0.012,0,,NAA-GDP,0,s0_p50_NAA-GDP_l2_r0
,False,OP,s0_shared_l2_r0_OP,a12dcb1ba4e2a21b6a4474c284e3079c1b8e06dc282072a6d2d3a684bd02794b,1a980269c1778978c64462bf76cf00949cd95e29e33d5066107809299e5dec35,0,2,0.579,0.012,0,,NAA-GDP,0,s0_p50_NAA-GDP_l2_r0
,False,MP,s0_shared_l2_r1_MP,a12dcb1ba4e2a21b6a4474c284e3079c1b8e06dc282072a6d2d3a684bd02794b,1a980269c1778978c64462bf76cf00949cd95e29e33d5066107809299e5dec35,0,2,0.361,0.012,0,,NAA-GDP,1,s0_p50_NAA-GDP_l2_r1
,False,OP,s0_shared_l2_r1_OP,a12dcb1ba4e2a21b6a4474c284e3079c1b8e06dc282072a6d2d3a684bd02794b,1a980269c1778978c64462bf76cf00949cd95e29e33d5066107809299e5dec35,0,2,0.464,0.012,0,,NAA-GDP,1,s0_p50_NAA-GDP_l2_r1
,False,MP,s0_shared_l2_r2_MP,a12dcb1ba4e2a21b6a4474c284e3079c1b8e06dc282072a6d2d3a684bd02794b,1a980269c1778978c64462bf76cf00949cd95e29e33d5066107809299e5dec35,0,2,0.376,0.012,0,,NAA-GDP,2,s0_p50_NAA-GDP_l2_r2
,False,OP,s0_shared_l2_r2_OP,a12dcb1ba4e2a21b6a4474c284e3079c1b8e06dc282072a6d2d3a684bd02794b,1a980269c1778978c64462bf76cf00949cd95e29e33d5066107809299e5dec35,0,2,0.505,0.012,0,,NAA-GDP,2,s0_p50_NAA-GDP_l2_r2
,False,MP,s0_shared_l2_r3_MP,a12dcb1ba4e2a21b6a4474c284e3079c1b8e06dc282072a6d2d3a684bd02794b,1a980269c1778978c64462bf76cf00949cd95e29e33d5066107809299e5dec35,0,2,0.38,0.012,0,,NAA-GDP,3,s0_p50_NAA-GDP_l2_r3
,False,OP,s0_shared_l2_r3_OP,a12dcb1ba4e2a21b6a4474c284e3079c1b8e06dc282072a6d2d3a684bd02794b,1a980269c1778978c64462bf76cf00949cd95e29e33d5066107809299e5dec35,0,2,0.467,0.012,0,,NAA-GDP,3,s0_p50_NAA-GDP_l2_r3
,False,MP,s0_shared_l3_r0_MP,a12dcb1ba4e2a21b6a4474c284e3079c1b8e06dc282072a6d2d3a684bd02794b,1a980269c1778978c64462bf76cf00949cd95e29e33d5066107809299e5dec35,0,3,0.302,0.018,0,,NAA-GDP,0,s0_p50_NAA-GDP_l3_r0
,False,OP,s0_shared_l3_r0_OP,a12dcb1ba4e2a21b6a4474c284e3079c1b8e06dc282072a6d2d3a684bd02794b,1a980269c1778978c64462bf76cf00949cd95e29e33d5066107809299e5dec35,0,3,0.339,0.018,0,,NAA-GDP,0,s0_p50_NAA-GDP_l3_r0
,False,MP,s0_shared_l3_r1_MP,a12dcb1ba4e2a21b6a4474c284e3079c1b8e06dc282072a6d2d3a684bd02794b,1a980269c1778978c64462bf76cf00949cd95e29e33d5066107809299e5dec35,0,3,0.234,0.018,0,,NAA-GDP,1,s0_p50_NAA-GDP_l3_r1
,False,OP,s0_shared_l3_r1_OP,a12dcb1ba4e2a21b6a4474c284e3079c1b8e06dc282072a6d2d3a684bd02794b,1a980269c1778978c64462bf76cf00949cd95e29e33d5066107809299e5dec35,0,3,0.417,0.018,0,,NAA-GDP,1,s0_p50_NAA-GDP_l3_r1
,False,MP,s0_shared_l3_r2_MP,a12dcb1ba4e2a21b6a4474c284e3079c1b8e06dc282072a6d2d3a684bd02794b,1a980269c1778978c64462bf76cf00949cd95e29e33d5066107809299e5dec35,0,3,0.29,0.018,0,,NAA-GDP,2,s0_p50_NAA-GDP_l3_r2
,False,OP,s0_shared_l3_r2_OP,a12dcb1ba4e2a21b6a4474c284e3079c1b8e06dc282072a6d2d3a684bd02794b,1a980269c1778978c64462bf76cf00949cd95e29e33d5066107809299e5dec35,0,3,0.322,0.018,0,,NAA-GDP,2,s0_p50_NAA-GDP_l3_r2
,False,MP,s0_shared_l3_r3_MP,a12dcb1ba4e2a21b6a4474c284e3079c1b8e06dc282072a6d2d3a684bd02794b,1a980269c1778978c64462bf76cf00949cd95e29e33d5066107809299e5dec35,0,3,0.275,0.018,0,,NAA-GDP,3,s0_p50_NAA-GDP_l3_r3
,False,OP,s0_shared_l3_r3_OP,a12dcb1ba4e2a21b6a4474c284e3079c1b8e06dc282072a6d2d3a684bd02794b,1a980269c1778978c64462bf76cf00949cd95e29e33d5066107809299e5dec35,0,3,0.385,0.018,0,,NAA-GDP,3,s0_p50_NAA-GDP_l3_r3
,False,MP,s0_shared_l4_r0_MP,a12dcb1ba4e2a21b6a4474c284e3079c1b8e06dc282072a6d2d3a684bd02794b,1a980269c1778978c64462bf76cf00949cd95e29e33d5066107809299e5dec35,0,4,0.23,0.024,0,,NAA-GDP,0,s0_p50_NAA-GDP_l4_r0
,False,OP,s0_shared_l4_r0_OP,a12dcb1ba4e2a21b6a4474c284e3079c1b8e06dc282072a6d2d3a684bd02794b,1a980269c1778978c64462bf76cf00949cd95e29e33d5066107809299e5dec35,0,4,0.259,0.024,0,,NAA-GDP,0,s0_p50_NAA-GDP_l4_r0
,False,MP,s0_shared_l4_r1_MP,a12dcb1ba4e2a21b6a4474c284e3079c1b8e06dc282072a6d2d3a684bd02794b,1a980269c1778978c64462bf76cf00949cd95e29e33d5066107809299e5dec35,0,4,0.214,0.024,0,,NAA-GDP,1,s0_p50_NAA-GDP_l4_r1
,False,OP,s0_shared_l4_r1_OP,a12dcb1ba4e2a21b6a4474c284e3079c1b8e06dc282072a6d2d3a684bd02794b,1a980269c1778978c64462bf76cf00949cd95e29e33d5066107809299e5dec35,0,4,0.287,0.024,0,,NAA-GDP,1,s0_p50_NAA-GDP_l4_r1
,False,MP,s0_shared_l4_r2_MP,a12dcb1ba4e2a21b6a4474c284e3079c1b8e06dc282072a6d2d3a684bd02794b,1a980269c1778978c64462bf76cf00949cd95e29e33d5066107809299e5dec35,0,4,0.222,0.024,0,,NAA-GDP,2,s0_p50_NAA-GDP_l4_r2
,False,OP,s0_shared_l4_r2_OP,a12dcb1ba4e2a21b6a4474c284e3079c1b8e06dc282072a6d2d3a684bd02794b,1a980269c1778978c64462bf76cf00949cd95e29e33d5066107809299e5dec35,0,4,0.339,0.024,0,,NAA-GDP,2,s0_p50_NAA-GDP_l4_r2
,False,MP,s0_shared_l4_r3_MP,a12dcb1ba4e2a21b6a4474c284e3079c1b8e06dc282072a6d2d3a684bd02794b,1a980269c1778978c64462bf76cf00949cd95e29e33d5066107809299e5dec35,0,4,0.235,0.024,0,,NAA-GDP,3,s0_p50_NAA-GDP_l4_r3
,False,OP,s0_shared_l4_r3_OP,a12dcb1ba4e2a21b6a4474c284e3079c1b8e06dc282072a6d2d3a684bd02794b,1a980269c1778978c64462bf76cf00949cd95e29e33d5066107809299e5dec35,0,4,0.34,0.024,0,,NAA-GDP,3,s0_p50_NAA-GDP_l4_r3
,False,MP,s0_shared_l5_r0_MP,a12dcb1ba4e2a21b6a4474c284e3079c1b8e06dc282072a6d2d3a684bd02794b,1a980269c1778978c64462bf76cf00949cd95e29e33d5066107809299e5dec35,0,5,0.153,0.03,0,,NAA-GDP,0,s0_p50_NAA-GDP_l5_r0
,False,OP,s0_shared_l5_r0_OP,a12dcb1ba4e2a21b6a4474c284e3079c1b8e06dc282072a6d2d3a684bd02794b,1a980269c1778978c64462bf76cf00949cd95e29e33d5066107809299e5dec35,0,5,0.23,0.03,0,,NAA-GDP,0,s0_p50_NAA-GDP_l5_r0
,False,MP,s0_shared_l5_r1_MP,a12dcb1ba4e2a21b6a4474c284e3079c1b8e06dc282072a6d2d3a684bd02794b,1a980269c1778978c64462bf76cf00949cd95e29e33d5066107809299e5dec35,0,5,0.149,0.03,0,,NAA-GDP,1,s0_p50_NAA-GDP_l5_r1
,False,OP,s0_shared_l5_r1_OP,a12dcb1ba4e2a21b6a4474c284e3079c1b8e06dc282072a6d2d3a684bd02794b,1a980269c1778978c64462bf76cf00949cd95e29e33d5066107809299e5dec35,0,5,0.236,0.03,0,,NAA-GDP,1,s0_p50_NAA-GDP_l5_r1
,False,MP,s0_shared_l5_r2_MP,a12dcb1ba4e2a21b6a4474c284e3079c1b8e06dc282072a6d2d3a684bd02794b,1a980269c1778978c64462bf76cf00949cd95e29e33d5066107809299e5dec35,0,5,0.125,0.03,0,,NAA-GDP,2,s0_p50_NAA-GDP_l5_r2
,False,OP,s0_shared_l5_r2_OP,a12dcb1ba4e2a21b6a4474c284e3079c1b8e06dc282072a6d2d3a684bd02794b,1a980269c1778978c64462bf76cf00949cd95e29e33d5066107809299e5dec35,0,5,0.222,0.03,0,,NAA-GDP,2,s0_p50_NAA-GDP_l5_r2
,False,MP,s0_shared_l5_r3_MP,a12dcb1ba4e2a21b6a4474c284e3079c1b8e06dc282072a6d2d3a684bd02794b,1a980269c1778978c64462bf76cf00949cd95e29e33d5066107809299e5dec35,0,5,0.156,0.03,0,,NAA-GDP,3,s0_p50_NAA-GDP_l5_r3
,False,OP,s0_shared_l5_r3_OP,a12dcb1ba4e2a21b6a4474c284e3079c1b8e06dc282072a6d2d3a684bd02794b,1a980269c1778978c64462bf76cf00949cd95e29e33d5066107809299e5dec35,0,5,0.26,0.03,0,,NAA-GDP,3,s0_p50_NAA-GDP_l5_r3
,False,MP,s0_shared_l6_r0_MP,a12dcb1ba4e2a21b6a4474c284e3079c1b8e06dc282072a6d2d3a684bd02794b,1a980269c1778978c64462bf76cf00949cd95e29e33d5066107809299e5dec35,0,6,0.108,0.036,0,,NAA-GDP,0,s0_p50_NAA-GDP_l6_r0
,False,OP,s0_shared_l6_r0_OP,a12dcb1ba4e2a21b6a4474c284e3079c1b8e06dc282072a6d2d3a684bd02794b,1a980269c1778978c64462bf76cf00949cd95e29e33d5066107809299e5dec35,0,6,0.216,0.036,0,,NAA-GDP,0,s0_p50_NAA-GDP_l6_r0
,False,MP,s0_shared_l6_r1_MP,a12dcb1ba4e2a21b6a4474c284e3079c1b8e06dc282072a6d2d3a684bd02794b,1a980269c1778978c64462bf76cf00949cd95e29e33d5066107809299e5dec35,0,6,0.118,0.036,0,,NAA-GDP,1,s0_p50_NAA-GDP_l6_r1
,False,OP,s0_shared_l6_r1_OP,a12dcb1ba4e2a21b6a4474c284e3079c1b8e06dc282072a6d2d3a684bd02794b,1a980269c1778978c64462bf76cf00949cd95e29e33d5066107809299e5dec35,0,6,0.186,0.036,0,,NAA-GDP,1,s0_p50_NAA-GDP_l6_r1
,False,MP,s0_shared_l6_r2_MP,a12dcb1ba4e2a21b6a4474c284e3079c1b8e06dc282072a6d2d3a684bd02794b,1a980269c1778978c64462bf76cf00949cd95e29e33d5066107809299e5dec35,0,6,0.13,0.036,0,,NAA-GDP,2,s0_p50_NAA-GDP_l6_r2
,False,OP,s0_shared_l6_r2_OP,a12dcb1ba4e2a21b6a4474c284e3079c1b8e06dc282072a6d2d3a684bd02794b,1a980269c1778978c64462bf76cf00949cd95e29e33d5066107809299e5dec35,0,6,0.186,0.036,0,,NAA-GDP,2,s0_p50_NAA-GDP_l6_r2
,False,MP,s0_shared_l6_r3_MP,a12dcb1ba4e2a21b6a4474c284e3079c1b8e06dc282072a6d2d3a684bd02794b,1a980269c1778978c64462bf76cf00949cd95e29e33d5066107809299e5dec35,0,6,0.117,0.036,0,,NAA-GDP,3,s0_p50_NAA-GDP_l6_r3
,False,OP,s0_shared_l6_r3_OP,a12dcb1ba4e2a21b6a4474c284e3079c1b8e06dc282072a6d2d3a684bd02794b,1a980269c1778978c64462bf76cf00949cd95e29e33d5066107809299e5dec35,0,6,0.199,0.036,0,,NAA-GDP,3,s0_p50_NAA-GDP_l6_r3
,False,MP,s0_shared_l7_r0_MP,a12dcb1ba4e2a21b6a4474c284e3079c1b8e06dc282072a6d2d3a684bd02794b,1a980269c1778978c64462bf76cf00949cd95e29e33d5066107809299e5dec35,0,7,0.12,0.042,0,,NAA-GDP,0,s0_p50_NAA-GDP_l7_r0
,False,OP,s0_shared_l7_r0_OP,a12dcb1ba4e2a21b6a4474c284e3079c1b8e06dc282072a6d2d3a684bd02794b,1a980269c1778978c64462bf76cf00949cd95e29e33d5066107809299e5dec35,0,7,0.212,0.042,0,,NAA-GDP,0,s0_p50_NAA-GDP_l7_r0
,False,MP,s0_shared_l7_r1_MP,a12dcb1ba4e2a21b6a4474c284e3079c1b8e06dc282072a6d2d3a684bd02794b,1a980269c1778978c64462bf76cf00949cd95e29e33d5066107809299e5dec35,0,7,0.111,0.042,0,,NAA-GDP,1,s0_p50_NAA-GDP_l7_r1
,False,OP,s0_shared_l7_r1_OP,a12dcb1ba4e2a21b6a4474c284e3079c1b8e06dc282072a6d2d3a684bd02794b,1a980269c1778978c64462bf76cf00949cd95e29e33d5066107809299e5dec35,0,7,0.183,0.042,0,,NAA-GDP,1,s0_p50_NAA-GDP_l7_r1
,False,MP,s0_shared_l7_r2_MP,a12dcb1ba4e2a21b6a4474c284e3079c1b8e06dc282072a6d2d3a684bd02794b,1a980269c1778978c64462bf76cf00949cd95e29e33d5066107809299e5dec35,0,7,0.095,0.042,0,,NAA-GDP,2,s0_p50_NAA-GDP_l7_r2
,False,OP,s0_shared_l7_r2_OP,a12dcb1ba4e2a21b6a4474c284e3079c1b8e06dc282072a6d2d3a684bd02794b,1a980269c1778978c64462bf76cf00949cd95e29e33d5066107809299e5dec35,0,7,0.179,0.042,0,,NAA-GDP,2,s0_p50_NAA-GDP_l7_r2
,False,MP,s0_shared_l7_r3_MP,a12dcb1ba4e2a21b6a4474c284e3079c1b8e06dc282072a6d2d3a684bd02794b,1a980269c1778978c64462bf76cf00949cd95e29e33d5066107809299e5dec35,0,7,0.09,0.042,0,,NAA-GDP,3,s0_p50_NAA-GDP_l7_r3
,False,OP,s0_shared_l7_r3_OP,a12dcb1ba4e2a21b6a4474c284e3079c1b8e06dc282072a6d2d3a684bd02794b,1a980269c1778978c64462bf76cf00949cd95e29e33d5066107809299e5dec35,0,7,0.15,0.042,0,,NAA-GDP,3,s0_p50_NAA-GDP_l7_r3
,False,MP,s0_shared_l8_r0_MP,a12dcb1ba4e2a21b6a4474c284e3079c1b8e06dc282072a6d2d3a684bd02794b,1a980269c1778978c64462bf76cf00949cd95e29e33d5066107809299e5dec35,0,8,0.099,0.048,0,,NAA-GDP,0,s0_p50_NAA-GDP_l8_r0
,False,OP,s0_shared_l8_r0_OP,a12dcb1ba4e2a21b6a4474c284e3079c1b8e06dc282072a6d2d3a684bd02794b,1a980269c1778978c64462bf76cf00949cd95e29e33d5066107809299e5dec35,0,8,0.124,0.048,0,,NAA-GDP,0,s0_p50_NAA-GDP_l8_r0
,False,MP,s0_shared_l8_r1_MP,a12dcb1ba4e2a21b6a4474c284e3079c1b8e06dc282072a6d2d3a684bd02794b,1a980269c1778978c64462bf76cf00949cd95e29e33d5066107809299e5dec35,0,8,0.109,0.048,0,,NAA-GDP,1,s0_p50_NAA-GDP_l8_r1
,False,OP,s0_shared_l8_r1_OP,a12dcb1ba4e2a21b6a4474c284e3079c1b8e06dc282072a6d2d3a684bd02794b,1a980269c1778978c64462bf76cf00949cd95e29e33d5066107809299e5dec35,0,8,0.132,0.048,0,,NAA-GDP,1,s0_p50_NAA-GDP_l8_r1
,False,MP,s0_shared_l8_r2_MP,a12dcb1ba4e2a21b6a4474c284e3079c1b8e06dc282072a6d2d3a684bd02794b,1a980269c1778978c64462bf76cf00949cd95e29e33d5066107809299e5dec35,0,8,0.097,0.048,0,,NAA-GDP,2,s0_p50_NAA-GDP_l8_r2
,False,OP,s0_shared_l8_r2_OP,a12dcb1ba4e2a21b6a4474c284e3079c1b8e06dc282072a6d2d3a684bd02794b,1a980269c1778978c64462bf76cf00949cd95e29e33d5066107809299e5dec35,0,8,0.146,0.048,0,,NAA-GDP,2,s0_p50_NAA-GDP_l8_r2
,False,MP,s0_shared_l8_r3_MP,a12dcb1ba4e2a21b6a4474c284e3079c1b8e06dc282072a6d2d3a684bd02794b,1a980269c1778978c64462bf76cf00949cd95e29e33d5066107809299e5dec35,0,8,0.106,0.048,0,,NAA-GDP,3,s0_p50_NAA-GDP_l8_r3
,False,OP,s0_shared_l8_r3_OP,a12dcb1ba4e2a21b6a4474c284e3079c1b8e06dc282072a6d2d3a684bd02794b,1a980269c1778978c64462bf76cf00949cd95e29e33d5066107809299e5dec35,0,8,0.093,0.048,0,,NAA-GDP,3,s0_p50_NAA-GDP_l8_r3
,False,MP,s0_shared_l9_r0_MP,a12dcb1ba4e2a21b6a4474c284e3079c1b8e06dc282072a6d2d3a684bd02794b,1a980269c1778978c64462bf76cf00949cd95e29e33d5066107809299e5dec35,0,9,0.082,0.054,0,,NAA-GDP,0,s0_p50_NAA-GDP_l9_r0
,False,OP,s0_shared_l9_r0_OP,a12dcb1ba4e2a21b6a4474c284e3079c1b8e06dc282072a6d2d3a684bd02794b,1a980269c1778978c64462bf76cf00949cd95e29e33d5066107809299e5dec35,0,9,0.117,0.054,0,,NAA-GDP,0,s0_p50_NAA-GDP_l9_r0
,False,MP,s0_shared_l9_r1_MP,a12dcb1ba4e2a21b6a4474c284e3079c1b8e06dc282072a6d2d3a684bd02794b,1a980269c1778978c64462bf76cf00949cd95e29e33d5066107809299e5dec35,0,9,0.11,0.054,0,,NAA-GDP,1,s0_p50_NAA-GDP_l9_r1
,False,OP,s0_shared_l9_r1_OP,a12dcb1ba4e2a21b6a4474c284e3079c1b8e06dc282072a6d2d3a684bd02794b,1a980269c1778978c64462bf76cf00949cd95e29e33d5066107809299e5dec35,0,9,0.156,0.054,0,,NAA-GDP,1,s0_p50_NAA-GDP_l9_r1
,False,MP,s0_shared_l9_r2_MP,a12dcb1ba4e2a21b6a4474c284e3079c1b8e06dc282072a6d2d3a684bd02794b,1a980269c1778978c64462bf76cf00949cd95e29e33d5066107809299e5dec35,0,9,0.105,0.054,0,,NAA-GDP,2,s0_p50_NAA-GDP_l9_r2
,False,OP,s0_shared_l9_r2_OP,a12dcb1ba4e2a21b6a4474c284e3079c1b8e06dc282072a6d2d3a684bd02794b,1a980269c1778978c64462bf76cf00949cd95e29e33d5066107809299e5dec35,0,9,0.13,0.054,0,,NAA-GDP,2,s0_p50_NAA-GDP_l9_r2
,False,MP,s0_shared_l9_r3_MP,a12dcb1ba4e2a21b6a4474c284e3079c1b8e06dc282072a6d2d3a684bd02794b,1a980269c1778978c64462bf76cf00949cd95e29e33d5066107809299e5dec35,0,9,0.101,0.054,0,,NAA-GDP,3,s0_p50_NAA-GDP_l9_r3
,False,OP,s0_shared_l9_r3_OP,a12dcb1ba4e2a21b6a4474c284e3079c1b8e06dc282072a6d2d3a684bd02794b,1a980269c1778978c64462bf76cf00949cd95e29e33d5066107809299e5dec35,0,9,0.119,0.054,0,,NAA-GDP,3,s0_p50_NAA-GDP_l9_r3
,False,AM,s1_p10_l10_r0_AM,a12dcb1ba4e2a21b6a4474c284e3079c1b8e06dc282072a6d2d3a684bd02794b,1a980269c1778978c64462bf76cf00949cd95e29e33d5066107809299e5dec35,0,10,0.099,0.06,1,10.0,NAA-GDP,0,s1_p10_NAA-GDP_l10_r0
,False,AM,s1_p10_l10_r1_AM,a12dcb1ba4e2a21b6a4474c284e3079c1b8e06dc282072a6d2d3a684bd02794b,1a980269c1778978c64462bf76cf00949cd95e29e33d5066107809299e5dec35,0,10,0.119,0.06,1,10.0,NAA-GDP,1,s1_p10_NAA-GDP_l10_r1
,False,AM,s1_p10_l10_r2_AM,a12dcb1ba4e2a21b6a4474c284e3079c1b8e06dc282072a6d2d3a684bd02794b,1a980269c1778978c64462bf76cf00949cd95e29e33d5066107809299e5dec35,0,10,0.062,0.06,1,10.0,NAA-GDP,2,s1_p10_NAA-GDP_l10_r2
,False,AM,s1_p10_l10_r3_AM,a12dcb1ba4e2a21b6a4474c284e3079c1b8e06dc282072a6d2d3a684bd02794b,1a980269c1778978c64462bf76cf00949cd95e29e33d5066107809299e5dec35,0,10,0.108,0.06,1,10.0,NAA-GDP,3,s1_p10_NAA-GDP_l10_r3
,False,AM,s1_p10_l1_r0_AM,a12dcb1ba4e2a21b6a4474c284e3079c1b8e06dc282072a6d2d3a684bd02794b,1a980269c1778978c64462bf76cf00949cd95e29e33d5066107809299e5dec35,0,1,0.549,0.006,1,10.0,NAA-GDP,0,s1_p10_NAA-GDP_l1_r0
,False,AM,s1_p10_l1_r1_AM,a12dcb1ba4e2a21b6a4474c284e3079c1b8e06dc282072a6d2d3a684bd02794b,1a980269c1778978c64462bf76cf00949cd95e29e33d5066107809299e5dec35,0,1,0.525,0.006,1,10.0,NAA-GDP,1,s1_p10_NAA-GDP_l1_r1
,False,AM,s1_p10_l1_r2_AM,a12dcb1ba4e2a21b6a4474c284e3079c1b8e06dc282072a6d2d3a684bd02794b,1a980269c1778978c64462bf76cf00949cd95e29e33d5066107809299e5dec35,0,1,0.558,0.006,1,10.0,NAA-GDP,2,s1_p10_NAA-GDP_l1_r2
,False,AM,s1_p10_l1_r3_AM,a12dcb1ba4e2a21b6a4474c284e3079c1b8e06dc282072a6d2d3a684bd02794b,1a980269c1778978c64462bf76cf00949cd95e29e33d5066107809299e5dec35,0,1,0.52,0.006,1,10.0,NAA-GDP,3,s1_p10_NAA-GDP_l1_r3
,False,AM,s1_p10_l2_r0_AM,a12dcb1ba4e2a21b6a4474c284e3079c1b8e06dc282072a6d2d3a684bd02794b,1a980269c1778978c64462bf76cf00949cd95e29e33d5066107809299e5dec35,0,2,0.34,0.012,1,10.0,NAA-GDP,0,s1_p10_NAA-GDP_l2_r0
,False,AM,s1_p10_l2_r1_AM,a12dcb1ba4e2a21b6a4474c284e3079c1b8e06dc282072a6d2d3a684bd02794b,1a980269c1778978c64462bf76cf00949cd95e29e33d5066107809299e5dec35,0,2,0.351,0.012,1,10.0,NAA-GDP,1,s1_p10_NAA-GDP_l2_r1
,False,AM,s1_p10_l2_r2_AM,a12dcb1ba4e2a21b6a4474c284e3079c1b8e06dc282072a6d2d3a684bd02794b,1a980269c1778978c64462bf76cf00949cd95e29e33d5066107809299e5dec35,0,2,0.372,0.012,1,10.0,NAA-GDP,2,s1_p10_NAA-GDP_l2_r2
,False,AM,s1_p10_l2_r3_AM,a12dcb1ba4e2a21b6a4474c284e3079c1b8e06dc282072a6d2d3a684bd02794b,1a980269c1778978c64462bf76cf00949cd95e29e33d5066107809299e5dec35,0,2,0.304,0.012,1,10.0,NAA-GDP,3,s1_p10_NAA-GDP_l2_r3
,False,AM,s1_p10_l3_r0_AM,a12dcb1ba4e2a21b6a4474c284e3079c1b8e06dc282072a6d2d3a684bd02794b,1a980269c1778978c64462bf76cf00949cd95e29e33d5066107809299e5dec35,0,3,0.245,0.018,1,10.0,NAA-GDP,0,s1_p10_NAA-GDP_l3_r0
,False,AM,s1_p10_l3_r1_AM,a12dcb1ba4e2a21b6a4474c284e3079c1b8e06dc282072a6d2d3a684bd02794b,1a980269c1778978c64462bf76cf00949cd95e29e33d5066107809299e5dec35,0,3,0.235,0.018,1,10.0,NAA-GDP,1,s1_p10_NAA-GDP_l3_r1
,False,AM,s1_p10_l3_r2_AM,a12dcb1ba4e2a21b6a4474c284e3079c1b8e06dc282072a6d2d3a684bd02794b,1a980269c1778978c64462bf76cf00949cd95e29e33d5066107809299e5dec35,0,3,0.222,0.018,1,10.0,NAA-GDP,2,s1_p10_NAA-GDP_l3_r2
,False,AM,s1_p10_l3_r3_AM,a12dcb1ba4e2a21b6a4474c284e3079c1b8e06dc282072a6d2d3a684bd02794b,1a980269c1778978c64462bf76cf00949cd95e29e33d5066107809299e5dec35,0,3,0.223,0.018,1,10.0,NAA-GDP,3,s1_p10_NAA-GDP_l3_r3
,False,AM,s1_p10_l4_r0_AM,a12dcb1ba4e2a21b6a4474c284e3079c1b8e06dc282072a6d2d3a684bd02794b,1a980269c1778978c64462bf76cf00949cd95e29e33d5066107809299e5dec35,0,4,0.149,0.024,1,10.0,NAA-GDP,0,s1_p10_NAA-GDP_l4_r0
,False,AM,s1_p10_l4_r1_AM,a12dcb1ba4e2a21b6a4474c284e3079c1b8e06dc282072a6d2d3a684bd02794b,1a980269c1778978c64462bf76cf00949cd95e29e33d5066107809299e5dec35,0,4,0.127,0.024,1,10.0,NAA-GDP,1,s1_p10_NAA-GDP_l4_r1
,False,AM,s1_p10_l4_r2_AM,a12dcb1ba4e2a21b6a4474c284e3079c1b8e06dc282072a6d2d3a684bd02794b,1a980269c1778978c64462bf76cf00949cd95e29e33d5066107809299e5dec35,0,4,0.197,0.024,1,10.0,NAA-GDP,2,s1_p10_NAA-GDP_l4_r2
,False,AM,s1_p10_l4_r3_AM,a12dcb1ba4e2a21b6a4474c284e3079c1b8e06dc282072a6d2d3a684bd02794b,1a980269c1778978c64462bf76cf00949cd95e29e33d5066107809299e5dec35,0,4,0.2,0.024,1,10.0,NAA-GDP,3,s1_p10_NAA-GDP_l4_r3
,False,AM,s1_p10_l5_r0_AM,a12dcb1ba4e2a21b6a4474c284e3079c1b8e06dc282072a6d2d3a684bd02794b,1a980269c1778978c64462bf76cf00949cd95e29e33d5066107809299e5dec35,0,5,0.133,0.03,1,10.0,NAA-GDP,0,s1_p10_NAA-GDP_l5_r0
,False,AM,s1_p10_l5_r1_AM,a12dcb1ba4e2a21b6a4474c284e3079c1b8e06dc282072a6d2d3a684bd02794b,1a980269c1778978c64462bf76cf00949cd95e29e33d5066107809299e5dec35,0,5,0.144,0.03,1,10.0,NAA-GDP,1,s1_p10_NAA-GDP_l5_r1
,False,AM,s1_p10_l5_r2_AM,a12dcb1ba4e2a21b6a4474c284e3079c1b8e06dc282072a6d2d3a684bd02794b,1a980269c1778978c64462bf76cf00949cd95e29e33d5066107809299e5dec35,0,5,0.148,0.03,1,10.0,NAA-GDP,2,s1_p10_NAA-GDP_l5_r2
,False,AM,s1_p10_l5_r3_AM,a12dcb1ba4e2a21b6a4474c284e3079c1b8e06dc282072a6d2d3a684bd02794b,1a980269c1778978c64462bf76cf00949cd95e29e33d5066107809299e5dec35,0,5,0.176,0.03,1,10.0,NAA-GDP,3,s1_p10_NAA-GDP_l5_r3
,False,AM,s1_p10_l6_r0_AM,a12dcb1ba4e2a21b6a4474c284e3079c1b8e06dc282072a6d2d3a684bd02794b,1a980269c1778978c64462bf76cf00949cd95e29e33d5066107809299e5dec35,0,6,0.166,0.036,1,10.0,NAA-GDP,0,s1_p10_NAA-GDP_l6_r0
,False,AM,s1_p10_l6_r1_AM,a12dcb1ba4e2a21b6a4474c284e3079c1b8e06dc282072a6d2d3a684bd02794b,1a980269c1778978c64462bf76cf00949cd95e29e33d5066107809299e5dec35,0,6,0.133,0.036,1,10.0,NAA-GDP,1,s1_p10_NAA-GDP_l6_r1
,False,AM,s1_p10_l6_r2_AM,a12dcb1ba4e2a21b6a4474c284e3079c1b8e06dc282072a6d2d3a684bd02794b,1a980269c1778978c64462bf76cf00949cd95e29e33d5066107809299e5dec35,0,6,0.153,0.036,1,10.0,NAA-GDP,2,s1_p10_NAA-GDP_l6_r2
,False,AM,s1_p10_l6_r3_AM,a12dcb1ba4e2a21b6a4474c284e3079c1b8e06dc282072a6d2d3a684bd02794b,1a980269c1778978c64462bf76cf00949cd95e29e33d5066107809299e5dec35,0,6,0.148,0.036,1,10.0,NAA-GDP,3,s1_p10_NAA-GDP_l6_r3
,False,AM,s1_p10_l7_r0_AM,a12dcb1ba4e2a21b6a4474c284e3079c1b8e06dc282072a6d2d3a684bd02794b,1a980269c1778978c64462bf76cf00949cd95e29e33d5066107809299e5dec35,0,7,0.094,0.042,1,10.0,NAA-GDP,0,s1_p10_NAA-GDP_l7_r0
,False,AM,s1_p10_l7_r1_AM,a12dcb1ba4e2a21b6a4474c284e3079c1b8e06dc282072a6d2d3a684bd02794b,1a980269c1778978c64462bf76cf00949cd95e29e33d5066107809299e5dec35,0,7,0.133,0.042,1,10.0,NAA-GDP,1,s1_p10_NAA-GDP_l7_r1
,False,AM,s1_p10_l7_r2_AM,a12dcb1ba4e2a21b6a4474c284e3079c1b8e06dc282072a6d2d3a684bd02794b,1a980269c1778978c64462bf76cf00949cd95e29e33d5066107809299e5dec35,0,7,0.112,0.042,1,10.0,NAA-GDP,2,s1_p10_NAA-GDP_l7_r2
,False,AM,s1_p10_l7_r3_AM,a12dcb1ba4e2a21b6a4474c284e3079c1b8e06dc282072a6d2d3a684bd02794b,1a980269c1778978c64462bf76cf00949cd95e29e33d5066107809299e5dec35,0,7,0.124,0.042,1,10.0,NAA-GDP,3,s1_p10_NAA-GDP_l7_r3
,False,AM,s1_p10_l8_r0_AM,a12dcb1ba4e2a21b6a4474c284e3079c1b8e06dc282072a6d2d3a684bd02794b,1a980269c1778978c64462bf76cf00949cd95e29e33d5066107809299e5dec35,0,8,0.129,0.048,1,10.0,NAA-GDP,0,s1_p10_NAA-GDP_l8_r0
,False,AM,s1_p10_l8_r1_AM,a12dcb1ba4e2a21b6a4474c284e3079c1b8e06dc282072a6d2d3a684bd02794b,1a980269c1778978c64462bf76cf00949cd95e29e33d5066107809299e5dec35,0,8,0.096,0.048,1,10.0,NAA-GDP,1,s1_p10_NAA-GDP_l8_r1
,False,AM,s1_p10_l8_r2_AM,a12dcb1ba4e2a21b6a4474c284e3079c1b8e06dc282072a6d2d3a684bd02794b,1a980269c1778978c64462bf76cf00949cd95e29e33d5066107809299e5dec35,0,8,0.139,0.048,1,10.0,NAA-GDP,2,s1_p10_NAA-GDP_l8_r2
,False,AM,s1_p10_l8_r3_AM,a12dcb1ba4e2a21b6a4474c284e3079c1b8e06dc282072a6d2d3a684bd02794b,1a980269c1778978c64462bf76cf00949cd95e29e33d5066107809299e5dec35,0,8,0.149,0.048,1,10.0,NAA-GDP,3,s1_p10_NAA-GDP_l8_r3
,False,AM,s1_p10_l9_r0_AM,a12dcb1ba4e2a21b6a4474c284e3079c1b8e06dc282072a6d2d3a684bd02794b,1a980269c1778978c64462bf76cf00949cd95e29e33d5066107809299e5dec35,0,9,0.111,0.054,1,10.0,NAA-GDP,0,s1_p10_NAA-GDP_l9_r0
,False,AM,s1_p10_l9_r1_AM,a12dcb1ba4e2a21b6a4474c284e3079c1b8e06dc282072a6d2d3a684bd02794b,1a980269c1778978c64462bf76cf00949cd95e29e33d5066107809299e5dec35,0,9,0.115,0.054,1,10.0,NAA-GDP,1,s1_p10_NAA-GDP_l9_r1
,False,AM,s1_p10_l9_r2_AM,a12dcb1ba4e2a21b6a4474c284e3079c1b8e06dc282072a6d2d3a684bd02794b,1a980269c1778978c64462bf76cf00949cd95e29e33d5066107809299e5dec35,0,9,0.106,0.054,1,10.0,NAA-GDP,2,s1_p10_NAA-GDP_l9_r2
,False,AM,s1_p10_l9_r3_AM,a12dcb1ba4e2a21b6a4474c284e3079c1b8e06dc282072a6d2d3a684bd02794b,1a980269c1778978c64462bf76cf00949cd95e29e33d5066107809299e5dec35,0,9,0.089,0.054,1,10.0,NAA-GDP,3,s1_p10_NAA-GDP_l9_r3
,False,AM,s1_p20_l10_r0_AM,a12dcb1ba4e2a21b6a4474c284e3079c1b8e06dc282072a6d2d3a684bd02794b,1a980269c1778978c64462bf76cf00949cd95e29e33d5066107809299e5dec35,0,10,0.097,0.06,1,20.0,NAA-GDP,0,s1_p20_NAA-GDP_l10_r0
,False,AM,s1_p20_l10_r1_AM,a12dcb1ba4e2a21b6a4474c284e3079c1b8e06dc282072a6d2d3a684bd02794b,1a980269c1778978c64462bf76cf00949cd95e29e33d5066107809299e5dec35,0,10,0.119,0.06,1,20.0,NAA-GDP,1,s1_p20_NAA-GDP_l10_r1
,False,AM,s1_p20_l10_r2_AM,a12dcb1ba4e2a21b6a4474c284e3079c1b8e06dc282072a6d2d3a684bd02794b,1a980269c1778978c64462bf76cf00949cd95e29e33d5066107809299e5dec35,0,10,0.101,0.06,1,20.0,NAA-GDP,2,s1_p20_NAA-GDP_l10_r2
,False,AM,s1_p20_l10_r3_AM,a12dcb1ba4e2a21b6a4474c284e3079c1b8e06dc282072a6d2d3a684bd02794b,1a980269c1778978c64462bf76cf00949cd95e29e33d5066107809299e5dec35,0,10,0.105,0.06,1,20.0,NAA-GDP,3,s1_p20_NAA-GDP_l10_r3
,False,AM,s1_p20_l1_r0_AM,a12dcb1ba4e2a21b6a4474c284e3079c1b8e06dc282072a6d2d3a684bd02794b,1a980269c1778978c64462bf76cf00949cd95e29e33d5066107809299e5dec35,0,1,0.55,0.006,1,20.0,NAA-GDP,0,s1_p20_NAA-GDP_l1_r0
,False,AM,s1_p20_l1_r1_AM,a12dcb1ba4e2a21b6a4474c284e3079c1b8e06dc282072a6d2d3a684bd02794b,1a980269c1778978c64462bf76cf00949cd95e29e33d5066107809299e5dec35,0,1,0.534,0.006,1,20.0,NAA-GDP,1,s1_p20_NAA-GDP_l1_r1
,False,AM,s1_p20_l1_r2_AM,a12dcb1ba4e2a21b6a4474c284e3079c1b8e06dc282072a6d2d3a684bd02794b,1a980269c1778978c64462bf76cf00949cd95e29e33d5066107809299e5dec35,0,1,0.563,0.006,1,20.0,NAA-GDP,2,s1_p20_NAA-GDP_l1_r2
,False,AM,s1_p20_l1_r3_AM,a12dcb1ba4e2a21b6a4474c284e3079c1b8e06dc282072a6d2d3a684bd02794b,1a980269c1778978c64462bf76cf00949cd95e29e33d5066107809299e5dec35,0,1,0.525,0.006,1,20.0,NAA-GDP,3,s1_p20_NAA-GDP_l1_r3
,False,AM,s1_p20_l2_r0_AM,a12dcb1ba4e2a21b6a4474c284e3079c1b8e06dc282072a6d2d3a684bd02794b,1a980269c1778978c64462bf76cf00949cd95e29e33d5066107809299e5dec35,0,2,0.341,0.012,1,20.0,NAA-GDP,0,s1_p20_NAA-GDP_l2_r0
,False,AM,s1_p20_l2_r1_AM,a12dcb1ba4e2a21b6a4474c284e3079c1b8e06dc282072a6d2d3a684bd02794b,1a980269c1778978c64462bf76cf00949cd95e29e33d5066107809299e5dec35,0,2,0.335,0.012,1,20.0,NAA-GDP,1,s1_p20_NAA-GDP_l2_r1
,False,AM,s1_p20_l2_r2_AM,a12dcb1ba4e2a21b6a4474c284e3079c1b8e06dc282072a6d2d3a684bd02794b,1a980269c1778978c64462bf76cf00949cd95e29e33d5066107809299e5dec35,0,2,0.373,0.012,1,20.0,NAA-GDP,2,s1_p20_NAA-GDP_l2_r2
,False,AM,s1_p20_l2_r3_AM,a12dcb1ba4e2a21b6a4474c284e3079c1b8e06dc282072a6d2d3a684bd02794b,1a980269c1778978c64462bf76cf00949cd95e29e33d5066107809299e5dec35,0,2,0.309,0.012,1,20.0,NAA-GDP,3,s1_p20_NAA-GDP_l2_r3
,False,AM,s1_p20_l3_r0_AM,a12dcb1ba4e2a21b6a4474c284e3079c1b8e06dc282072a6d2d3a684bd02794b,1a980269c1778978c64462bf76cf00949cd95e29e33d5066107809299e5dec35,0,3,0.225,0.018,1,20.0,NAA-GDP,0,s1_p20_NAA-GDP_l3_r0
,False,AM,s1_p20_l3_r1_AM,a12dcb1ba4e2a21b6a4474c284e3079c1b8e06dc282072a6d2d3a684bd02794b,1a980269c1778978c64462bf76cf00949cd95e29e33d5066107809299e5dec35,0,3,0.248,0.018,1,20.0,NAA-GDP,1,s1_p20_NAA-GDP_l3_r1
,False,AM,s1_p20_l3_r2_AM,a12dcb1ba4e2a21b6a4474c284e3079c1b8e06dc282072a6d2d3a684bd02794b,1a980269c1778978c64462bf76cf00949cd95e29e33d5066107809299e5dec35,0,3,0.229,0.018,1,20.0,NAA-GDP,2,s1_p20_NAA-GDP_l3_r2
,False,AM,s1_p20_l3_r3_AM,a12dcb1ba4e2a21b6a4474c284e3079c1b8e06dc282072a6d2d3a684bd02794b,1a980269c1778978c64462bf76cf00949cd95e29e33d5066107809299e5dec35,0,3,0.244,0.018,1,20.0,NAA-GDP,3,s1_p20_NAA-GDP_l3_r3
,False,AM,s1_p20_l4_r0_AM,a12dcb1ba4e2a21b6a4474c284e3079c1b8e06dc282072a6d2d3a684bd02794b,1a980269c1778978c64462bf76cf00949cd95e29e33d5066107809299e5dec35,0,4,0.168,0.024,1,20.0,NAA-GDP,0,s1_p20_NAA-GDP_l4_r0
,False,AM,s1_p20_l4_r1_AM,a12dcb1ba4e2a21b6a4474c284e3079c1b8e06dc282072a6d2d3a684bd02794b,1a980269c1778978c64462bf76cf00949cd95e29e33d5066107809299e5dec35,0,4,0.151,0.024,1,20.0,NAA-GDP,1,s1_p20_NAA-GDP_l4_r1
,False,AM,s1_p20_l4_r2_AM,a12dcb1ba4e2a21b6a4474c284e3079c1b8e06dc282072a6d2d3a684bd02794b,1a980269c1778978c64462bf76cf00949cd95e29e33d5066107809299e5dec35,0,4,0.184,0.024,1,20.0,NAA-GDP,2,s1_p20_NAA-GDP_l4_r2
,False,AM,s1_p20_l4_r3_AM,a12dcb1ba4e2a21b6a4474c284e3079c1b8e06dc282072a6d2d3a684bd02794b,1a980269c1778978c64462bf76cf00949cd95e29e33d5066107809299e5dec35,0,4,0.198,0.024,1,20.0,NAA-GDP,3,s1_p20_NAA-GDP_l4_r3
,False,AM,s1_p20_l5_r0_AM,a12dcb1ba4e2a21b6a4474c284e3079c1b8e06dc282072a6d2d3a684bd02794b,1a980269c1778978c64462bf76cf00949cd95e29e33d5066107809299e5dec35,0,5,0.139,0.03,1,20.0,NAA-GDP,0,s1_p20_NAA-GDP_l5_r0
,False,AM,s1_p20_l5_r1_AM,a12dcb1ba4e2a21b6a4474c284e3079c1b8e06dc282072a6d2d3a684bd02794b,1a980269c1778978c64462bf76cf00949cd95e29e33d5066107809299e5dec35,0,5,0.125,0.03,1,20.0,NAA-GDP,1,s1_p20_NAA-GDP_l5_r1
,False,AM,s1_p20_l5_r2_AM,a12dcb1ba4e2a21b6a4474c284e3079c1b8e06dc282072a6d2d3a684bd02794b,1a980269c1778978c64462bf76cf00949cd95e29e33d5066107809299e5dec35,0,5,0.171,0.03,1,20.0,NAA-GDP,2,s1_p20_NAA-GDP_l5_r2
,False,AM,s1_p20_l5_r3_AM,a12dcb1ba4e2a21b6a4474c284e3079c1b8e06dc282072a6d2d3a684bd02794b,1a980269c1778978c64462bf76cf00949cd95e29e33d5066107809299e5dec35,0,5,0.174,0.03,1,20.0,NAA-GDP,3,s1_p20_NAA-GDP_l5_r3
,False,AM,s1_p20_l6_r0_AM,a12dcb1ba4e2a21b6a4474c284e3079c1b8e06dc282072a6d2d3a684bd02794b,1a980269c1778978c64462bf76cf00949cd95e29e33d5066107809299e5dec35,0,6,0.142,0.036,1,20.0,NAA-GDP,0,s1_p20_NAA-GDP_l6_r0
,False,AM,s1_p20_l6_r1_AM,a12dcb1ba4e2a21b6a4474c284e3079c1b8e06dc282072a6d2d3a684bd02794b,1a980269c1778978c64462bf76cf00949cd95e29e33d5066107809299e5dec35,0,6,0.142,0.036,1,20.0,NAA-GDP,1,s1_p20_NAA-GDP_l6_r1
,False,AM,s1_p20_l6_r2_AM,a12dcb1ba4e2a21b6a4474c284e3079c1b8e06dc282072a6d2d3a684bd02794b,1a980269c1778978c64462bf76cf00949cd95e29e33d5066107809299e5dec35,0,6,0.175,0.036,1,20.0,NAA-GDP,2,s1_p20_NAA-GDP_l6_r2
,False,AM,s1_p20_l6_r3_AM,a12dcb1ba4e2a21b6a4474c284e3079c1b8e06dc282072a6d2d3a684bd02794b,1a980269c1778978c64462bf76cf00949cd95e29e33d5066107809299e5dec35,0,6,0.143,0.036,1,20.0,NAA-GDP,3,s1_p20_NAA-GDP_l6_r3
,False,AM,s1_p20_l7_r0_AM,a12dcb1ba4e2a21b6a4474c284e3079c1b8e06dc282072a6d2d3a684bd02794b,1a980269c1778978c64462bf76cf00949cd95e29e33d5066107809299e5dec35,0,7,0.09,0.042,1,20.0,NAA-GDP,0,s1_p20_NAA-GDP_l7_r0
,False,AM,s1_p20_l7_r1_AM,a12dcb1ba4e2a21b6a4474c284e3079c1b8e06dc282072a6d2d3a684bd02794b,1a980269c1778978c64462bf76cf00949cd95e29e33d5066107809299e5dec35,0,7,0.12,0.042,1,20.0,NAA-GDP,1,s1_p20_NAA-GDP_l7_r1
,False,AM,s1_p20_l7_r2_AM,a12dcb1ba4e2a21b6a4474c284e3079c1b8e06dc282072a6d2d3a684bd02794b,1a980269c1778978c64462bf76cf00949cd95e29e33d5066107809299e5dec35,0,7,0.109,0.042,1,20.0,NAA-GDP,2,s1_p20_NAA-GDP_l7_r2
,False,AM,s1_p20_l7_r3_AM,a12dcb1ba4e2a21b6a4474c284e3079c1b8e06dc282072a6d2d3a684bd02794b,1a980269c1778978c64462bf76cf00949cd95e29e33d5066107809299e5dec35,0,7,0.111,0.042,1,20.0,NAA-GDP,3,s1_p20_NAA-GDP_l7_r3
,False,AM,s1_p20_l8_r0_AM,a12dcb1ba4e2a21b6a4474c284e3079c1b8e06dc282072a6d2d3a684bd02794b,1a980269c1778978c64462bf76cf00949cd95e29e33d5066107809299e5dec35,0,8,0.129,0.048,1,20.0,NAA-GDP,0,s1_p20_NAA-GDP_l8_r0
,False,AM,s1_p20_l8_r1_AM,a12dcb1ba4e2a21b6a4474c284e3079c1b8e06dc282072a6d2d3a684bd02794b,1a980269c1778978c64462bf76cf00949cd95e29e33d5066107809299e5dec35,0,8,0.107,0.048,1,20.0,NAA-GDP,1,s1_p20_NAA-GDP_l8_r1
,False,AM,s1_p20_l8_r2_AM,a12dcb1ba4e2a21b6a4474c284e3079c1b8e06dc282072a6d2d3a684bd02794b,1a980269c1778978c64462bf76cf00949cd95e29e33d5066107809299e5dec35,0,8,0.107,0.048,1,20.0,NAA-GDP,2,s1_p20_NAA-GDP_l8_r2
,False,AM,s1_p20_l8_r3_AM,a12dcb1ba4e2a21b6a4474c284e3079c1b8e06dc282072a6d2d3a684bd02794b,1a980269c1778978c64462bf76cf00949cd95e29e33d5066107809299e5dec35,0,8,0.108,0.048,1,20.0,NAA-GDP,3,s1_p20_NAA-GDP_l8_r3
,False,AM,s1_p20_l9_r0_AM,a12dcb1ba4e2a21b6a4474c284e3079c1b8e06dc282072a6d2d3a684bd02794b,1a980269c1778978c64462bf76cf00949cd95e29e33d5066107809299e5dec35,0,9,0.085,0.054,1,20.0,NAA-GDP,0,s1_p20_NAA-GDP_l9_r0
,False,AM,s1_p20_l9_r1_AM,a12dcb1ba4e2a21b6a4474c284e3079c1b8e06dc282072a6d2d3a684bd02794b,1a980269c1778978c64462bf76cf00949cd95e29e33d5066107809299e5dec35,0,9,0.113,0.054,1,20.0,NAA-GDP,1,s1_p20_NAA-GDP_l9_r1
,False,AM,s1_p20_l9_r2_AM,a12dcb1ba4e2a21b6a4474c284e3079c1b8e06dc282072a6d2d3a684bd02794b,1a980269c1778978c64462bf76cf00949cd95e29e33d5066107809299e5dec35,0,9,0.101,0.054,1,20.0,NAA-GDP,2,s1_p20_NAA-GDP_l9_r2
,False,AM,s1_p20_l9_r3_AM,a12dcb1ba4e2a21b6a4474c284e3079c1b8e06dc282072a6d2d3a684bd02794b,1a980269c1778978c64462bf76cf00949cd95e29e33d5066107809299e5dec35,0,9,0.11,0.054,1,20.0,NAA-GDP,3,s1_p20_NAA-GDP_l9_r3
,False,AM,s1_p2_l10_r0_AM,a12dcb1ba4e2a21b6a4474c284e3079c1b8e06dc282072a6d2d3a684bd02794b,1a980269c1778978c64462bf76cf00949cd95e29e33d5066107809299e5dec35,0,10,0.135,0.06,1,2.0,NAA-GDP,0,s1_p2_NAA-GDP_l10_r0
,False,AM,s1_p2_l10_r1_AM,a12dcb1ba4e2a21b6a4474c284e3079c1b8e06dc282072a6d2d3a684bd02794b,1a980269c1778978c64462bf76cf00949cd95e29e33d5066107809299e5dec35,0,10,0.14,0.06,1,2.0,NAA-GDP,1,s1_p2_NAA-GDP_l10_r1
,False,AM,s1_p2_l10_r2_AM,a12dcb1ba4e2a21b6a4474c284e3079c1b8e06dc282072a6d2d3a684bd02794b,1a980269c1778978c64462bf76cf00949cd95e29e33d5066107809299e5dec35,0,10,0.09,0.06,1,2.0,NAA-GDP,2,s1_p2_NAA-GDP_l10_r2
,False,AM,s1_p2_l10_r3_AM,a12dcb1ba4e2a21b6a4474c284e3079c1b8e06dc282072a6d2d3a684bd02794b,1a980269c1778978c64462bf76cf00949cd95e29e33d5066107809299e5dec35,0,10,0.112,0.06,1,2.0,NAA-GDP,3,s1_p2_NAA-GDP_l10_r3
,False,AM,s1_p2_l1_r0_AM,a12dcb1ba4e2a21b6a4474c284e3079c1b8e06dc282072a6d2d3a684bd02794b,1a980269c1778978c64462bf76cf00949cd95e29e33d5066107809299e5dec35,0,1,0.549,0.006,1,2.0,NAA-GDP,0,s1_p2_NAA-GDP_l1_r0
,False,AM,s1_p2_l1_r1_AM,a12dcb1ba4e2a21b6a4474c284e3079c1b8e06dc282072a6d2d3a684bd02794b,1a980269c1778978c64462bf76cf00949cd95e29e33d5066107809299e5dec35,0,1,0.518,0.006,1,2.0,NAA-GDP,1,s1_p2_NAA-GDP_l1_r1
,False,AM,s1_p2_l1_r2_AM,a12dcb1ba4e2a21b6a4474c284e3079c1b8e06dc282072a6d2d3a684bd02794b,1a980269c1778978c64462bf76cf00949cd95e29e33d5066107809299e5dec35,0,1,0.562,0.006,1,2.0,NAA-GDP,2,s1_p2_NAA-GDP_l1_r2
,False,AM,s1_p2_l1_r3_AM,a12dcb1ba4e2a21b6a4474c284e3079c1b8e06dc282072a6d2d3a684bd02794b,1a980269c1778978c64462bf76cf00949cd95e29e33d5066107809299e5dec35,0,1,0.522,0.006,1,2.0,NAA-GDP,3,s1_p2_NAA-GDP_l1_r3
,False,AM,s1_p2_l2_r0_AM,a12dcb1ba4e2a21b6a4474c284e3079c1b8e06dc282072a6d2d3a684bd02794b,1a980269c1778978c64462bf76cf00949cd95e29e33d5066107809299e5dec35,0,2,0.327,0.012,1,2.0,NAA-GDP,0,s1_p2_NAA-GDP_l2_r0
,False,AM,s1_p2_l2_r1_AM,a12dcb1ba4e2a21b6a4474c284e3079c1b8e06dc282072a6d2d3a684bd02794b,1a980269c1778978c64462bf76cf00949cd95e29e33d5066107809299e5dec35,0,2,0.316,0.012,1,2.0,NAA-GDP,1,s1_p2_NAA-GDP_l2_r1
,False,AM,s1_p2_l2_r2_AM,a12dcb1ba4e2a21b6a4474c284e3079c1b8e06dc282072a6d2d3a684bd02794b,1a980269c1778978c64462bf76cf00949cd95e29e33d5066107809299e5dec35,0,2,0.367,0.012,1,2.0,NAA-GDP,2,s1_p2_NAA-GDP_l2_r2
,False,AM,s1_p2_l2_r3_AM,a12dcb1ba4e2a21b6a4474c284e3079c1b8e06dc282072a6d2d3a684bd02794b,1a980269c1778978c64462bf76cf00949cd95e29e33d5066107809299e5dec35,0,2,0.318,0.012,1,2.0,NAA-GDP,3,s1_p2_NAA-GDP_l2_r3
,False,AM,s1_p2_l3_r0_AM,a12dcb1ba4e2a21b6a4474c284e3079c1b8e06dc282072a6d2d3a684bd02794b,1a980269c1778978c64462bf76cf00949cd95e29e33d5066107809299e5dec35,0,3,0.234,0.018,1,2.0,NAA-GDP,0,s1_p2_NAA-GDP_l3_r0
,False,AM,s1_p2_l3_r1_AM,a12dcb1ba4e2a21b6a4474c284e3079c1b8e06dc282072a6d2d3a684bd02794b,1a980269c1778978c64462bf76cf00949cd95e29e33d5066107809299e5dec35,0,3,0.203,0.018,1,2.0,NAA-GDP,1,s1_p2_NAA-GDP_l3_r1
,False,AM,s1_p2_l3_r2_AM,a12dcb1ba4e2a21b6a4474c284e3079c1b8e06dc282072a6d2d3a684bd02794b,1a980269c1778978c64462bf76cf00949cd95e29e33d5066107809299e5dec35,0,3,0.205,0.018,1,2.0,NAA-GDP,2,s1_p2_NAA-GDP_l3_r2
,False,AM,s1_p2_l3_r3_AM,a12dcb1ba4e2a21b6a4474c284e3079c1b8e06dc282072a6d2d3a684bd02794b,1a980269c1778978c64462bf76cf00949cd95e29e33d5066107809299e5dec35,0,3,0.236,0.018,1,2.0,NAA-GDP,3,s1_p2_NAA-GDP_l3_r3
,False,AM,s1_p2_l4_r0_AM,a12dcb1ba4e2a21b6a4474c284e3079c1b8e06dc282072a6d2d3a684bd02794b,1a980269c1778978c64462bf76cf00949cd95e29e33d5066107809299e5dec35,0,4,0.16,0.024,1,2.0,NAA-GDP,0,s1_p2_NAA-GDP_l4_r0
,False,AM,s1_p2_l4_r1_AM,a12dcb1ba4e2a21b6a4474c284e3079c1b8e06dc282072a6d2d3a684bd02794b,1a980269c1778978c64462bf76cf00949cd95e29e33d5066107809299e5dec35,0,4,0.148,0.024,1,2.0,NAA-GDP,1,s1_p2_NAA-GDP_l4_r1
,False,AM,s1_p2_l4_r2_AM,a12dcb1ba4e2a21b6a4474c284e3079c1b8e06dc282072a6d2d3a684bd02794b,1a980269c1778978c64462bf76cf00949cd95e29e33d5066107809299e5dec35,0,4,0.189,0.024,1,2.0,NAA-GDP,2,s1_p2_NAA-GDP_l4_r2
,False,AM,s1_p2_l4_r3_AM,a12dcb1ba4e2a21b6a4474c284e3079c1b8e06dc282072a6d2d3a684bd02794b,1a980269c1778978c64462bf76cf00949cd95e29e33d5066107809299e5dec35,0,4,0.183,0.024,1,2.0,NAA-GDP,3,s1_p2_NAA-GDP_l4_r3
,False,AM,s1_p2_l5_r0_AM,a12dcb1ba4e2a21b6a4474c284e3079c1b8e06dc282072a6d2d3a684bd02794b,1a980269c1778978c64462bf76cf00949cd95e29e33d5066107809299e5dec35,0,5,0.095,0.03,1,2.0,NAA-GDP,0,s1_p2_NAA-GDP_l5_r0
,False,AM,s1_p2_l5_r1_AM,a12dcb1ba4e2a21b6a4474c284e3079c1b8e06dc282072a6d2d3a684bd02794b,1a980269c1778978c64462bf76cf00949cd95e29e33d5066107809299e5dec35,0,5,0.132,0.03,1,2.0,NAA-GDP,1,s1_p2_NAA-GDP_l5_r1
,False,AM,s1_p2_l5_r2_AM,a12dcb1ba4e2a21b6a4474c284e3079c1b8e06dc282072a6d2d3a684bd02794b,1a980269c1778978c64462bf76cf00949cd95e29e33d5066107809299e5dec35,0,5,0.144,0.03,1,2.0,NAA-GDP,2,s1_p2_NAA-GDP_l5_r2
,False,AM,s1_p2_l5_r3_AM,a12dcb1ba4e2a21b6a4474c284e3079c1b8e06dc282072a6d2d3a684bd02794b,1a980269c1778978c64462bf76cf00949cd95e29e33d5066107809299e5dec35,0,5,0.164,0.03,1,2.0,NAA-GDP,3,s1_p2_NAA-GDP_l5_r3
,False,AM,s1_p2_l6_r0_AM,a12dcb1ba4e2a21b6a4474c284e3079c1b8e06dc282072a6d2d3a684bd02794b,1a980269c1778978c64462bf76cf00949cd95e29e33d5066107809299e5dec35,0,6,0.145,0.036,1,2.0,NAA-GDP,0,s1_p2_NAA-GDP_l6_r0
,False,AM,s1_p2_l6_r1_AM,a12dcb1ba4e2a21b6a4474c284e3079c1b8e06dc282072a6d2d3a684bd02794b,1a980269c1778978c64462bf76cf00949cd95e29e33d5066107809299e5dec35,0,6,0.113,0.036,1,2.0,NAA-GDP,1,s1_p2_NAA-GDP_l6_r1
,False,AM,s1_p2_l6_r2_AM,a12dcb1ba4e2a21b6a4474c284e3079c1b8e06dc282072a6d2d3a684bd02794b,1a980269c1778978c64462bf76cf00949cd95e29e33d5066107809299e5dec35,0,6,0.144,0.036,1,2.0,NAA-GDP,2,s1_p2_NAA-GDP_l6_r2
,False,AM,s1_p2_l6_r3_AM,a12dcb1ba4e2a21b6a4474c284e3079c1b8e06dc282072a6d2d3a684bd02794b,1a980269c1778978c64462bf76cf00949cd95e29e33d5066107809299e5dec35,0,6,0.092,0.036,1,2.0,NAA-GDP,3,s1_p2_NAA-GDP_l6_r3
,False,AM,s1_p2_l7_r0_AM,a12dcb1ba4e2a21b6a4474c284e3079c1b8e06dc282072a6d2d3a684bd02794b,1a980269c1778978c64462bf76cf00949cd95e29e33d5066107809299e5dec35,0,7,0.113,0.042,1,2.0,NAA-GDP,0,s1_p2_NAA-GDP_l7_r0
,False,AM,s1_p2_l7_r1_AM,a12dcb1ba4e2a21b6a4474c284e3079c1b8e06dc282072a6d2d3a684bd02794b,1a980269c1778978c64462bf76cf00949cd95e29e33d5066107809299e5dec35,0,7,0.112,0.042,1,2.0,NAA-GDP,1,s1_p2_NAA-GDP_l7_r1
,False,AM,s1_p2_l7_r2_AM,a12dcb1ba4e2a21b6a4474c284e3079c1b8e06dc282072a6d2d3a684bd02794b,1a980269c1778978c64462bf76cf00949cd95e29e33d5066107809299e5dec35,0,7,0.132,0.042,1,2.0,NAA-GDP,2,s1_p2_NAA-GDP_l7_r2
,False,AM,s1_p2_l7_r3_AM,a12dcb1ba4e2a21b6a4474c284e3079c1b8e06dc282072a6d2d3a684bd02794b,1a980269c1778978c64462bf76cf00949cd95e29e33d5066107809299e5dec35,0,7,0.146,0.042,1,2.0,NAA-GDP,3,s1_p2_NAA-GDP_l7_r3
,False,AM,s1_p2_l8_r0_AM,a12dcb1ba4e2a21b6a4474c284e3079c1b8e06dc282072a6d2d3a684bd02794b,1a980269c1778978c64462bf76cf00949cd95e29e33d5066107809299e5dec35,0,8,0.146,0.048,1,2.0,NAA-GDP,0,s1_p2_NAA-GDP_l8_r0
,False,AM,s1_p2_l8_r1_AM,a12dcb1ba4e2a21b6a4474c284e3079c1b8e06dc282072a6d2d3a684bd02794b,1a980269c1778978c64462bf76cf00949cd95e29e33d5066107809299e5dec35,0,8,0.106,0.048,1,2.0,NAA-GDP,1,s1_p2_NAA-GDP_l8_r1
,False,AM,s1_p2_l8_r2_AM,a12dcb1ba4e2a21b6a4474c284e3079c1b8e06dc282072a6d2d3a684bd02794b,1a980269c1778978c64462bf76cf00949cd95e29e33d5066107809299e5dec35,0,8,0.13,0.048,1,2.0,NAA-GDP,2,s1_p2_NAA-GDP_l8_r2
,False,AM,s1_p2_l8_r3_AM,a12dcb1ba4e2a21b6a4474c284e3079c1b8e06dc282072a6d2d3a684bd02794b,1a980269c1778978c64462bf76cf00949cd95e29e33d5066107809299e5dec35,0,8,0.131,0.048,1,2.0,NAA-GDP,3,s1_p2_NAA-GDP_l8_r3
,False,AM,s1_p2_l9_r0_AM,a12dcb1ba4e2a21b6a4474c284e3079c1b8e06dc282072a6d2d3a684bd02794b,1a980269c1778978c64462bf76cf00949cd95e29e33d5066107809299e5dec35,0,9,0.111,0.054,1,2.0,NAA-GDP,0,s1_p2_NAA-GDP_l9_r0
,False,AM,s1_p2_l9_r1_AM,a12dcb1ba4e2a21b6a4474c284e3079c1b8e06dc282072a6d2d3a684bd02794b,1a980269c1778978c64462bf76cf00949cd95e29e33d5066107809299e5dec35,0,9,0.067,0.054,1,2.0,NAA-GDP,1,s1_p2_NAA-GDP_l9_r1
,False,AM,s1_p2_l9_r2_AM,a12dcb1ba4e2a21b6a4474c284e3079c1b8e06dc282072a6d2d3a684bd02794b,1a980269c1778978c64462bf76cf00949cd95e29e33d5066107809299e5dec35,0,9,0.101,0.054,1,2.0,NAA-GDP,2,s1_p2_NAA-GDP_l9_r2
,False,AM,s1_p2_l9_r3_AM,a12dcb1ba4e2a21b6a4474c284e3079c1b8e06dc282072a6d2d3a684bd02794b,1a980269c1778978c64462bf76cf00949cd95e29e33d5066107809299e5dec35,0,9,0.118,0.054,1,2.0,NAA-GDP,3,s1_p2_NAA-GDP_l9_r3
,False,AM,s1_p50_l10_r0_AM,a12dcb1ba4e2a21b6a4474c284e3079c1b8e06dc282072a6d2d3a684bd02794b,1a980269c1778978c64462bf76cf00949cd95e29e33d5066107809299e5dec35,0,10,0.131,0.06,1,50.0,NAA-GDP,0,s1_p50_NAA-GDP_l10_r0
,False,AM,s1_p50_l10_r1_AM,a12dcb1ba4e2a21b6a4474c284e3079c1b8e06dc282072a6d2d3a684bd02794b,1a980269c1778978c64462bf76cf00949cd95e29e33d5066107809299e5dec35,0,10,0.116,0.06,1,50.0,NAA-GDP,1,s1_p50_NAA-GDP_l10_r1
,False,AM,s1_p50_l10_r2_AM,a12dcb1ba4e2a21b6a4474c284e3079c1b8e06dc282072a6d2d3a684bd02794b,1a980269c1778978c64462bf76cf00949cd95e29e33d5066107809299e5dec35,0,10,0.102,0.06,1,50.0,NAA-GDP,2,s1_p50_NAA-GDP_l10_r2
,False,AM,s1_p50_l10_r3_AM,a12dcb1ba4e2a21b6a4474c284e3079c1b8e06dc282072a6d2d3a684bd02794b,1a980269c1778978c64462bf76cf00949cd95e29e33d5066107809299e5dec35,0,10,0.114,0.06,1,50.0,NAA-GDP,3,s1_p50_NAA-GDP_l10_r3
,False,AM,s1_p50_l1_r0_AM,a12dcb1ba4e2a21b6a4474c284e3079c1b8e06dc282072a6d2d3a684bd02794b,1a980269c1778978c64462bf76cf00949cd95e29e33d5066107809299e5dec35,0,1,0.55,0.006,1,50.0,NAA-GDP,0,s1_p50_NAA-GDP_l1_r0
,False,AM,s1_p50_l1_r1_AM,a12dcb1ba4e2a21b6a4474c284e3079c1b8e06dc282072a6d2d3a684bd02794b,1a980269c1778978c64462bf76cf00949cd95e29e33d5066107809299e5dec35,0,1,0.535,0.006,1,50.0,NAA-GDP,1,s1_p50_NAA-GDP_l1_r1
,False,AM,s1_p50_l1_r2_AM,a12dcb1ba4e2a21b6a4474c284e3079c1b8e06dc282072a6d2d3a684bd02794b,1a980269c1778978c64462bf76cf00949cd95e29e33d5066107809299e5dec35,0,1,0.57,0.006,1,50.0,NAA-GDP,2,s1_p50_NAA-GDP_l1_r2
,False,AM,s1_p50_l1_r3_AM,a12dcb1ba4e2a21b6a4474c284e3079c1b8e06dc282072a6d2d3a684bd02794b,1a980269c1778978c64462bf76cf00949cd95e29e33d5066107809299e5dec35,0,1,0.519,0.006,1,50.0,NAA-GDP,3,s1_p50_NAA-GDP_l1_r3
,False,AM,s1_p50_l2_r0_AM,a12dcb1ba4e2a21b6a4474c284e3079c1b8e06dc282072a6d2d3a684bd02794b,1a980269c1778978c64462bf76cf00949cd95e29e33d5066107809299e5dec35,0,2,0.337,0.012,1,50.0,NAA-GDP,0,s1_p50_NAA-GDP_l2_r0
,False,AM,s1_p50_l2_r1_AM,a12dcb1ba4e2a21b6a4474c284e3079c1b8e06dc282072a6d2d3a684bd02794b,1a980269c1778978c64462bf76cf00949cd95e29e33d5066107809299e5dec35,0,2,0.35,0.012,1,50.0,NAA-GDP,1,s1_p50_NAA-GDP_l2_r1
,False,AM,s1_p50_l2_r2_AM,a12dcb1ba4e2a21b6a4474c284e3079c1b8e06dc282072a6d2d3a684bd02794b,1a980269c1778978c64462bf76cf00949cd95e29e33d5066107809299e5dec35,0,2,0.375,0.012,1,50.0,NAA-GDP,2,s1_p50_NAA-GDP_l2_r2
,False,AM,s1_p50_l2_r3_AM,a12dcb1ba4e2a21b6a4474c284e3079c1b8e06dc282072a6d2d3a684bd02794b,1a980269c1778978c64462bf76cf00949cd95e29e33d5066107809299e5dec35,0,2,0.305,0.012,1,50.0,NAA-GDP,3,s1_p50_NAA-GDP_l2_r3
,False,AM,s1_p50_l3_r0_AM,a12dcb1ba4e2a21b6a4474c284e3079c1b8e06dc282072a6d2d3a684bd02794b,1a980269c1778978c64462bf76cf00949cd95e29e33d5066107809299e5dec35,0,3,0.233,0.018,1,50.0,NAA-GDP,0,s1_p50_NAA-GDP_l3_r0
,False,AM,s1_p50_l3_r1_AM,a12dcb1ba4e2a21b6a4474c284e3079c1b8e06dc282072a6d2d3a684bd02794b,1a980269c1778978c64462bf76cf00949cd95e29e33d5066107809299e5dec35,0,3,0.252,0.018,1,50.0,NAA-GDP,1,s1_p50_NAA-GDP_l3_r1
,False,AM,s1_p50_l3_r2_AM,a12dcb1ba4e2a21b6a4474c284e3079c1b8e06dc282072a6d2d3a684bd02794b,1a980269c1778978c64462bf76cf00949cd95e29e33d5066107809299e5dec35,0,3,0.237,0.018,1,50.0,NAA-GDP,2,s1_p50_NAA-GDP_l3_r2
,False,AM,s1_p50_l3_r3_AM,a12dcb1ba4e2a21b6a4474c284e3079c1b8e06dc282072a6d2d3a684bd02794b,1a980269c1778978c64462bf76cf00949cd95e29e33d5066107809299e5dec35,0,3,0.236,0.018,1,50.0,NAA-GDP,3,s1_p50_NAA-GDP_l3_r3
,False,AM,s1_p50_l4_r0_AM,a12dcb1ba4e2a21b6a4474c284e3079c1b8e06dc282072a6d2d3a684bd02794b,1a980269c1778978c64462bf76cf00949cd95e29e33d5066107809299e5dec35,0,4,0.168,0.024,1,50.0,NAA-GDP,0,s1_p50_NAA-GDP_l4_r0
,False,AM,s1_p50_l4_r1_AM,a12dcb1ba4e2a21b6a4474c284e3079c1b8e06dc282072a6d2d3a684bd02794b,1a980269c1778978c64462bf76cf00949cd95e29e33d5066107809299e5dec35,0,4,0.15,0.024,1,50.0,NAA-GDP,1,s1_p50_NAA-GDP_l4_r1
,False,AM,s1_p50_l4_r2_AM,a12dcb1ba4e2a21b6a4474c284e3079c1b8e06dc282072a6d2d3a684bd02794b,1a980269c1778978c64462bf76cf00949cd95e29e33d5066107809299e5dec35,0,4,0.201,0.024,1,50.0,NAA-GDP,2,s1_p50_NAA-GDP_l4_r2
,False,AM,s1_p50_l4_r3_AM,a12dcb1ba4e2a21b6a4474c284e3079c1b8e06dc282072a6d2d3a684bd02794b,1a980269c1778978c64462bf76cf00949cd95e29e33d5066107809299e5dec35,0,4,0.175,0.024,1,50.0,NAA-GDP,3,s1_p50_NAA-GDP_l4_r3
,False,AM,s1_p50_l5_r0_AM,a12dcb1ba4e2a21b6a4474c284e3079c1b8e06dc282072a6d2d3a684bd02794b,1a980269c1778978c64462bf76cf00949cd95e29e33d5066107809299e5dec35,0,5,0.145,0.03,1,50.0,NAA-GDP,0,s1_p50_NAA-GDP_l5_r0
,False,AM,s1_p50_l5_r1_AM,a12dcb1ba4e2a21b6a4474c284e3079c1b8e06dc282072a6d2d3a684bd02794b,1a980269c1778978c64462bf76cf00949cd95e29e33d5066107809299e5dec35,0,5,0.128,0.03,1,50.0,NAA-GDP,1,s1_p50_NAA-GDP_l5_r1
,False,AM,s1_p50_l5_r2_AM,a12dcb1ba4e2a21b6a4474c284e3079c1b8e06dc282072a6d2d3a684bd02794b,1a980269c1778978c64462bf76cf00949cd95e29e33d5066107809299e5dec35,0,5,0.142,0.03,1,50.0,NAA-GDP,2,s1_p50_NAA-GDP_l5_r2
,False,AM,s1_p50_l5_r3_AM,a12dcb1ba4e2a21b6a4474c284e3079c1b8e06dc282072a6d2d3a684bd02794b,1a980269c1778978c64462bf76cf00949cd95e29e33d5066107809299e5dec35,0,5,0.179,0.03,1,50.0,NAA-GDP,3,s1_p50_NAA-GDP_l5_r3
,False,AM,s1_p50_l6_r0_AM,a12dcb1ba4e2a21b6a4474c284e3079c1b8e06dc282072a6d2d3a684bd02794b,1a980269c1778978c64462bf76cf00949cd95e29e33d5066107809299e5dec35,0,6,0.143,0.036,1,50.0,NAA-GDP,0,s1_p50_NAA-GDP_l6_r0
,False,AM,s1_p50_l6_r1_AM,a12dcb1ba4e2a21b6a4474c284e3079c1b8e06dc282072a6d2d3a684bd02794b,1a980269c1778978c64462bf76cf00949cd95e29e33d5066107809299e5dec35,0,6,0.122,0.036,1,50.0,NAA-GDP,1,s1_p50_NAA-GDP_l6_r1
,False,AM,s1_p50_l6_r2_AM,a12dcb1ba4e2a21b6a4474c284e3079c1b8e06dc282072a6d2d3a684bd02794b,1a980269c1778978c64462bf76cf00949cd95e29e33d5066107809299e5dec35,0,6,0.162,0.036,1,50.0,NAA-GDP,2,s1_p50_NAA-GDP_l6_r2
,False,AM,s1_p50_l6_r3_AM,a12dcb1ba4e2a21b6a4474c284e3079c1b8e06dc282072a6d2d3a684bd02794b,1a980269c1778978c64462bf76cf00949cd95e29e33d5066107809299e5dec35,0,6,0.117,0.036,1,50.0,NAA-GDP,3,s1_p50_NAA-GDP_l6_r3
,False,AM,s1_p50_l7_r0_AM,a12dcb1ba4e2a21b6a4474c284e3079c1b8e06dc282072a6d2d3a684bd02794b,1a980269c1778978c64462bf76cf00949cd95e29e33d5066107809299e5dec35,0,7,0.134,0.042,1,50.0,NAA-GDP,0,s1_p50_NAA-GDP_l7_r0
,False,AM,s1_p50_l7_r1_AM,a12dcb1ba4e2a21b6a4474c284e3079c1b8e06dc282072a6d2d3a684bd02794b,1a980269c1778978c64462bf76cf00949cd95e29e33d5066107809299e5dec35,0,7,0.138,0.042,1,50.0,NAA-GDP,1,s1_p50_NAA-GDP_l7_r1
,False,AM,s1_p50_l7_r2_AM,a12dcb1ba4e2a21b6a4474c284e3079c1b8e06dc282072a6d2d3a684bd02794b,1a980269c1778978c64462bf76cf00949cd95e29e33d5066107809299e5dec35,0,7,0.128,0.042,1,50.0,NAA-GDP,2,s1_p50_NAA-GDP_l7_r2
,False,AM,s1_p50_l7_r3_AM,a12dcb1ba4e2a21b6a4474c284e3079c1b8e06dc282072a6d2d3a684bd02794b,1a980269c1778978c64462bf76cf00949cd95e29e33d5066107809299e5dec35,0,7,0.128,0.042,1,50.0,NAA-GDP,3,s1_p50_NAA-GDP_l7_r3
,False,AM,s1_p50_l8_r0_AM,a12dcb1ba4e2a21b6a4474c284e3079c1b8e06dc282072a6d2d3a684bd02794b,1a980269c1778978c64462bf76cf00949cd95e29e33d5066107809299e5dec35,0,8,0.155,0.048,1,50.0,NAA-GDP,0,s1_p50_NAA-GDP_l8_r0
,False,AM,s1_p50_l8_r1_AM,a12dcb1ba4e2a21b6a4474c284e3079c1b8e06dc282072a6d2d3a684bd02794b,1a980269c1778978c64462bf76cf00949cd95e29e33d5066107809299e5dec35,0,8,0.099,0.048,1,50.0,NAA-GDP,1,s1_p50_NAA-GDP_l8_r1
,False,AM,s1_p50_l8_r2_AM,a12dcb1ba4e2a21b6a4474c284e3079c1b8e06dc282072a6d2d3a684bd02794b,1a980269c1778978c64462bf76cf00949cd95e29e33d5066107809299e5dec35,0,8,0.089,0.048,1,50.0,NAA-GDP,2,s1_p50_NAA-GDP_l8_r2
,False,AM,s1_p50_l8_r3_AM,a12dcb1ba4e2a21b6a4474c284e3079c1b8e06dc282072a6d2d3a684bd02794b,1a980269c1778978c64462bf76cf00949cd95e29e33d5066107809299e5dec35,0,8,0.138,0.048,1,50.0,NAA-GDP,3,s1_p50_NAA-GDP_l8_r3
,False,AM,s1_p50_l9_r0_AM,a12dcb1ba4e2a21b6a4474c284e3079c1b8e06dc282072a6d2d3a684bd02794b,1a980269c1778978c64462bf76cf00949cd95e29e33d5066107809299e5dec35,0,9,0.114,0.054,1,50.0,NAA-GDP,0,s1_p50_NAA-GDP_l9_r0
,False,AM,s1_p50_l9_r1_AM,a12dcb1ba4e2a21b6a4474c284e3079c1b8e06dc282072a6d2d3a684bd02794b,1a980269c1778978c64462bf76cf00949cd95e29e33d5066107809299e5dec35,0,9,0.128,0.054,1,50.0,NAA-GDP,1,s1_p50_NAA-GDP_l9_r1
,False,AM,s1_p50_l9_r2_AM,a12dcb1ba4e2a21b6a4474c284e3079c1b8e06dc282072a6d2d3a684bd02794b,1a980269c1778978c64462bf76cf00949cd95e29e33d5066107809299e5dec35,0,9,0.115,0.054,1,50.0,NAA-GDP,2,s1_p50_NAA-GDP_l9_r2
,False,AM,s1_p50_l9_r3_AM,a12dcb1ba4e2a21b6a4474c284e3079c1b8e06dc282072a6d2d3a684bd02794b,1a980269c1778978c64462bf76cf00949cd95e29e33d5066107809299e5dec35,0,9,0.093,0.054,1,50.0,NAA-GDP,3,s1_p50_NAA-GDP_l9_r3
,False,AM,s1_p5_l10_r0_AM,a12dcb1ba4e2a21b6a4474c284e3079c1b8e06dc282072a6d2d3a684bd02794b,1a980269c1778978c64462bf76cf00949cd95e29e33d5066107809299e5dec35,0,10,0.118,0.06,1,5.0,NAA-GDP,0,s1_p5_NAA-GDP_l10_r0
,False,AM,s1_p5_l10_r1_AM,a12dcb1ba4e2a21b6a4474c284e3079c1b8e06dc282072a6d2d3a684bd02794b,1a980269c1778978c64462bf76cf00949cd95e29e33d5066107809299e5dec35,0,10,0.108,0.06,1,5.0,NAA-GDP,1,s1_p5_NAA-GDP_l10_r1
,False,AM,s1_p5_l10_r2_AM,a12dcb1ba4e2a21b6a4474c284e3079c1b8e06dc282072a6d2d3a684bd02794b,1a980269c1778978c64462bf76cf00949cd95e29e33d5066107809299e5dec35,0,10,0.071,0.06,1,5.0,NAA-GDP,2,s1_p5_NAA-GDP_l10_r2
,False,AM,s1_p5_l10_r3_AM,a12dcb1ba4e2a21b6a4474c284e3079c1b8e06dc282072a6d2d3a684bd02794b,1a980269c1778978c64462bf76cf00949cd95e29e33d5066107809299e5dec35,0,10,0.125,0.06,1,5.0,NAA-GDP,3,s1_p5_NAA-GDP_l10_r3
,False,AM,s1_p5_l1_r0_AM,a12dcb1ba4e2a21b6a4474c284e3079c1b8e06dc282072a6d2d3a684bd02794b,1a980269c1778978c64462bf76cf00949cd95e29e33d5066107809299e5dec35,0,1,0.555,0.006,1,5.0,NAA-GDP,0,s1_p5_NAA-GDP_l1_r0
,False,AM,s1_p5_l1_r1_AM,a12dcb1ba4e2a21b6a4474c284e3079c1b8e06dc282072a6d2d3a684bd02794b,1a980269c1778978c64462bf76cf00949cd95e29e33d5066107809299e5dec35,0,1,0.526,0.006,1,5.0,NAA-GDP,1,s1_p5_NAA-GDP_l1_r1
,False,AM,s1_p5_l1_r2_AM,a12dcb1ba4e2a21b6a4474c284e3079c1b8e06dc282072a6d2d3a684bd02794b,1a980269c1778978c64462bf76cf00949cd95e29e33d5066107809299e5dec35,0,1,0.56,0.006,1,5.0,NAA-GDP,2,s1_p5_NAA-GDP_l1_r2
,False,AM,s1_p5_l1_r3_AM,a12dcb1ba4e2a21b6a4474c284e3079c1b8e06dc282072a6d2d3a684bd02794b,1a980269c1778978c64462bf76cf00949cd95e29e33d5066107809299e5dec35,0,1,0.52,0.006,1,5.0,NAA-GDP,3,s1_p5_NAA-GDP_l1_r3
,False,AM,s1_p5_l2_r0_AM,a12dcb1ba4e2a21b6a4474c284e3079c1b8e06dc282072a6d2d3a684bd02794b,1a980269c1778978c64462bf76cf00949cd95e29e33d5066107809299e5dec35,0,2,0.335,0.012,1,5.0,NAA-GDP,0,s1_p5_NAA-GDP_l2_r0
,False,AM,s1_p5_l2_r1_AM,a12dcb1ba4e2a21b6a4474c284e3079c1b8e06dc282072a6d2d3a684bd02794b,1a980269c1778978c64462bf76cf00949cd95e29e33d5066107809299e5dec35,0,2,0.35,0.012,1,5.0,NAA-GDP,1,s1_p5_NAA-GDP_l2_r1
,False,AM,s1_p5_l2_r2_AM,a12dcb1ba4e2a21b6a4474c284e3079c1b8e06dc282072a6d2d3a684bd02794b,1a980269c1778978c64462bf76cf00949cd95e29e33d5066107809299e5dec35,0,2,0.379,0.012,1,5.0,NAA-GDP,2,s1_p5_NAA-GDP_l2_r2
,False,AM,s1_p5_l2_r3_AM,a12dcb1ba4e2a21b6a4474c284e3079c1b8e06dc282072a6d2d3a684bd02794b,1a980269c1778978c64462bf76cf00949cd95e29e33d5066107809299e5dec35,0,2,0.312,0.012,1,5.0,NAA-GDP,3,s1_p5_NAA-GDP_l2_r3
,False,AM,s1_p5_l3_r0_AM,a12dcb1ba4e2a21b6a4474c284e3079c1b8e06dc282072a6d2d3a684bd02794b,1a980269c1778978c64462bf76cf00949cd95e29e33d5066107809299e5dec35,0,3,0.244,0.018,1,5.0,NAA-GDP,0,s1_p5_NAA-GDP_l3_r0
,False,AM,s1_p5_l3_r1_AM,a12dcb1ba4e2a21b6a4474c284e3079c1b8e06dc282072a6d2d3a684bd02794b,1a980269c1778978c64462bf76cf00949cd95e29e33d5066107809299e5dec35,0,3,0.241,0.018,1,5.0,NAA-GDP,1,s1_p5_NAA-GDP_l3_r1
,False,AM,s1_p5_l3_r2_AM,a12dcb1ba4e2a21b6a4474c284e3079c1b8e06dc282072a6d2d3a684bd02794b,1a980269c1778978c64462bf76cf00949cd95e29e33d5066107809299e5dec35,0,3,0.21,0.018,1,5.0,NAA-GDP,2,s1_p5_NAA-GDP_l3_r2
,False,AM,s1_p5_l3_r3_AM,a12dcb1ba4e2a21b6a4474c284e3079c1b8e06dc282072a6d2d3a684bd02794b,1a980269c1778978c64462bf76cf00949cd95e29e33d5066107809299e5dec35,0,3,0.233,0.018,1,5.0,NAA-GDP,3,s1_p5_NAA-GDP_l3_r3
,False,AM,s1_p5_l4_r0_AM,a12dcb1ba4e2a21b6a4474c284e3079c1b8e06dc282072a6d2d3a684bd02794b,1a980269c1778978c64462bf76cf00949cd95e29e33d5066107809299e5dec35,0,4,0.16,0.024,1,5.0,NAA-GDP,0,s1_p5_NAA-GDP_l4_r0
,False,AM,s1_p5_l4_r1_AM,a12dcb1ba4e2a21b6a4474c284e3079c1b8e06dc282072a6d2d3a684bd02794b,1a980269c1778978c64462bf76cf00949cd95e29e33d5066107809299e5dec35,0,4,0.164,0.024,1,5.0,NAA-GDP,1,s1_p5_NAA-GDP_l4_r1
,False,AM,s1_p5_l4_r2_AM,a12dcb1ba4e2a21b6a4474c284e3079c1b8e06dc282072a6d2d3a684bd02794b,1a980269c1778978c64462bf76cf00949cd95e29e33d5066107809299e5dec35,0,4,0.21,0.024,1,5.0,NAA-GDP,2,s1_p5_NAA-GDP_l4_r2
,False,AM,s1_p5_l4_r3_AM,a12dcb1ba4e2a21b6a4474c284e3079c1b8e06dc282072a6d2d3a684bd02794b,1a980269c1778978c64462bf76cf00949cd95e29e33d5066107809299e5dec35,0,4,0.166,0.024,1,5.0,NAA-GDP,3,s1_p5_NAA-GDP_l4_r3
,False,AM,s1_p5_l5_r0_AM,a12dcb1ba4e2a21b6a4474c284e3079c1b8e06dc282072a6d2d3a684bd02794b,1a980269c1778978c64462bf76cf00949cd95e29e33d5066107809299e5dec35,0,5,0.108,0.03,1,5.0,NAA-GDP,0,s1_p5_NAA-GDP_l5_r0
,False,AM,s1_p5_l5_r1_AM,a12dcb1ba4e2a21b6a4474c284e3079c1b8e06dc282072a6d2d3a684bd02794b,1a980269c1778978c64462bf76cf00949cd95e29e33d5066107809299e5dec35,0,5,0.106,0.03,1,5.0,NAA-GDP,1,s1_p5_NAA-GDP_l5_r1
,False,AM,s1_p5_l5_r2_AM,a12dcb1ba4e2a21b6a4474c284e3079c1b8e06dc282072a6d2d3a684bd02794b,1a980269c1778978c64462bf76cf00949cd95e29e33d5066107809299e5dec35,0,5,0.111,0.03,1,5.0,NAA-GDP,2,s1_p5_NAA-GDP_l5_r2
,False,AM,s1_p5_l5_r3_AM,a12dcb1ba4e2a21b6a4474c284e3079c1b8e06dc282072a6d2d3a684bd02794b,1a980269c1778978c64462bf76cf00949cd95e29e33d5066107809299e5dec35,0,5,0.187,0.03,1,5.0,NAA-GDP,3,s1_p5_NAA-GDP_l5_r3
,False,AM,s1_p5_l6_r0_AM,a12dcb1ba4e2a21b6a4474c284e3079c1b8e06dc282072a6d2d3a684bd02794b,1a980269c1778978c64462bf76cf00949cd95e29e33d5066107809299e5dec35,0,6,0.135,0.036,1,5.0,NAA-GDP,0,s1_p5_NAA-GDP_l6_r0
,False,AM,s1_p5_l6_r1_AM,a12dcb1ba4e2a21b6a4474c284e3079c1b8e06dc282072a6d2d3a684bd02794b,1a980269c1778978c64462bf76cf00949cd95e29e33d5066107809299e5dec35,0,6,0.134,0.036,1,5.0,NAA-GDP,1,s1_p5_NAA-GDP_l6_r1
,False,AM,s1_p5_l6_r2_AM,a12dcb1ba4e2a21b6a4474c284e3079c1b8e06dc282072a6d2d3a684bd02794b,1a980269c1778978c64462bf76cf00949cd95e29e33d5066107809299e5dec35,0,6,0.156,0.036,1,5.0,NAA-GDP,2,s1_p5_NAA-GDP_l6_r2
,False,AM,s1_p5_l6_r3_AM,a12dcb1ba4e2a21b6a4474c284e3079c1b8e06dc282072a6d2d3a684bd02794b,1a980269c1778978c64462bf76cf00949cd95e29e33d5066107809299e5dec35,0,6,0.137,0.036,1,5.0,NAA-GDP,3,s1_p5_NAA-GDP_l6_r3
,False,AM,s1_p5_l7_r0_AM,a12dcb1ba4e2a21b6a4474c284e3079c1b8e06dc282072a6d2d3a684bd02794b,1a980269c1778978c64462bf76cf00949cd95e29e33d5066107809299e5dec35,0,7,0.105,0.042,1,5.0,NAA-GDP,0,s1_p5_NAA-GDP_l7_r0
,False,AM,s1_p5_l7_r1_AM,a12dcb1ba4e2a21b6a4474c284e3079c1b8e06dc282072a6d2d3a684bd02794b,1a980269c1778978c64462bf76cf00949cd95e29e33d5066107809299e5dec35,0,7,0.088,0.042,1,5.0,NAA-GDP,1,s1_p5_NAA-GDP_l7_r1
,False,AM,s1_p5_l7_r2_AM,a12dcb1ba4e2a21b6a4474c284e3079c1b8e06dc282072a6d2d3a684bd02794b,1a980269c1778978c64462bf76cf00949cd95e29e33d5066107809299e5dec35,0,7,0.151,0.042,1,5.0,NAA-GDP,2,s1_p5_NAA-GDP_l7_r2
,False,AM,s1_p5_l7_r3_AM,a12dcb1ba4e2a21b6a4474c284e3079c1b8e06dc282072a6d2d3a684bd02794b,1a980269c1778978c64462bf76cf00949cd95e29e33d5066107809299e5dec35,0,7,0.114,0.042,1,5.0,NAA-GDP,3,s1_p5_NAA-GDP_l7_r3
,False,AM,s1_p5_l8_r0_AM,a12dcb1ba4e2a21b6a4474c284e3079c1b8e06dc282072a6d2d3a684bd02794b,1a980269c1778978c64462bf76cf00949cd95e29e33d5066107809299e5dec35,0,8,0.114,0.048,1,5.0,NAA-GDP,0,s1_p5_NAA-GDP_l8_r0
,False,AM,s1_p5_l8_r1_AM,a12dcb1ba4e2a21b6a4474c284e3079c1b8e06dc282072a6d2d3a684bd02794b,1a980269c1778978c64462bf76cf00949cd95e29e33d5066107809299e5dec35,0,8,0.125,0.048,1,5.0,NAA-GDP,1,s1_p5_NAA-GDP_l8_r1
,False,AM,s1_p5_l8_r2_AM,a12dcb1ba4e2a21b6a4474c284e3079c1b8e06dc282072a6d2d3a684bd02794b,1a980269c1778978c64462bf76cf00949cd95e29e33d5066107809299e5dec35,0,8,0.1,0.048,1,5.0,NAA-GDP,2,s1_p5_NAA-GDP_l8_r2
,False,AM,s1_p5_l8_r3_AM,a12dcb1ba4e2a21b6a4474c284e3079c1b8e06dc282072a6d2d3a684bd02794b,1a980269c1778978c64462bf76cf00949cd95e29e33d5066107809299e5dec35,0,8,0.089,0.048,1,5.0,NAA-GDP,3,s1_p5_NAA-GDP_l8_r3
,False,AM,s1_p5_l9_r0_AM,a12dcb1ba4e2a21b6a4474c284e3079c1b8e06dc282072a6d2d3a684bd02794b,1a980269c1778978c64462bf76cf00949cd95e29e33d5066107809299e5dec35,0,9,0.117,0.054,1,5.0,NAA-GDP,0,s1_p5_NAA-GDP_l9_r0
,False,AM,s1_p5_l9_r1_AM,a12dcb1ba4e2a21b6a4474c284e3079c1b8e06dc282072a6d2d3a684bd02794b,1a980269c1778978c64462bf76cf00949cd95e29e33d5066107809299e5dec35,0,9,0.118,0.054,1,5.0,NAA-GDP,1,s1_p5_NAA-GDP_l9_r1
,False,AM,s1_p5_l9_r2_AM,a12dcb1ba4e2a21b6a4474c284e3079c1b8e06dc282072a6d2d3a684bd02794b,1a980269c1778978c64462bf76cf00949cd95e29e33d5066107809299e5dec35,0,9,0.102,0.054,1,5.0,NAA-GDP,2,s1_p5_NAA-GDP_l9_r2
,False,AM,s1_p5_l9_r3_AM,a12dcb1ba4e2a21b6a4474c284e3079c1b8e06dc282072a6d2d3a684bd02794b,1a980269c1778978c64462bf76cf00949cd95e29e33d5066107809299e5dec35,0,9,0.103,0.054,1,5.0,NAA-GDP,3,s1_p5_NAA-GDP_l9_r3
,False,MP,s1_shared_l10_r0_MP,a12dcb1ba4e2a21b6a4474c284e3079c1b8e06dc282072a6d2d3a684bd02794b,1a980269c1778978c64462bf76cf00949cd95e29e33d5066107809299e5dec35,0,10,0.102,0.06,1,,NAA-GDP,0,s1_p50_NAA-GDP_l10_r0
,False,OP,s1_shared_l10_r0_OP,a12dcb1ba4e2a21b6a4474c284e3079c1b8e06dc282072a6d2d3a684bd02794b,1a980269c1778978c64462bf76cf00949cd95e29e33d5066107809299e5dec35,0,10,0.15,0.06,1,,NAA-GDP,0,s1_p50_NAA-GDP_l10_r0
,False,MP,s1_shared_l10_r1_MP,a12dcb1ba4e2a21b6a4474c284e3079c1b8e06dc282072a6d2d3a684bd02794b,1a980269c1778978c64462bf76cf00949cd95e29e33d5066107809299e5dec35,0,10,0.059,0.06,1,,NAA-GDP,1,s1_p50_NAA-GDP_l10_r1
,False,OP,s1_shared_l10_r1_OP,a12dcb1ba4e2a21b6a4474c284e3079c1b8e06dc282072a6d2d3a684bd02794b,1a980269c1778978c64462bf76cf00949cd95e29e33d5066107809299e5dec35,0,10,0.076,0.06,1,,NAA-GDP,1,s1_p50_NAA-GDP_l10_r1
,False,MP,s1_shared_l10_r2_MP,a12dcb1ba4e2a21b6a4474c284e3079c1b8e06dc282072a6d2d3a684bd02794b,1a980269c1778978c64462bf76cf00949cd95e29e33d5066107809299e5dec35,0,10,0.074,0.06,1,,NAA-GDP,2,s1_p50_NAA-GDP_l10_r2
,False,OP,s1_shared_l10_r2_OP,a12dcb1ba4e2a21b6a4474c284e3079c1b8e06dc282072a6d2d3a684bd02794b,1a980269c1778978c64462bf76cf00949cd95e29e33d5066107809299e5dec35,0,10,0.127,0.06,1,,NAA-GDP,2,s1_p50_NAA-GDP_l10_r2
,False,MP,s1_shared_l10_r3_MP,a12dcb1ba4e2a21b6a4474c284e3079c1b8e06dc282072a6d2d3a684bd02794b,1a980269c1778978c64462bf76cf00949cd95e29e33d5066107809299e5dec35,0,10,0.093,0.06,1,,NAA-GDP,3,s1_p50_NAA-GDP_l10_r3
,False,OP,s1_shared_l10_r3_OP,a12dcb1ba4e2a21b6a4474c284e3079c1b8e06dc282072a6d2d3a684bd02794b,1a980269c1778978c64462bf76cf00949cd95e29e33d5066107809299e5dec35,0,10,0.119,0.06,1,,NAA-GDP,3,s1_p50_NAA-GDP_l10_r3
,False,MP,s1_shared_l1_r0_MP,a12dcb1ba4e2a21b6a4474c284e3079c1b8e06dc282072a6d2d3a684bd02794b,1a980269c1778978c64462bf76cf00949cd95e29e33d5066107809299e5dec35,0,1,0.569,0.006,1,,NAA-GDP,0,s1_p50_NAA-GDP_l1_r0
,False,OP,s1_shared_l1_r0_OP,a12dcb1ba4e2a21b6a4474c284e3079c1b8e06dc282072a6d2d3a684bd02794b,1a980269c1778978c64462bf76cf00949cd95e29e33d5066107809299e5dec35,0,1,0.653,0.006,1,,NAA-GDP,0,s1_p50_NAA-GDP_l1_r0
,False,MP,s1_shared_l1_r1_MP,a12dcb1ba4e2a21b6a4474c284e3079c1b8e06dc282072a6d2d3a684bd02794b,1a980269c1778978c64462bf76cf00949cd95e29e33d5066107809299e5dec35,0,1,0.467,0.006,1,,NAA-GDP,1,s1_p50_NAA-GDP_l1_r1
,False,OP,s1_shared_l1_r1_OP,a12dcb1ba4e2a21b6a4474c284e3079c1b8e06dc282072a6d2d3a684bd02794b,1a980269c1778978c64462bf76cf00949cd95e29e33d5066107809299e5dec35,0,1,0.614,0.006,1,,NAA-GDP,1,s1_p50_NAA-GDP_l1_r1
,False,MP,s1_shared_l1_r2_MP,a12dcb1ba4e2a21b6a4474c284e3079c1b8e06dc282072a6d2d3a684bd02794b,1a980269c1778978c64462bf76cf00949cd95e29e33d5066107809299e5dec35,0,1,0.558,0.006,1,,NAA-GDP,2,s1_p50_NAA-GDP_l1_r2
,False,OP,s1_shared_l1_r2_OP,a12dcb1ba4e2a21b6a4474c284e3079c1b8e06dc282072a6d2d3a684bd02794b,1a980269c1778978c64462bf76cf00949cd95e29e33d5066107809299e5dec35,0,1,0.603,0.006,1,,NAA-GDP,2,s1_p50_NAA-GDP_l1_r2
,False,MP,s1_shared_l1_r3_MP,a12dcb1ba4e2a21b6a4474c284e3079c1b8e06dc282072a6d2d3a684bd02794b,1a980269c1778978c64462bf76cf00949cd95e29e33d5066107809299e5dec35,0,1,0.545,0.006,1,,NAA-GDP,3,s1_p50_NAA-GDP_l1_r3
,False,OP,s1_shared_l1_r3_OP,a12dcb1ba4e2a21b6a4474c284e3079c1b8e06dc282072a6d2d3a684bd02794b,1a980269c1778978c64462bf76cf00949cd95e29e33d5066107809299e5dec35,0,1,0.616,0.006,1,,NAA-GDP,3,s1_p50_NAA-GDP_l1_r3
,False,MP,s1_shared_l2_r0_MP,a12dcb1ba4e2a21b6a4474c284e3079c1b8e06dc282072a6d2d3a684bd02794b,1a980269c1778978c64462bf76cf00949cd95e29e33d5066107809299e5dec35,0,2,0.376,0.012,1,,NAA-GDP,0,s1_p50_NAA-GDP_l2_r0
,False,OP,s1_shared_l2_r0_OP,a12dcb1ba4e2a21b6a4474c284e3079c1b8e06dc282072a6d2d3a684bd02794b,1a980269c1778978c64462bf76cf00949cd95e29e33d5066107809299e5dec35,0,2,0.446,0.012,1,,NAA-GDP,0,s1_p50_NAA-GDP_l2_r0
,False,MP,s1_shared_l2_r1_MP,a12dcb1ba4e2a21b6a4474c284e3079c1b8e06dc282072a6d2d3a684bd02794b,1a980269c1778978c64462bf76cf00949cd95e29e33d5066107809299e5dec35,0,2,0.358,0.012,1,,NAA-GDP,1,s1_p50_NAA-GDP_l2_r1
,False,OP,s1_shared_l2_r1_OP,a12dcb1ba4e2a21b6a4474c284e3079c1b8e06dc282072a6d2d3a684bd02794b,1a980269c1778978c64462bf76cf00949cd95e29e33d5066107809299e5dec35,0,2,0.486,0.012,1,,NAA-GDP,1,s1_p50_NAA-GDP_l2_r1
,False,MP,s1_shared_l2_r2_MP,a12dcb1ba4e2a21b6a4474c284e3079c1b8e06dc282072a6d2d3a684bd02794b,1a980269c1778978c64462bf76cf00949cd95e29e33d5066107809299e5dec35,0,2,0.341,0.012,1,,NAA-GDP,2,s1_p50_NAA-GDP_l2_r2
,False,OP,s1_shared_l2_r2_OP,a12dcb1ba4e2a21b6a4474c284e3079c1b8e06dc282072a6d2d3a684bd02794b,1a980269c1778978c64462bf76cf00949cd95e29e33d5066107809299e5dec35,0,2,0.463,0.012,1,,NAA-GDP,2,s1_p50_NAA-GDP_l2_r2
,False,MP,s1_shared_l2_r3_MP,a12dcb1ba4e2a21b6a4474c284e3079c1b8e06dc282072a6d2d3a684bd02794b,1a980269c1778978c64462bf76cf00949cd95e29e33d5066107809299e5dec35,0,2,0.354,0.012,1,,NAA-GDP,3,s1_p50_NAA-GDP_l2_r3
,False,OP,s1_shared_l2_r3_OP,a12dcb1ba4e2a21b6a4474c284e3079c1b8e06dc282072a6d2d3a684bd02794b,1a980269c1778978c64462bf76cf00949cd95e29e33d5066107809299e5dec35,0,2,0.459,0.012,1,,NAA-GDP,3,s1_p50_NAA-GDP_l2_r3
,False,MP,s1_shared_l3_r0_MP,a12dcb1ba4e2a21b6a4474c284e3079c1b8e06dc282072a6d2d3a684bd02794b,1a980269c1778978c64462bf76cf00949cd95e29e33d5066107809299e5dec35,0,3,0.249,0.018,1,,NAA-GDP,0,s1_p50_NAA-GDP_l3_r0
,False,OP,s1_shared_l3_r0_OP,a12dcb1ba4e2a21b6a4474c284e3079c1b8e06dc282072a6d2d3a684bd02794b,1a980269c1778978c64462bf76cf00949cd95e29e33d5066107809299e5dec35,0,3,0.346,0.018,1,,NAA-GDP,0,s1_p50_NAA-GDP_l3_r0
,False,MP,s1_shared_l3_r1_MP,a12dcb1ba4e2a21b6a4474c284e3079c1b8e06dc282072a6d2d3a684bd02794b,1a980269c1778978c64462bf76cf00949cd95e29e33d5066107809299e5dec35,0,3,0.264,0.018,1,,NAA-GDP,1,s1_p50_NAA-GDP_l3_r1
,False,OP,s1_shared_l3_r1_OP,a12dcb1ba4e2a21b6a4474c284e3079c1b8e06dc282072a6d2d3a684bd02794b,1a980269c1778978c64462bf76cf00949cd95e29e33d5066107809299e5dec35,0,3,0.397,0.018,1,,NAA-GDP,1,s1_p50_NAA-GDP_l3_r1
,False,MP,s1_shared_l3_r2_MP,a12dcb1ba4e2a21b6a4474c284e3079c1b8e06dc282072a6d2d3a684bd02794b,1a980269c1778978c64462bf76cf00949cd95e29e33d5066107809299e5dec35,0,3,0.198,0.018,1,,NAA-GDP,2,s1_p50_NAA-GDP_l3_r2
,False,OP,s1_shared_l3_r2_OP,a12dcb1ba4e2a21b6a4474c284e3079c1b8e06dc282072a6d2d3a684bd02794b,1a980269c1778978c64462bf76cf00949cd95e29e33d5066107809299e5dec35,0,3,0.322,0.018,1,,NAA-GDP,2,s1_p50_NAA-GDP_l3_r2
,False,MP,s1_shared_l3_r3_MP,a12dcb1ba4e2a21b6a4474c284e3079c1b8e06dc282072a6d2d3a684bd02794b,1a980269c1778978c64462bf76cf00949cd95e29e33d5066107809299e5dec35,0,3,0.212,0.018,1,,NAA-GDP,3,s1_p50_NAA-GDP_l3_r3
,False,OP,s1_shared_l3_r3_OP,a12dcb1ba4e2a21b6a4474c284e3079c1b8e06dc282072a6d2d3a684bd02794b,1a980269c1778978c64462bf76cf00949cd95e29e33d5066107809299e5dec35,0,3,0.246,0.018,1,,NAA-GDP,3,s1_p50_NAA-GDP_l3_r3
,False,MP,s1_shared_l4_r0_MP,a12dcb1ba4e2a21b6a4474c284e3079c1b8e06dc282072a6d2d3a684bd02794b,1a980269c1778978c64462bf76cf00949cd95e29e33d5066107809299e5dec35,0,4,0.179,0.024,1,,NAA-GDP,0,s1_p50_NAA-GDP_l4_r0
,False,OP,s1_shared_l4_r0_OP,a12dcb1ba4e2a21b6a4474c284e3079c1b8e06dc282072a6d2d3a684bd02794b,1a980269c1778978c64462bf76cf00949cd95e29e33d5066107809299e5dec35,0,4,0.261,0.024,1,,NAA-GDP,0,s1_p50_NAA-GDP_l4_r0
,False,MP,s1_shared_l4_r1_MP,a12dcb1ba4e2a21b6a4474c284e3079c1b8e06dc282072a6d2d3a684bd02794b,1a980269c1778978c64462bf76cf00949cd95e29e33d5066107809299e5dec35,0,4,0.176,0.024,1,,NAA-GDP,1,s1_p50_NAA-GDP_l4_r1
,False,OP,s1_shared_l4_r1_OP,a12dcb1ba4e2a21b6a4474c284e3079c1b8e06dc282072a6d2d3a684bd02794b,1a980269c1778978c64462bf76cf00949cd95e29e33d5066107809299e5dec35,0,4,0.215,0.024,1,,NAA-GDP,1,s1_p50_NAA-GDP_l4_r1
,False,MP,s1_shared_l4_r2_MP,a12dcb1ba4e2a21b6a4474c284e3079c1b8e06dc282072a6d2d3a684bd02794b,1a980269c1778978c64462bf76cf00949cd95e29e33d5066107809299e5dec35,0,4,0.237,0.024,1,,NAA-GDP,2,s1_p50_NAA-GDP_l4_r2
,False,OP,s1_shared_l4_r2_OP,a12dcb1ba4e2a21b6a4474c284e3079c1b8e06dc282072a6d2d3a684bd02794b,1a980269c1778978c64462bf76cf00949cd95e29e33d5066107809299e5dec35,0,4,0.277,0.024,1,,NAA-GDP,2,s1_p50_NAA-GDP_l4_r2
,False,MP,s1_shared_l4_r3_MP,a12dcb1ba4e2a21b6a4474c284e3079c1b8e06dc282072a6d2d3a684bd02794b,1a980269c1778978c64462bf76cf00949cd95e29e33d5066107809299e5dec35,0,4,0.18,0.024,1,,NAA-GDP,3,s1_p50_NAA-GDP_l4_r3
,False,OP,s1_shared_l4_r3_OP,a12dcb1ba4e2a21b6a4474c284e3079c1b8e06dc282072a6d2d3a684bd02794b,1a980269c1778978c64462bf76cf00949cd95e29e33d5066107809299e5dec35,0,4,0.234,0.024,1,,NAA-GDP,3,s1_p50_NAA-GDP_l4_r3
,False,MP,s1_shared_l5_r0_MP,a12dcb1ba4e2a21b6a4474c284e3079c1b8e06dc282072a6d2d3a684bd02794b,1a980269c1778978c64462bf76cf00949cd95e29e33d5066107809299e5dec35,0,5,0.172,0.03,1,,NAA-GDP,0,s1_p50_NAA-GDP_l5_r0
,False,OP,s1_shared_l5_r0_OP,a12dcb1ba4e2a21b6a4474c284e3079c1b8e06dc282072a6d2d3a684bd02794b,1a980269c1778978c64462bf76cf00949cd95e29e33d5066107809299e5dec35,0,5,0.243,0.03,1,,NAA-GDP,0,s1_p50_NAA-GDP_l5_r0
,False,MP,s1_shared_l5_r1_MP,a12dcb1ba4e2a21b6a4474c284e3079c1b8e06dc282072a6d2d3a684bd02794b,1a980269c1778978c64462bf76cf00949cd95e29e33d5066107809299e5dec35,0,5,0.131,0.03,1,,NAA-GDP,1,s1_p50_NAA-GDP_l5_r1
,False,OP,s1_shared_l5_r1_OP,a12dcb1ba4e2a21b6a4474c284e3079c1b8e06dc282072a6d2d3a684bd02794b,1a980269c1778978c64462bf76cf00949cd95e29e33d5066107809299e5dec35,0,5,0.211,0.03,1,,NAA-GDP,1,s1_p50_NAA-GDP_l5_r1
,False,MP,s1_shared_l5_r2_MP,a12dcb1ba4e2a21b6a4474c284e3079c1b8e06dc282072a6d2d3a684bd02794b,1a980269c1778978c64462bf76cf00949cd95e29e33d5066107809299e5dec35,0,5,0.142,0.03,1,,NAA-GDP,2,s1_p50_NAA-GDP_l5_r2
,False,OP,s1_shared_l5_r2_OP,a12dcb1ba4e2a21b6a4474c284e3079c1b8e06dc282072a6d2d3a684bd02794b,1a980269c1778978c64462bf76cf00949cd95e29e33d5066107809299e5dec35,0,5,0.24,0.03,1,,NAA-GDP,2,s1_p50_NAA-GDP_l5_r2
,False,MP,s1_shared_l5_r3_MP,a12dcb1ba4e2a21b6a4474c284e3079c1b8e06dc282072a6d2d3a684bd02794b,1a980269c1778978c64462bf76cf00949cd95e29e33d5066107809299e5dec35,0,5,0.139,0.03,1,,NAA-GDP,3,s1_p50_NAA-GDP_l5_r3
,False,OP,s1_shared_l5_r3_OP,a12dcb1ba4e2a21b6a4474c284e3079c1b8e06dc282072a6d2d3a684bd02794b,1a980269c1778978c64462bf76cf00949cd95e29e33d5066107809299e5dec35,0,5,0.187,0.03,1,,NAA-GDP,3,s1_p50_NAA-GDP_l5_r3
,False,MP,s1_shared_l6_r0_MP,a12dcb1ba4e2a21b6a4474c284e3079c1b8e06dc282072a6d2d3a684bd02794b,1a980269c1778978c64462bf76cf00949cd95e29e33d5066107809299e5dec35,0,6,0.166,0.036,1,,NAA-GDP,0,s1_p50_NAA-GDP_l6_r0
,False,OP,s1_shared_l6_r0_OP,a12dcb1ba4e2a21b6a4474c284e3079c1b8e06dc282072a6d2d3a684bd02794b,1a980269c1778978c64462bf76cf00949cd95e29e33d5066107809299e5dec35,0,6,0.155,0.036,1,,NAA-GDP,0,s1_p50_NAA-GDP_l6_r0
,False,MP,s1_shared_l6_r1_MP,a12dcb1ba4e2a21b6a4474c284e3079c1b8e06dc282072a6d2d3a684bd02794b,1a980269c1778978c64462bf76cf00949cd95e29e33d5066107809299e5dec35,0,6,0.13,0.036,1,,NAA-GDP,1,s1_p50_NAA-GDP_l6_r1
,False,OP,s1_shared_l6_r1_OP,a12dcb1ba4e2a21b6a4474c284e3079c1b8e06dc282072a6d2d3a684bd02794b,1a980269c1778978c64462bf76cf00949cd95e29e33d5066107809299e5dec35,0,6,0.202,0.036,1,,NAA-GDP,1,s1_p50_NAA-GDP_l6_r1
,False,MP,s1_shared_l6_r2_MP,a12dcb1ba4e2a21b6a4474c284e3079c1b8e06dc282072a6d2d3a684bd02794b,1a980269c1778978c64462bf76cf00949cd95e29e33d5066107809299e5dec35,0,6,0.163,0.036,1,,NAA-GDP,2,s1_p50_NAA-GDP_l6_r2
,False,OP,s1_shared_l6_r2_OP,a12dcb1ba4e2a21b6a4474c284e3079c1b8e06dc282072a6d2d3a684bd02794b,1a980269c1778978c64462bf76cf00949cd95e29e33d5066107809299e5dec35,0,6,0.168,0.036,1,,NAA-GDP,2,s1_p50_NAA-GDP_l6_r2
,False,MP,s1_shared_l6_r3_MP,a12dcb1ba4e2a21b6a4474c284e3079c1b8e06dc282072a6d2d3a684bd02794b,1a980269c1778978c64462bf76cf00949cd95e29e33d5066107809299e5dec35,0,6,0.151,0.036,1,,NAA-GDP,3,s1_p50_NAA-GDP_l6_r3
,False,OP,s1_shared_l6_r3_OP,a12dcb1ba4e2a21b6a4474c284e3079c1b8e06dc282072a6d2d3a684bd02794b,1a980269c1778978c64462bf76cf00949cd95e29e33d5066107809299e5dec35,0,6,0.181,0.036,1,,NAA-GDP,3,s1_p50_NAA-GDP_l6_r3
,False,MP,s1_shared_l7_r0_MP,a12dcb1ba4e2a21b6a4474c284e3079c1b8e06dc282072a6d2d3a684bd02794b,1a980269c1778978c64462bf76cf00949cd95e29e33d5066107809299e5dec35,0,7,0.133,0.042,1,,NAA-GDP,0,s1_p50_NAA-GDP_l7_r0
,False,OP,s1_shared_l7_r0_OP,a12dcb1ba4e2a21b6a4474c284e3079c1b8e06dc282072a6d2d3a684bd02794b,1a980269c1778978c64462bf76cf00949cd95e29e33d5066107809299e5dec35,0,7,0.187,0.042,1,,NAA-GDP,0,s1_p50_NAA-GDP_l7_r0
,False,MP,s1_shared_l7_r1_MP,a12dcb1ba4e2a21b6a4474c284e3079c1b8e06dc282072a6d2d3a684bd02794b,1a980269c1778978c64462bf76cf00949cd95e29e33d5066107809299e5dec35,0,7,0.103,0.042,1,,NAA-GDP,1,s1_p50_NAA-GDP_l7_r1
,False,OP,s1_shared_l7_r1_OP,a12dcb1ba4e2a21b6a4474c284e3079c1b8e06dc282072a6d2d3a684bd02794b,1a980269c1778978c64462bf76cf00949cd95e29e33d5066107809299e5dec35,0,7,0.169,0.042,1,,NAA-GDP,1,s1_p50_NAA-GDP_l7_r1
,False,MP,s1_shared_l7_r2_MP,a12dcb1ba4e2a21b6a4474c284e3079c1b8e06dc282072a6d2d3a684bd02794b,1a980269c1778978c64462bf76cf00949cd95e29e33d5066107809299e5dec35,0,7,0.126,0.042,1,,NAA-GDP,2,s1_p50_NAA-GDP_l7_r2
,False,OP,s1_shared_l7_r2_OP,a12dcb1ba4e2a21b6a4474c284e3079c1b8e06dc282072a6d2d3a684bd02794b,1a980269c1778978c64462bf76cf00949cd95e29e33d5066107809299e5dec35,0,7,0.158,0.042,1,,NAA-GDP,2,s1_p50_NAA-GDP_l7_r2
,False,MP,s1_shared_l7_r3_MP,a12dcb1ba4e2a21b6a4474c284e3079c1b8e06dc282072a6d2d3a684bd02794b,1a980269c1778978c64462bf76cf00949cd95e29e33d5066107809299e5dec35,0,7,0.114,0.042,1,,NAA-GDP,3,s1_p50_NAA-GDP_l7_r3
,False,OP,s1_shared_l7_r3_OP,a12dcb1ba4e2a21b6a4474c284e3079c1b8e06dc282072a6d2d3a684bd02794b,1a980269c1778978c64462bf76cf00949cd95e29e33d5066107809299e5dec35,0,7,0.118,0.042,1,,NAA-GDP,3,s1_p50_NAA-GDP_l7_r3
,False,MP,s1_shared_l8_r0_MP,a12dcb1ba4e2a21b6a4474c284e3079c1b8e06dc282072a6d2d3a684bd02794b,1a980269c1778978c64462bf76cf00949cd95e29e33d5066107809299e5dec35,0,8,0.106,0.048,1,,NAA-GDP,0,s1_p50_NAA-GDP_l8_r0
,False,OP,s1_shared_l8_r0_OP,a12dcb1ba4e2a21b6a4474c284e3079c1b8e06dc282072a6d2d3a684bd02794b,1a980269c1778978c64462bf76cf00949cd95e29e33d5066107809299e5dec35,0,8,0.115,0.048,1,,NAA-GDP,0,s1_p50_NAA-GDP_l8_r0
,False,MP,s1_shared_l8_r1_MP,a12dcb1ba4e2a21b6a4474c284e3079c1b8e06dc282072a6d2d3a684bd02794b,1a980269c1778978c64462bf76cf00949cd95e29e33d5066107809299e5dec35,0,8,0.107,0.048,1,,NAA-GDP,1,s1_p50_NAA-GDP_l8_r1
,False,OP,s1_shared_l8_r1_OP,a12dcb1ba4e2a21b6a4474c284e3079c1b8e06dc282072a6d2d3a684bd02794b,1a980269c1778978c64462bf76cf00949cd95e29e33d5066107809299e5dec35,0,8,0.116,0.048,1,,NAA-GDP,1,s1_p50_NAA-GDP_l8_r1
,False,MP,s1_shared_l8_r2_MP,a12dcb1ba4e2a21b6a4474c284e3079c1b8e06dc282072a6d2d3a684bd02794b,1a980269c1778978c64462bf76cf00949cd95e29e33d5066107809299e5dec35,0,8,0.116,0.048,1,,NAA-GDP,2,s1_p50_NAA-GDP_l8_r2
,False,OP,s1_shared_l8_r2_OP,a12dcb1ba4e2a21b6a4474c284e3079c1b8e06dc282072a6d2d3a684bd02794b,1a980269c1778978c64462bf76cf00949cd95e29e33d5066107809299e5dec35,0,8,0.135,0.048,1,,NAA-GDP,2,s1_p50_NAA-GDP_l8_r2
,False,MP,s1_shared_l8_r3_MP,a12dcb1ba4e2a21b6a4474c284e3079c1b8e06dc282072a6d2d3a684bd02794b,1a980269c1778978c64462bf76cf00949cd95e29e33d5066107809299e5dec35,0,8,0.093,0.048,1,,NAA-GDP,3,s1_p50_NAA-GDP_l8_r3
,False,OP,s1_shared_l8_r3_OP,a12dcb1ba4e2a21b6a4474c284e3079c1b8e06dc282072a6d2d3a684bd02794b,1a980269c1778978c64462bf76cf00949cd95e29e33d5066107809299e5dec35,0,8,0.179,0.048,1,,NAA-GDP,3,s1_p50_NAA-GDP_l8_r3
,False,MP,s1_shared_l9_r0_MP,a12dcb1ba4e2a21b6a4474c284e3079c1b8e06dc282072a6d2d3a684bd02794b,1a980269c1778978c64462bf76cf00949cd95e29e33d5066107809299e5dec35,0,9,0.123,0.054,1,,NAA-GDP,0,s1_p50_NAA-GDP_l9_r0
,False,OP,s1_shared_l9_r0_OP,a12dcb1ba4e2a21b6a4474c284e3079c1b8e06dc282072a6d2d3a684bd02794b,1a980269c1778978c64462bf76cf00949cd95e29e33d5066107809299e5dec35,0,9,0.134,0.054,1,,NAA-GDP,0,s1_p50_NAA-GDP_l9_r0
,False,MP,s1_shared_l9_r1_MP,a12dcb1ba4e2a21b6a4474c284e3079c1b8e06dc282072a6d2d3a684bd02794b,1a980269c1778978c64462bf76cf00949cd95e29e33d5066107809299e5dec35,0,9,0.059,0.054,1,,NAA-GDP,1,s1_p50_NAA-GDP_l9_r1
,False,OP,s1_shared_l9_r1_OP,a12dcb1ba4e2a21b6a4474c284e3079c1b8e06dc282072a6d2d3a684bd02794b,1a980269c1778978c64462bf76cf00949cd95e29e33d5066107809299e5dec35,0,9,0.161,0.054,1,,NAA-GDP,1,s1_p50_NAA-GDP_l9_r1
,False,MP,s1_shared_l9_r2_MP,a12dcb1ba4e2a21b6a4474c284e3079c1b8e06dc282072a6d2d3a684bd02794b,1a980269c1778978c64462bf76cf00949cd95e29e33d5066107809299e5dec35,0,9,0.107,0.054,1,,NAA-GDP,2,s1_p50_NAA-GDP_l9_r2
,False,OP,s1_shared_l9_r2_OP,a12dcb1ba4e2a21b6a4474c284e3079c1b8e06dc282072a6d2d3a684bd02794b,1a980269c1778978c64462bf76cf00949cd95e29e33d5066107809299e5dec35,0,9,0.122,0.054,1,,NAA-GDP,2,s1_p50_NAA-GDP_l9_r2
,False,MP,s1_shared_l9_r3_MP,a12dcb1ba4e2a21b6a4474c284e3079c1b8e06dc282072a6d2d3a684bd02794b,1a980269c1778978c64462bf76cf00949cd95e29e33d5066107809299e5dec35,0,9,0.094,0.054,1,,NAA-GDP,3,s1_p50_NAA-GDP_l9_r3
,False,OP,s1_shared_l9_r3_OP,a12dcb1ba4e2a21b6a4474c284e3079c1b8e06dc282072a6d2d3a684bd02794b,1a980269c1778978c64462bf76cf00949cd95e29e33d5066107809299e5dec35,0,9,0.171,0.054,1,,NAA-GDP,3,s1_p50_NAA-GDP_l9_r3
,False,AM,s2_p10_l10_r0_AM,a12dcb1ba4e2a21b6a4474c284e3079c1b8e06dc282072a6d2d3a684bd02794b,1a980269c1778978c64462bf76cf00949cd95e29e33d5066107809299e5dec35,0,10,0.112,0.06,2,10.0,NAA-GDP,0,s2_p10_NAA-GDP_l10_r0
,False,AM,s2_p10_l10_r1_AM,a12dcb1ba4e2a21b6a4474c284e3079c1b8e06dc282072a6d2d3a684bd02794b,1a980269c1778978c64462bf76cf00949cd95e29e33d5066107809299e5dec35,0,10,0.117,0.06,2,10.0,NAA-GDP,1,s2_p10_NAA-GDP_l10_r1
,False,AM,s2_p10_l10_r2_AM,a12dcb1ba4e2a21b6a4474c284e3079c1b8e06dc282072a6d2d3a684bd02794b,1a980269c1778978c64462bf76cf00949cd95e29e33d5066107809299e5dec35,0,10,0.093,0.06,2,10.0,NAA-GDP,2,s2_p10_NAA-GDP_l10_r2
,False,AM,s2_p10_l10_r3_AM,a12dcb1ba4e2a21b6a4474c284e3079c1b8e06dc282072a6d2d3a684bd02794b,1a980269c1778978c64462bf76cf00949cd95e29e33d5066107809299e5dec35,0,10,0.086,0.06,2,10.0,NAA-GDP,3,s2_p10_NAA-GDP_l10_r3
,False,AM,s2_p10_l1_r0_AM,a12dcb1ba4e2a21b6a4474c284e3079c1b8e06dc282072a6d2d3a684bd02794b,1a980269c1778978c64462bf76cf00949cd95e29e33d5066107809299e5dec35,0,1,0.574,0.006,2,10.0,NAA-GDP,0,s2_p10_NAA-GDP_l1_r0
,False,AM,s2_p10_l1_r1_AM,a12dcb1ba4e2a21b6a4474c284e3079c1b8e06dc282072a6d2d3a684bd02794b,1a980269c1778978c64462bf76cf00949cd95e29e33d5066107809299e5dec35,0,1,0.532,0.006,2,10.0,NAA-GDP,1,s2_p10_NAA-GDP_l1_r1
,False,AM,s2_p10_l1_r2_AM,a12dcb1ba4e2a21b6a4474c284e3079c1b8e06dc282072a6d2d3a684bd02794b,1a980269c1778978c64462bf76cf00949cd95e29e33d5066107809299e5dec35,0,1,0.559,0.006,2,10.0,NAA-GDP,2,s2_p10_NAA-GDP_l1_r2
,False,AM,s2_p10_l1_r3_AM,a12dcb1ba4e2a21b6a4474c284e3079c1b8e06dc282072a6d2d3a684bd02794b,1a980269c1778978c64462bf76cf00949cd95e29e33d5066107809299e5dec35,0,1,0.581,0.006,2,10.0,NAA-GDP,3,s2_p10_NAA-GDP_l1_r3
,False,AM,s2_p10_l2_r0_AM,a12dcb1ba4e2a21b6a4474c284e3079c1b8e06dc282072a6d2d3a684bd02794b,1a980269c1778978c64462bf76cf00949cd95e29e33d5066107809299e5dec35,0,2,0.325,0.012,2,10.0,NAA-GDP,0,s2_p10_NAA-GDP_l2_r0
,False,AM,s2_p10_l2_r1_AM,a12dcb1ba4e2a21b6a4474c284e3079c1b8e06dc282072a6d2d3a684bd02794b,1a980269c1778978c64462bf76cf00949cd95e29e33d5066107809299e5dec35,0,2,0.356,0.012,2,10.0,NAA-GDP,1,s2_p10_NAA-GDP_l2_r1
,False,AM,s2_p10_l2_r2_AM,a12dcb1ba4e2a21b6a4474c284e3079c1b8e06dc282072a6d2d3a684bd02794b,1a980269c1778978c64462bf76cf00949cd95e29e33d5066107809299e5dec35,0,2,0.428,0.012,2,10.0,NAA-GDP,2,s2_p10_NAA-GDP_l2_r2
,False,AM,s2_p10_l2_r3_AM,a12dcb1ba4e2a21b6a4474c284e3079c1b8e06dc282072a6d2d3a684bd02794b,1a980269c1778978c64462bf76cf00949cd95e29e33d5066107809299e5dec35,0,2,0.385,0.012,2,10.0,NAA-GDP,3,s2_p10_NAA-GDP_l2_r3
,False,AM,s2_p10_l3_r0_AM,a12dcb1ba4e2a21b6a4474c284e3079c1b8e06dc282072a6d2d3a684bd02794b,1a980269c1778978c64462bf76cf00949cd95e29e33d5066107809299e5dec35,0,3,0.296,0.018,2,10.0,NAA-GDP,0,s2_p10_NAA-GDP_l3_r0
,False,AM,s2_p10_l3_r1_AM,a12dcb1ba4e2a21b6a4474c284e3079c1b8e06dc282072a6d2d3a684bd02794b,1a980269c1778978c64462bf76cf00949cd95e29e33d5066107809299e5dec35,0,3,0.257,0.018,2,10.0,NAA-GDP,1,s2_p10_NAA-GDP_l3_r1
,False,AM,s2_p10_l3_r2_AM,a12dcb1ba4e2a21b6a4474c284e3079c1b8e06dc282072a6d2d3a684bd02794b,1a980269c1778978c64462bf76cf00949cd95e29e33d5066107809299e5dec35,0,3,0.248,0.018,2,10.0,NAA-GDP,2,s2_p10_NAA-GDP_l3_r2
,False,AM,s2_p10_l3_r3_AM,a12dcb1ba4e2a21b6a4474c284e3079c1b8e06dc282072a6d2d3a684bd02794b,1a980269c1778978c64462bf76cf00949cd95e29e33d5066107809299e5dec35,0,3,0.237,0.018,2,10.0,NAA-GDP,3,s2_p10_NAA-GDP_l3_r3
,False,AM,s2_p10_l4_r0_AM,a12dcb1ba4e2a21b6a4474c284e3079c1b8e06dc282072a6d2d3a684bd02794b,1a980269c1778978c64462bf76cf00949cd95e29e33d5066107809299e5dec35,0,4,0.158,0.024,2,10.0,NAA-GDP,0,s2_p10_NAA-GDP_l4_r0
,False,AM,s2_p10_l4_r1_AM,a12dcb1ba4e2a21b6a4474c284e3079c1b8e06dc282072a6d2d3a684bd02794b,1a980269c1778978c64462bf76cf00949cd95e29e33d5066107809299e5dec35,0,4,0.205,0.024,2,10.0,NAA-GDP,1,s2_p10_NAA-GDP_l4_r1
,False,AM,s2_p10_l4_r2_AM,a12dcb1ba4e2a21b6a4474c284e3079c1b8e06dc282072a6d2d3a684bd02794b,1a980269c1778978c64462bf76cf00949cd95e29e33d5066107809299e5dec35,0,4,0.207,0.024,2,10.0,NAA-GDP,2,s2_p10_NAA-GDP_l4_r2
,False,AM,s2_p10_l4_r3_AM,a12dcb1ba4e2a21b6a4474c284e3079c1b8e06dc282072a6d2d3a684bd02794b,1a980269c1778978c64462bf76cf00949cd95e29e33d5066107809299e5dec35,0,4,0.224,0.024,2,10.0,NAA-GDP,3,s2_p10_NAA-GDP_l4_r3
,False,AM,s2_p10_l5_r0_AM,a12dcb1ba4e2a21b6a4474c284e3079c1b8e06dc282072a6d2d3a684bd02794b,1a980269c1778978c64462bf76cf00949cd95e29e33d5066107809299e5dec35,0,5,0.173,0.03,2,10.0,NAA-GDP,0,s2_p10_NAA-GDP_l5_r0
,False,AM,s2_p10_l5_r1_AM,a12dcb1ba4e2a21b6a4474c284e3079c1b8e06dc282072a6d2d3a684bd02794b,1a980269c1778978c64462bf76cf00949cd95e29e33d5066107809299e5dec35,0,5,0.173,0.03,2,10.0,NAA-GDP,1,s2_p10_NAA-GDP_l5_r1
,False,AM,s2_p10_l5_r2_AM,a12dcb1ba4e2a21b6a4474c284e3079c1b8e06dc282072a6d2d3a684bd02794b,1a980269c1778978c64462bf76cf00949cd95e29e33d5066107809299e5dec35,0,5,0.169,0.03,2,10.0,NAA-GDP,2,s2_p10_NAA-GDP_l5_r2
,False,AM,s2_p10_l5_r3_AM,a12dcb1ba4e2a21b6a4474c284e3079c1b8e06dc282072a6d2d3a684bd02794b,1a980269c1778978c64462bf76cf00949cd95e29e33d5066107809299e5dec35,0,5,0.144,0.03,2,10.0,NAA-GDP,3,s2_p10_NAA-GDP_l5_r3
,False,AM,s2_p10_l6_r0_AM,a12dcb1ba4e2a21b6a4474c284e3079c1b8e06dc282072a6d2d3a684bd02794b,1a980269c1778978c64462bf76cf00949cd95e29e33d5066107809299e5dec35,0,6,0.104,0.036,2,10.0,NAA-GDP,0,s2_p10_NAA-GDP_l6_r0
,False,AM,s2_p10_l6_r1_AM,a12dcb1ba4e2a21b6a4474c284e3079c1b8e06dc282072a6d2d3a684bd02794b,1a980269c1778978c64462bf76cf00949cd95e29e33d5066107809299e5dec35,0,6,0.135,0.036,2,10.0,NAA-GDP,1,s2_p10_NAA-GDP_l6_r1
,False,AM,s2_p10_l6_r2_AM,a12dcb1ba4e2a21b6a4474c284e3079c1b8e06dc282072a6d2d3a684bd02794b,1a980269c1778978c64462bf76cf00949cd95e29e33d5066107809299e5dec35,0,6,0.119,0.036,2,10.0,NAA-GDP,2,s2_p10_NAA-GDP_l6_r2
,False,AM,s2_p10_l6_r3_AM,a12dcb1ba4e2a21b6a4474c284e3079c1b8e06dc282072a6d2d3a684bd02794b,1a980269c1778978c64462bf76cf00949cd95e29e33d5066107809299e5dec35,0,6,0.114,0.036,2,10.0,NAA-GDP,3,s2_p10_NAA-GDP_l6_r3
,False,AM,s2_p10_l7_r0_AM,a12dcb1ba4e2a21b6a4474c284e3079c1b8e06dc282072a6d2d3a684bd02794b,1a980269c1778978c64462bf76cf00949cd95e29e33d5066107809299e5dec35,0,7,0.126,0.042,2,10.0,NAA-GDP,0,s2_p10_NAA-GDP_l7_r0
,False,AM,s2_p10_l7_r1_AM,a12dcb1ba4e2a21b6a4474c284e3079c1b8e06dc282072a6d2d3a684bd02794b,1a980269c1778978c64462bf76cf00949cd95e29e33d5066107809299e5dec35,0,7,0.116,0.042,2,10.0,NAA-GDP,1,s2_p10_NAA-GDP_l7_r1
,False,AM,s2_p10_l7_r2_AM,a12dcb1ba4e2a21b6a4474c284e3079c1b8e06dc282072a6d2d3a684bd02794b,1a980269c1778978c64462bf76cf00949cd95e29e33d5066107809299e5dec35,0,7,0.112,0.042,2,10.0,NAA-GDP,2,s2_p10_NAA-GDP_l7_r2
,False,AM,s2_p10_l7_r3_AM,a12dcb1ba4e2a21b6a4474c284e3079c1b8e06dc282072a6d2d3a684bd02794b,1a980269c1778978c64462bf76cf00949cd95e29e33d5066107809299e5dec35,0,7,0.111,0.042,2,10.0,NAA-GDP,3,s2_p10_NAA-GDP_l7_r3
,False,AM,s2_p10_l8_r0_AM,a12dcb1ba4e2a21b6a4474c284e3079c1b8e06dc282072a6d2d3a684bd02794b,1a980269c1778978c64462bf76cf00949cd95e29e33d5066107809299e5dec35,0,8,0.145,0.048,2,10.0,NAA-GDP,0,s2_p10_NAA-GDP_l8_r0
,False,AM,s2_p10_l8_r1_AM,a12dcb1ba4e2a21b6a4474c284e3079c1b8e06dc282072a6d2d3a684bd02794b,1a980269c1778978c64462bf76cf00949cd95e29e33d5066107809299e5dec35,0,8,0.092,0.048,2,10.0,NAA-GDP,1,s2_p10_NAA-GDP_l8_r1
,False,AM,s2_p10_l8_r2_AM,a12dcb1ba4e2a21b6a4474c284e3079c1b8e06dc282072a6d2d3a684bd02794b,1a980269c1778978c64462bf76cf00949cd95e29e33d5066107809299e5dec35,0,8,0.126,0.048,2,10.0,NAA-GDP,2,s2_p10_NAA-GDP_l8_r2
,False,AM,s2_p10_l8_r3_AM,a12dcb1ba4e2a21b6a4474c284e3079c1b8e06dc282072a6d2d3a684bd02794b,1a980269c1778978c64462bf76cf00949cd95e29e33d5066107809299e5dec35,0,8,0.081,0.048,2,10.0,NAA-GDP,3,s2_p10_NAA-GDP_l8_r3
,False,AM,s2_p10_l9_r0_AM,a12dcb1ba4e2a21b6a4474c284e3079c1b8e06dc282072a6d2d3a684bd02794b,1a980269c1778978c64462bf76cf00949cd95e29e33d5066107809299e5dec35,0,9,0.134,0.054,2,10.0,NAA-GDP,0,s2_p10_NAA-GDP_l9_r0
,False,AM,s2_p10_l9_r1_AM,a12dcb1ba4e2a21b6a4474c284e3079c1b8e06dc282072a6d2d3a684bd02794b,1a980269c1778978c64462bf76cf00949cd95e29e33d5066107809299e5dec35,0,9,0.092,0.054,2,10.0,NAA-GDP,1,s2_p10_NAA-GDP_l9_r1
,False,AM,s2_p10_l9_r2_AM,a12dcb1ba4e2a21b6a4474c284e3079c1b8e06dc282072a6d2d3a684bd02794b,1a980269c1778978c64462bf76cf00949cd95e29e33d5066107809299e5dec35,0,9,0.124,0.054,2,10.0,NAA-GDP,2,s2_p10_NAA-GDP_l9_r2
,False,AM,s2_p10_l9_r3_AM,a12dcb1ba4e2a21b6a4474c284e3079c1b8e06dc282072a6d2d3a684bd02794b,1a980269c1778978c64462bf76cf00949cd95e29e33d5066107809299e5dec35,0,9,0.076,0.054,2,10.0,NAA-GDP,3,s2_p10_NAA-GDP_l9_r3
,False,AM,s2_p20_l10_r0_AM,a12dcb1ba4e2a21b6a4474c284e3079c1b8e06dc282072a6d2d3a684bd02794b,1a980269c1778978c64462bf76cf00949cd95e29e33d5066107809299e5dec35,0,10,0.11,0.06,2,20.0,NAA-GDP,0,s2_p20_NAA-GDP_l10_r0
,False,AM,s2_p20_l10_r1_AM,a12dcb1ba4e2a21b6a4474c284e3079c1b8e06dc282072a6d2d3a684bd02794b,1a980269c1778978c64462bf76cf00949cd95e29e33d5066107809299e5dec35,0,10,0.114,0.06,2,20.0,NAA-GDP,1,s2_p20_NAA-GDP_l10_r1
,False,AM,s2_p20_l10_r2_AM,a12dcb1ba4e2a21b6a4474c284e3079c1b8e06dc282072a6d2d3a684bd02794b,1a980269c1778978c64462bf76cf00949cd95e29e33d5066107809299e5dec35,0,10,0.119,0.06,2,20.0,NAA-GDP,2,s2_p20_NAA-GDP_l10_r2
,False,AM,s2_p20_l10_r3_AM,a12dcb1ba4e2a21b6a4474c284e3079c1b8e06dc282072a6d2d3a684bd02794b,1a980269c1778978c64462bf76cf00949cd95e29e33d5066107809299e5dec35,0,10,0.101,0.06,2,20.0,NAA-GDP,3,s2_p20_NAA-GDP_l10_r3
,False,AM,s2_p20_l1_r0_AM,a12dcb1ba4e2a21b6a4474c284e3079c1b8e06dc282072a6d2d3a684bd02794b,1a980269c1778978c64462bf76cf00949cd95e29e33d5066107809299e5dec35,0,1,0.583,0.006,2,20.0,NAA-GDP,0,s2_p20_NAA-GDP_l1_r0
,False,AM,s2_p20_l1_r1_AM,a12dcb1ba4e2a21b6a4474c284e3079c1b8e06dc282072a6d2d3a684bd02794b,1a980269c1778978c64462bf76cf00949cd95e29e33d5066107809299e5dec35,0,1,0.537,0.006,2,20.0,NAA-GDP,1,s2_p20_NAA-GDP_l1_r1
,False,AM,s2_p20_l1_r2_AM,a12dcb1ba4e2a21b6a4474c284e3079c1b8e06dc282072a6d2d3a684bd02794b,1a980269c1778978c64462bf76cf00949cd95e29e33d5066107809299e5dec35,0,1,0.558,0.006,2,20.0,NAA-GDP,2,s2_p20_NAA-GDP_l1_r2
,False,AM,s2_p20_l1_r3_AM,a12dcb1ba4e2a21b6a4474c284e3079c1b8e06dc282072a6d2d3a684bd02794b,1a980269c1778978c64462bf76cf00949cd95e29e33d5066107809299e5dec35,0,1,0.583,0.006,2,20.0,NAA-GDP,3,s2_p20_NAA-GDP_l1_r3
,False,AM,s2_p20_l2_r0_AM,a12dcb1ba4e2a21b6a4474c284e3079c1b8e06dc282072a6d2d3a684bd02794b,1a980269c1778978c64462bf76cf00949cd95e29e33d5066107809299e5dec35,0,2,0.33,0.012,2,20.0,NAA-GDP,0,s2_p20_NAA-GDP_l2_r0
,False,AM,s2_p20_l2_r1_AM,a12dcb1ba4e2a21b6a4474c284e3079c1b8e06dc282072a6d2d3a684bd02794b,1a980269c1778978c64462bf76cf00949cd95e29e33d5066107809299e5dec35,0,2,0.341,0.012,2,20.0,NAA-GDP,1,s2_p20_NAA-GDP_l2_r1
,False,AM,s2_p20_l2_r2_AM,a12dcb1ba4e2a21b6a4474c284e3079c1b8e06dc282072a6d2d3a684bd02794b,1a980269c1778978c64462bf76cf00949cd95e29e33d5066107809299e5dec35,0,2,0.427,0.012,2,20.0,NAA-GDP,2,s2_p20_NAA-GDP_l2_r2
,False,AM,s2_p20_l2_r3_AM,a12dcb1ba4e2a21b6a4474c284e3079c1b8e06dc282072a6d2d3a684bd02794b,1a980269c1778978c64462bf76cf00949cd95e29e33d5066107809299e5dec35,0,2,0.399,0.012,2,20.0,NAA-GDP,3,s2_p20_NAA-GDP_l2_r3
,False,AM,s2_p20_l3_r0_AM,a12dcb1ba4e2a21b6a4474c284e3079c1b8e06dc282072a6d2d3a684bd02794b,1a980269c1778978c64462bf76cf00949cd95e29e33d5066107809299e5dec35,0,3,0.334,0.018,2,20.0,NAA-GDP,0,s2_p20_NAA-GDP_l3_r0
,False,AM,s2_p20_l3_r1_AM,a12dcb1ba4e2a21b6a4474c284e3079c1b8e06dc282072a6d2d3a684bd02794b,1a980269c1778978c64462bf76cf00949cd95e29e33d5066107809299e5dec35,0,3,0.257,0.018,2,20.0,NAA-GDP,1,s2_p20_NAA-GDP_l3_r1
,False,AM,s2_p20_l3_r2_AM,a12dcb1ba4e2a21b6a4474c284e3079c1b8e06dc282072a6d2d3a684bd02794b,1a980269c1778978c64462bf76cf00949cd95e29e33d5066107809299e5dec35,0,3,0.247,0.018,2,20.0,NAA-GDP,2,s2_p20_NAA-GDP_l3_r2
,False,AM,s2_p20_l3_r3_AM,a12dcb1ba4e2a21b6a4474c284e3079c1b8e06dc282072a6d2d3a684bd02794b,1a980269c1778978c64462bf76cf00949cd95e29e33d5066107809299e5dec35,0,3,0.237,0.018,2,20.0,NAA-GDP,3,s2_p20_NAA-GDP_l3_r3
,False,AM,s2_p20_l4_r0_AM,a12dcb1ba4e2a21b6a4474c284e3079c1b8e06dc282072a6d2d3a684bd02794b,1a980269c1778978c64462bf76cf00949cd95e29e33d5066107809299e5dec35,0,4,0.149,0.024,2,20.0,NAA-GDP,0,s2_p20_NAA-GDP_l4_r0
,False,AM,s2_p20_l4_r1_AM,a12dcb1ba4e2a21b6a4474c284e3079c1b8e06dc282072a6d2d3a684bd02794b,1a980269c1778978c64462bf76cf00949cd95e29e33d5066107809299e5dec35,0,4,0.202,0.024,2,20.0,NAA-GDP,1,s2_p20_NAA-GDP_l4_r1
,False,AM,s2_p20_l4_r2_AM,a12dcb1ba4e2a21b6a4474c284e3079c1b8e06dc282072a6d2d3a684bd02794b,1a980269c1778978c64462bf76cf00949cd95e29e33d5066107809299e5dec35,0,4,0.208,0.024,2,20.0,NAA-GDP,2,s2_p20_NAA-GDP_l4_r2
,False,AM,s2_p20_l4_r3_AM,a12dcb1ba4e2a21b6a4474c284e3079c1b8e06dc282072a6d2d3a684bd02794b,1a980269c1778978c64462bf76cf00949cd95e29e33d5066107809299e5dec35,0,4,0.238,0.024,2,20.0,NAA-GDP,3,s2_p20_NAA-GDP_l4_r3
,False,AM,s2_p20_l5_r0_AM,a12dcb1ba4e2a21b6a4474c284e3079c1b8e06dc282072a6d2d3a684bd02794b,1a980269c1778978c64462bf76cf00949cd95e29e33d5066107809299e5dec35,0,5,0.188,0.03,2,20.0,NAA-GDP,0,s2_p20_NAA-GDP_l5_r0
,False,AM,s2_p20_l5_r1_AM,a12dcb1ba4e2a21b6a4474c284e3079c1b8e06dc282072a6d2d3a684bd02794b,1a980269c1778978c64462bf76cf00949cd95e29e33d5066107809299e5dec35,0,5,0.194,0.03,2,20.0,NAA-GDP,1,s2_p20_NAA-GDP_l5_r1
,False,AM,s2_p20_l5_r2_AM,a12dcb1ba4e2a21b6a4474c284e3079c1b8e06dc282072a6d2d3a684bd02794b,1a980269c1778978c64462bf76cf00949cd95e29e33d5066107809299e5dec35,0,5,0.161,0.03,2,20.0,NAA-GDP,2,s2_p20_NAA-GDP_l5_r2
,False,AM,s2_p20_l5_r3_AM,a12dcb1ba4e2a21b6a4474c284e3079c1b8e06dc282072a6d2d3a684bd02794b,1a980269c1778978c64462bf76cf00949cd95e29e33d5066107809299e5dec35,0,5,0.178,0.03,2,20.0,NAA-GDP,3,s2_p20_NAA-GDP_l5_r3
,False,AM,s2_p20_l6_r0_AM,a12dcb1ba4e2a21b6a4474c284e3079c1b8e06dc282072a6d2d3a684bd02794b,1a980269c1778978c64462bf76cf00949cd95e29e33d5066107809299e5dec35,0,6,0.108,0.036,2,20.0,NAA-GDP,0,s2_p20_NAA-GDP_l6_r0
,False,AM,s2_p20_l6_r1_AM,a12dcb1ba4e2a21b6a4474c284e3079c1b8e06dc282072a6d2d3a684bd02794b,1a980269c1778978c64462bf76cf00949cd95e29e33d5066107809299e5dec35,0,6,0.132,0.036,2,20.0,NAA-GDP,1,s2_p20_NAA-GDP_l6_r1
,False,AM,s2_p20_l6_r2_AM,a12dcb1ba4e2a21b6a4474c284e3079c1b8e06dc282072a6d2d3a684bd02794b,1a980269c1778978c64462bf76cf00949cd95e29e33d5066107809299e5dec35,0,6,0.145,0.036,2,20.0,NAA-GDP,2,s2_p20_NAA-GDP_l6_r2
,False,AM,s2_p20_l6_r3_AM,a12dcb1ba4e2a21b6a4474c284e3079c1b8e06dc282072a6d2d3a684bd02794b,1a980269c1778978c64462bf76cf00949cd95e29e33d5066107809299e5dec35,0,6,0.111,0.036,2,20.0,NAA-GDP,3,s2_p20_NAA-GDP_l6_r3
,False,AM,s2_p20_l7_r0_AM,a12dcb1ba4e2a21b6a4474c284e3079c1b8e06dc282072a6d2d3a684bd02794b,1a980269c1778978c64462bf76cf00949cd95e29e33d5066107809299e5dec35,0,7,0.134,0.042,2,20.0,NAA-GDP,0,s2_p20_NAA-GDP_l7_r0
,False,AM,s2_p20_l7_r1_AM,a12dcb1ba4e2a21b6a4474c284e3079c1b8e06dc282072a6d2d3a684bd02794b,1a980269c1778978c64462bf76cf00949cd95e29e33d5066107809299e5dec35,0,7,0.106,0.042,2,20.0,NAA-GDP,1,s2_p20_NAA-GDP_l7_r1
,False,AM,s2_p20_l7_r2_AM,a12dcb1ba4e2a21b6a4474c284e3079c1b8e06dc282072a6d2d3a684bd02794b,1a980269c1778978c64462bf76cf00949cd95e29e33d5066107809299e5dec35,0,7,0.102,0.042,2,20.0,NAA-GDP,2,s2_p20_NAA-GDP_l7_r2
,False,AM,s2_p20_l7_r3_AM,a12dcb1ba4e2a21b6a4474c284e3079c1b8e06dc282072a6d2d3a684bd02794b,1a980269c1778978c64462bf76cf00949cd95e29e33d5066107809299e5dec35,0,7,0.128,0.042,2,20.0,NAA-GDP,3,s2_p20_NAA-GDP_l7_r3
,False,AM,s2_p20_l8_r0_AM,a12dcb1ba4e2a21b6a4474c284e3079c1b8e06dc282072a6d2d3a684bd02794b,1a980269c1778978c64462bf76cf00949cd95e29e33d5066107809299e5dec35,0,8,0.18,0.048,2,20.0,NAA-GDP,0,s2_p20_NAA-GDP_l8_r0
,False,AM,s2_p20_l8_r1_AM,a12dcb1ba4e2a21b6a4474c284e3079c1b8e06dc282072a6d2d3a684bd02794b,1a980269c1778978c64462bf76cf00949cd95e29e33d5066107809299e5dec35,0,8,0.108,0.048,2,20.0,NAA-GDP,1,s2_p20_NAA-GDP_l8_r1
,False,AM,s2_p20_l8_r2_AM,a12dcb1ba4e2a21b6a4474c284e3079c1b8e06dc282072a6d2d3a684bd02794b,1a980269c1778978c64462bf76cf00949cd95e29e33d5066107809299e5dec35,0,8,0.13,0.048,2,20.0,NAA-GDP,2,s2_p20_NAA-GDP_l8_r2
,False,AM,s2_p20_l8_r3_AM,a12dcb1ba4e2a21b6a4474c284e3079c1b8e06dc282072a6d2d3a684bd02794b,1a980269c1778978c64462bf76cf00949cd95e29e33d5066107809299e5dec35,0,8,0.119,0.048,2,20.0,NAA-GDP,3,s2_p20_NAA-GDP_l8_r3
,False,AM,s2_p20_l9_r0_AM,a12dcb1ba4e2a21b6a4474c284e3079c1b8e06dc282072a6d2d3a684bd02794b,1a980269c1778978c64462bf76cf00949cd95e29e33d5066107809299e5dec35,0,9,0.101,0.054,2,20.0,NAA-GDP,0,s2_p20_NAA-GDP_l9_r0
,False,AM,s2_p20_l9_r1_AM,a12dcb1ba4e2a21b6a4474c284e3079c1b8e06dc282072a6d2d3a684bd02794b,1a980269c1778978c64462bf76cf00949cd95e29e33d5066107809299e5dec35,0,9,0.111,0.054,2,20.0,NAA-GDP,1,s2_p20_NAA-GDP_l9_r1
,False,AM,s2_p20_l9_r2_AM,a12dcb1ba4e2a21b6a4474c284e3079c1b8e06dc282072a6d2d3a684bd02794b,1a980269c1778978c64462bf76cf00949cd95e29e33d5066107809299e5dec35,0,9,0.136,0.054,2,20.0,NAA-GDP,2,s2_p20_NAA-GDP_l9_r2
,False,AM,s2_p20_l9_r3_AM,a12dcb1ba4e2a21b6a4474c284e3079c1b8e06dc282072a6d2d3a684bd02794b,1a980269c1778978c64462bf76cf00949cd95e29e33d5066107809299e5dec35,0,9,0.095,0.054,2,20.0,NAA-GDP,3,s2_p20_NAA-GDP_l9_r3
,False,AM,s2_p2_l10_r0_AM,a12dcb1ba4e2a21b6a4474c284e3079c1b8e06dc282072a6d2d3a684bd02794b,1a980269c1778978c64462bf76cf00949cd95e29e33d5066107809299e5dec35,0,10,0.087,0.06,2,2.0,NAA-GDP,0,s2_p2_NAA-GDP_l10_r0
,False,AM,s2_p2_l10_r1_AM,a12dcb1ba4e2a21b6a4474c284e3079c1b8e06dc282072a6d2d3a684bd02794b,1a980269c1778978c64462bf76cf00949cd95e29e33d5066107809299e5dec35,0,10,0.098,0.06,2,2.0,NAA-GDP,1,s2_p2_NAA-GDP_l10_r1
,False,AM,s2_p2_l10_r2_AM,a12dcb1ba4e2a21b6a4474c284e3079c1b8e06dc282072a6d2d3a684bd02794b,1a980269c1778978c64462bf76cf00949cd95e29e33d5066107809299e5dec35,0,10,0.098,0.06,2,2.0,NAA-GDP,2,s2_p2_NAA-GDP_l10_r2
,False,AM,s2_p2_l10_r3_AM,a12dcb1ba4e2a21b6a4474c284e3079c1b8e06dc282072a6d2d3a684bd02794b,1a980269c1778978c64462bf76cf00949cd95e29e33d5066107809299e5dec35,0,10,0.096,0.06,2,2.0,NAA-GDP,3,s2_p2_NAA-GDP_l10_r3
,False,AM,s2_p2_l1_r0_AM,a12dcb1ba4e2a21b6a4474c284e3079c1b8e06dc282072a6d2d3a684bd02794b,1a980269c1778978c64462bf76cf00949cd95e29e33d5066107809299e5dec35,0,1,0.569,0.006,2,2.0,NAA-GDP,0,s2_p2_NAA-GDP_l1_r0
,False,AM,s2_p2_l1_r1_AM,a12dcb1ba4e2a21b6a4474c284e3079c1b8e06dc282072a6d2d3a684bd02794b,1a980269c1778978c64462bf76cf00949cd95e29e33d5066107809299e5dec35,0,1,0.516,0.006,2,2.0,NAA-GDP,1,s2_p2_NAA-GDP_l1_r1
,False,AM,s2_p2_l1_r2_AM,a12dcb1ba4e2a21b6a4474c284e3079c1b8e06dc282072a6d2d3a684bd02794b,1a980269c1778978c64462bf76cf00949cd95e29e33d5066107809299e5dec35,0,1,0.553,0.006,2,2.0,NAA-GDP,2,s2_p2_NAA-GDP_l1_r2
,False,AM,s2_p2_l1_r3_AM,a12dcb1ba4e2a21b6a4474c284e3079c1b8e06dc282072a6d2d3a684bd02794b,1a980269c1778978c64462bf76cf00949cd95e29e33d5066107809299e5dec35,0,1,0.599,0.006,2,2.0,NAA-GDP,3,s2_p2_NAA-GDP_l1_r3
,False,AM,s2_p2_l2_r0_AM,a12dcb1ba4e2a21b6a4474c284e3079c1b8e06dc282072a6d2d3a684bd02794b,1a980269c1778978c64462bf76cf00949cd95e29e33d5066107809299e5dec35,0,2,0.299,0.012,2,2.0,NAA-GDP,0,s2_p2_NAA-GDP_l2_r0
,False,AM,s2_p2_l2_r1_AM,a12dcb1ba4e2a21b6a4474c284e3079c1b8e06dc282072a6d2d3a684bd02794b,1a980269c1778978c64462bf76cf00949cd95e29e33d5066107809299e5dec35,0,2,0.331,0.012,2,2.0,NAA-GDP,1,s2_p2_NAA-GDP_l2_r1
,False,AM,s2_p2_l2_r2_AM,a12dcb1ba4e2a21b6a4474c284e3079c1b8e06dc282072a6d2d3a684bd02794b,1a980269c1778978c64462bf76cf00949cd95e29e33d5066107809299e5dec35,0,2,0.382,0.012,2,2.0,NAA-GDP,2,s2_p2_NAA-GDP_l2_r2
,False,AM,s2_p2_l2_r3_AM,a12dcb1ba4e2a21b6a4474c284e3079c1b8e06dc282072a6d2d3a684bd02794b,1a980269c1778978c64462bf76cf00949cd95e29e33d5066107809299e5dec35,0,2,0.396,0.012,2,2.0,NAA-GDP,3,s2_p2_NAA-GDP_l2_r3
,False,AM,s2_p2_l3_r0_AM,a12dcb1ba4e2a21b6a4474c284e3079c1b8e06dc282072a6d2d3a684bd02794b,1a980269c1778978c64462bf76cf00949cd95e29e33d5066107809299e5dec35,0,3,0.283,0.018,2,2.0,NAA-GDP,0,s2_p2_NAA-GDP_l3_r0
,False,AM,s2_p2_l3_r1_AM,a12dcb1ba4e2a21b6a4474c284e3079c1b8e06dc282072a6d2d3a684bd02794b,1a980269c1778978c64462bf76cf00949cd95e29e33d5066107809299e5dec35,0,3,0.245,0.018,2,2.0,NAA-GDP,1,s2_p2_NAA-GDP_l3_r1
,False,AM,s2_p2_l3_r2_AM,a12dcb1ba4e2a21b6a4474c284e3079c1b8e06dc282072a6d2d3a684bd02794b,1a980269c1778978c64462bf76cf00949cd95e29e33d5066107809299e5dec35,0,3,0.229,0.018,2,2.0,NAA-GDP,2,s2_p2_NAA-GDP_l3_r2
,False,AM,s2_p2_l3_r3_AM,a12dcb1ba4e2a21b6a4474c284e3079c1b8e06dc282072a6d2d3a684bd02794b,1a980269c1778978c64462bf76cf00949cd95e29e33d5066107809299e5dec35,0,3,0.267,0.018,2,2.0,NAA-GDP,3,s2_p2_NAA-GDP_l3_r3
,False,AM,s2_p2_l4_r0_AM,a12dcb1ba4e2a21b6a4474c284e3079c1b8e06dc282072a6d2d3a684bd02794b,1a980269c1778978c64462bf76cf00949cd95e29e33d5066107809299e5dec35,0,4,0.163,0.024,2,2.0,NAA-GDP,0,s2_p2_NAA-GDP_l4_r0
,False,AM,s2_p2_l4_r1_AM,a12dcb1ba4e2a21b6a4474c284e3079c1b8e06dc282072a6d2d3a684bd02794b,1a980269c1778978c64462bf76cf00949cd95e29e33d5066107809299e5dec35,0,4,0.177,0.024,2,2.0,NAA-GDP,1,s2_p2_NAA-GDP_l4_r1
,False,AM,s2_p2_l4_r2_AM,a12dcb1ba4e2a21b6a4474c284e3079c1b8e06dc282072a6d2d3a684bd02794b,1a980269c1778978c64462bf76cf00949cd95e29e33d5066107809299e5dec35,0,4,0.171,0.024,2,2.0,NAA-GDP,2,s2_p2_NAA-GDP_l4_r2
,False,AM,s2_p2_l4_r3_AM,a12dcb1ba4e2a21b6a4474c284e3079c1b8e06dc282072a6d2d3a684bd02794b,1a980269c1778978c64462bf76cf00949cd95e29e33d5066107809299e5dec35,0,4,0.195,0.024,2,2.0,NAA-GDP,3,s2_p2_NAA-GDP_l4_r3
,False,AM,s2_p2_l5_r0_AM,a12dcb1ba4e2a21b6a4474c284e3079c1b8e06dc282072a6d2d3a684bd02794b,1a980269c1778978c64462bf76cf00949cd95e29e33d5066107809299e5dec35,0,5,0.123,0.03,2,2.0,NAA-GDP,0,s2_p2_NAA-GDP_l5_r0
,False,AM,s2_p2_l5_r1_AM,a12dcb1ba4e2a21b6a4474c284e3079c1b8e06dc282072a6d2d3a684bd02794b,1a980269c1778978c64462bf76cf00949cd95e29e33d5066107809299e5dec35,0,5,0.126,0.03,2,2.0,NAA-GDP,1,s2_p2_NAA-GDP_l5_r1
,False,AM,s2_p2_l5_r2_AM,a12dcb1ba4e2a21b6a4474c284e3079c1b8e06dc282072a6d2d3a684bd02794b,1a980269c1778978c64462bf76cf00949cd95e29e33d5066107809299e5dec35,0,5,0.102,0.03,2,2.0,NAA-GDP,2,s2_p2_NAA-GDP_l5_r2
,False,AM,s2_p2_l5_r3_AM,a12dcb1ba4e2a21b6a4474c284e3079c1b8e06dc282072a6d2d3a684bd02794b,1a980269c1778978c64462bf76cf00949cd95e29e33d5066107809299e5dec35,0,5,0.127,0.03,2,2.0,NAA-GDP,3,s2_p2_NAA-GDP_l5_r3
,False,AM,s2_p2_l6_r0_AM,a12dcb1ba4e2a21b6a4474c284e3079c1b8e06dc282072a6d2d3a684bd02794b,1a980269c1778978c64462bf76cf00949cd95e29e33d5066107809299e5dec35,0,6,0.102,0.036,2,2.0,NAA-GDP,0,s2_p2_NAA-GDP_l6_r0
,False,AM,s2_p2_l6_r1_AM,a12dcb1ba4e2a21b6a4474c284e3079c1b8e06dc282072a6d2d3a684bd02794b,1a980269c1778978c64462bf76cf00949cd95e29e33d5066107809299e5dec35,0,6,0.139,0.036,2,2.0,NAA-GDP,1,s2_p2_NAA-GDP_l6_r1
,False,AM,s2_p2_l6_r2_AM,a12dcb1ba4e2a21b6a4474c284e3079c1b8e06dc282072a6d2d3a684bd02794b,1a980269c1778978c64462bf76cf00949cd95e29e33d5066107809299e5dec35,0,6,0.124,0.036,2,2.0,NAA-GDP,2,s2_p2_NAA-GDP_l6_r2
,False,AM,s2_p2_l6_r3_AM,a12dcb1ba4e2a21b6a4474c284e3079c1b8e06dc282072a6d2d3a684bd02794b,1a980269c1778978c64462bf76cf00949cd95e29e33d5066107809299e5dec35,0,6,0.104,0.036,2,2.0,NAA-GDP,3,s2_p2_NAA-GDP_l6_r3
,False,AM,s2_p2_l7_r0_AM,a12dcb1ba4e2a21b6a4474c284e3079c1b8e06dc282072a6d2d3a684bd02794b,1a980269c1778978c64462bf76cf00949cd95e29e33d5066107809299e5dec35,0,7,0.112,0.042,2,2.0,NAA-GDP,0,s2_p2_NAA-GDP_l7_r0
,False,AM,s2_p2_l7_r1_AM,a12dcb1ba4e2a21b6a4474c284e3079c1b8e06dc282072a6d2d3a684bd02794b,1a980269c1778978c64462bf76cf00949cd95e29e33d5066107809299e5dec35,0,7,0.113,0.042,2,2.0,NAA-GDP,1,s2_p2_NAA-GDP_l7_r1
,False,AM,s2_p2_l7_r2_AM,a12dcb1ba4e2a21b6a4474c284e3079c1b8e06dc282072a6d2d3a684bd02794b,1a980269c1778978c64462bf76cf00949cd95e29e33d5066107809299e5dec35,0,7,0.104,0.042,2,2.0,NAA-GDP,2,s2_p2_NAA-GDP_l7_r2
,False,AM,s2_p2_l7_r3_AM,a12dcb1ba4e2a21b6a4474c284e3079c1b8e06dc282072a6d2d3a684bd02794b,1a980269c1778978c64462bf76cf00949cd95e29e33d5066107809299e5dec35,0,7,0.131,0.042,2,2.0,NAA-GDP,3,s2_p2_NAA-GDP_l7_r3
,False,AM,s2_p2_l8_r0_AM,a12dcb1ba4e2a21b6a4474c284e3079c1b8e06dc282072a6d2d3a684bd02794b,1a980269c1778978c64462bf76cf00949cd95e29e33d5066107809299e5dec35,0,8,0.12,0.048,2,2.0,NAA-GDP,0,s2_p2_NAA-GDP_l8_r0
,False,AM,s2_p2_l8_r1_AM,a12dcb1ba4e2a21b6a4474c284e3079c1b8e06dc282072a6d2d3a684bd02794b,1a980269c1778978c64462bf76cf00949cd95e29e33d5066107809299e5dec35,0,8,0.097,0.048,2,2.0,NAA-GDP,1,s2_p2_NAA-GDP_l8_r1
,False,AM,s2_p2_l8_r2_AM,a12dcb1ba4e2a21b6a4474c284e3079c1b8e06dc282072a6d2d3a684bd02794b,1a980269c1778978c64462bf76cf00949cd95e29e33d5066107809299e5dec35,0,8,0.114,0.048,2,2.0,NAA-GDP,2,s2_p2_NAA-GDP_l8_r2
,False,AM,s2_p2_l8_r3_AM,a12dcb1ba4e2a21b6a4474c284e3079c1b8e06dc282072a6d2d3a684bd02794b,1a980269c1778978c64462bf76cf00949cd95e29e33d5066107809299e5dec35,0,8,0.096,0.048,2,2.0,NAA-GDP,3,s2_p2_NAA-GDP_l8_r3
,False,AM,s2_p2_l9_r0_AM,a12dcb1ba4e2a21b6a4474c284e3079c1b8e06dc282072a6d2d3a684bd02794b,1a980269c1778978c64462bf76cf00949cd95e29e33d5066107809299e5dec35,0,9,0.121,0.054,2,2.0,NAA-GDP,0,s2_p2_NAA-GDP_l9_r0
,False,AM,s2_p2_l9_r1_AM,a12dcb1ba4e2a21b6a4474c284e3079c1b8e06dc282072a6d2d3a684bd02794b,1a980269c1778978c64462bf76cf00949cd95e29e33d5066107809299e5dec35,0,9,0.115,0.054,2,2.0,NAA-GDP,1,s2_p2_NAA-GDP_l9_r1
,False,AM,s2_p2_l9_r2_AM,a12dcb1ba4e2a21b6a4474c284e3079c1b8e06dc282072a6d2d3a684bd02794b,1a980269c1778978c64462bf76cf00949cd95e29e33d5066107809299e5dec35,0,9,0.089,0.054,2,2.0,NAA-GDP,2,s2_p2_NAA-GDP_l9_r2
,False,AM,s2_p2_l9_r3_AM,a12dcb1ba4e2a21b6a4474c284e3079c1b8e06dc282072a6d2d3a684bd02794b,1a980269c1778978c64462bf76cf00949cd95e29e33d5066107809299e5dec35,0,9,0.116,0.054,2,2.0,NAA-GDP,3,s2_p2_NAA-GDP_l9_r3
,False,AM,s2_p50_l10_r0_AM,a12dcb1ba4e2a21b6a4474c284e3079c1b8e06dc282072a6d2d3a684bd02794b,1a980269c1778978c64462bf76cf00949cd95e29e33d5066107809299e5dec35,0,10,0.121,0.06,2,50.0,NAA-GDP,0,s2_p50_NAA-GDP_l10_r0
,False,AM,s2_p50_l10_r1_AM,a12dcb1ba4e2a21b6a4474c284e3079c1b8e06dc282072a6d2d3a684bd02794b,1a980269c1778978c64462bf76cf00949cd95e29e33d5066107809299e5dec35,0,10,0.112,0.06,2,50.0,NAA-GDP,1,s2_p50_NAA-GDP_l10_r1
,False,AM,s2_p50_l10_r2_AM,a12dcb1ba4e2a21b6a4474c284e3079c1b8e06dc282072a6d2d3a684bd02794b,1a980269c1778978c64462bf76cf00949cd95e29e33d5066107809299e5dec35,0,10,0.114,0.06,2,50.0,NAA-GDP,2,s2_p50_NAA-GDP_l10_r2
,False,AM,s2_p50_l10_r3_AM,a12dcb1ba4e2a21b6a4474c284e3079c1b8e06dc282072a6d2d3a684bd02794b,1a980269c1778978c64462bf76cf00949cd95e29e33d5066107809299e5dec35,0,10,0.122,0.06,2,50.0,NAA-GDP,3,s2_p50_NAA-GDP_l10_r3
,False,AM,s2_p50_l1_r0_AM,a12dcb1ba4e2a21b6a4474c284e3079c1b8e06dc282072a6d2d3a684bd02794b,1a980269c1778978c64462bf76cf00949cd95e29e33d5066107809299e5dec35,0,1,0.58,0.006,2,50.0,NAA-GDP,0,s2_p50_NAA-GDP_l1_r0
,False,AM,s2_p50_l1_r1_AM,a12dcb1ba4e2a21b6a4474c284e3079c1b8e06dc282072a6d2d3a684bd02794b,1a980269c1778978c64462bf76cf00949cd95e29e33d5066107809299e5dec35,0,1,0.538,0.006,2,50.0,NAA-GDP,1,s2_p50_NAA-GDP_l1_r1
,False,AM,s2_p50_l1_r2_AM,a12dcb1ba4e2a21b6a4474c284e3079c1b8e06dc282072a6d2d3a684bd02794b,1a980269c1778978c64462bf76cf00949cd95e29e33d5066107809299e5dec35,0,1,0.554,0.006,2,50.0,NAA-GDP,2,s2_p50_NAA-GDP_l1_r2
,False,AM,s2_p50_l1_r3_AM,a12dcb1ba4e2a21b6a4474c284e3079c1b8e06dc282072a6d2d3a684bd02794b,1a980269c1778978c64462bf76cf00949cd95e29e33d5066107809299e5dec35,0,1,0.584,0.006,2,50.0,NAA-GDP,3,s2_p50_NAA-GDP_l1_r3
,False,AM,s2_p50_l2_r0_AM,a12dcb1ba4e2a21b6a4474c284e3079c1b8e06dc282072a6d2d3a684bd02794b,1a980269c1778978c64462bf76cf00949cd95e29e33d5066107809299e5dec35,0,2,0.327,0.012,2,50.0,NAA-GDP,0,s2_p50_NAA-GDP_l2_r0
,False,AM,s2_p50_l2_r1_AM,a12dcb1ba4e2a21b6a4474c284e3079c1b8e06dc282072a6d2d3a684bd02794b,1a980269c1778978c64462bf76cf00949cd95e29e33d5066107809299e5dec35,0,2,0.339,0.012,2,50.0,NAA-GDP,1,s2_p50_NAA-GDP_l2_r1
,False,AM,s2_p50_l2_r2_AM,a12dcb1ba4e2a21b6a4474c284e3079c1b8e06dc282072a6d2d3a684bd02794b,1a980269c1778978c64462bf76cf00949cd95e29e33d5066107809299e5dec35,0,2,0.429,0.012,2,50.0,NAA-GDP,2,s2_p50_NAA-GDP_l2_r2
,False,AM,s2_p50_l2_r3_AM,a12dcb1ba4e2a21b6a4474c284e3079c1b8e06dc282072a6d2d3a684bd02794b,1a980269c1778978c64462bf76cf00949cd95e29e33d5066107809299e5dec35,0,2,0.395,0.012,2,50.0,NAA-GDP,3,s2_p50_NAA-GDP_l2_r3
,False,AM,s2_p50_l3_r0_AM,a12dcb1ba4e2a21b6a4474c284e3079c1b8e06dc282072a6d2d3a684bd02794b,1a980269c1778978c64462bf76cf00949cd95e29e33d5066107809299e5dec35,0,3,0.314,0.018,2,50.0,NAA-GDP,0,s2_p50_NAA-GDP_l3_r0
,False,AM,s2_p50_l3_r1_AM,a12dcb1ba4e2a21b6a4474c284e3079c1b8e06dc282072a6d2d3a684bd02794b,1a980269c1778978c64462bf76cf00949cd95e29e33d5066107809299e5dec35,0,3,0.244,0.018,2,50.0,NAA-GDP,1,s2_p50_NAA-GDP_l3_r1
,False,AM,s2_p50_l3_r2_AM,a12dcb1ba4e2a21b6a4474c284e3079c1b8e06dc282072a6d2d3a684bd02794b,1a980269c1778978c64462bf76cf00949cd95e29e33d5066107809299e5dec35,0,3,0.237,0.018,2,50.0,NAA-GDP,2,s2_p50_NAA-GDP_l3_r2
,False,AM,s2_p50_l3_r3_AM,a12dcb1ba4e2a21b6a4474c284e3079c1b8e06dc282072a6d2d3a684bd02794b,1a980269c1778978c64462bf76cf00949cd95e29e33d5066107809299e5dec35,0,3,0.234,0.018,2,50.0,NAA-GDP,3,s2_p50_NAA-GDP_l3_r3
,False,AM,s2_p50_l4_r0_AM,a12dcb1ba4e2a21b6a4474c284e3079c1b8e06dc282072a6d2d3a684bd02794b,1a980269c1778978c64462bf76cf00949cd95e29e33d5066107809299e5dec35,0,4,0.151,0.024,2,50.0,NAA-GDP,0,s2_p50_NAA-GDP_l4_r0
,False,AM,s2_p50_l4_r1_AM,a12dcb1ba4e2a21b6a4474c284e3079c1b8e06dc282072a6d2d3a684bd02794b,1a980269c1778978c64462bf76cf00949cd95e29e33d5066107809299e5dec35,0,4,0.217,0.024,2,50.0,NAA-GDP,1,s2_p50_NAA-GDP_l4_r1
,False,AM,s2_p50_l4_r2_AM,a12dcb1ba4e2a21b6a4474c284e3079c1b8e06dc282072a6d2d3a684bd02794b,1a980269c1778978c64462bf76cf00949cd95e29e33d5066107809299e5dec35,0,4,0.197,0.024,2,50.0,NAA-GDP,2,s2_p50_NAA-GDP_l4_r2
,False,AM,s2_p50_l4_r3_AM,a12dcb1ba4e2a21b6a4474c284e3079c1b8e06dc282072a6d2d3a684bd02794b,1a980269c1778978c64462bf76cf00949cd95e29e33d5066107809299e5dec35,0,4,0.236,0.024,2,50.0,NAA-GDP,3,s2_p50_NAA-GDP_l4_r3
,False,AM,s2_p50_l5_r0_AM,a12dcb1ba4e2a21b6a4474c284e3079c1b8e06dc282072a6d2d3a684bd02794b,1a980269c1778978c64462bf76cf00949cd95e29e33d5066107809299e5dec35,0,5,0.181,0.03,2,50.0,NAA-GDP,0,s2_p50_NAA-GDP_l5_r0
,False,AM,s2_p50_l5_r1_AM,a12dcb1ba4e2a21b6a4474c284e3079c1b8e06dc282072a6d2d3a684bd02794b,1a980269c1778978c64462bf76cf00949cd95e29e33d5066107809299e5dec35,0,5,0.18,0.03,2,50.0,NAA-GDP,1,s2_p50_NAA-GDP_l5_r1
,False,AM,s2_p50_l5_r2_AM,a12dcb1ba4e2a21b6a4474c284e3079c1b8e06dc282072a6d2d3a684bd02794b,1a980269c1778978c64462bf76cf00949cd95e29e33d5066107809299e5dec35,0,5,0.164,0.03,2,50.0,NAA-GDP,2,s2_p50_NAA-GDP_l5_r2
,False,AM,s2_p50_l5_r3_AM,a12dcb1ba4e2a21b6a4474c284e3079c1b8e06dc282072a6d2d3a684bd02794b,1a980269c1778978c64462bf76cf00949cd95e29e33d5066107809299e5dec35,0,5,0.154,0.03,2,50.0,NAA-GDP,3,s2_p50_NAA-GDP_l5_r3
,False,AM,s2_p50_l6_r0_AM,a12dcb1ba4e2a21b6a4474c284e3079c1b8e06dc282072a6d2d3a684bd02794b,1a980269c1778978c64462bf76cf00949cd95e29e33d5066107809299e5dec35,0,6,0.117,0.036,2,50.0,NAA-GDP,0,s2_p50_NAA-GDP_l6_r0
,False,AM,s2_p50_l6_r1_AM,a12dcb1ba4e2a21b6a4474c284e3079c1b8e06dc282072a6d2d3a684bd02794b,1a980269c1778978c64462bf76cf00949cd95e29e33d5066107809299e5dec35,0,6,0.132,0.036,2,50.0,NAA-GDP,1,s2_p50_NAA-GDP_l6_r1
,False,AM,s2_p50_l6_r2_AM,a12dcb1ba4e2a21b6a4474c284e3079c1b8e06dc282072a6d2d3a684bd02794b,1a980269c1778978c64462bf76cf00949cd95e29e33d5066107809299e5dec35,0,6,0.169,0.036,2,50.0,NAA-GDP,2,s2_p50_NAA-GDP_l6_r2
,False,AM,s2_p50_l6_r3_AM,a12dcb1ba4e2a21b6a4474c284e3079c1b8e06dc282072a6d2d3a684bd02794b,1a980269c1778978c64462bf76cf00949cd95e29e33d5066107809299e5dec35,0,6,0.138,0.036,2,50.0,NAA-GDP,3,s2_p50_NAA-GDP_l6_r3
,False,AM,s2_p50_l7_r0_AM,a12dcb1ba4e2a21b6a4474c284e3079c1b8e06dc282072a6d2d3a684bd02794b,1a980269c1778978c64462bf76cf00949cd95e29e33d5066107809299e5dec35,0,7,0.122,0.042,2,50.0,NAA-GDP,0,s2_p50_NAA-GDP_l7_r0
,False,AM,s2_p50_l7_r1_AM,a12dcb1ba4e2a21b6a4474c284e3079c1b8e06dc282072a6d2d3a684bd02794b,1a980269c1778978c64462bf76cf00949cd95e29e33d5066107809299e5dec35,0,7,0.112,0.042,2,50.0,NAA-GDP,1,s2_p50_NAA-GDP_l7_r1
,False,AM,s2_p50_l7_r2_AM,a12dcb1ba4e2a21b6a4474c284e3079c1b8e06dc282072a6d2d3a684bd02794b,1a980269c1778978c64462bf76cf00949cd95e29e33d5066107809299e5dec35,0,7,0.097,0.042,2,50.0,NAA-GDP,2,s2_p50_NAA-GDP_l7_r2
,False,AM,s2_p50_l7_r3_AM,a12dcb1ba4e2a21b6a4474c284e3079c1b8e06dc282072a6d2d3a684bd02794b,1a980269c1778978c64462bf76cf00949cd95e29e33d5066107809299e5dec35,0,7,0.11,0.042,2,50.0,NAA-GDP,3,s2_p50_NAA-GDP_l7_r3
,False,AM,s2_p50_l8_r0_AM,a12dcb1ba4e2a21b6a4474c284e3079c1b8e06dc282072a6d2d3a684bd02794b,1a980269c1778978c64462bf76cf00949cd95e29e33d5066107809299e5dec35,0,8,0.113,0.048,2,50.0,NAA-GDP,0,s2_p50_NAA-GDP_l8_r0
,False,AM,s2_p50_l8_r1_AM,a12dcb1ba4e2a21b6a4474c284e3079c1b8e06dc282072a6d2d3a684bd02794b,1a980269c1778978c64462bf76cf00949cd95e29e33d5066107809299e5dec35,0,8,0.107,0.048,2,50.0,NAA-GDP,1,s2_p50_NAA-GDP_l8_r1
,False,AM,s2_p50_l8_r2_AM,a12dcb1ba4e2a21b6a4474c284e3079c1b8e06dc282072a6d2d3a684bd02794b,1a980269c1778978c64462bf76cf00949cd95e29e33d5066107809299e5dec35,0,8,0.105,0.048,2,50.0,NAA-GDP,2,s2_p50_NAA-GDP_l8_r2
,False,AM,s2_p50_l8_r3_AM,a12dcb1ba4e2a21b6a4474c284e3079c1b8e06dc282072a6d2d3a684bd02794b,1a980269c1778978c64462bf76cf00949cd95e29e33d5066107809299e5dec35,0,8,0.129,0.048,2,50.0,NAA-GDP,3,s2_p50_NAA-GDP_l8_r3
,False,AM,s2_p50_l9_r0_AM,a12dcb1ba4e2a21b6a4474c284e3079c1b8e06dc282072a6d2d3a684bd02794b,1a980269c1778978c64462bf76cf00949cd95e29e33d5066107809299e5dec35,0,9,0.085,0.054,2,50.0,NAA-GDP,0,s2_p50_NAA-GDP_l9_r0
,False,AM,s2_p50_l9_r1_AM,a12dcb1ba4e2a21b6a4474c284e3079c1b8e06dc282072a6d2d3a684bd02794b,1a980269c1778978c64462bf76cf00949cd95e29e33d5066107809299e5dec35,0,9,0.108,0.054,2,50.0,NAA-GDP,1,s2_p50_NAA-GDP_l9_r1
,False,AM,s2_p50_l9_r2_AM,a12dcb1ba4e2a21b6a4474c284e3079c1b8e06dc282072a6d2d3a684bd02794b,1a980269c1778978c64462bf76cf00949cd95e29e33d5066107809299e5dec35,0,9,0.117,0.054,2,50.0,NAA-GDP,2,s2_p50_NAA-GDP_l9_r2
,False,AM,s2_p50_l9_r3_AM,a12dcb1ba4e2a21b6a4474c284e3079c1b8e06dc282072a6d2d3a684bd02794b,1a980269c1778978c64462bf76cf00949cd95e29e33d5066107809299e5dec35,0,9,0.105,0.054,2,50.0,NAA-GDP,3,s2_p50_NAA-GDP_l9_r3
,False,AM,s2_p5_l10_r0_AM,a12dcb1ba4e2a21b6a4474c284e3079c1b8e06dc282072a6d2d3a684bd02794b,1a980269c1778978c64462bf76cf00949cd95e29e33d5066107809299e5dec35,0,10,0.096,0.06,2,5.0,NAA-GDP,0,s2_p5_NAA-GDP_l10_r0
,False,AM,s2_p5_l10_r1_AM,a12dcb1ba4e2a21b6a4474c284e3079c1b8e06dc282072a6d2d3a684bd02794b,1a980269c1778978c64462bf76cf00949cd95e29e33d5066107809299e5dec35,0,10,0.118,0.06,2,5.0,NAA-GDP,1,s2_p5_NAA-GDP_l10_r1
,False,AM,s2_p5_l10_r2_AM,a12dcb1ba4e2a21b6a4474c284e3079c1b8e06dc282072a6d2d3a684bd02794b,1a980269c1778978c64462bf76cf00949cd95e29e33d5066107809299e5dec35,0,10,0.114,0.06,2,5.0,NAA-GDP,2,s2_p5_NAA-GDP_l10_r2
,False,AM,s2_p5_l10_r3_AM,a12dcb1ba4e2a21b6a4474c284e3079c1b8e06dc282072a6d2d3a684bd02794b,1a980269c1778978c64462bf76cf00949cd95e29e33d5066107809299e5dec35,0,10,0.121,0.06,2,5.0,NAA-GDP,3,s2_p5_NAA-GDP_l10_r3
,False,AM,s2_p5_l1_r0_AM,a12dcb1ba4e2a21b6a4474c284e3079c1b8e06dc282072a6d2d3a684bd02794b,1a980269c1778978c64462bf76cf00949cd95e29e33d5066107809299e5dec35,0,1,0.571,0.006,2,5.0,NAA-GDP,0,s2_p5_NAA-GDP_l1_r0
,False,AM,s2_p5_l1_r1_AM,a12dcb1ba4e2a21b6a4474c284e3079c1b8e06dc282072a6d2d3a684bd02794b,1a980269c1778978c64462bf76cf00949cd95e29e33d5066107809299e5dec35,0,1,0.521,0.006,2,5.0,NAA-GDP,1,s2_p5_NAA-GDP_l1_r1
,False,AM,s2_p5_l1_r2_AM,a12dcb1ba4e2a21b6a4474c284e3079c1b8e06dc282072a6d2d3a684bd02794b,1a980269c1778978c64462bf76cf00949cd95e29e33d5066107809299e5dec35,0,1,0.554,0.006,2,5.0,NAA-GDP,2,s2_p5_NAA-GDP_l1_r2
,False,AM,s2_p5_l1_r3_AM,a12dcb1ba4e2a21b6a4474c284e3079c1b8e06dc282072a6d2d3a684bd02794b,1a980269c1778978c64462bf76cf00949cd95e29e33d5066107809299e5dec35,0,1,0.585,0.006,2,5.0,NAA-GDP,3,s2_p5_NAA-GDP_l1_r3
,False,AM,s2_p5_l2_r0_AM,a12dcb1ba4e2a21b6a4474c284e3079c1b8e06dc282072a6d2d3a684bd02794b,1a980269c1778978c64462bf76cf00949cd95e29e33d5066107809299e5dec35,0,2,0.324,0.012,2,5.0,NAA-GDP,0,s2_p5_NAA-GDP_l2_r0
,False,AM,s2_p5_l2_r1_AM,a12dcb1ba4e2a21b6a4474c284e3079c1b8e06dc282072a6d2d3a684bd02794b,1a980269c1778978c64462bf76cf00949cd95e29e33d5066107809299e5dec35,0,2,0.352,0.012,2,5.0,NAA-GDP,1,s2_p5_NAA-GDP_l2_r1
,False,AM,s2_p5_l2_r2_AM,a12dcb1ba4e2a21b6a4474c284e3079c1b8e06dc282072a6d2d3a684bd02794b,1a980269c1778978c64462bf76cf00949cd95e29e33d5066107809299e5dec35,0,2,0.423,0.012,2,5.0,NAA-GDP,2,s2_p5_NAA-GDP_l2_r2
,False,AM,s2_p5_l2_r3_AM,a12dcb1ba4e2a21b6a4474c284e3079c1b8e06dc282072a6d2d3a684bd02794b,1a980269c1778978c64462bf76cf00949cd95e29e33d5066107809299e5dec35,0,2,0.398,0.012,2,5.0,NAA-GDP,3,s2_p5_NAA-GDP_l2_r3
,False,AM,s2_p5_l3_r0_AM,a12dcb1ba4e2a21b6a4474c284e3079c1b8e06dc282072a6d2d3a684bd02794b,1a980269c1778978c64462bf76cf00949cd95e29e33d5066107809299e5dec35,0,3,0.265,0.018,2,5.0,NAA-GDP,0,s2_p5_NAA-GDP_l3_r0
,False,AM,s2_p5_l3_r1_AM,a12dcb1ba4e2a21b6a4474c284e3079c1b8e06dc282072a6d2d3a684bd02794b,1a980269c1778978c64462bf76cf00949cd95e29e33d5066107809299e5dec35,0,3,0.255,0.018,2,5.0,NAA-GDP,1,s2_p5_NAA-GDP_l3_r1
,False,AM,s2_p5_l3_r2_AM,a12dcb1ba4e2a21b6a4474c284e3079c1b8e06dc282072a6d2d3a684bd02794b,1a980269c1778978c64462bf76cf00949cd95e29e33d5066107809299e5dec35,0,3,0.234,0.018,2,5.0,NAA-GDP,2,s2_p5_NAA-GDP_l3_r2
,False,AM,s2_p5_l3_r3_AM,a12dcb1ba4e2a21b6a4474c284e3079c1b8e06dc282072a6d2d3a684bd02794b,1a980269c1778978c64462bf76cf00949cd95e29e33d5066107809299e5dec35,0,3,0.237,0.018,2,5.0,NAA-GDP,3,s2_p5_NAA-GDP_l3_r3
,False,AM,s2_p5_l4_r0_AM,a12dcb1ba4e2a21b6a4474c284e3079c1b8e06dc282072a6d2d3a684bd02794b,1a980269c1778978c64462bf76cf00949cd95e29e33d5066107809299e5dec35,0,4,0.135,0.024,2,5.0,NAA-GDP,0,s2_p5_NAA-GDP_l4_r0
,False,AM,s2_p5_l4_r1_AM,a12dcb1ba4e2a21b6a4474c284e3079c1b8e06dc282072a6d2d3a684bd02794b,1a980269c1778978c64462bf76cf00949cd95e29e33d5066107809299e5dec35,0,4,0.172,0.024,2,5.0,NAA-GDP,1,s2_p5_NAA-GDP_l4_r1
,False,AM,s2_p5_l4_r2_AM,a12dcb1ba4e2a21b6a4474c284e3079c1b8e06dc282072a6d2d3a684bd02794b,1a980269c1778978c64462bf76cf00949cd95e29e33d5066107809299e5dec35,0,4,0.212,0.024,2,5.0,NAA-GDP,2,s2_p5_NAA-GDP_l4_r2
,False,AM,s2_p5_l4_r3_AM,a12dcb1ba4e2a21b6a4474c284e3079c1b8e06dc282072a6d2d3a684bd02794b,1a980269c1778978c64462bf76cf00949cd95e29e33d5066107809299e5dec35,0,4,0.203,0.024,2,5.0,NAA-GDP,3,s2_p5_NAA-GDP_l4_r3
,False,AM,s2_p5_l5_r0_AM,a12dcb1ba4e2a21b6a4474c284e3079c1b8e06dc282072a6d2d3a684bd02794b,1a980269c1778978c64462bf76cf00949cd95e29e33d5066107809299e5dec35,0,5,0.147,0.03,2,5.0,NAA-GDP,0,s2_p5_NAA-GDP_l5_r0
,False,AM,s2_p5_l5_r1_AM,a12dcb1ba4e2a21b6a4474c284e3079c1b8e06dc282072a6d2d3a684bd02794b,1a980269c1778978c64462bf76cf00949cd95e29e33d5066107809299e5dec35,0,5,0.168,0.03,2,5.0,NAA-GDP,1,s2_p5_NAA-GDP_l5_r1
,False,AM,s2_p5_l5_r2_AM,a12dcb1ba4e2a21b6a4474c284e3079c1b8e06dc282072a6d2d3a684bd02794b,1a980269c1778978c64462bf76cf00949cd95e29e33d5066107809299e5dec35,0,5,0.14,0.03,2,5.0,NAA-GDP,2,s2_p5_NAA-GDP_l5_r2
,False,AM,s2_p5_l5_r3_AM,a12dcb1ba4e2a21b6a4474c284e3079c1b8e06dc282072a6d2d3a684bd02794b,1a980269c1778978c64462bf76cf00949cd95e29e33d5066107809299e5dec35,0,5,0.15,0.03,2,5.0,NAA-GDP,3,s2_p5_NAA-GDP_l5_r3
,False,AM,s2_p5_l6_r0_AM,a12dcb1ba4e2a21b6a4474c284e3079c1b8e06dc282072a6d2d3a684bd02794b,1a980269c1778978c64462bf76cf00949cd95e29e33d5066107809299e5dec35,0,6,0.088,0.036,2,5.0,NAA-GDP,0,s2_p5_NAA-GDP_l6_r0
,False,AM,s2_p5_l6_r1_AM,a12dcb1ba4e2a21b6a4474c284e3079c1b8e06dc282072a6d2d3a684bd02794b,1a980269c1778978c64462bf76cf00949cd95e29e33d5066107809299e5dec35,0,6,0.12,0.036,2,5.0,NAA-GDP,1,s2_p5_NAA-GDP_l6_r1
,False,AM,s2_p5_l6_r2_AM,a12dcb1ba4e2a21b6a4474c284e3079c1b8e06dc282072a6d2d3a684bd02794b,1a980269c1778978c64462bf76cf00949cd95e29e33d5066107809299e5dec35,0,6,0.128,0.036,2,5.0,NAA-GDP,2,s2_p5_NAA-GDP_l6_r2
,False,AM,s2_p5_l6_r3_AM,a12dcb1ba4e2a21b6a4474c284e3079c1b8e06dc282072a6d2d3a684bd02794b,1a980269c1778978c64462bf76cf00949cd95e29e33d5066107809299e5dec35,0,6,0.129,0.036,2,5.0,NAA-GDP,3,s2_p5_NAA-GDP_l6_r3
,False,AM,s2_p5_l7_r0_AM,a12dcb1ba4e2a21b6a4474c284e3079c1b8e06dc282072a6d2d3a684bd02794b,1a980269c1778978c64462bf76cf00949cd95e29e33d5066107809299e5dec35,0,7,0.124,0.042,2,5.0,NAA-GDP,0,s2_p5_NAA-GDP_l7_r0
,False,AM,s2_p5_l7_r1_AM,a12dcb1ba4e2a21b6a4474c284e3079c1b8e06dc282072a6d2d3a684bd02794b,1a980269c1778978c64462bf76cf00949cd95e29e33d5066107809299e5dec35,0,7,0.096,0.042,2,5.0,NAA-GDP,1,s2_p5_NAA-GDP_l7_r1
,False,AM,s2_p5_l7_r2_AM,a12dcb1ba4e2a21b6a4474c284e3079c1b8e06dc282072a6d2d3a684bd02794b,1a980269c1778978c64462bf76cf00949cd95e29e33d5066107809299e5dec35,0,7,0.098,0.042,2,5.0,NAA-GDP,2,s2_p5_NAA-GDP_l7_r2
,False,AM,s2_p5_l7_r3_AM,a12dcb1ba4e2a21b6a4474c284e3079c1b8e06dc282072a6d2d3a684bd02794b,1a980269c1778978c64462bf76cf00949cd95e29e33d5066107809299e5dec35,0,7,0.091,0.042,2,5.0,NAA-GDP,3,s2_p5_NAA-GDP_l7_r3
,False,AM,s2_p5_l8_r0_AM,a12dcb1ba4e2a21b6a4474c284e3079c1b8e06dc282072a6d2d3a684bd02794b,1a980269c1778978c64462bf76cf00949cd95e29e33d5066107809299e5dec35,0,8,0.129,0.048,2,5.0,NAA-GDP,0,s2_p5_NAA-GDP_l8_r0
,False,AM,s2_p5_l8_r1_AM,a12dcb1ba4e2a21b6a4474c284e3079c1b8e06dc282072a6d2d3a684bd02794b,1a980269c1778978c64462bf76cf00949cd95e29e33d5066107809299e5dec35,0,8,0.092,0.048,2,5.0,NAA-GDP,1,s2_p5_NAA-GDP_l8_r1
,False,AM,s2_p5_l8_r2_AM,a12dcb1ba4e2a21b6a4474c284e3079c1b8e06dc282072a6d2d3a684bd02794b,1a980269c1778978c64462bf76cf00949cd95e29e33d5066107809299e5dec35,0,8,0.108,0.048,2,5.0,NAA-GDP,2,s2_p5_NAA-GDP_l8_r2
,False,AM,s2_p5_l8_r3_AM,a12dcb1ba4e2a21b6a4474c284e3079c1b8e06dc282072a6d2d3a684bd02794b,1a980269c1778978c64462bf76cf00949cd95e29e33d5066107809299e5dec35,0,8,0.137,0.048,2,5.0,NAA-GDP,3,s2_p5_NAA-GDP_l8_r3
,False,AM,s2_p5_l9_r0_AM,a12dcb1ba4e2a21b6a4474c284e3079c1b8e06dc282072a6d2d3a684bd02794b,1a980269c1778978c64462bf76cf00949cd95e29e33d5066107809299e5dec35,0,9,0.128,0.054,2,5.0,NAA-GDP,0,s2_p5_NAA-GDP_l9_r0
,False,AM,s2_p5_l9_r1_AM,a12dcb1ba4e2a21b6a4474c284e3079c1b8e06dc282072a6d2d3a684bd02794b,1a980269c1778978c64462bf76cf00949cd95e29e33d5066107809299e5dec35,0,9,0.111,0.054,2,5.0,NAA-GDP,1,s2_p5_NAA-GDP_l9_r1
,False,AM,s2_p5_l9_r2_AM,a12dcb1ba4e2a21b6a4474c284e3079c1b8e06dc282072a6d2d3a684bd02794b,1a980269c1778978c64462bf76cf00949cd95e29e33d5066107809299e5dec35,0,9,0.113,0.054,2,5.0,NAA-GDP,2,s2_p5_NAA-GDP_l9_r2
,False,AM,s2_p5_l9_r3_AM,a12dcb1ba4e2a21b6a4474c284e3079c1b8e06dc282072a6d2d3a684bd02794b,1a980269c1778978c64462bf76cf00949cd95e29e33d5066107809299e5dec35,0,9,0.099,0.054,2,5.0,NAA-GDP,3,s2_p5_NAA-GDP_l9_r3
,False,MP,s2_shared_l10_r0_MP,a12dcb1ba4e2a21b6a4474c284e3079c1b8e06dc282072a6d2d3a684bd02794b,1a980269c1778978c64462bf76cf00949cd95e29e33d5066107809299e5dec35,0,10,0.09,0.06,2,,NAA-GDP,0,s2_p2_NAA-GDP_l10_r0
,False,OP,s2_shared_l10_r0_OP,a12dcb1ba4e2a21b6a4474c284e3079c1b8e06dc282072a6d2d3a684bd02794b,1a980269c1778978c64462bf76cf00949cd95e29e33d5066107809299e5dec35,0,10,0.114,0.06,2,,NAA-GDP,0,s2_p2_NAA-GDP_l10_r0
,False,MP,s2_shared_l10_r1_MP,a12dcb1ba4e2a21b6a4474c284e3079c1b8e06dc282072a6d2d3a684bd02794b,1a980269c1778978c64462bf76cf00949cd95e29e33d5066107809299e5dec35,0,10,0.07,0.06,2,,NAA-GDP,1,s2_p2_NAA-GDP_l10_r1
,False,OP,s2_shared_l10_r1_OP,a12dcb1ba4e2a21b6a4474c284e3079c1b8e06dc282072a6d2d3a684bd02794b,1a980269c1778978c64462bf76cf00949cd95e29e33d5066107809299e5dec35,0,10,0.105,0.06,2,,NAA-GDP,1,s2_p2_NAA-GDP_l10_r1
,False,MP,s2_shared_l10_r2_MP,a12dcb1ba4e2a21b6a4474c284e3079c1b8e06dc282072a6d2d3a684bd02794b,1a980269c1778978c64462bf76cf00949cd95e29e33d5066107809299e5dec35,0,10,0.083,0.06,2,,NAA-GDP,2,s2_p2_NAA-GDP_l10_r2
,False,OP,s2_shared_l10_r2_OP,a12dcb1ba4e2a21b6a4474c284e3079c1b8e06dc282072a6d2d3a684bd02794b,1a980269c1778978c64462bf76cf00949cd95e29e33d5066107809299e5dec35,0,10,0.098,0.06,2,,NAA-GDP,2,s2_p2_NAA-GDP_l10_r2
,False,MP,s2_shared_l10_r3_MP,a12dcb1ba4e2a21b6a4474c284e3079c1b8e06dc282072a6d2d3a684bd02794b,1a980269c1778978c64462bf76cf00949cd95e29e33d5066107809299e5dec35,0,10,0.112,0.06,2,,NAA-GDP,3,s2_p2_NAA-GDP_l10_r3
,False,OP,s2_shared_l10_r3_OP,a12dcb1ba4e2a21b6a4474c284e3079c1b8e06dc282072a6d2d3a684bd02794b,1a980269c1778978c64462bf76cf00949cd95e29e33d5066107809299e5dec35,0,10,0.115,0.06,2,,NAA-GDP,3,s2_p2_NAA-GDP_l10_r3
,False,MP,s2_shared_l1_r0_MP,a12dcb1ba4e2a21b6a4474c284e3079c1b8e06dc282072a6d2d3a684bd02794b,1a980269c1778978c64462bf76cf00949cd95e29e33d5066107809299e5dec35,0,1,0.523,0.006,2,,NAA-GDP,0,s2_p50_NAA-GDP_l1_r0
,False,OP,s2_shared_l1_r0_OP,a12dcb1ba4e2a21b6a4474c284e3079c1b8e06dc282072a6d2d3a684bd02794b,1a980269c1778978c64462bf76cf00949cd95e29e33d5066107809299e5dec35,0,1,0.67,0.006,2,,NAA-GDP,0,s2_p50_NAA-GDP_l1_r0
,False,MP,s2_shared_l1_r1_MP,a12dcb1ba4e2a21b6a4474c284e3079c1b8e06dc282072a6d2d3a684bd02794b,1a980269c1778978c64462bf76cf00949cd95e29e33d5066107809299e5dec35,0,1,0.534,0.006,2,,NAA-GDP,1,s2_p50_NAA-GDP_l1_r1
,False,OP,s2_shared_l1_r1_OP,a12dcb1ba4e2a21b6a4474c284e3079c1b8e06dc282072a6d2d3a684bd02794b,1a980269c1778978c64462bf76cf00949cd95e29e33d5066107809299e5dec35,0,1,0.618,0.006,2,,NAA-GDP,1,s2_p50_NAA-GDP_l1_r1
,False,MP,s2_shared_l1_r2_MP,a12dcb1ba4e2a21b6a4474c284e3079c1b8e06dc282072a6d2d3a684bd02794b,1a980269c1778978c64462bf76cf00949cd95e29e33d5066107809299e5dec35,0,1,0.565,0.006,2,,NAA-GDP,2,s2_p50_NAA-GDP_l1_r2
,False,OP,s2_shared_l1_r2_OP,a12dcb1ba4e2a21b6a4474c284e3079c1b8e06dc282072a6d2d3a684bd02794b,1a980269c1778978c64462bf76cf00949cd95e29e33d5066107809299e5dec35,0,1,0.617,0.006,2,,NAA-GDP,2,s2_p50_NAA-GDP_l1_r2
,False,MP,s2_shared_l1_r3_MP,a12dcb1ba4e2a21b6a4474c284e3079c1b8e06dc282072a6d2d3a684bd02794b,1a980269c1778978c64462bf76cf00949cd95e29e33d5066107809299e5dec35,0,1,0.556,0.006,2,,NAA-GDP,3,s2_p50_NAA-GDP_l1_r3
,False,OP,s2_shared_l1_r3_OP,a12dcb1ba4e2a21b6a4474c284e3079c1b8e06dc282072a6d2d3a684bd02794b,1a980269c1778978c64462bf76cf00949cd95e29e33d5066107809299e5dec35,0,1,0.641,0.006,2,,NAA-GDP,3,s2_p50_NAA-GDP_l1_r3
,False,MP,s2_shared_l2_r0_MP,a12dcb1ba4e2a21b6a4474c284e3079c1b8e06dc282072a6d2d3a684bd02794b,1a980269c1778978c64462bf76cf00949cd95e29e33d5066107809299e5dec35,0,2,0.324,0.012,2,,NAA-GDP,0,s2_p50_NAA-GDP_l2_r0
,False,OP,s2_shared_l2_r0_OP,a12dcb1ba4e2a21b6a4474c284e3079c1b8e06dc282072a6d2d3a684bd02794b,1a980269c1778978c64462bf76cf00949cd95e29e33d5066107809299e5dec35,0,2,0.486,0.012,2,,NAA-GDP,0,s2_p50_NAA-GDP_l2_r0
,False,MP,s2_shared_l2_r1_MP,a12dcb1ba4e2a21b6a4474c284e3079c1b8e06dc282072a6d2d3a684bd02794b,1a980269c1778978c64462bf76cf00949cd95e29e33d5066107809299e5dec35,0,2,0.432,0.012,2,,NAA-GDP,1,s2_p50_NAA-GDP_l2_r1
,False,OP,s2_shared_l2_r1_OP,a12dcb1ba4e2a21b6a4474c284e3079c1b8e06dc282072a6d2d3a684bd02794b,1a980269c1778978c64462bf76cf00949cd95e29e33d5066107809299e5dec35,0,2,0.476,0.012,2,,NAA-GDP,1,s2_p50_NAA-GDP_l2_r1
,False,MP,s2_shared_l2_r2_MP,a12dcb1ba4e2a21b6a4474c284e3079c1b8e06dc282072a6d2d3a684bd02794b,1a980269c1778978c64462bf76cf00949cd95e29e33d5066107809299e5dec35,0,2,0.363,0.012,2,,NAA-GDP,2,s2_p50_NAA-GDP_l2_r2
,False,OP,s2_shared_l2_r2_OP,a12dcb1ba4e2a21b6a4474c284e3079c1b8e06dc282072a6d2d3a684bd02794b,1a980269c1778978c64462bf76cf00949cd95e29e33d5066107809299e5dec35,0,2,0.491,0.012,2,,NAA-GDP,2,s2_p50_NAA-GDP_l2_r2
,False,MP,s2_shared_l2_r3_MP,a12dcb1ba4e2a21b6a4474c284e3079c1b8e06dc282072a6d2d3a684bd02794b,1a980269c1778978c64462bf76cf00949cd95e29e33d5066107809299e5dec35,0,2,0.359,0.012,2,,NAA-GDP,3,s2_p50_NAA-GDP_l2_r3
,False,OP,s2_shared_l2_r3_OP,a12dcb1ba4e2a21b6a4474c284e3079c1b8e06dc282072a6d2d3a684bd02794b,1a980269c1778978c64462bf76cf00949cd95e29e33d5066107809299e5dec35,0,2,0.485,0.012,2,,NAA-GDP,3,s2_p50_NAA-GDP_l2_r3
,False,MP,s2_shared_l3_r0_MP,a12dcb1ba4e2a21b6a4474c284e3079c1b8e06dc282072a6d2d3a684bd02794b,1a980269c1778978c64462bf76cf00949cd95e29e33d5066107809299e5dec35,0,3,0.294,0.018,2,,NAA-GDP,0,s2_p50_NAA-GDP_l3_r0
,False,OP,s2_shared_l3_r0_OP,a12dcb1ba4e2a21b6a4474c284e3079c1b8e06dc282072a6d2d3a684bd02794b,1a980269c1778978c64462bf76cf00949cd95e29e33d5066107809299e5dec35,0,3,0.327,0.018,2,,NAA-GDP,0,s2_p50_NAA-GDP_l3_r0
,False,MP,s2_shared_l3_r1_MP,a12dcb1ba4e2a21b6a4474c284e3079c1b8e06dc282072a6d2d3a684bd02794b,1a980269c1778978c64462bf76cf00949cd95e29e33d5066107809299e5dec35,0,3,0.2,0.018,2,,NAA-GDP,1,s2_p50_NAA-GDP_l3_r1
,False,OP,s2_shared_l3_r1_OP,a12dcb1ba4e2a21b6a4474c284e3079c1b8e06dc282072a6d2d3a684bd02794b,1a980269c1778978c64462bf76cf00949cd95e29e33d5066107809299e5dec35,0,3,0.283,0.018,2,,NAA-GDP,1,s2_p50_NAA-GDP_l3_r1
,False,MP,s2_shared_l3_r2_MP,a12dcb1ba4e2a21b6a4474c284e3079c1b8e06dc282072a6d2d3a684bd02794b,1a980269c1778978c64462bf76cf00949cd95e29e33d5066107809299e5dec35,0,3,0.241,0.018,2,,NAA-GDP,2,s2_p50_NAA-GDP_l3_r2
,False,OP,s2_shared_l3_r2_OP,a12dcb1ba4e2a21b6a4474c284e3079c1b8e06dc282072a6d2d3a684bd02794b,1a980269c1778978c64462bf76cf00949cd95e29e33d5066107809299e5dec35,0,3,0.336,0.018,2,,NAA-GDP,2,s2_p50_NAA-GDP_l3_r2
,False,MP,s2_shared_l3_r3_MP,a12dcb1ba4e2a21b6a4474c284e3079c1b8e06dc282072a6d2d3a684bd02794b,1a980269c1778978c64462bf76cf00949cd95e29e33d5066107809299e5dec35,0,3,0.228,0.018,2,,NAA-GDP,3,s2_p50_NAA-GDP_l3_r3
,False,OP,s2_shared_l3_r3_OP,a12dcb1ba4e2a21b6a4474c284e3079c1b8e06dc282072a6d2d3a684bd02794b,1a980269c1778978c64462bf76cf00949cd95e29e33d5066107809299e5dec35,0,3,0.315,0.018,2,,NAA-GDP,3,s2_p50_NAA-GDP_l3_r3
,False,MP,s2_shared_l4_r0_MP,a12dcb1ba4e2a21b6a4474c284e3079c1b8e06dc282072a6d2d3a684bd02794b,1a980269c1778978c64462bf76cf00949cd95e29e33d5066107809299e5dec35,0,4,0.246,0.024,2,,NAA-GDP,0,s2_p50_NAA-GDP_l4_r0
,False,OP,s2_shared_l4_r0_OP,a12dcb1ba4e2a21b6a4474c284e3079c1b8e06dc282072a6d2d3a684bd02794b,1a980269c1778978c64462bf76cf00949cd95e29e33d5066107809299e5dec35,0,4,0.251,0.024,2,,NAA-GDP,0,s2_p50_NAA-GDP_l4_r0
,False,MP,s2_shared_l4_r1_MP,a12dcb1ba4e2a21b6a4474c284e3079c1b8e06dc282072a6d2d3a684bd02794b,1a980269c1778978c64462bf76cf00949cd95e29e33d5066107809299e5dec35,0,4,0.174,0.024,2,,NAA-GDP,1,s2_p50_NAA-GDP_l4_r1
,False,OP,s2_shared_l4_r1_OP,a12dcb1ba4e2a21b6a4474c284e3079c1b8e06dc282072a6d2d3a684bd02794b,1a980269c1778978c64462bf76cf00949cd95e29e33d5066107809299e5dec35,0,4,0.268,0.024,2,,NAA-GDP,1,s2_p50_NAA-GDP_l4_r1
,False,MP,s2_shared_l4_r2_MP,a12dcb1ba4e2a21b6a4474c284e3079c1b8e06dc282072a6d2d3a684bd02794b,1a980269c1778978c64462bf76cf00949cd95e29e33d5066107809299e5dec35,0,4,0.224,0.024,2,,NAA-GDP,2,s2_p50_NAA-GDP_l4_r2
,False,OP,s2_shared_l4_r2_OP,a12dcb1ba4e2a21b6a4474c284e3079c1b8e06dc282072a6d2d3a684bd02794b,1a980269c1778978c64462bf76cf00949cd95e29e33d5066107809299e5dec35,0,4,0.255,0.024,2,,NAA-GDP,2,s2_p50_NAA-GDP_l4_r2
,False,MP,s2_shared_l4_r3_MP,a12dcb1ba4e2a21b6a4474c284e3079c1b8e06dc282072a6d2d3a684bd02794b,1a980269c1778978c64462bf76cf00949cd95e29e33d5066107809299e5dec35,0,4,0.226,0.024,2,,NAA-GDP,3,s2_p50_NAA-GDP_l4_r3
,False,OP,s2_shared_l4_r3_OP,a12dcb1ba4e2a21b6a4474c284e3079c1b8e06dc282072a6d2d3a684bd02794b,1a980269c1778978c64462bf76cf00949cd95e29e33d5066107809299e5dec35,0,4,0.286,0.024,2,,NAA-GDP,3,s2_p50_NAA-GDP_l4_r3
,False,MP,s2_shared_l5_r0_MP,a12dcb1ba4e2a21b6a4474c284e3079c1b8e06dc282072a6d2d3a684bd02794b,1a980269c1778978c64462bf76cf00949cd95e29e33d5066107809299e5dec35,0,5,0.195,0.03,2,,NAA-GDP,0,s2_p50_NAA-GDP_l5_r0
,False,OP,s2_shared_l5_r0_OP,a12dcb1ba4e2a21b6a4474c284e3079c1b8e06dc282072a6d2d3a684bd02794b,1a980269c1778978c64462bf76cf00949cd95e29e33d5066107809299e5dec35,0,5,0.249,0.03,2,,NAA-GDP,0,s2_p50_NAA-GDP_l5_r0
,False,MP,s2_shared_l5_r1_MP,a12dcb1ba4e2a21b6a4474c284e3079c1b8e06dc282072a6d2d3a684bd02794b,1a980269c1778978c64462bf76cf00949cd95e29e33d5066107809299e5dec35,0,5,0.158,0.03,2,,NAA-GDP,1,s2_p50_NAA-GDP_l5_r1
,False,OP,s2_shared_l5_r1_OP,a12dcb1ba4e2a21b6a4474c284e3079c1b8e06dc282072a6d2d3a684bd02794b,1a980269c1778978c64462bf76cf00949cd95e29e33d5066107809299e5dec35,0,5,0.212,0.03,2,,NAA-GDP,1,s2_p50_NAA-GDP_l5_r1
,False,MP,s2_shared_l5_r2_MP,a12dcb1ba4e2a21b6a4474c284e3079c1b8e06dc282072a6d2d3a684bd02794b,1a980269c1778978c64462bf76cf00949cd95e29e33d5066107809299e5dec35,0,5,0.168,0.03,2,,NAA-GDP,2,s2_p50_NAA-GDP_l5_r2
,False,OP,s2_shared_l5_r2_OP,a12dcb1ba4e2a21b6a4474c284e3079c1b8e06dc282072a6d2d3a684bd02794b,1a980269c1778978c64462bf76cf00949cd95e29e33d5066107809299e5dec35,0,5,0.233,0.03,2,,NAA-GDP,2,s2_p50_NAA-GDP_l5_r2
,False,MP,s2_shared_l5_r3_MP,a12dcb1ba4e2a21b6a4474c284e3079c1b8e06dc282072a6d2d3a684bd02794b,1a980269c1778978c64462bf76cf00949cd95e29e33d5066107809299e5dec35,0,5,0.162,0.03,2,,NAA-GDP,3,s2_p50_NAA-GDP_l5_r3
,False,OP,s2_shared_l5_r3_OP,a12dcb1ba4e2a21b6a4474c284e3079c1b8e06dc282072a6d2d3a684bd02794b,1a980269c1778978c64462bf76cf00949cd95e29e33d5066107809299e5dec35,0,5,0.222,0.03,2,,NAA-GDP,3,s2_p50_NAA-GDP_l5_r3
,False,MP,s2_shared_l6_r0_MP,a12dcb1ba4e2a21b6a4474c284e3079c1b8e06dc282072a6d2d3a684bd02794b,1a980269c1778978c64462bf76cf00949cd95e29e33d5066107809299e5dec35,0,6,0.137,0.036,2,,NAA-GDP,0,s2_p50_NAA-GDP_l6_r0
,False,OP,s2_shared_l6_r0_OP,a12dcb1ba4e2a21b6a4474c284e3079c1b8e06dc282072a6d2d3a684bd02794b,1a980269c1778978c64462bf76cf00949cd95e29e33d5066107809299e5dec35,0,6,0.148,0.036,2,,NAA-GDP,0,s2_p50_NAA-GDP_l6_r0
,False,MP,s2_shared_l6_r1_MP,a12dcb1ba4e2a21b6a4474c284e3079c1b8e06dc282072a6d2d3a684bd02794b,1a980269c1778978c64462bf76cf00949cd95e29e33d5066107809299e5dec35,0,6,0.126,0.036,2,,NAA-GDP,1,s2_p50_NAA-GDP_l6_r1
,False,OP,s2_shared_l6_r1_OP,a12dcb1ba4e2a21b6a4474c284e3079c1b8e06dc282072a6d2d3a684bd02794b,1a980269c1778978c64462bf76cf00949cd95e29e33d5066107809299e5dec35,0,6,0.214,0.036,2,,NAA-GDP,1,s2_p50_NAA-GDP_l6_r1
,False,MP,s2_shared_l6_r2_MP,a12dcb1ba4e2a21b6a4474c284e3079c1b8e06dc282072a6d2d3a684bd02794b,1a980269c1778978c64462bf76cf00949cd95e29e33d5066107809299e5dec35,0,6,0.107,0.036,2,,NAA-GDP,2,s2_p50_NAA-GDP_l6_r2
,False,OP,s2_shared_l6_r2_OP,a12dcb1ba4e2a21b6a4474c284e3079c1b8e06dc282072a6d2d3a684bd02794b,1a980269c1778978c64462bf76cf00949cd95e29e33d5066107809299e5dec35,0,6,0.178,0.036,2,,NAA-GDP,2,s2_p50_NAA-GDP_l6_r2
,False,MP,s2_shared_l6_r3_MP,a12dcb1ba4e2a21b6a4474c284e3079c1b8e06dc282072a6d2d3a684bd02794b,1a980269c1778978c64462bf76cf00949cd95e29e33d5066107809299e5dec35,0,6,0.153,0.036,2,,NAA-GDP,3,s2_p50_NAA-GDP_l6_r3
,False,OP,s2_shared_l6_r3_OP,a12dcb1ba4e2a21b6a4474c284e3079c1b8e06dc282072a6d2d3a684bd02794b,1a980269c1778978c64462bf76cf00949cd95e29e33d5066107809299e5dec35,0,6,0.206,0.036,2,,NAA-GDP,3,s2_p50_NAA-GDP_l6_r3
,False,MP,s2_shared_l7_r0_MP,a12dcb1ba4e2a21b6a4474c284e3079c1b8e06dc282072a6d2d3a684bd02794b,1a980269c1778978c64462bf76cf00949cd95e29e33d5066107809299e5dec35,0,7,0.119,0.042,2,,NAA-GDP,0,s2_p50_NAA-GDP_l7_r0
,False,OP,s2_shared_l7_r0_OP,a12dcb1ba4e2a21b6a4474c284e3079c1b8e06dc282072a6d2d3a684bd02794b,1a980269c1778978c64462bf76cf00949cd95e29e33d5066107809299e5dec35,0,7,0.178,0.042,2,,NAA-GDP,0,s2_p50_NAA-GDP_l7_r0
,False,MP,s2_shared_l7_r1_MP,a12dcb1ba4e2a21b6a4474c284e3079c1b8e06dc282072a6d2d3a684bd02794b,1a980269c1778978c64462bf76cf00949cd95e29e33d5066107809299e5dec35,0,7,0.107,0.042,2,,NAA-GDP,1,s2_p50_NAA-GDP_l7_r1
,False,OP,s2_shared_l7_r1_OP,a12dcb1ba4e2a21b6a4474c284e3079c1b8e06dc282072a6d2d3a684bd02794b,1a980269c1778978c64462bf76cf00949cd95e29e33d5066107809299e5dec35,0,7,0.163,0.042,2,,NAA-GDP,1,s2_p50_NAA-GDP_l7_r1
,False,MP,s2_shared_l7_r2_MP,a12dcb1ba4e2a21b6a4474c284e3079c1b8e06dc282072a6d2d3a684bd02794b,1a980269c1778978c64462bf76cf00949cd95e29e33d5066107809299e5dec35,0,7,0.083,0.042,2,,NAA-GDP,2,s2_p50_NAA-GDP_l7_r2
,False,OP,s2_shared_l7_r2_OP,a12dcb1ba4e2a21b6a4474c284e3079c1b8e06dc282072a6d2d3a684bd02794b,1a980269c1778978c64462bf76cf00949cd95e29e33d5066107809299e5dec35,0,7,0.182,0.042,2,,NAA-GDP,2,s2_p50_NAA-GDP_l7_r2
,False,MP,s2_shared_l7_r3_MP,a12dcb1ba4e2a21b6a4474c284e3079c1b8e06dc282072a6d2d3a684bd02794b,1a980269c1778978c64462bf76cf00949cd95e29e33d5066107809299e5dec35,0,7,0.124,0.042,2,,NAA-GDP,3,s2_p50_NAA-GDP_l7_r3
,False,OP,s2_shared_l7_r3_OP,a12dcb1ba4e2a21b6a4474c284e3079c1b8e06dc282072a6d2d3a684bd02794b,1a980269c1778978c64462bf76cf00949cd95e29e33d5066107809299e5dec35,0,7,0.193,0.042,2,,NAA-GDP,3,s2_p50_NAA-GDP_l7_r3
,False,MP,s2_shared_l8_r0_MP,a12dcb1ba4e2a21b6a4474c284e3079c1b8e06dc282072a6d2d3a684bd02794b,1a980269c1778978c64462bf76cf00949cd95e29e33d5066107809299e5dec35,0,8,0.106,0.048,2,,NAA-GDP,0,s2_p50_NAA-GDP_l8_r0
,False,OP,s2_shared_l8_r0_OP,a12dcb1ba4e2a21b6a4474c284e3079c1b8e06dc282072a6d2d3a684bd02794b,1a980269c1778978c64462bf76cf00949cd95e29e33d5066107809299e5dec35,0,8,0.154,0.048,2,,NAA-GDP,0,s2_p50_NAA-GDP_l8_r0
,False,MP,s2_shared_l8_r1_MP,a12dcb1ba4e2a21b6a4474c284e3079c1b8e06dc282072a6d2d3a684bd02794b,1a980269c1778978c64462bf76cf00949cd95e29e33d5066107809299e5dec35,0,8,0.085,0.048,2,,NAA-GDP,1,s2_p2_NAA-GDP_l8_r1
,False,OP,s2_shared_l8_r1_OP,a12dcb1ba4e2a21b6a4474c284e3079c1b8e06dc282072a6d2d3a684bd02794b,1a980269c1778978c64462bf76cf00949cd95e29e33d5066107809299e5dec35,0,8,0.125,0.048,2,,NAA-GDP,1,s2_p2_NAA-GDP_l8_r1
,False,MP,s2_shared_l8_r2_MP,a12dcb1ba4e2a21b6a4474c284e3079c1b8e06dc282072a6d2d3a684bd02794b,1a980269c1778978c64462bf76cf00949cd95e29e33d5066107809299e5dec35,0,8,0.084,0.048,2,,NAA-GDP,2,s2_p2_NAA-GDP_l8_r2
,False,OP,s2_shared_l8_r2_OP,a12dcb1ba4e2a21b6a4474c284e3079c1b8e06dc282072a6d2d3a684bd02794b,1a980269c1778978c64462bf76cf00949cd95e29e33d5066107809299e5dec35,0,8,0.157,0.048,2,,NAA-GDP,2,s2_p2_NAA-GDP_l8_r2
,False,MP,s2_shared_l8_r3_MP,a12dcb1ba4e2a21b6a4474c284e3079c1b8e06dc282072a6d2d3a684bd02794b,1a980269c1778978c64462bf76cf00949cd95e29e33d5066107809299e5dec35,0,8,0.106,0.048,2,,NAA-GDP,3,s2_p2_NAA-GDP_l8_r3
,False,OP,s2_shared_l8_r3_OP,a12dcb1ba4e2a21b6a4474c284e3079c1b8e06dc282072a6d2d3a684bd02794b,1a980269c1778978c64462bf76cf00949cd95e29e33d5066107809299e5dec35,0,8,0.131,0.048,2,,NAA-GDP,3,s2_p2_NAA-GDP_l8_r3
,False,MP,s2_shared_l9_r0_MP,a12dcb1ba4e2a21b6a4474c284e3079c1b8e06dc282072a6d2d3a684bd02794b,1a980269c1778978c64462bf76cf00949cd95e29e33d5066107809299e5dec35,0,9,0.087,0.054,2,,NAA-GDP,0,s2_p2_NAA-GDP_l9_r0
,False,OP,s2_shared_l9_r0_OP,a12dcb1ba4e2a21b6a4474c284e3079c1b8e06dc282072a6d2d3a684bd02794b,1a980269c1778978c64462bf76cf00949cd95e29e33d5066107809299e5dec35,0,9,0.129,0.054,2,,NAA-GDP,0,s2_p2_NAA-GDP_l9_r0
,False,MP,s2_shared_l9_r1_MP,a12dcb1ba4e2a21b6a4474c284e3079c1b8e06dc282072a6d2d3a684bd02794b,1a980269c1778978c64462bf76cf00949cd95e29e33d5066107809299e5dec35,0,9,0.122,0.054,2,,NAA-GDP,1,s2_p2_NAA-GDP_l9_r1
,False,OP,s2_shared_l9_r1_OP,a12dcb1ba4e2a21b6a4474c284e3079c1b8e06dc282072a6d2d3a684bd02794b,1a980269c1778978c64462bf76cf00949cd95e29e33d5066107809299e5dec35,0,9,0.111,0.054,2,,NAA-GDP,1,s2_p2_NAA-GDP_l9_r1
,False,MP,s2_shared_l9_r2_MP,a12dcb1ba4e2a21b6a4474c284e3079c1b8e06dc282072a6d2d3a684bd02794b,1a980269c1778978c64462bf76cf00949cd95e29e33d5066107809299e5dec35,0,9,0.102,0.054,2,,NAA-GDP,2,s2_p2_NAA-GDP_l9_r2
,False,OP,s2_shared_l9_r2_OP,a12dcb1ba4e2a21b6a4474c284e3079c1b8e06dc282072a6d2d3a684bd02794b,1a980269c1778978c64462bf76cf00949cd95e29e33d5066107809299e5dec35,0,9,0.149,0.054,2,,NAA-GDP,2,s2_p2_NAA-GDP_l9_r2
,False,MP,s2_shared_l9_r3_MP,a12dcb1ba4e2a21b6a4474c284e3079c1b8e06dc282072a6d2d3a684bd02794b,1a980269c1778978c64462bf76cf00949cd95e29e33d5066107809299e5dec35,0,9,0.111,0.054,2,,NAA-GDP,3,s2_p2_NAA-GDP_l9_r3
,False,OP,s2_shared_l9_r3_OP,a12dcb1ba4e2a21b6a4474c284e3079c1b8e06dc282072a6d2d3a684bd02794b,1a980269c1778978c64462bf76cf00949cd95e29e33d5066107809299e5dec35,0,9,0.135,0.054,2,,NAA-GDP,3,s2_p2_NAA-GDP_l9_r3
,False,AM,s3_p10_l10_r0_AM,a12dcb1ba4e2a21b6a4474c284e3079c1b8e06dc282072a6d2d3a684bd02794b,1a980269c1778978c64462bf76cf00949cd95e29e33d5066107809299e5dec35,0,10,0.1,0.06,3,10.0,NAA-GDP,0,s3_p10_NAA-GDP_l10_r0
,False,AM,s3_p10_l10_r1_AM,a12dcb1ba4e2a21b6a4474c284e3079c1b8e06dc282072a6d2d3a684bd02794b,1a980269c1778978c64462bf76cf00949cd95e29e33d5066107809299e5dec35,0,10,0.099,0.06,3,10.0,NAA-GDP,1,s3_p10_NAA-GDP_l10_r1
,False,AM,s3_p10_l10_r2_AM,a12dcb1ba4e2a21b6a4474c284e3079c1b8e06dc282072a6d2d3a684bd02794b,1a980269c1778978c64462bf76cf00949cd95e29e33d5066107809299e5dec35,0,10,0.114,0.06,3,10.0,NAA-GDP,2,s3_p10_NAA-GDP_l10_r2
,False,AM,s3_p10_l10_r3_AM,a12dcb1ba4e2a21b6a4474c284e3079c1b8e06dc282072a6d2d3a684bd02794b,1a980269c1778978c64462bf76cf00949cd95e29e33d5066107809299e5dec35,0,10,0.081,0.06,3,10.0,NAA-GDP,3,s3_p10_NAA-GDP_l10_r3
,False,AM,s3_p10_l1_r0_AM,a12dcb1ba4e2a21b6a4474c284e3079c1b8e06dc282072a6d2d3a684bd02794b,1a980269c1778978c64462bf76cf00949cd95e29e33d5066107809299e5dec35,0,1,0.61,0.006,3,10.0,NAA-GDP,0,s3_p10_NAA-GDP_l1_r0
,False,AM,s3_p10_l1_r1_AM,a12dcb1ba4e2a21b6a4474c284e3079c1b8e06dc282072a6d2d3a684bd02794b,1a980269c1778978c64462bf76cf00949cd95e29e33d5066107809299e5dec35,0,1,0.551,0.006,3,10.0,NAA-GDP,1,s3_p10_NAA-GDP_l1_r1
,False,AM,s3_p10_l1_r2_AM,a12dcb1ba4e2a21b6a4474c284e3079c1b8e06dc282072a6d2d3a684bd02794b,1a980269c1778978c64462bf76cf00949cd95e29e33d5066107809299e5dec35,0,1,0.573,0.006,3,10.0,NAA-GDP,2,s3_p10_NAA-GDP_l1_r2
,False,AM,s3_p10_l1_r3_AM,a12dcb1ba4e2a21b6a4474c284e3079c1b8e06dc282072a6d2d3a684bd02794b,1a980269c1778978c64462bf76cf00949cd95e29e33d5066107809299e5dec35,0,1,0.532,0.006,3,10.0,NAA-GDP,3,s3_p10_NAA-GDP_l1_r3
,False,AM,s3_p10_l2_r0_AM,a12dcb1ba4e2a21b6a4474c284e3079c1b8e06dc282072a6d2d3a684bd02794b,1a980269c1778978c64462bf76cf00949cd95e29e33d5066107809299e5dec35,0,2,0.317,0.012,3,10.0,NAA-GDP,0,s3_p10_NAA-GDP_l2_r0
,False,AM,s3_p10_l2_r1_AM,a12dcb1ba4e2a21b6a4474c284e3079c1b8e06dc282072a6d2d3a684bd02794b,1a980269c1778978c64462bf76cf00949cd95e29e33d5066107809299e5dec35,0,2,0.384,0.012,3,10.0,NAA-GDP,1,s3_p10_NAA-GDP_l2_r1
,False,AM,s3_p10_l2_r2_AM,a12dcb1ba4e2a21b6a4474c284e3079c1b8e06dc282072a6d2d3a684bd02794b,1a980269c1778978c64462bf76cf00949cd95e29e33d5066107809299e5dec35,0,2,0.485,0.012,3,10.0,NAA-GDP,2,s3_p10_NAA-GDP_l2_r2
,False,AM,s3_p10_l2_r3_AM,a12dcb1ba4e2a21b6a4474c284e3079c1b8e06dc282072a6d2d3a684bd02794b,1a980269c1778978c64462bf76cf00949cd95e29e33d5066107809299e5dec35,0,2,0.423,0.012,3,10.0,NAA-GDP,3,s3_p10_NAA-GDP_l2_r3
,False,AM,s3_p10_l3_r0_AM,a12dcb1ba4e2a21b6a4474c284e3079c1b8e06dc282072a6d2d3a684bd02794b,1a980269c1778978c64462bf76cf00949cd95e29e33d5066107809299e5dec35,0,3,0.332,0.018,3,10.0,NAA-GDP,0,s3_p10_NAA-GDP_l3_r0
,False,AM,s3_p10_l3_r1_AM,a12dcb1ba4e2a21b6a4474c284e3079c1b8e06dc282072a6d2d3a684bd02794b,1a980269c1778978c64462bf76cf00949cd95e29e33d5066107809299e5dec35,0,3,0.198,0.018,3,10.0,NAA-GDP,1,s3_p10_NAA-GDP_l3_r1
,False,AM,s3_p10_l3_r2_AM,a12dcb1ba4e2a21b6a4474c284e3079c1b8e06dc282072a6d2d3a684bd02794b,1a980269c1778978c64462bf76cf00949cd95e29e33d5066107809299e5dec35,0,3,0.309,0.018,3,10.0,NAA-GDP,2,s3_p10_NAA-GDP_l3_r2
,False,AM,s3_p10_l3_r3_AM,a12dcb1ba4e2a21b6a4474c284e3079c1b8e06dc282072a6d2d3a684bd02794b,1a980269c1778978c64462bf76cf00949cd95e29e33d5066107809299e5dec35,0,3,0.231,0.018,3,10.0,NAA-GDP,3,s3_p10_NAA-GDP_l3_r3
,False,AM,s3_p10_l4_r0_AM,a12dcb1ba4e2a21b6a4474c284e3079c1b8e06dc282072a6d2d3a684bd02794b,1a980269c1778978c64462bf76cf00949cd95e29e33d5066107809299e5dec35,0,4,0.191,0.024,3,10.0,NAA-GDP,0,s3_p10_NAA-GDP_l4_r0
,False,AM,s3_p10_l4_r1_AM,a12dcb1ba4e2a21b6a4474c284e3079c1b8e06dc282072a6d2d3a684bd02794b,1a980269c1778978c64462bf76cf00949cd95e29e33d5066107809299e5dec35,0,4,0.193,0.024,3,10.0,NAA-GDP,1,s3_p10_NAA-GDP_l4_r1
,False,AM,s3_p10_l4_r2_AM,a12dcb1ba4e2a21b6a4474c284e3079c1b8e06dc282072a6d2d3a684bd02794b,1a980269c1778978c64462bf76cf00949cd95e29e33d5066107809299e5dec35,0,4,0.232,0.024,3,10.0,NAA-GDP,2,s3_p10_NAA-GDP_l4_r2
,False,AM,s3_p10_l4_r3_AM,a12dcb1ba4e2a21b6a4474c284e3079c1b8e06dc282072a6d2d3a684bd02794b,1a980269c1778978c64462bf76cf00949cd95e29e33d5066107809299e5dec35,0,4,0.173,0.024,3,10.0,NAA-GDP,3,s3_p10_NAA-GDP_l4_r3
,False,AM,s3_p10_l5_r0_AM,a12dcb1ba4e2a21b6a4474c284e3079c1b8e06dc282072a6d2d3a684bd02794b,1a980269c1778978c64462bf76cf00949cd95e29e33d5066107809299e5dec35,0,5,0.156,0.03,3,10.0,NAA-GDP,0,s3_p10_NAA-GDP_l5_r0
,False,AM,s3_p10_l5_r1_AM,a12dcb1ba4e2a21b6a4474c284e3079c1b8e06dc282072a6d2d3a684bd02794b,1a980269c1778978c64462bf76cf00949cd95e29e33d5066107809299e5dec35,0,5,0.11,0.03,3,10.0,NAA-GDP,1,s3_p10_NAA-GDP_l5_r1
,False,AM,s3_p10_l5_r2_AM,a12dcb1ba4e2a21b6a4474c284e3079c1b8e06dc282072a6d2d3a684bd02794b,1a980269c1778978c64462bf76cf00949cd95e29e33d5066107809299e5dec35,0,5,0.123,0.03,3,10.0,NAA-GDP,2,s3_p10_NAA-GDP_l5_r2
,False,AM,s3_p10_l5_r3_AM,a12dcb1ba4e2a21b6a4474c284e3079c1b8e06dc282072a6d2d3a684bd02794b,1a980269c1778978c64462bf76cf00949cd95e29e33d5066107809299e5dec35,0,5,0.191,0.03,3,10.0,NAA-GDP,3,s3_p10_NAA-GDP_l5_r3
,False,AM,s3_p10_l6_r0_AM,a12dcb1ba4e2a21b6a4474c284e3079c1b8e06dc282072a6d2d3a684bd02794b,1a980269c1778978c64462bf76cf00949cd95e29e33d5066107809299e5dec35,0,6,0.166,0.036,3,10.0,NAA-GDP,0,s3_p10_NAA-GDP_l6_r0
,False,AM,s3_p10_l6_r1_AM,a12dcb1ba4e2a21b6a4474c284e3079c1b8e06dc282072a6d2d3a684bd02794b,1a980269c1778978c64462bf76cf00949cd95e29e33d5066107809299e5dec35,0,6,0.155,0.036,3,10.0,NAA-GDP,1,s3_p10_NAA-GDP_l6_r1
,False,AM,s3_p10_l6_r2_AM,a12dcb1ba4e2a21b6a4474c284e3079c1b8e06dc282072a6d2d3a684bd02794b,1a980269c1778978c64462bf76cf00949cd95e29e33d5066107809299e5dec35,0,6,0.144,0.036,3,10.0,NAA-GDP,2,s3_p10_NAA-GDP_l6_r2
,False,AM,s3_p10_l6_r3_AM,a12dcb1ba4e2a21b6a4474c284e3079c1b8e06dc282072a6d2d3a684bd02794b,1a980269c1778978c64462bf76cf00949cd95e29e33d5066107809299e5dec35,0,6,0.133,0.036,3,10.0,NAA-GDP,3,s3_p10_NAA-GDP_l6_r3
,False,AM,s3_p10_l7_r0_AM,a12dcb1ba4e2a21b6a4474c284e3079c1b8e06dc282072a6d2d3a684bd02794b,1a980269c1778978c64462bf76cf00949cd95e29e33d5066107809299e5dec35,0,7,0.133,0.042,3,10.0,NAA-GDP,0,s3_p10_NAA-GDP_l7_r0
,False,AM,s3_p10_l7_r1_AM,a12dcb1ba4e2a21b6a4474c284e3079c1b8e06dc282072a6d2d3a684bd02794b,1a980269c1778978c64462bf76cf00949cd95e29e33d5066107809299e5dec35,0,7,0.095,0.042,3,10.0,NAA-GDP,1,s3_p10_NAA-GDP_l7_r1
,False,AM,s3_p10_l7_r2_AM,a12dcb1ba4e2a21b6a4474c284e3079c1b8e06dc282072a6d2d3a684bd02794b,1a980269c1778978c64462bf76cf00949cd95e29e33d5066107809299e5dec35,0,7,0.145,0.042,3,10.0,NAA-GDP,2,s3_p10_NAA-GDP_l7_r2
,False,AM,s3_p10_l7_r3_AM,a12dcb1ba4e2a21b6a4474c284e3079c1b8e06dc282072a6d2d3a684bd02794b,1a980269c1778978c64462bf76cf00949cd95e29e33d5066107809299e5dec35,0,7,0.111,0.042,3,10.0,NAA-GDP,3,s3_p10_NAA-GDP_l7_r3
,False,AM,s3_p10_l8_r0_AM,a12dcb1ba4e2a21b6a4474c284e3079c1b8e06dc282072a6d2d3a684bd02794b,1a980269c1778978c64462bf76cf00949cd95e29e33d5066107809299e5dec35,0,8,0.125,0.048,3,10.0,NAA-GDP,0,s3_p10_NAA-GDP_l8_r0
,False,AM,s3_p10_l8_r1_AM,a12dcb1ba4e2a21b6a4474c284e3079c1b8e06dc282072a6d2d3a684bd02794b,1a980269c1778978c64462bf76cf00949cd95e29e33d5066107809299e5dec35,0,8,0.076,0.048,3,10.0,NAA-GDP,1,s3_p10_NAA-GDP_l8_r1
,False,AM,s3_p10_l8_r2_AM,a12dcb1ba4e2a21b6a4474c284e3079c1b8e06dc282072a6d2d3a684bd02794b,1a980269c1778978c64462bf76cf00949cd95e29e33d5066107809299e5dec35,0,8,0.131,0.048,3,10.0,NAA-GDP,2,s3_p10_NAA-GDP_l8_r2
,False,AM,s3_p10_l8_r3_AM,a12dcb1ba4e2a21b6a4474c284e3079c1b8e06dc282072a6d2d3a684bd02794b,1a980269c1778978c64462bf76cf00949cd95e29e33d5066107809299e5dec35,0,8,0.082,0.048,3,10.0,NAA-GDP,3,s3_p10_NAA-GDP_l8_r3
,False,AM,s3_p10_l9_r0_AM,a12dcb1ba4e2a21b6a4474c284e3079c1b8e06dc282072a6d2d3a684bd02794b,1a980269c1778978c64462bf76cf00949cd95e29e33d5066107809299e5dec35,0,9,0.094,0.054,3,10.0,NAA-GDP,0,s3_p10_NAA-GDP_l9_r0
,False,AM,s3_p10_l9_r1_AM,a12dcb1ba4e2a21b6a4474c284e3079c1b8e06dc282072a6d2d3a684bd02794b,1a980269c1778978c64462bf76cf00949cd95e29e33d5066107809299e5dec35,0,9,0.087,0.054,3,10.0,NAA-GDP,1,s3_p10_NAA-GDP_l9_r1
,False,AM,s3_p10_l9_r2_AM,a12dcb1ba4e2a21b6a4474c284e3079c1b8e06dc282072a6d2d3a684bd02794b,1a980269c1778978c64462bf76cf00949cd95e29e33d5066107809299e5dec35,0,9,0.104,0.054,3,10.0,NAA-GDP,2,s3_p10_NAA-GDP_l9_r2
,False,AM,s3_p10_l9_r3_AM,a12dcb1ba4e2a21b6a4474c284e3079c1b8e06dc282072a6d2d3a684bd02794b,1a980269c1778978c64462bf76cf00949cd95e29e33d5066107809299e5dec35,0,9,0.119,0.054,3,10.0,NAA-GDP,3,s3_p10_NAA-GDP_l9_r3
,False,AM,s3_p20_l10_r0_AM,a12dcb1ba4e2a21b6a4474c284e3079c1b8e06dc282072a6d2d3a684bd02794b,1a980269c1778978c64462bf76cf00949cd95e29e33d5066107809299e5dec35,0,10,0.12,0.06,3,20.0,NAA-GDP,0,s3_p20_NAA-GDP_l10_r0
,False,AM,s3_p20_l10_r1_AM,a12dcb1ba4e2a21b6a4474c284e3079c1b8e06dc282072a6d2d3a684bd02794b,1a980269c1778978c64462bf76cf00949cd95e29e33d5066107809299e5dec35,0,10,0.094,0.06,3,20.0,NAA-GDP,1,s3_p20_NAA-GDP_l10_r1
,False,AM,s3_p20_l10_r2_AM,a12dcb1ba4e2a21b6a4474c284e3079c1b8e06dc282072a6d2d3a684bd02794b,1a980269c1778978c64462bf76cf00949cd95e29e33d5066107809299e5dec35,0,10,0.103,0.06,3,20.0,NAA-GDP,2,s3_p20_NAA-GDP_l10_r2
,False,AM,s3_p20_l10_r3_AM,a12dcb1ba4e2a21b6a4474c284e3079c1b8e06dc282072a6d2d3a684bd02794b,1a980269c1778978c64462bf76cf00949cd95e29e33d5066107809299e5dec35,0,10,0.138,0.06,3,20.0,NAA-GDP,3,s3_p20_NAA-GDP_l10_r3
,False,AM,s3_p20_l1_r0_AM,a12dcb1ba4e2a21b6a4474c284e3079c1b8e06dc282072a6d2d3a684bd02794b,1a980269c1778978c64462bf76cf00949cd95e29e33d5066107809299e5dec35,0,1,0.606,0.006,3,20.0,NAA-GDP,0,s3_p20_NAA-GDP_l1_r0
,False,AM,s3_p20_l1_r1_AM,a12dcb1ba4e2a21b6a4474c284e3079c1b8e06dc282072a6d2d3a684bd02794b,1a980269c1778978c64462bf76cf00949cd95e29e33d5066107809299e5dec35,0,1,0.549,0.006,3,20.0,NAA-GDP,1,s3_p20_NAA-GDP_l1_r1
,False,AM,s3_p20_l1_r2_AM,a12dcb1ba4e2a21b6a4474c284e3079c1b8e06dc282072a6d2d3a684bd02794b,1a980269c1778978c64462bf76cf00949cd95e29e33d5066107809299e5dec35,0,1,0.571,0.006,3,20.0,NAA-GDP,2,s3_p20_NAA-GDP_l1_r2
,False,AM,s3_p20_l1_r3_AM,a12dcb1ba4e2a21b6a4474c284e3079c1b8e06dc282072a6d2d3a684bd02794b,1a980269c1778978c64462bf76cf00949cd95e29e33d5066107809299e5dec35,0,1,0.541,0.006,3,20.0,NAA-GDP,3,s3_p20_NAA-GDP_l1_r3
,False,AM,s3_p20_l2_r0_AM,a12dcb1ba4e2a21b6a4474c284e3079c1b8e06dc282072a6d2d3a684bd02794b,1a980269c1778978c64462bf76cf00949cd95e29e33d5066107809299e5dec35,0,2,0.304,0.012,3,20.0,NAA-GDP,0,s3_p20_NAA-GDP_l2_r0
,False,AM,s3_p20_l2_r1_AM,a12dcb1ba4e2a21b6a4474c284e3079c1b8e06dc282072a6d2d3a684bd02794b,1a980269c1778978c64462bf76cf00949cd95e29e33d5066107809299e5dec35,0,2,0.398,0.012,3,20.0,NAA-GDP,1,s3_p20_NAA-GDP_l2_r1
,False,AM,s3_p20_l2_r2_AM,a12dcb1ba4e2a21b6a4474c284e3079c1b8e06dc282072a6d2d3a684bd02794b,1a980269c1778978c64462bf76cf00949cd95e29e33d5066107809299e5dec35,0,2,0.498,0.012,3,20.0,NAA-GDP,2,s3_p20_NAA-GDP_l2_r2
,False,AM,s3_p20_l2_r3_AM,a12dcb1ba4e2a21b6a4474c284e3079c1b8e06dc282072a6d2d3a684bd02794b,1a980269c1778978c64462bf76cf00949cd95e29e33d5066107809299e5dec35,0,2,0.417,0.012,3,20.0,NAA-GDP,3,s3_p20_NAA-GDP_l2_r3
,False,AM,s3_p20_l3_r0_AM,a12dcb1ba4e2a21b6a4474c284e3079c1b8e06dc282072a6d2d3a684bd02794b,1a980269c1778978c64462bf76cf00949cd95e29e33d5066107809299e5dec35,0,3,0.326,0.018,3,20.0,NAA-GDP,0,s3_p20_NAA-GDP_l3_r0
,False,AM,s3_p20_l3_r1_AM,a12dcb1ba4e2a21b6a4474c284e3079c1b8e06dc282072a6d2d3a684bd02794b,1a980269c1778978c64462bf76cf00949cd95e29e33d5066107809299e5dec35,0,3,0.205,0.018,3,20.0,NAA-GDP,1,s3_p20_NAA-GDP_l3_r1
,False,AM,s3_p20_l3_r2_AM,a12dcb1ba4e2a21b6a4474c284e3079c1b8e06dc282072a6d2d3a684bd02794b,1a980269c1778978c64462bf76cf00949cd95e29e33d5066107809299e5dec35,0,3,0.322,0.018,3,20.0,NAA-GDP,2,s3_p20_NAA-GDP_l3_r2
,False,AM,s3_p20_l3_r3_AM,a12dcb1ba4e2a21b6a4474c284e3079c1b8e06dc282072a6d2d3a684bd02794b,1a980269c1778978c64462bf76cf00949cd95e29e33d5066107809299e5dec35,0,3,0.227,0.018,3,20.0,NAA-GDP,3,s3_p20_NAA-GDP_l3_r3
,False,AM,s3_p20_l4_r0_AM,a12dcb1ba4e2a21b6a4474c284e3079c1b8e06dc282072a6d2d3a684bd02794b,1a980269c1778978c64462bf76cf00949cd95e29e33d5066107809299e5dec35,0,4,0.183,0.024,3,20.0,NAA-GDP,0,s3_p20_NAA-GDP_l4_r0
,False,AM,s3_p20_l4_r1_AM,a12dcb1ba4e2a21b6a4474c284e3079c1b8e06dc282072a6d2d3a684bd02794b,1a980269c1778978c64462bf76cf00949cd95e29e33d5066107809299e5dec35,0,4,0.191,0.024,3,20.0,NAA-GDP,1,s3_p20_NAA-GDP_l4_r1
,False,AM,s3_p20_l4_r2_AM,a12dcb1ba4e2a21b6a4474c284e3079c1b8e06dc282072a6d2d3a684bd02794b,1a980269c1778978c64462bf76cf00949cd95e29e33d5066107809299e5dec35,0,4,0.262,0.024,3,20.0,NAA-GDP,2,s3_p20_NAA-GDP_l4_r2
,False,AM,s3_p20_l4_r3_AM,a12dcb1ba4e2a21b6a4474c284e3079c1b8e06dc282072a6d2d3a684bd02794b,1a980269c1778978c64462bf76cf00949cd95e29e33d5066107809299e5dec35,0,4,0.18,0.024,3,20.0,NAA-GDP,3,s3_p20_NAA-GDP_l4_r3
,False,AM,s3_p20_l5_r0_AM,a12dcb1ba4e2a21b6a4474c284e3079c1b8e06dc282072a6d2d3a684bd02794b,1a980269c1778978c64462bf76cf00949cd95e29e33d5066107809299e5dec35,0,5,0.171,0.03,3,20.0,NAA-GDP,0,s3_p20_NAA-GDP_l5_r0
,False,AM,s3_p20_l5_r1_AM,a12dcb1ba4e2a21b6a4474c284e3079c1b8e06dc282072a6d2d3a684bd02794b,1a980269c1778978c64462bf76cf00949cd95e29e33d5066107809299e5dec35,0,5,0.097,0.03,3,20.0,NAA-GDP,1,s3_p20_NAA-GDP_l5_r1
,False,AM,s3_p20_l5_r2_AM,a12dcb1ba4e2a21b6a4474c284e3079c1b8e06dc282072a6d2d3a684bd02794b,1a980269c1778978c64462bf76cf00949cd95e29e33d5066107809299e5dec35,0,5,0.148,0.03,3,20.0,NAA-GDP,2,s3_p20_NAA-GDP_l5_r2
,False,AM,s3_p20_l5_r3_AM,a12dcb1ba4e2a21b6a4474c284e3079c1b8e06dc282072a6d2d3a684bd02794b,1a980269c1778978c64462bf76cf00949cd95e29e33d5066107809299e5dec35,0,5,0.184,0.03,3,20.0,NAA-GDP,3,s3_p20_NAA-GDP_l5_r3
,False,AM,s3_p20_l6_r0_AM,a12dcb1ba4e2a21b6a4474c284e3079c1b8e06dc282072a6d2d3a684bd02794b,1a980269c1778978c64462bf76cf00949cd95e29e33d5066107809299e5dec35,0,6,0.165,0.036,3,20.0,NAA-GDP,0,s3_p20_NAA-GDP_l6_r0
,False,AM,s3_p20_l6_r1_AM,a12dcb1ba4e2a21b6a4474c284e3079c1b8e06dc282072a6d2d3a684bd02794b,1a980269c1778978c64462bf76cf00949cd95e29e33d5066107809299e5dec35,0,6,0.13,0.036,3,20.0,NAA-GDP,1,s3_p20_NAA-GDP_l6_r1
,False,AM,s3_p20_l6_r2_AM,a12dcb1ba4e2a21b6a4474c284e3079c1b8e06dc282072a6d2d3a684bd02794b,1a980269c1778978c64462bf76cf00949cd95e29e33d5066107809299e5dec35,0,6,0.164,0.036,3,20.0,NAA-GDP,2,s3_p20_NAA-GDP_l6_r2
,False,AM,s3_p20_l6_r3_AM,a12dcb1ba4e2a21b6a4474c284e3079c1b8e06dc282072a6d2d3a684bd02794b,1a980269c1778978c64462bf76cf00949cd95e29e33d5066107809299e5dec35,0,6,0.133,0.036,3,20.0,NAA-GDP,3,s3_p20_NAA-GDP_l6_r3
,False,AM,s3_p20_l7_r0_AM,a12dcb1ba4e2a21b6a4474c284e3079c1b8e06dc282072a6d2d3a684bd02794b,1a980269c1778978c64462bf76cf00949cd95e29e33d5066107809299e5dec35,0,7,0.142,0.042,3,20.0,NAA-GDP,0,s3_p20_NAA-GDP_l7_r0
,False,AM,s3_p20_l7_r1_AM,a12dcb1ba4e2a21b6a4474c284e3079c1b8e06dc282072a6d2d3a684bd02794b,1a980269c1778978c64462bf76cf00949cd95e29e33d5066107809299e5dec35,0,7,0.134,0.042,3,20.0,NAA-GDP,1,s3_p20_NAA-GDP_l7_r1
,False,AM,s3_p20_l7_r2_AM,a12dcb1ba4e2a21b6a4474c284e3079c1b8e06dc282072a6d2d3a684bd02794b,1a980269c1778978c64462bf76cf00949cd95e29e33d5066107809299e5dec35,0,7,0.124,0.042,3,20.0,NAA-GDP,2,s3_p20_NAA-GDP_l7_r2
,False,AM,s3_p20_l7_r3_AM,a12dcb1ba4e2a21b6a4474c284e3079c1b8e06dc282072a6d2d3a684bd02794b,1a980269c1778978c64462bf76cf00949cd95e29e33d5066107809299e5dec35,0,7,0.103,0.042,3,20.0,NAA-GDP,3,s3_p20_NAA-GDP_l7_r3
,False,AM,s3_p20_l8_r0_AM,a12dcb1ba4e2a21b6a4474c284e3079c1b8e06dc282072a6d2d3a684bd02794b,1a980269c1778978c64462bf76cf00949cd95e29e33d5066107809299e5dec35,0,8,0.118,0.048,3,20.0,NAA-GDP,0,s3_p20_NAA-GDP_l8_r0
,False,AM,s3_p20_l8_r1_AM,a12dcb1ba4e2a21b6a4474c284e3079c1b8e06dc282072a6d2d3a684bd02794b,1a980269c1778978c64462bf76cf00949cd95e29e33d5066107809299e5dec35,0,8,0.114,0.048,3,20.0,NAA-GDP,1,s3_p20_NAA-GDP_l8_r1
,False,AM,s3_p20_l8_r2_AM,a12dcb1ba4e2a21b6a4474c284e3079c1b8e06dc282072a6d2d3a684bd02794b,1a980269c1778978c64462bf76cf00949cd95e29e33d5066107809299e5dec35,0,8,0.105,0.048,3,20.0,NAA-GDP,2,s3_p20_NAA-GDP_l8_r2
,False,AM,s3_p20_l8_r3_AM,a12dcb1ba4e2a21b6a4474c284e3079c1b8e06dc282072a6d2d3a684bd02794b,1a980269c1778978c64462bf76cf00949cd95e29e33d5066107809299e5dec35,0,8,0.103,0.048,3,20.0,NAA-GDP,3,s3_p20_NAA-GDP_l8_r3
,False,AM,s3_p20_l9_r0_AM,a12dcb1ba4e2a21b6a4474c284e3079c1b8e06dc282072a6d2d3a684bd02794b,1a980269c1778978c64462bf76cf00949cd95e29e33d5066107809299e5dec35,0,9,0.103,0.054,3,20.0,NAA-GDP,0,s3_p20_NAA-GDP_l9_r0
,False,AM,s3_p20_l9_r1_AM,a12dcb1ba4e2a21b6a4474c284e3079c1b8e06dc282072a6d2d3a684bd02794b,1a980269c1778978c64462bf76cf00949cd95e29e33d5066107809299e5dec35,0,9,0.092,0.054,3,20.0,NAA-GDP,1,s3_p20_NAA-GDP_l9_r1
,False,AM,s3_p20_l9_r2_AM,a12dcb1ba4e2a21b6a4474c284e3079c1b8e06dc282072a6d2d3a684bd02794b,1a980269c1778978c64462bf76cf00949cd95e29e33d5066107809299e5dec35,0,9,0.121,0.054,3,20.0,NAA-GDP,2,s3_p20_NAA-GDP_l9_r2
,False,AM,s3_p20_l9_r3_AM,a12dcb1ba4e2a21b6a4474c284e3079c1b8e06dc282072a6d2d3a684bd02794b,1a980269c1778978c64462bf76cf00949cd95e29e33d5066107809299e5dec35,0,9,0.139,0.054,3,20.0,NAA-GDP,3,s3_p20_NAA-GDP_l9_r3
,False,AM,s3_p2_l10_r0_AM,a12dcb1ba4e2a21b6a4474c284e3079c1b8e06dc282072a6d2d3a684bd02794b,1a980269c1778978c64462bf76cf00949cd95e29e33d5066107809299e5dec35,0,10,0.079,0.06,3,2.0,NAA-GDP,0,s3_p2_NAA-GDP_l10_r0
,False,AM,s3_p2_l10_r1_AM,a12dcb1ba4e2a21b6a4474c284e3079c1b8e06dc282072a6d2d3a684bd02794b,1a980269c1778978c64462bf76cf00949cd95e29e33d5066107809299e5dec35,0,10,0.079,0.06,3,2.0,NAA-GDP,1,s3_p2_NAA-GDP_l10_r1
,False,AM,s3_p2_l10_r2_AM,a12dcb1ba4e2a21b6a4474c284e3079c1b8e06dc282072a6d2d3a684bd02794b,1a980269c1778978c64462bf76cf00949cd95e29e33d5066107809299e5dec35,0,10,0.084,0.06,3,2.0,NAA-GDP,2,s3_p2_NAA-GDP_l10_r2
,False,AM,s3_p2_l10_r3_AM,a12dcb1ba4e2a21b6a4474c284e3079c1b8e06dc282072a6d2d3a684bd02794b,1a980269c1778978c64462bf76cf00949cd95e29e33d5066107809299e5dec35,0,10,0.092,0.06,3,2.0,NAA-GDP,3,s3_p2_NAA-GDP_l10_r3
,False,AM,s3_p2_l1_r0_AM,a12dcb1ba4e2a21b6a4474c284e3079c1b8e06dc282072a6d2d3a684bd02794b,1a980269c1778978c64462bf76cf00949cd95e29e33d5066107809299e5dec35,0,1,0.621,0.006,3,2.0,NAA-GDP,0,s3_p2_NAA-GDP_l1_r0
,False,AM,s3_p2_l1_r1_AM,a12dcb1ba4e2a21b6a4474c284e3079c1b8e06dc282072a6d2d3a684bd02794b,1a980269c1778978c64462bf76cf00949cd95e29e33d5066107809299e5dec35,0,1,0.539,0.006,3,2.0,NAA-GDP,1,s3_p2_NAA-GDP_l1_r1
,False,AM,s3_p2_l1_r2_AM,a12dcb1ba4e2a21b6a4474c284e3079c1b8e06dc282072a6d2d3a684bd02794b,1a980269c1778978c64462bf76cf00949cd95e29e33d5066107809299e5dec35,0,1,0.56,0.006,3,2.0,NAA-GDP,2,s3_p2_NAA-GDP_l1_r2
,False,AM,s3_p2_l1_r3_AM,a12dcb1ba4e2a21b6a4474c284e3079c1b8e06dc282072a6d2d3a684bd02794b,1a980269c1778978c64462bf76cf00949cd95e29e33d5066107809299e5dec35,0,1,0.536,0.006,3,2.0,NAA-GDP,3,s3_p2_NAA-GDP_l1_r3
,False,AM,s3_p2_l2_r0_AM,a12dcb1ba4e2a21b6a4474c284e3079c1b8e06dc282072a6d2d3a684bd02794b,1a980269c1778978c64462bf76cf00949cd95e29e33d5066107809299e5dec35,0,2,0.315,0.012,3,2.0,NAA-GDP,0,s3_p2_NAA-GDP_l2_r0
,False,AM,s3_p2_l2_r1_AM,a12dcb1ba4e2a21b6a4474c284e3079c1b8e06dc282072a6d2d3a684bd02794b,1a980269c1778978c64462bf76cf00949cd95e29e33d5066107809299e5dec35,0,2,0.361,0.012,3,2.0,NAA-GDP,1,s3_p2_NAA-GDP_l2_r1
,False,AM,s3_p2_l2_r2_AM,a12dcb1ba4e2a21b6a4474c284e3079c1b8e06dc282072a6d2d3a684bd02794b,1a980269c1778978c64462bf76cf00949cd95e29e33d5066107809299e5dec35,0,2,0.404,0.012,3,2.0,NAA-GDP,2,s3_p2_NAA-GDP_l2_r2
,False,AM,s3_p2_l2_r3_AM,a12dcb1ba4e2a21b6a4474c284e3079c1b8e06dc282072a6d2d3a684bd02794b,1a980269c1778978c64462bf76cf00949cd95e29e33d5066107809299e5dec35,0,2,0.424,0.012,3,2.0,NAA-GDP,3,s3_p2_NAA-GDP_l2_r3
,False,AM,s3_p2_l3_r0_AM,a12dcb1ba4e2a21b6a4474c284e3079c1b8e06dc282072a6d2d3a684bd02794b,1a980269c1778978c64462bf76cf00949cd95e29e33d5066107809299e5dec35,0,3,0.303,0.018,3,2.0,NAA-GDP,0,s3_p2_NAA-GDP_l3_r0
,False,AM,s3_p2_l3_r1_AM,a12dcb1ba4e2a21b6a4474c284e3079c1b8e06dc282072a6d2d3a684bd02794b,1a980269c1778978c64462bf76cf00949cd95e29e33d5066107809299e5dec35,0,3,0.225,0.018,3,2.0,NAA-GDP,1,s3_p2_NAA-GDP_l3_r1
,False,AM,s3_p2_l3_r2_AM,a12dcb1ba4e2a21b6a4474c284e3079c1b8e06dc282072a6d2d3a684bd02794b,1a980269c1778978c64462bf76cf00949cd95e29e33d5066107809299e5dec35,0,3,0.266,0.018,3,2.0,NAA-GDP,2,s3_p2_NAA-GDP_l3_r2
,False,AM,s3_p2_l3_r3_AM,a12dcb1ba4e2a21b6a4474c284e3079c1b8e06dc282072a6d2d3a684bd02794b,1a980269c1778978c64462bf76cf00949cd95e29e33d5066107809299e5dec35,0,3,0.243,0.018,3,2.0,NAA-GDP,3,s3_p2_NAA-GDP_l3_r3
,False,AM,s3_p2_l4_r0_AM,a12dcb1ba4e2a21b6a4474c284e3079c1b8e06dc282072a6d2d3a684bd02794b,1a980269c1778978c64462bf76cf00949cd95e29e33d5066107809299e5dec35,0,4,0.209,0.024,3,2.0,NAA-GDP,0,s3_p2_NAA-GDP_l4_r0
,False,AM,s3_p2_l4_r1_AM,a12dcb1ba4e2a21b6a4474c284e3079c1b8e06dc282072a6d2d3a684bd02794b,1a980269c1778978c64462bf76cf00949cd95e29e33d5066107809299e5dec35,0,4,0.181,0.024,3,2.0,NAA-GDP,1,s3_p2_NAA-GDP_l4_r1
,False,AM,s3_p2_l4_r2_AM,a12dcb1ba4e2a21b6a4474c284e3079c1b8e06dc282072a6d2d3a684bd02794b,1a980269c1778978c64462bf76cf00949cd95e29e33d5066107809299e5dec35,0,4,0.225,0.024,3,2.0,NAA-GDP,2,s3_p2_NAA-GDP_l4_r2
,False,AM,s3_p2_l4_r3_AM,a12dcb1ba4e2a21b6a4474c284e3079c1b8e06dc282072a6d2d3a684bd02794b,1a980269c1778978c64462bf76cf00949cd95e29e33d5066107809299e5dec35,0,4,0.191,0.024,3,2.0,NAA-GDP,3,s3_p2_NAA-GDP_l4_r3
,False,AM,s3_p2_l5_r0_AM,a12dcb1ba4e2a21b6a4474c284e3079c1b8e06dc282072a6d2d3a684bd02794b,1a980269c1778978c64462bf76cf00949cd95e29e33d5066107809299e5dec35,0,5,0.14,0.03,3,2.0,NAA-GDP,0,s3_p2_NAA-GDP_l5_r0
,False,AM,s3_p2_l5_r1_AM,a12dcb1ba4e2a21b6a4474c284e3079c1b8e06dc282072a6d2d3a684bd02794b,1a980269c1778978c64462bf76cf00949cd95e29e33d5066107809299e5dec35,0,5,0.122,0.03,3,2.0,NAA-GDP,1,s3_p2_NAA-GDP_l5_r1
,False,AM,s3_p2_l5_r2_AM,a12dcb1ba4e2a21b6a4474c284e3079c1b8e06dc282072a6d2d3a684bd02794b,1a980269c1778978c64462bf76cf00949cd95e29e33d5066107809299e5dec35,0,5,0.114,0.03,3,2.0,NAA-GDP,2,s3_p2_NAA-GDP_l5_r2
,False,AM,s3_p2_l5_r3_AM,a12dcb1ba4e2a21b6a4474c284e3079c1b8e06dc282072a6d2d3a684bd02794b,1a980269c1778978c64462bf76cf00949cd95e29e33d5066107809299e5dec35,0,5,0.106,0.03,3,2.0,NAA-GDP,3,s3_p2_NAA-GDP_l5_r3
,False,AM,s3_p2_l6_r0_AM,a12dcb1ba4e2a21b6a4474c284e3079c1b8e06dc282072a6d2d3a684bd02794b,1a980269c1778978c64462bf76cf00949cd95e29e33d5066107809299e5dec35,0,6,0.12,0.036,3,2.0,NAA-GDP,0,s3_p2_NAA-GDP_l6_r0
,False,AM,s3_p2_l6_r1_AM,a12dcb1ba4e2a21b6a4474c284e3079c1b8e06dc282072a6d2d3a684bd02794b,1a980269c1778978c64462bf76cf00949cd95e29e33d5066107809299e5dec35,0,6,0.134,0.036,3,2.0,NAA-GDP,1,s3_p2_NAA-GDP_l6_r1
,False,AM,s3_p2_l6_r2_AM,a12dcb1ba4e2a21b6a4474c284e3079c1b8e06dc282072a6d2d3a684bd02794b,1a980269c1778978c64462bf76cf00949cd95e29e33d5066107809299e5dec35,0,6,0.132,0.036,3,2.0,NAA-GDP,2,s3_p2_NAA-GDP_l6_r2
,False,AM,s3_p2_l6_r3_AM,a12dcb1ba4e2a21b6a4474c284e3079c1b8e06dc282072a6d2d3a684bd02794b,1a980269c1778978c64462bf76cf00949cd95e29e33d5066107809299e5dec35,0,6,0.127,0.036,3,2.0,NAA-GDP,3,s3_p2_NAA-GDP_l6_r3
,False,AM,s3_p2_l7_r0_AM,a12dcb1ba4e2a21b6a4474c284e3079c1b8e06dc282072a6d2d3a684bd02794b,1a980269c1778978c64462bf76cf00949cd95e29e33d5066107809299e5dec35,0,7,0.103,0.042,3,2.0,NAA-GDP,0,s3_p2_NAA-GDP_l7_r0
,False,AM,s3_p2_l7_r1_AM,a12dcb1ba4e2a21b6a4474c284e3079c1b8e06dc282072a6d2d3a684bd02794b,1a980269c1778978c64462bf76cf00949cd95e29e33d5066107809299e5dec35,0,7,0.094,0.042,3,2.0,NAA-GDP,1,s3_p2_NAA-GDP_l7_r1
,False,AM,s3_p2_l7_r2_AM,a12dcb1ba4e2a21b6a4474c284e3079c1b8e06dc282072a6d2d3a684bd02794b,1a980269c1778978c64462bf76cf00949cd95e29e33d5066107809299e5dec35,0,7,0.12,0.042,3,2.0,NAA-GDP,2,s3_p2_NAA-GDP_l7_r2
,False,AM,s3_p2_l7_r3_AM,a12dcb1ba4e2a21b6a4474c284e3079c1b8e06dc282072a6d2d3a684bd02794b,1a980269c1778978c64462bf76cf00949cd95e29e33d5066107809299e5dec35,0,7,0.073,0.042,3,2.0,NAA-GDP,3,s3_p2_NAA-GDP_l7_r3
,False,AM,s3_p2_l8_r0_AM,a12dcb1ba4e2a21b6a4474c284e3079c1b8e06dc282072a6d2d3a684bd02794b,1a980269c1778978c64462bf76cf00949cd95e29e33d5066107809299e5dec35,0,8,0.095,0.048,3,2.0,NAA-GDP,0,s3_p2_NAA-GDP_l8_r0
,False,AM,s3_p2_l8_r1_AM,a12dcb1ba4e2a21b6a4474c284e3079c1b8e06dc282072a6d2d3a684bd02794b,1a980269c1778978c64462bf76cf00949cd95e29e33d5066107809299e5dec35,0,8,0.1,0.048,3,2.0,NAA-GDP,1,s3_p2_NAA-GDP_l8_r1
,False,AM,s3_p2_l8_r2_AM,a12dcb1ba4e2a21b6a4474c284e3079c1b8e06dc282072a6d2d3a684bd02794b,1a980269c1778978c64462bf76cf00949cd95e29e33d5066107809299e5dec35,0,8,0.133,0.048,3,2.0,NAA-GDP,2,s3_p2_NAA-GDP_l8_r2
,False,AM,s3_p2_l8_r3_AM,a12dcb1ba4e2a21b6a4474c284e3079c1b8e06dc282072a6d2d3a684bd02794b,1a980269c1778978c64462bf76cf00949cd95e29e33d5066107809299e5dec35,0,8,0.101,0.048,3,2.0,NAA-GDP,3,s3_p2_NAA-GDP_l8_r3
,False,AM,s3_p2_l9_r0_AM,a12dcb1ba4e2a21b6a4474c284e3079c1b8e06dc282072a6d2d3a684bd02794b,1a980269c1778978c64462bf76cf00949cd95e29e33d5066107809299e5dec35,0,9,0.092,0.054,3,2.0,NAA-GDP,0,s3_p2_NAA-GDP_l9_r0
,False,AM,s3_p2_l9_r1_AM,a12dcb1ba4e2a21b6a4474c284e3079c1b8e06dc282072a6d2d3a684bd02794b,1a980269c1778978c64462bf76cf00949cd95e29e33d5066107809299e5dec35,0,9,0.094,0.054,3,2.0,NAA-GDP,1,s3_p2_NAA-GDP_l9_r1
,False,AM,s3_p2_l9_r2_AM,a12dcb1ba4e2a21b6a4474c284e3079c1b8e06dc282072a6d2d3a684bd02794b,1a980269c1778978c64462bf76cf00949cd95e29e33d5066107809299e5dec35,0,9,0.091,0.054,3,2.0,NAA-GDP,2,s3_p2_NAA-GDP_l9_r2
,False,AM,s3_p2_l9_r3_AM,a12dcb1ba4e2a21b6a4474c284e3079c1b8e06dc282072a6d2d3a684bd02794b,1a980269c1778978c64462bf76cf00949cd95e29e33d5066107809299e5dec35,0,9,0.095,0.054,3,2.0,NAA-GDP,3,s3_p2_NAA-GDP_l9_r3
,False,AM,s3_p50_l10_r0_AM,a12dcb1ba4e2a21b6a4474c284e3079c1b8e06dc282072a6d2d3a684bd02794b,1a980269c1778978c64462bf76cf00949cd95e29e33d5066107809299e5dec35,0,10,0.078,0.06,3,50.0,NAA-GDP,0,s3_p50_NAA-GDP_l10_r0
,False,AM,s3_p50_l10_r1_AM,a12dcb1ba4e2a21b6a4474c284e3079c1b8e06dc282072a6d2d3a684bd02794b,1a980269c1778978c64462bf76cf00949cd95e29e33d5066107809299e5dec35,0,10,0.113,0.06,3,50.0,NAA-GDP,1,s3_p50_NAA-GDP_l10_r1
,False,AM,s3_p50_l10_r2_AM,a12dcb1ba4e2a21b6a4474c284e3079c1b8e06dc282072a6d2d3a684bd02794b,1a980269c1778978c64462bf76cf00949cd95e29e33d5066107809299e5dec35,0,10,0.106,0.06,3,50.0,NAA-GDP,2,s3_p50_NAA-GDP_l10_r2
,False,AM,s3_p50_l10_r3_AM,a12dcb1ba4e2a21b6a4474c284e3079c1b8e06dc282072a6d2d3a684bd02794b,1a980269c1778978c64462bf76cf00949cd95e29e33d5066107809299e5dec35,0,10,0.132,0.06,3,50.0,NAA-GDP,3,s3_p50_NAA-GDP_l10_r3
,False,AM,s3_p50_l1_r0_AM,a12dcb1ba4e2a21b6a4474c284e3079c1b8e06dc282072a6d2d3a684bd02794b,1a980269c1778978c64462bf76cf00949cd95e29e33d5066107809299e5dec35,0,1,0.615,0.006,3,50.0,NAA-GDP,0,s3_p50_NAA-GDP_l1_r0
,False,AM,s3_p50_l1_r1_AM,a12dcb1ba4e2a21b6a4474c284e3079c1b8e06dc282072a6d2d3a684bd02794b,1a980269c1778978c64462bf76cf00949cd95e29e33d5066107809299e5dec35,0,1,0.549,0.006,3,50.0,NAA-GDP,1,s3_p50_NAA-GDP_l1_r1
,False,AM,s3_p50_l1_r2_AM,a12dcb1ba4e2a21b6a4474c284e3079c1b8e06dc282072a6d2d3a684bd02794b,1a980269c1778978c64462bf76cf00949cd95e29e33d5066107809299e5dec35,0,1,0.565,0.006,3,50.0,NAA-GDP,2,s3_p50_NAA-GDP_l1_r2
,False,AM,s3_p50_l1_r3_AM,a12dcb1ba4e2a21b6a4474c284e3079c1b8e06dc282072a6d2d3a684bd02794b,1a980269c1778978c64462bf76cf00949cd95e29e33d5066107809299e5dec35,0,1,0.541,0.006,3,50.0,NAA-GDP,3,s3_p50_NAA-GDP_l1_r3
,False,AM,s3_p50_l2_r0_AM,a12dcb1ba4e2a21b6a4474c284e3079c1b8e06dc282072a6d2d3a684bd02794b,1a980269c1778978c64462bf76cf00949cd95e29e33d5066107809299e5dec35,0,2,0.302,0.012,3,50.0,NAA-GDP,0,s3_p50_NAA-GDP_l2_r0
,False,AM,s3_p50_l2_r1_AM,a12dcb1ba4e2a21b6a4474c284e3079c1b8e06dc282072a6d2d3a684bd02794b,1a980269c1778978c64462bf76cf00949cd95e29e33d5066107809299e5dec35,0,2,0.404,0.012,3,50.0,NAA-GDP,1,s3_p50_NAA-GDP_l2_r1
,False,AM,s3_p50_l2_r2_AM,a12dcb1ba4e2a21b6a4474c284e3079c1b8e06dc282072a6d2d3a684bd02794b,1a980269c1778978c64462bf76cf00949cd95e29e33d5066107809299e5dec35,0,2,0.482,0.012,3,50.0,NAA-GDP,2,s3_p50_NAA-GDP_l2_r2
,False,AM,s3_p50_l2_r3_AM,a12dcb1ba4e2a21b6a4474c284e3079c1b8e06dc282072a6d2d3a684bd02794b,1a980269c1778978c64462bf76cf00949cd95e29e33d5066107809299e5dec35,0,2,0.417,0.012,3,50.0,NAA-GDP,3,s3_p50_NAA-GDP_l2_r3
,False,AM,s3_p50_l3_r0_AM,a12dcb1ba4e2a21b6a4474c284e3079c1b8e06dc282072a6d2d3a684bd02794b,1a980269c1778978c64462bf76cf00949cd95e29e33d5066107809299e5dec35,0,3,0.294,0.018,3,50.0,NAA-GDP,0,s3_p50_NAA-GDP_l3_r0
,False,AM,s3_p50_l3_r1_AM,a12dcb1ba4e2a21b6a4474c284e3079c1b8e06dc282072a6d2d3a684bd02794b,1a980269c1778978c64462bf76cf00949cd95e29e33d5066107809299e5dec35,0,3,0.202,0.018,3,50.0,NAA-GDP,1,s3_p50_NAA-GDP_l3_r1
,False,AM,s3_p50_l3_r2_AM,a12dcb1ba4e2a21b6a4474c284e3079c1b8e06dc282072a6d2d3a684bd02794b,1a980269c1778978c64462bf76cf00949cd95e29e33d5066107809299e5dec35,0,3,0.321,0.018,3,50.0,NAA-GDP,2,s3_p50_NAA-GDP_l3_r2
,False,AM,s3_p50_l3_r3_AM,a12dcb1ba4e2a21b6a4474c284e3079c1b8e06dc282072a6d2d3a684bd02794b,1a980269c1778978c64462bf76cf00949cd95e29e33d5066107809299e5dec35,0,3,0.218,0.018,3,50.0,NAA-GDP,3,s3_p50_NAA-GDP_l3_r3
,False,AM,s3_p50_l4_r0_AM,a12dcb1ba4e2a21b6a4474c284e3079c1b8e06dc282072a6d2d3a684bd02794b,1a980269c1778978c64462bf76cf00949cd95e29e33d5066107809299e5dec35,0,4,0.192,0.024,3,50.0,NAA-GDP,0,s3_p50_NAA-GDP_l4_r0
,False,AM,s3_p50_l4_r1_AM,a12dcb1ba4e2a21b6a4474c284e3079c1b8e06dc282072a6d2d3a684bd02794b,1a980269c1778978c64462bf76cf00949cd95e29e33d5066107809299e5dec35,0,4,0.216,0.024,3,50.0,NAA-GDP,1,s3_p50_NAA-GDP_l4_r1
,False,AM,s3_p50_l4_r2_AM,a12dcb1ba4e2a21b6a4474c284e3079c1b8e06dc282072a6d2d3a684bd02794b,1a980269c1778978c64462bf76cf00949cd95e29e33d5066107809299e5dec35,0,4,0.235,0.024,3,50.0,NAA-GDP,2,s3_p50_NAA-GDP_l4_r2
,False,AM,s3_p50_l4_r3_AM,a12dcb1ba4e2a21b6a4474c284e3079c1b8e06dc282072a6d2d3a684bd02794b,1a980269c1778978c64462bf76cf00949cd95e29e33d5066107809299e5dec35,0,4,0.186,0.024,3,50.0,NAA-GDP,3,s3_p50_NAA-GDP_l4_r3
,False,AM,s3_p50_l5_r0_AM,a12dcb1ba4e2a21b6a4474c284e3079c1b8e06dc282072a6d2d3a684bd02794b,1a980269c1778978c64462bf76cf00949cd95e29e33d5066107809299e5dec35,0,5,0.163,0.03,3,50.0,NAA-GDP,0,s3_p50_NAA-GDP_l5_r0
,False,AM,s3_p50_l5_r1_AM,a12dcb1ba4e2a21b6a4474c284e3079c1b8e06dc282072a6d2d3a684bd02794b,1a980269c1778978c64462bf76cf00949cd95e29e33d5066107809299e5dec35,0,5,0.128,0.03,3,50.0,NAA-GDP,1,s3_p50_NAA-GDP_l5_r1
,False,AM,s3_p50_l5_r2_AM,a12dcb1ba4e2a21b6a4474c284e3079c1b8e06dc282072a6d2d3a684bd02794b,1a980269c1778978c64462bf76cf00949cd95e29e33d5066107809299e5dec35,0,5,0.152,0.03,3,50.0,NAA-GDP,2,s3_p50_NAA-GDP_l5_r2
,False,AM,s3_p50_l5_r3_AM,a12dcb1ba4e2a21b6a4474c284e3079c1b8e06dc282072a6d2d3a684bd02794b,1a980269c1778978c64462bf76cf00949cd95e29e33d5066107809299e5dec35,0,5,0.194,0.03,3,50.0,NAA-GDP,3,s3_p50_NAA-GDP_l5_r3
,False,AM,s3_p50_l6_r0_AM,a12dcb1ba4e2a21b6a4474c284e3079c1b8e06dc282072a6d2d3a684bd02794b,1a980269c1778978c64462bf76cf00949cd95e29e33d5066107809299e5dec35,0,6,0.157,0.036,3,50.0,NAA-GDP,0,s3_p50_NAA-GDP_l6_r0
,False,AM,s3_p50_l6_r1_AM,a12dcb1ba4e2a21b6a4474c284e3079c1b8e06dc282072a6d2d3a684bd02794b,1a980269c1778978c64462bf76cf00949cd95e29e33d5066107809299e5dec35,0,6,0.139,0.036,3,50.0,NAA-GDP,1,s3_p50_NAA-GDP_l6_r1
,False,AM,s3_p50_l6_r2_AM,a12dcb1ba4e2a21b6a4474c284e3079c1b8e06dc282072a6d2d3a684bd02794b,1a980269c1778978c64462bf76cf00949cd95e29e33d5066107809299e5dec35,0,6,0.163,0.036,3,50.0,NAA-GDP,2,s3_p50_NAA-GDP_l6_r2
,False,AM,s3_p50_l6_r3_AM,a12dcb1ba4e2a21b6a4474c284e3079c1b8e06dc282072a6d2d3a684bd02794b,1a980269c1778978c64462bf76cf00949cd95e29e33d5066107809299e5dec35,0,6,0.146,0.036,3,50.0,NAA-GDP,3,s3_p50_NAA-GDP_l6_r3
,False,AM,s3_p50_l7_r0_AM,a12dcb1ba4e2a21b6a4474c284e3079c1b8e06dc282072a6d2d3a684bd02794b,1a980269c1778978c64462bf76cf00949cd95e29e33d5066107809299e5dec35,0,7,0.137,0.042,3,50.0,NAA-GDP,0,s3_p50_NAA-GDP_l7_r0
,False,AM,s3_p50_l7_r1_AM,a12dcb1ba4e2a21b6a4474c284e3079c1b8e06dc282072a6d2d3a684bd02794b,1a980269c1778978c64462bf76cf00949cd95e29e33d5066107809299e5dec35,0,7,0.105,0.042,3,50.0,NAA-GDP,1,s3_p50_NAA-GDP_l7_r1
,False,AM,s3_p50_l7_r2_AM,a12dcb1ba4e2a21b6a4474c284e3079c1b8e06dc282072a6d2d3a684bd02794b,1a980269c1778978c64462bf76cf00949cd95e29e33d5066107809299e5dec35,0,7,0.129,0.042,3,50.0,NAA-GDP,2,s3_p50_NAA-GDP_l7_r2
,False,AM,s3_p50_l7_r3_AM,a12dcb1ba4e2a21b6a4474c284e3079c1b8e06dc282072a6d2d3a684bd02794b,1a980269c1778978c64462bf76cf00949cd95e29e33d5066107809299e5dec35,0,7,0.105,0.042,3,50.0,NAA-GDP,3,s3_p50_NAA-GDP_l7_r3
,False,AM,s3_p50_l8_r0_AM,a12dcb1ba4e2a21b6a4474c284e3079c1b8e06dc282072a6d2d3a684bd02794b,1a980269c1778978c64462bf76cf00949cd95e29e33d5066107809299e5dec35,0,8,0.106,0.048,3,50.0,NAA-GDP,0,s3_p50_NAA-GDP_l8_r0
,False,AM,s3_p50_l8_r1_AM,a12dcb1ba4e2a21b6a4474c284e3079c1b8e06dc282072a6d2d3a684bd02794b,1a980269c1778978c64462bf76cf00949cd95e29e33d5066107809299e5dec35,0,8,0.146,0.048,3,50.0,NAA-GDP,1,s3_p50_NAA-GDP_l8_r1
,False,AM,s3_p50_l8_r2_AM,a12dcb1ba4e2a21b6a4474c284e3079c1b8e06dc282072a6d2d3a684bd02794b,1a980269c1778978c64462bf76cf00949cd95e29e33d5066107809299e5dec35,0,8,0.134,0.048,3,50.0,NAA-GDP,2,s3_p50_NAA-GDP_l8_r2
,False,AM,s3_p50_l8_r3_AM,a12dcb1ba4e2a21b6a4474c284e3079c1b8e06dc282072a6d2d3a684bd02794b,1a980269c1778978c64462bf76cf00949cd95e29e33d5066107809299e5dec35,0,8,0.119,0.048,3,50.0,NAA-GDP,3,s3_p50_NAA-GDP_l8_r3
,False,AM,s3_p50_l9_r0_AM,a12dcb1ba4e2a21b6a4474c284e3079c1b8e06dc282072a6d2d3a684bd02794b,1a980269c1778978c64462bf76cf00949cd95e29e33d5066107809299e5dec35,0,9,0.105,0.054,3,50.0,NAA-GDP,0,s3_p50_NAA-GDP_l9_r0
,False,AM,s3_p50_l9_r1_AM,a12dcb1ba4e2a21b6a4474c284e3079c1b8e06dc282072a6d2d3a684bd02794b,1a980269c1778978c64462bf76cf00949cd95e29e33d5066107809299e5dec35,0,9,0.084,0.054,3,50.0,NAA-GDP,1,s3_p50_NAA-GDP_l9_r1
,False,AM,s3_p50_l9_r2_AM,a12dcb1ba4e2a21b6a4474c284e3079c1b8e06dc282072a6d2d3a684bd02794b,1a980269c1778978c64462bf76cf00949cd95e29e33d5066107809299e5dec35,0,9,0.137,0.054,3,50.0,NAA-GDP,2,s3_p50_NAA-GDP_l9_r2
,False,AM,s3_p50_l9_r3_AM,a12dcb1ba4e2a21b6a4474c284e3079c1b8e06dc282072a6d2d3a684bd02794b,1a980269c1778978c64462bf76cf00949cd95e29e33d5066107809299e5dec35,0,9,0.133,0.054,3,50.0,NAA-GDP,3,s3_p50_NAA-GDP_l9_r3
,False,AM,s3_p5_l10_r0_AM,a12dcb1ba4e2a21b6a4474c284e3079c1b8e06dc282072a6d2d3a684bd02794b,1a980269c1778978c64462bf76cf00949cd95e29e33d5066107809299e5dec35,0,10,0.091,0.06,3,5.0,NAA-GDP,0,s3_p5_NAA-GDP_l10_r0
,False,AM,s3_p5_l10_r1_AM,a12dcb1ba4e2a21b6a4474c284e3079c1b8e06dc282072a6d2d3a684bd02794b,1a980269c1778978c64462bf76cf00949cd95e29e33d5066107809299e5dec35,0,10,0.063,0.06,3,5.0,NAA-GDP,1,s3_p5_NAA-GDP_l10_r1
,False,AM,s3_p5_l10_r2_AM,a12dcb1ba4e2a21b6a4474c284e3079c1b8e06dc282072a6d2d3a684bd02794b,1a980269c1778978c64462bf76cf00949cd95e29e33d5066107809299e5dec35,0,10,0.118,0.06,3,5.0,NAA-GDP,2,s3_p5_NAA-GDP_l10_r2
,False,AM,s3_p5_l10_r3_AM,a12dcb1ba4e2a21b6a4474c284e3079c1b8e06dc282072a6d2d3a684bd02794b,1a980269c1778978c64462bf76cf00949cd95e29e33d5066107809299e5dec35,0,10,0.1,0.06,3,5.0,NAA-GDP,3,s3_p5_NAA-GDP_l10_r3
,False,AM,s3_p5_l1_r0_AM,a12dcb1ba4e2a21b6a4474c284e3079c1b8e06dc282072a6d2d3a684bd02794b,1a980269c1778978c64462bf76cf00949cd95e29e33d5066107809299e5dec35,0,1,0.613,0.006,3,5.0,NAA-GDP,0,s3_p5_NAA-GDP_l1_r0
,False,AM,s3_p5_l1_r1_AM,a12dcb1ba4e2a21b6a4474c284e3079c1b8e06dc282072a6d2d3a684bd02794b,1a980269c1778978c64462bf76cf00949cd95e29e33d5066107809299e5dec35,0,1,0.545,0.006,3,5.0,NAA-GDP,1,s3_p5_NAA-GDP_l1_r1
,False,AM,s3_p5_l1_r2_AM,a12dcb1ba4e2a21b6a4474c284e3079c1b8e06dc282072a6d2d3a684bd02794b,1a980269c1778978c64462bf76cf00949cd95e29e33d5066107809299e5dec35,0,1,0.571,0.006,3,5.0,NAA-GDP,2,s3_p5_NAA-GDP_l1_r2
,False,AM,s3_p5_l1_r3_AM,a12dcb1ba4e2a21b6a4474c284e3079c1b8e06dc282072a6d2d3a684bd02794b,1a980269c1778978c64462bf76cf00949cd95e29e33d5066107809299e5dec35,0,1,0.537,0.006,3,5.0,NAA-GDP,3,s3_p5_NAA-GDP_l1_r3
,False,AM,s3_p5_l2_r0_AM,a12dcb1ba4e2a21b6a4474c284e3079c1b8e06dc282072a6d2d3a684bd02794b,1a980269c1778978c64462bf76cf00949cd95e29e33d5066107809299e5dec35,0,2,0.321,0.012,3,5.0,NAA-GDP,0,s3_p5_NAA-GDP_l2_r0
,False,AM,s3_p5_l2_r1_AM,a12dcb1ba4e2a21b6a4474c284e3079c1b8e06dc282072a6d2d3a684bd02794b,1a980269c1778978c64462bf76cf00949cd95e29e33d5066107809299e5dec35,0,2,0.349,0.012,3,5.0,NAA-GDP,1,s3_p5_NAA-GDP_l2_r1
,False,AM,s3_p5_l2_r2_AM,a12dcb1ba4e2a21b6a4474c284e3079c1b8e06dc282072a6d2d3a684bd02794b,1a980269c1778978c64462bf76cf00949cd95e29e33d5066107809299e5dec35,0,2,0.451,0.012,3,5.0,NAA-GDP,2,s3_p5_NAA-GDP_l2_r2
,False,AM,s3_p5_l2_r3_AM,a12dcb1ba4e2a21b6a4474c284e3079c1b8e06dc282072a6d2d3a684bd02794b,1a980269c1778978c64462bf76cf00949cd95e29e33d5066107809299e5dec35,0,2,0.401,0.012,3,5.0,NAA-GDP,3,s3_p5_NAA-GDP_l2_r3
,False,AM,s3_p5_l3_r0_AM,a12dcb1ba4e2a21b6a4474c284e3079c1b8e06dc282072a6d2d3a684bd02794b,1a980269c1778978c64462bf76cf00949cd95e29e33d5066107809299e5dec35,0,3,0.295,0.018,3,5.0,NAA-GDP,0,s3_p5_NAA-GDP_l3_r0
,False,AM,s3_p5_l3_r1_AM,a12dcb1ba4e2a21b6a4474c284e3079c1b8e06dc282072a6d2d3a684bd02794b,1a980269c1778978c64462bf76cf00949cd95e29e33d5066107809299e5dec35,0,3,0.186,0.018,3,5.0,NAA-GDP,1,s3_p5_NAA-GDP_l3_r1
,False,AM,s3_p5_l3_r2_AM,a12dcb1ba4e2a21b6a4474c284e3079c1b8e06dc282072a6d2d3a684bd02794b,1a980269c1778978c64462bf76cf00949cd95e29e33d5066107809299e5dec35,0,3,0.317,0.018,3,5.0,NAA-GDP,2,s3_p5_NAA-GDP_l3_r2
,False,AM,s3_p5_l3_r3_AM,a12dcb1ba4e2a21b6a4474c284e3079c1b8e06dc282072a6d2d3a684bd02794b,1a980269c1778978c64462bf76cf00949cd95e29e33d5066107809299e5dec35,0,3,0.241,0.018,3,5.0,NAA-GDP,3,s3_p5_NAA-GDP_l3_r3
,False,AM,s3_p5_l4_r0_AM,a12dcb1ba4e2a21b6a4474c284e3079c1b8e06dc282072a6d2d3a684bd02794b,1a980269c1778978c64462bf76cf00949cd95e29e33d5066107809299e5dec35,0,4,0.194,0.024,3,5.0,NAA-GDP,0,s3_p5_NAA-GDP_l4_r0
,False,AM,s3_p5_l4_r1_AM,a12dcb1ba4e2a21b6a4474c284e3079c1b8e06dc282072a6d2d3a684bd02794b,1a980269c1778978c64462bf76cf00949cd95e29e33d5066107809299e5dec35,0,4,0.19,0.024,3,5.0,NAA-GDP,1,s3_p5_NAA-GDP_l4_r1
,False,AM,s3_p5_l4_r2_AM,a12dcb1ba4e2a21b6a4474c284e3079c1b8e06dc282072a6d2d3a684bd02794b,1a980269c1778978c64462bf76cf00949cd95e29e33d5066107809299e5dec35,0,4,0.264,0.024,3,5.0,NAA-GDP,2,s3_p5_NAA-GDP_l4_r2
,False,AM,s3_p5_l4_r3_AM,a12dcb1ba4e2a21b6a4474c284e3079c1b8e06dc282072a6d2d3a684bd02794b,1a980269c1778978c64462bf76cf00949cd95e29e33d5066107809299e5dec35,0,4,0.195,0.024,3,5.0,NAA-GDP,3,s3_p5_NAA-GDP_l4_r3
,False,AM,s3_p5_l5_r0_AM,a12dcb1ba4e2a21b6a4474c284e3079c1b8e06dc282072a6d2d3a684bd02794b,1a980269c1778978c64462bf76cf00949cd95e29e33d5066107809299e5dec35,0,5,0.173,0.03,3,5.0,NAA-GDP,0,s3_p5_NAA-GDP_l5_r0
,False,AM,s3_p5_l5_r1_AM,a12dcb1ba4e2a21b6a4474c284e3079c1b8e06dc282072a6d2d3a684bd02794b,1a980269c1778978c64462bf76cf00949cd95e29e33d5066107809299e5dec35,0,5,0.136,0.03,3,5.0,NAA-GDP,1,s3_p5_NAA-GDP_l5_r1
,False,AM,s3_p5_l5_r2_AM,a12dcb1ba4e2a21b6a4474c284e3079c1b8e06dc282072a6d2d3a684bd02794b,1a980269c1778978c64462bf76cf00949cd95e29e33d5066107809299e5dec35,0,5,0.117,0.03,3,5.0,NAA-GDP,2,s3_p5_NAA-GDP_l5_r2
,False,AM,s3_p5_l5_r3_AM,a12dcb1ba4e2a21b6a4474c284e3079c1b8e06dc282072a6d2d3a684bd02794b,1a980269c1778978c64462bf76cf00949cd95e29e33d5066107809299e5dec35,0,5,0.155,0.03,3,5.0,NAA-GDP,3,s3_p5_NAA-GDP_l5_r3
,False,AM,s3_p5_l6_r0_AM,a12dcb1ba4e2a21b6a4474c284e3079c1b8e06dc282072a6d2d3a684bd02794b,1a980269c1778978c64462bf76cf00949cd95e29e33d5066107809299e5dec35,0,6,0.138,0.036,3,5.0,NAA-GDP,0,s3_p5_NAA-GDP_l6_r0
,False,AM,s3_p5_l6_r1_AM,a12dcb1ba4e2a21b6a4474c284e3079c1b8e06dc282072a6d2d3a684bd02794b,1a980269c1778978c64462bf76cf00949cd95e29e33d5066107809299e5dec35,0,6,0.189,0.036,3,5.0,NAA-GDP,1,s3_p5_NAA-GDP_l6_r1
,False,AM,s3_p5_l6_r2_AM,a12dcb1ba4e2a21b6a4474c284e3079c1b8e06dc282072a6d2d3a684bd02794b,1a980269c1778978c64462bf76cf00949cd95e29e33d5066107809299e5dec35,0,6,0.149,0.036,3,5.0,NAA-GDP,2,s3_p5_NAA-GDP_l6_r2
,False,AM,s3_p5_l6_r3_AM,a12dcb1ba4e2a21b6a4474c284e3079c1b8e06dc282072a6d2d3a684bd02794b,1a980269c1778978c64462bf76cf00949cd95e29e33d5066107809299e5dec35,0,6,0.118,0.036,3,5.0,NAA-GDP,3,s3_p5_NAA-GDP_l6_r3
,False,AM,s3_p5_l7_r0_AM,a12dcb1ba4e2a21b6a4474c284e3079c1b8e06dc282072a6d2d3a684bd02794b,1a980269c1778978c64462bf76cf00949cd95e29e33d5066107809299e5dec35,0,7,0.114,0.042,3,5.0,NAA-GDP,0,s3_p5_NAA-GDP_l7_r0
,False,AM,s3_p5_l7_r1_AM,a12dcb1ba4e2a21b6a4474c284e3079c1b8e06dc282072a6d2d3a684bd02794b,1a980269c1778978c64462bf76cf00949cd95e29e33d5066107809299e5dec35,0,7,0.145,0.042,3,5.0,NAA-GDP,1,s3_p5_NAA-GDP_l7_r1
,False,AM,s3_p5_l7_r2_AM,a12dcb1ba4e2a21b6a4474c284e3079c1b8e06dc282072a6d2d3a684bd02794b,1a980269c1778978c64462bf76cf00949cd95e29e33d5066107809299e5dec35,0,7,0.155,0.042,3,5.0,NAA-GDP,2,s3_p5_NAA-GDP_l7_r2
,False,AM,s3_p5_l7_r3_AM,a12dcb1ba4e2a21b6a4474c284e3079c1b8e06dc282072a6d2d3a684bd02794b,1a980269c1778978c64462bf76cf00949cd95e29e33d5066107809299e5dec35,0,7,0.115,0.042,3,5.0,NAA-GDP,3,s3_p5_NAA-GDP_l7_r3
,False,AM,s3_p5_l8_r0_AM,a12dcb1ba4e2a21b6a4474c284e3079c1b8e06dc282072a6d2d3a684bd02794b,1a980269c1778978c64462bf76cf00949cd95e29e33d5066107809299e5dec35,0,8,0.106,0.048,3,5.0,NAA-GDP,0,s3_p5_NAA-GDP_l8_r0
,False,AM,s3_p5_l8_r1_AM,a12dcb1ba4e2a21b6a4474c284e3079c1b8e06dc282072a6d2d3a684bd02794b,1a980269c1778978c64462bf76cf00949cd95e29e33d5066107809299e5dec35,0,8,0.146,0.048,3,5.0,NAA-GDP,1,s3_p5_NAA-GDP_l8_r1
,False,AM,s3_p5_l8_r2_AM,a12dcb1ba4e2a21b6a4474c284e3079c1b8e06dc282072a6d2d3a684bd02794b,1a980269c1778978c64462bf76cf00949cd95e29e33d5066107809299e5dec35,0,8,0.118,0.048,3,5.0,NAA-GDP,2,s3_p5_NAA-GDP_l8_r2
,False,AM,s3_p5_l8_r3_AM,a12dcb1ba4e2a21b6a4474c284e3079c1b8e06dc282072a6d2d3a684bd02794b,1a980269c1778978c64462bf76cf00949cd95e29e33d5066107809299e5dec35,0,8,0.077,0.048,3,5.0,NAA-GDP,3,s3_p5_NAA-GDP_l8_r3
,False,AM,s3_p5_l9_r0_AM,a12dcb1ba4e2a21b6a4474c284e3079c1b8e06dc282072a6d2d3a684bd02794b,1a980269c1778978c64462bf76cf00949cd95e29e33d5066107809299e5dec35,0,9,0.098,0.054,3,5.0,NAA-GDP,0,s3_p5_NAA-GDP_l9_r0
,False,AM,s3_p5_l9_r1_AM,a12dcb1ba4e2a21b6a4474c284e3079c1b8e06dc282072a6d2d3a684bd02794b,1a980269c1778978c64462bf76cf00949cd95e29e33d5066107809299e5dec35,0,9,0.11,0.054,3,5.0,NAA-GDP,1,s3_p5_NAA-GDP_l9_r1
,False,AM,s3_p5_l9_r2_AM,a12dcb1ba4e2a21b6a4474c284e3079c1b8e06dc282072a6d2d3a684bd02794b,1a980269c1778978c64462bf76cf00949cd95e29e33d5066107809299e5dec35,0,9,0.112,0.054,3,5.0,NAA-GDP,2,s3_p5_NAA-GDP_l9_r2
,False,AM,s3_p5_l9_r3_AM,a12dcb1ba4e2a21b6a4474c284e3079c1b8e06dc282072a6d2d3a684bd02794b,1a980269c1778978c64462bf76cf00949cd95e29e33d5066107809299e5dec35,0,9,0.109,0.054,3,5.0,NAA-GDP,3,s3_p5_NAA-GDP_l9_r3
,False,MP,s3_shared_l10_r0_MP,a12dcb1ba4e2a21b6a4474c284e3079c1b8e06dc282072a6d2d3a684bd02794b,1a980269c1778978c64462bf76cf00949cd95e29e33d5066107809299e5dec35,0,10,0.098,0.06,3,,NAA-GDP,0,s3_p2_NAA-GDP_l10_r0
,False,OP,s3_shared_l10_r0_OP,a12dcb1ba4e2a21b6a4474c284e3079c1b8e06dc282072a6d2d3a684bd02794b,1a980269c1778978c64462bf76cf00949cd95e29e33d5066107809299e5dec35,0,10,0.12,0.06,3,,NAA-GDP,0,s3_p2_NAA-GDP_l10_r0
,False,MP,s3_shared_l10_r1_MP,a12dcb1ba4e2a21b6a4474c284e3079c1b8e06dc282072a6d2d3a684bd02794b,1a980269c1778978c64462bf76cf00949cd95e29e33d5066107809299e5dec35,0,10,0.105,0.06,3,,NAA-GDP,1,s3_p2_NAA-GDP_l10_r1
,False,OP,s3_shared_l10_r1_OP,a12dcb1ba4e2a21b6a4474c284e3079c1b8e06dc282072a6d2d3a684bd02794b,1a980269c1778978c64462bf76cf00949cd95e29e33d5066107809299e5dec35,0,10,0.159,0.06,3,,NAA-GDP,1,s3_p2_NAA-GDP_l10_r1
,False,MP,s3_shared_l10_r2_MP,a12dcb1ba4e2a21b6a4474c284e3079c1b8e06dc282072a6d2d3a684bd02794b,1a980269c1778978c64462bf76cf00949cd95e29e33d5066107809299e5dec35,0,10,0.143,0.06,3,,NAA-GDP,2,s3_p2_NAA-GDP_l10_r2
,False,OP,s3_shared_l10_r2_OP,a12dcb1ba4e2a21b6a4474c284e3079c1b8e06dc282072a6d2d3a684bd02794b,1a980269c1778978c64462bf76cf00949cd95e29e33d5066107809299e5dec35,0,10,0.108,0.06,3,,NAA-GDP,2,s3_p2_NAA-GDP_l10_r2
,False,MP,s3_shared_l10_r3_MP,a12dcb1ba4e2a21b6a4474c284e3079c1b8e06dc282072a6d2d3a684bd02794b,1a980269c1778978c64462bf76cf00949cd95e29e33d5066107809299e5dec35,0,10,0.098,0.06,3,,NAA-GDP,3,s3_p2_NAA-GDP_l10_r3
,False,OP,s3_shared_l10_r3_OP,a12dcb1ba4e2a21b6a4474c284e3079c1b8e06dc282072a6d2d3a684bd02794b,1a980269c1778978c64462bf76cf00949cd95e29e33d5066107809299e5dec35,0,10,0.12,0.06,3,,NAA-GDP,3,s3_p2_NAA-GDP_l10_r3
,False,MP,s3_shared_l1_r0_MP,a12dcb1ba4e2a21b6a4474c284e3079c1b8e06dc282072a6d2d3a684bd02794b,1a980269c1778978c64462bf76cf00949cd95e29e33d5066107809299e5dec35,0,1,0.553,0.006,3,,NAA-GDP,0,s3_p2_NAA-GDP_l1_r0
,False,OP,s3_shared_l1_r0_OP,a12dcb1ba4e2a21b6a4474c284e3079c1b8e06dc282072a6d2d3a684bd02794b,1a980269c1778978c64462bf76cf00949cd95e29e33d5066107809299e5dec35,0,1,0.65,0.006,3,,NAA-GDP,0,s3_p2_NAA-GDP_l1_r0
,False,MP,s3_shared_l1_r1_MP,a12dcb1ba4e2a21b6a4474c284e3079c1b8e06dc282072a6d2d3a684bd02794b,1a980269c1778978c64462bf76cf00949cd95e29e33d5066107809299e5dec35,0,1,0.559,0.006,3,,NAA-GDP,1,s3_p2_NAA-GDP_l1_r1
,False,OP,s3_shared_l1_r1_OP,a12dcb1ba4e2a21b6a4474c284e3079c1b8e06dc282072a6d2d3a684bd02794b,1a980269c1778978c64462bf76cf00949cd95e29e33d5066107809299e5dec35,0,1,0.601,0.006,3,,NAA-GDP,1,s3_p2_NAA-GDP_l1_r1
,False,MP,s3_shared_l1_r2_MP,a12dcb1ba4e2a21b6a4474c284e3079c1b8e06dc282072a6d2d3a684bd02794b,1a980269c1778978c64462bf76cf00949cd95e29e33d5066107809299e5dec35,0,1,0.559,0.006,3,,NAA-GDP,2,s3_p2_NAA-GDP_l1_r2
,False,OP,s3_shared_l1_r2_OP,a12dcb1ba4e2a21b6a4474c284e3079c1b8e06dc282072a6d2d3a684bd02794b,1a980269c1778978c64462bf76cf00949cd95e29e33d5066107809299e5dec35,0,1,0.64,0.006,3,,NAA-GDP,2,s3_p2_NAA-GDP_l1_r2
,False,MP,s3_shared_l1_r3_MP,a12dcb1ba4e2a21b6a4474c284e3079c1b8e06dc282072a6d2d3a684bd02794b,1a980269c1778978c64462bf76cf00949cd95e29e33d5066107809299e5dec35,0,1,0.59,0.006,3,,NAA-GDP,3,s3_p2_NAA-GDP_l1_r3
,False,OP,s3_shared_l1_r3_OP,a12dcb1ba4e2a21b6a4474c284e3079c1b8e06dc282072a6d2d3a684bd02794b,1a980269c1778978c64462bf76cf00949cd95e29e33d5066107809299e5dec35,0,1,0.617,0.006,3,,NAA-GDP,3,s3_p2_NAA-GDP_l1_r3
,False,MP,s3_shared_l2_r0_MP,a12dcb1ba4e2a21b6a4474c284e3079c1b8e06dc282072a6d2d3a684bd02794b,1a980269c1778978c64462bf76cf00949cd95e29e33d5066107809299e5dec35,0,2,0.406,0.012,3,,NAA-GDP,0,s3_p2_NAA-GDP_l2_r0
,False,OP,s3_shared_l2_r0_OP,a12dcb1ba4e2a21b6a4474c284e3079c1b8e06dc282072a6d2d3a684bd02794b,1a980269c1778978c64462bf76cf00949cd95e29e33d5066107809299e5dec35,0,2,0.435,0.012,3,,NAA-GDP,0,s3_p2_NAA-GDP_l2_r0
,False,MP,s3_shared_l2_r1_MP,a12dcb1ba4e2a21b6a4474c284e3079c1b8e06dc282072a6d2d3a684bd02794b,1a980269c1778978c64462bf76cf00949cd95e29e33d5066107809299e5dec35,0,2,0.41,0.012,3,,NAA-GDP,1,s3_p2_NAA-GDP_l2_r1
,False,OP,s3_shared_l2_r1_OP,a12dcb1ba4e2a21b6a4474c284e3079c1b8e06dc282072a6d2d3a684bd02794b,1a980269c1778978c64462bf76cf00949cd95e29e33d5066107809299e5dec35,0,2,0.483,0.012,3,,NAA-GDP,1,s3_p2_NAA-GDP_l2_r1
,False,MP,s3_shared_l2_r2_MP,a12dcb1ba4e2a21b6a4474c284e3079c1b8e06dc282072a6d2d3a684bd02794b,1a980269c1778978c64462bf76cf00949cd95e29e33d5066107809299e5dec35,0,2,0.418,0.012,3,,NAA-GDP,2,s3_p2_NAA-GDP_l2_r2
,False,OP,s3_shared_l2_r2_OP,a12dcb1ba4e2a21b6a4474c284e3079c1b8e06dc282072a6d2d3a684bd02794b,1a980269c1778978c64462bf76cf00949cd95e29e33d5066107809299e5dec35,0,2,0.51,0.012,3,,NAA-GDP,2,s3_p2_NAA-GDP_l2_r2
,False,MP,s3_shared_l2_r3_MP,a12dcb1ba4e2a21b6a4474c284e3079c1b8e06dc282072a6d2d3a684bd02794b,1a980269c1778978c64462bf76cf00949cd95e29e33d5066107809299e5dec35,0,2,0.337,0.012,3,,NAA-GDP,3,s3_p2_NAA-GDP_l2_r3
,False,OP,s3_shared_l2_r3_OP,a12dcb1ba4e2a21b6a4474c284e3079c1b8e06dc282072a6d2d3a684bd02794b,1a980269c1778978c64462bf76cf00949cd95e29e33d5066107809299e5dec35,0,2,0.436,0.012,3,,NAA-GDP,3,s3_p2_NAA-GDP_l2_r3
,False,MP,s3_shared_l3_r0_MP,a12dcb1ba4e2a21b6a4474c284e3079c1b8e06dc282072a6d2d3a684bd02794b,1a980269c1778978c64462bf76cf00949cd95e29e33d5066107809299e5dec35,0,3,0.283,0.018,3,,NAA-GDP,0,s3_p2_NAA-GDP_l3_r0
,False,OP,s3_shared_l3_r0_OP,a12dcb1ba4e2a21b6a4474c284e3079c1b8e06dc282072a6d2d3a684bd02794b,1a980269c1778978c64462bf76cf00949cd95e29e33d5066107809299e5dec35,0,3,0.355,0.018,3,,NAA-GDP,0,s3_p2_NAA-GDP_l3_r0
,False,MP,s3_shared_l3_r1_MP,a12dcb1ba4e2a21b6a4474c284e3079c1b8e06dc282072a6d2d3a684bd02794b,1a980269c1778978c64462bf76cf00949cd95e29e33d5066107809299e5dec35,0,3,0.233,0.018,3,,NAA-GDP,1,s3_p2_NAA-GDP_l3_r1
,False,OP,s3_shared_l3_r1_OP,a12dcb1ba4e2a21b6a4474c284e3079c1b8e06dc282072a6d2d3a684bd02794b,1a980269c1778978c64462bf76cf00949cd95e29e33d5066107809299e5dec35,0,3,0.348,0.018,3,,NAA-GDP,1,s3_p2_NAA-GDP_l3_r1
,False,MP,s3_shared_l3_r2_MP,a12dcb1ba4e2a21b6a4474c284e3079c1b8e06dc282072a6d2d3a684bd02794b,1a980269c1778978c64462bf76cf00949cd95e29e33d5066107809299e5dec35,0,3,0.325,0.018,3,,NAA-GDP,2,s3_p2_NAA-GDP_l3_r2
,False,OP,s3_shared_l3_r2_OP,a12dcb1ba4e2a21b6a4474c284e3079c1b8e06dc282072a6d2d3a684bd02794b,1a980269c1778978c64462bf76cf00949cd95e29e33d5066107809299e5dec35,0,3,0.408,0.018,3,,NAA-GDP,2,s3_p2_NAA-GDP_l3_r2
,False,MP,s3_shared_l3_r3_MP,a12dcb1ba4e2a21b6a4474c284e3079c1b8e06dc282072a6d2d3a684bd02794b,1a980269c1778978c64462bf76cf00949cd95e29e33d5066107809299e5dec35,0,3,0.261,0.018,3,,NAA-GDP,3,s3_p2_NAA-GDP_l3_r3
,False,OP,s3_shared_l3_r3_OP,a12dcb1ba4e2a21b6a4474c284e3079c1b8e06dc282072a6d2d3a684bd02794b,1a980269c1778978c64462bf76cf00949cd95e29e33d5066107809299e5dec35,0,3,0.33,0.018,3,,NAA-GDP,3,s3_p2_NAA-GDP_l3_r3
,False,MP,s3_shared_l4_r0_MP,a12dcb1ba4e2a21b6a4474c284e3079c1b8e06dc282072a6d2d3a684bd02794b,1a980269c1778978c64462bf76cf00949cd95e29e33d5066107809299e5dec35,0,4,0.222,0.024,3,,NAA-GDP,0,s3_p2_NAA-GDP_l4_r0
,False,OP,s3_shared_l4_r0_OP,a12dcb1ba4e2a21b6a4474c284e3079c1b8e06dc282072a6d2d3a684bd02794b,1a980269c1778978c64462bf76cf00949cd95e29e33d5066107809299e5dec35,0,4,0.254,0.024,3,,NAA-GDP,0,s3_p2_NAA-GDP_l4_r0
,False,MP,s3_shared_l4_r1_MP,a12dcb1ba4e2a21b6a4474c284e3079c1b8e06dc282072a6d2d3a684bd02794b,1a980269c1778978c64462bf76cf00949cd95e29e33d5066107809299e5dec35,0,4,0.211,0.024,3,,NAA-GDP,1,s3_p2_NAA-GDP_l4_r1
,False,OP,s3_shared_l4_r1_OP,a12dcb1ba4e2a21b6a4474c284e3079c1b8e06dc282072a6d2d3a684bd02794b,1a980269c1778978c64462bf76cf00949cd95e29e33d5066107809299e5dec35,0,4,0.262,0.024,3,,NAA-GDP,1,s3_p2_NAA-GDP_l4_r1
,False,MP,s3_shared_l4_r2_MP,a12dcb1ba4e2a21b6a4474c284e3079c1b8e06dc282072a6d2d3a684bd02794b,1a980269c1778978c64462bf76cf00949cd95e29e33d5066107809299e5dec35,0,4,0.253,0.024,3,,NAA-GDP,2,s3_p2_NAA-GDP_l4_r2
,False,OP,s3_shared_l4_r2_OP,a12dcb1ba4e2a21b6a4474c284e3079c1b8e06dc282072a6d2d3a684bd02794b,1a980269c1778978c64462bf76cf00949cd95e29e33d5066107809299e5dec35,0,4,0.33,0.024,3,,NAA-GDP,2,s3_p2_NAA-GDP_l4_r2
,False,MP,s3_shared_l4_r3_MP,a12dcb1ba4e2a21b6a4474c284e3079c1b8e06dc282072a6d2d3a684bd02794b,1a980269c1778978c64462bf76cf00949cd95e29e33d5066107809299e5dec35,0,4,0.18,0.024,3,,NAA-GDP,3,s3_p2_NAA-GDP_l4_r3
,False,OP,s3_shared_l4_r3_OP,a12dcb1ba4e2a21b6a4474c284e3079c1b8e06dc282072a6d2d3a684bd02794b,1a980269c1778978c64462bf76cf00949cd95e29e33d5066107809299e5dec35,0,4,0.235,0.024,3,,NAA-GDP,3,s3_p2_NAA-GDP_l4_r3
,False,MP,s3_shared_l5_r0_MP,a12dcb1ba4e2a21b6a4474c284e3079c1b8e06dc282072a6d2d3a684bd02794b,1a980269c1778978c64462bf76cf00949cd95e29e33d5066107809299e5dec35,0,5,0.183,0.03,3,,NAA-GDP,0,s3_p2_NAA-GDP_l5_r0
,False,OP,s3_shared_l5_r0_OP,a12dcb1ba4e2a21b6a4474c284e3079c1b8e06dc282072a6d2d3a684bd02794b,1a980269c1778978c64462bf76cf00949cd95e29e33d5066107809299e5dec35,0,5,0.22,0.03,3,,NAA-GDP,0,s3_p2_NAA-GDP_l5_r0
,False,MP,s3_shared_l5_r1_MP,a12dcb1ba4e2a21b6a4474c284e3079c1b8e06dc282072a6d2d3a684bd02794b,1a980269c1778978c64462bf76cf00949cd95e29e33d5066107809299e5dec35,0,5,0.165,0.03,3,,NAA-GDP,1,s3_p2_NAA-GDP_l5_r1
,False,OP,s3_shared_l5_r1_OP,a12dcb1ba4e2a21b6a4474c284e3079c1b8e06dc282072a6d2d3a684bd02794b,1a980269c1778978c64462bf76cf00949cd95e29e33d5066107809299e5dec35,0,5,0.199,0.03,3,,NAA-GDP,1,s3_p2_NAA-GDP_l5_r1
,False,MP,s3_shared_l5_r2_MP,a12dcb1ba4e2a21b6a4474c284e3079c1b8e06dc282072a6d2d3a684bd02794b,1a980269c1778978c64462bf76cf00949cd95e29e33d5066107809299e5dec35,0,5,0.172,0.03,3,,NAA-GDP,2,s3_p2_NAA-GDP_l5_r2
,False,OP,s3_shared_l5_r2_OP,a12dcb1ba4e2a21b6a4474c284e3079c1b8e06dc282072a6d2d3a684bd02794b,1a980269c1778978c64462bf76cf00949cd95e29e33d5066107809299e5dec35,0,5,0.227,0.03,3,,NAA-GDP,2,s3_p2_NAA-GDP_l5_r2
,False,MP,s3_shared_l5_r3_MP,a12dcb1ba4e2a21b6a4474c284e3079c1b8e06dc282072a6d2d3a684bd02794b,1a980269c1778978c64462bf76cf00949cd95e29e33d5066107809299e5dec35,0,5,0.173,0.03,3,,NAA-GDP,3,s3_p2_NAA-GDP_l5_r3
,False,OP,s3_shared_l5_r3_OP,a12dcb1ba4e2a21b6a4474c284e3079c1b8e06dc282072a6d2d3a684bd02794b,1a980269c1778978c64462bf76cf00949cd95e29e33d5066107809299e5dec35,0,5,0.263,0.03,3,,NAA-GDP,3,s3_p2_NAA-GDP_l5_r3
,False,MP,s3_shared_l6_r0_MP,a12dcb1ba4e2a21b6a4474c284e3079c1b8e06dc282072a6d2d3a684bd02794b,1a980269c1778978c64462bf76cf00949cd95e29e33d5066107809299e5dec35,0,6,0.123,0.036,3,,NAA-GDP,0,s3_p2_NAA-GDP_l6_r0
,False,OP,s3_shared_l6_r0_OP,a12dcb1ba4e2a21b6a4474c284e3079c1b8e06dc282072a6d2d3a684bd02794b,1a980269c1778978c64462bf76cf00949cd95e29e33d5066107809299e5dec35,0,6,0.149,0.036,3,,NAA-GDP,0,s3_p2_NAA-GDP_l6_r0
,False,MP,s3_shared_l6_r1_MP,a12dcb1ba4e2a21b6a4474c284e3079c1b8e06dc282072a6d2d3a684bd02794b,1a980269c1778978c64462bf76cf00949cd95e29e33d5066107809299e5dec35,0,6,0.146,0.036,3,,NAA-GDP,1,s3_p2_NAA-GDP_l6_r1
,False,OP,s3_shared_l6_r1_OP,a12dcb1ba4e2a21b6a4474c284e3079c1b8e06dc282072a6d2d3a684bd02794b,1a980269c1778978c64462bf76cf00949cd95e29e33d5066107809299e5dec35,0,6,0.197,0.036,3,,NAA-GDP,1,s3_p2_NAA-GDP_l6_r1
,False,MP,s3_shared_l6_r2_MP,a12dcb1ba4e2a21b6a4474c284e3079c1b8e06dc282072a6d2d3a684bd02794b,1a980269c1778978c64462bf76cf00949cd95e29e33d5066107809299e5dec35,0,6,0.132,0.036,3,,NAA-GDP,2,s3_p2_NAA-GDP_l6_r2
,False,OP,s3_shared_l6_r2_OP,a12dcb1ba4e2a21b6a4474c284e3079c1b8e06dc282072a6d2d3a684bd02794b,1a980269c1778978c64462bf76cf00949cd95e29e33d5066107809299e5dec35,0,6,0.217,0.036,3,,NAA-GDP,2,s3_p2_NAA-GDP_l6_r2
,False,MP,s3_shared_l6_r3_MP,a12dcb1ba4e2a21b6a4474c284e3079c1b8e06dc282072a6d2d3a684bd02794b,1a980269c1778978c64462bf76cf00949cd95e29e33d5066107809299e5dec35,0,6,0.137,0.036,3,,NAA-GDP,3,s3_p2_NAA-GDP_l6_r3
,False,OP,s3_shared_l6_r3_OP,a12dcb1ba4e2a21b6a4474c284e3079c1b8e06dc282072a6d2d3a684bd02794b,1a980269c1778978c64462bf76cf00949cd95e29e33d5066107809299e5dec35,0,6,0.193,0.036,3,,NAA-GDP,3,s3_p2_NAA-GDP_l6_r3
,False,MP,s3_shared_l7_r0_MP,a12dcb1ba4e2a21b6a4474c284e3079c1b8e06dc282072a6d2d3a684bd02794b,1a980269c1778978c64462bf76cf00949cd95e29e33d5066107809299e5dec35,0,7,0.1,0.042,3,,NAA-GDP,0,s3_p2_NAA-GDP_l7_r0
,False,OP,s3_shared_l7_r0_OP,a12dcb1ba4e2a21b6a4474c284e3079c1b8e06dc282072a6d2d3a684bd02794b,1a980269c1778978c64462bf76cf00949cd95e29e33d5066107809299e5dec35,0,7,0.207,0.042,3,,NAA-GDP,0,s3_p2_NAA-GDP_l7_r0
,False,MP,s3_shared_l7_r1_MP,a12dcb1ba4e2a21b6a4474c284e3079c1b8e06dc282072a6d2d3a684bd02794b,1a980269c1778978c64462bf76cf00949cd95e29e33d5066107809299e5dec35,0,7,0.118,0.042,3,,NAA-GDP,1,s3_p2_NAA-GDP_l7_r1
,False,OP,s3_shared_l7_r1_OP,a12dcb1ba4e2a21b6a4474c284e3079c1b8e06dc282072a6d2d3a684bd02794b,1a980269c1778978c64462bf76cf00949cd95e29e33d5066107809299e5dec35,0,7,0.17,0.042,3,,NAA-GDP,1,s3_p2_NAA-GDP_l7_r1
,False,MP,s3_shared_l7_r2_MP,a12dcb1ba4e2a21b6a4474c284e3079c1b8e06dc282072a6d2d3a684bd02794b,1a980269c1778978c64462bf76cf00949cd95e29e33d5066107809299e5dec35,0,7,0.117,0.042,3,,NAA-GDP,2,s3_p2_NAA-GDP_l7_r2
,False,OP,s3_shared_l7_r2_OP,a12dcb1ba4e2a21b6a4474c284e3079c1b8e06dc282072a6d2d3a684bd02794b,1a980269c1778978c64462bf76cf00949cd95e29e33d5066107809299e5dec35,0,7,0.19,0.042,3,,NAA-GDP,2,s3_p2_NAA-GDP_l7_r2
,False,MP,s3_shared_l7_r3_MP,a12dcb1ba4e2a21b6a4474c284e3079c1b8e06dc282072a6d2d3a684bd02794b,1a980269c1778978c64462bf76cf00949cd95e29e33d5066107809299e5dec35,0,7,0.128,0.042,3,,NAA-GDP,3,s3_p2_NAA-GDP_l7_r3
,False,OP,s3_shared_l7_r3_OP,a12dcb1ba4e2a21b6a4474c284e3079c1b8e06dc282072a6d2d3a684bd02794b,1a980269c1778978c64462bf76cf00949cd95e29e33d5066107809299e5dec35,0,7,0.17,0.042,3,,NAA-GDP,3,s3_p2_NAA-GDP_l7_r3
,False,MP,s3_shared_l8_r0_MP,a12dcb1ba4e2a21b6a4474c284e3079c1b8e06dc282072a6d2d3a684bd02794b,1a980269c1778978c64462bf76cf00949cd95e29e33d5066107809299e5dec35,0,8,0.126,0.048,3,,NAA-GDP,0,s3_p2_NAA-GDP_l8_r0
,False,OP,s3_shared_l8_r0_OP,a12dcb1ba4e2a21b6a4474c284e3079c1b8e06dc282072a6d2d3a684bd02794b,1a980269c1778978c64462bf76cf00949cd95e29e33d5066107809299e5dec35,0,8,0.148,0.048,3,,NAA-GDP,0,s3_p2_NAA-GDP_l8_r0
,False,MP,s3_shared_l8_r1_MP,a12dcb1ba4e2a21b6a4474c284e3079c1b8e06dc282072a6d2d3a684bd02794b,1a980269c1778978c64462bf76cf00949cd95e29e33d5066107809299e5dec35,0,8,0.118,0.048,3,,NAA-GDP,1,s3_p2_NAA-GDP_l8_r1
,False,OP,s3_shared_l8_r1_OP,a12dcb1ba4e2a21b6a4474c284e3079c1b8e06dc282072a6d2d3a684bd02794b,1a980269c1778978c64462bf76cf00949cd95e29e33d5066107809299e5dec35,0,8,0.159,0.048,3,,NAA-GDP,1,s3_p2_NAA-GDP_l8_r1
,False,MP,s3_shared_l8_r2_MP,a12dcb1ba4e2a21b6a4474c284e3079c1b8e06dc282072a6d2d3a684bd02794b,1a980269c1778978c64462bf76cf00949cd95e29e33d5066107809299e5dec35,0,8,0.117,0.048,3,,NAA-GDP,2,s3_p2_NAA-GDP_l8_r2
,False,OP,s3_shared_l8_r2_OP,a12dcb1ba4e2a21b6a4474c284e3079c1b8e06dc282072a6d2d3a684bd02794b,1a980269c1778978c64462bf76cf00949cd95e29e33d5066107809299e5dec35,0,8,0.122,0.048,3,,NAA-GDP,2,s3_p2_NAA-GDP_l8_r2
,False,MP,s3_shared_l8_r3_MP,a12dcb1ba4e2a21b6a4474c284e3079c1b8e06dc282072a6d2d3a684bd02794b,1a980269c1778978c64462bf76cf00949cd95e29e33d5066107809299e5dec35,0,8,0.102,0.048,3,,NAA-GDP,3,s3_p2_NAA-GDP_l8_r3
,False,OP,s3_shared_l8_r3_OP,a12dcb1ba4e2a21b6a4474c284e3079c1b8e06dc282072a6d2d3a684bd02794b,1a980269c1778978c64462bf76cf00949cd95e29e33d5066107809299e5dec35,0,8,0.158,0.048,3,,NAA-GDP,3,s3_p2_NAA-GDP_l8_r3
,False,MP,s3_shared_l9_r0_MP,a12dcb1ba4e2a21b6a4474c284e3079c1b8e06dc282072a6d2d3a684bd02794b,1a980269c1778978c64462bf76cf00949cd95e29e33d5066107809299e5dec35,0,9,0.091,0.054,3,,NAA-GDP,0,s3_p2_NAA-GDP_l9_r0
,False,OP,s3_shared_l9_r0_OP,a12dcb1ba4e2a21b6a4474c284e3079c1b8e06dc282072a6d2d3a684bd02794b,1a980269c1778978c64462bf76cf00949cd95e29e33d5066107809299e5dec35,0,9,0.156,0.054,3,,NAA-GDP,0,s3_p2_NAA-GDP_l9_r0
,False,MP,s3_shared_l9_r1_MP,a12dcb1ba4e2a21b6a4474c284e3079c1b8e06dc282072a6d2d3a684bd02794b,1a980269c1778978c64462bf76cf00949cd95e29e33d5066107809299e5dec35,0,9,0.096,0.054,3,,NAA-GDP,1,s3_p2_NAA-GDP_l9_r1
,False,OP,s3_shared_l9_r1_OP,a12dcb1ba4e2a21b6a4474c284e3079c1b8e06dc282072a6d2d3a684bd02794b,1a980269c1778978c64462bf76cf00949cd95e29e33d5066107809299e5dec35,0,9,0.137,0.054,3,,NAA-GDP,1,s3_p2_NAA-GDP_l9_r1
,False,MP,s3_shared_l9_r2_MP,a12dcb1ba4e2a21b6a4474c284e3079c1b8e06dc282072a6d2d3a684bd02794b,1a980269c1778978c64462bf76cf00949cd95e29e33d5066107809299e5dec35,0,9,0.118,0.054,3,,NAA-GDP,2,s3_p2_NAA-GDP_l9_r2
,False,OP,s3_shared_l9_r2_OP,a12dcb1ba4e2a21b6a4474c284e3079c1b8e06dc282072a6d2d3a684bd02794b,1a980269c1778978c64462bf76cf00949cd95e29e33d5066107809299e5dec35,0,9,0.101,0.054,3,,NAA-GDP,2,s3_p2_NAA-GDP_l9_r2
,False,MP,s3_shared_l9_r3_MP,a12dcb1ba4e2a21b6a4474c284e3079c1b8e06dc282072a6d2d3a684bd02794b,1a980269c1778978c64462bf76cf00949cd95e29e33d5066107809299e5dec35,0,9,0.1,0.054,3,,NAA-GDP,3,s3_p2_NAA-GDP_l9_r3
,False,OP,s3_shared_l9_r3_OP,a12dcb1ba4e2a21b6a4474c284e3079c1b8e06dc282072a6d2d3a684bd02794b,1a980269c1778978c64462bf76cf00949cd95e29e33d5066107809299e5dec35,0,9,0.119,0.054,3,,NAA-GDP,3,s3_p2_NAA-GDP_l9_r3
,False,AM,s4_p10_l10_r0_AM,a12dcb1ba4e2a21b6a4474c284e3079c1b8e06dc282072a6d2d3a684bd02794b,1a980269c1778978c64462bf76cf00949cd95e29e33d5066107809299e5dec35,0,10,0.101,0.06,4,10.0,NAA-GDP,0,s4_p10_NAA-GDP_l10_r0
,False,AM,s4_p10_l10_r1_AM,a12dcb1ba4e2a21b6a4474c284e3079c1b8e06dc282072a6d2d3a684bd02794b,1a980269c1778978c64462bf76cf00949cd95e29e33d5066107809299e5dec35,0,10,0.073,0.06,4,10.0,NAA-GDP,1,s4_p10_NAA-GDP_l10_r1
,False,AM,s4_p10_l10_r2_AM,a12dcb1ba4e2a21b6a4474c284e3079c1b8e06dc282072a6d2d3a684bd02794b,1a980269c1778978c64462bf76cf00949cd95e29e33d5066107809299e5dec35,0,10,0.102,0.06,4,10.0,NAA-GDP,2,s4_p10_NAA-GDP_l10_r2
,False,AM,s4_p10_l10_r3_AM,a12dcb1ba4e2a21b6a4474c284e3079c1b8e06dc282072a6d2d3a684bd02794b,1a980269c1778978c64462bf76cf00949cd95e29e33d5066107809299e5dec35,0,10,0.085,0.06,4,10.0,NAA-GDP,3,s4_p10_NAA-GDP_l10_r3
,False,AM,s4_p10_l1_r0_AM,a12dcb1ba4e2a21b6a4474c284e3079c1b8e06dc282072a6d2d3a684bd02794b,1a980269c1778978c64462bf76cf00949cd95e29e33d5066107809299e5dec35,0,1,0.614,0.006,4,10.0,NAA-GDP,0,s4_p10_NAA-GDP_l1_r0
,False,AM,s4_p10_l1_r1_AM,a12dcb1ba4e2a21b6a4474c284e3079c1b8e06dc282072a6d2d3a684bd02794b,1a980269c1778978c64462bf76cf00949cd95e29e33d5066107809299e5dec35,0,1,0.579,0.006,4,10.0,NAA-GDP,1,s4_p10_NAA-GDP_l1_r1
,False,AM,s4_p10_l1_r2_AM,a12dcb1ba4e2a21b6a4474c284e3079c1b8e06dc282072a6d2d3a684bd02794b,1a980269c1778978c64462bf76cf00949cd95e29e33d5066107809299e5dec35,0,1,0.603,0.006,4,10.0,NAA-GDP,2,s4_p10_NAA-GDP_l1_r2
,False,AM,s4_p10_l1_r3_AM,a12dcb1ba4e2a21b6a4474c284e3079c1b8e06dc282072a6d2d3a684bd02794b,1a980269c1778978c64462bf76cf00949cd95e29e33d5066107809299e5dec35,0,1,0.508,0.006,4,10.0,NAA-GDP,3,s4_p10_NAA-GDP_l1_r3
,False,AM,s4_p10_l2_r0_AM,a12dcb1ba4e2a21b6a4474c284e3079c1b8e06dc282072a6d2d3a684bd02794b,1a980269c1778978c64462bf76cf00949cd95e29e33d5066107809299e5dec35,0,2,0.365,0.012,4,10.0,NAA-GDP,0,s4_p10_NAA-GDP_l2_r0
,False,AM,s4_p10_l2_r1_AM,a12dcb1ba4e2a21b6a4474c284e3079c1b8e06dc282072a6d2d3a684bd02794b,1a980269c1778978c64462bf76cf00949cd95e29e33d5066107809299e5dec35,0,2,0.404,0.012,4,10.0,NAA-GDP,1,s4_p10_NAA-GDP_l2_r1
,False,AM,s4_p10_l2_r2_AM,a12dcb1ba4e2a21b6a4474c284e3079c1b8e06dc282072a6d2d3a684bd02794b,1a980269c1778978c64462bf76cf00949cd95e29e33d5066107809299e5dec35,0,2,0.308,0.012,4,10.0,NAA-GDP,2,s4_p10_NAA-GDP_l2_r2
,False,AM,s4_p10_l2_r3_AM,a12dcb1ba4e2a21b6a4474c284e3079c1b8e06dc282072a6d2d3a684bd02794b,1a980269c1778978c64462bf76cf00949cd95e29e33d5066107809299e5dec35,0,2,0.325,0.012,4,10.0,NAA-GDP,3,s4_p10_NAA-GDP_l2_r3
,False,AM,s4_p10_l3_r0_AM,a12dcb1ba4e2a21b6a4474c284e3079c1b8e06dc282072a6d2d3a684bd02794b,1a980269c1778978c64462bf76cf00949cd95e29e33d5066107809299e5dec35,0,3,0.229,0.018,4,10.0,NAA-GDP,0,s4_p10_NAA-GDP_l3_r0
,False,AM,s4_p10_l3_r1_AM,a12dcb1ba4e2a21b6a4474c284e3079c1b8e06dc282072a6d2d3a684bd02794b,1a980269c1778978c64462bf76cf00949cd95e29e33d5066107809299e5dec35,0,3,0.246,0.018,4,10.0,NAA-GDP,1,s4_p10_NAA-GDP_l3_r1
,False,AM,s4_p10_l3_r2_AM,a12dcb1ba4e2a21b6a4474c284e3079c1b8e06dc282072a6d2d3a684bd02794b,1a980269c1778978c64462bf76cf00949cd95e29e33d5066107809299e5dec35,0,3,0.25,0.018,4,10.0,NAA-GDP,2,s4_p10_NAA-GDP_l3_r2
,False,AM,s4_p10_l3_r3_AM,a12dcb1ba4e2a21b6a4474c284e3079c1b8e06dc282072a6d2d3a684bd02794b,1a980269c1778978c64462bf76cf00949cd95e29e33d5066107809299e5dec35,0,3,0.239,0.018,4,10.0,NAA-GDP,3,s4_p10_NAA-GDP_l3_r3
,False,AM,s4_p10_l4_r0_AM,a12dcb1ba4e2a21b6a4474c284e3079c1b8e06dc282072a6d2d3a684bd02794b,1a980269c1778978c64462bf76cf00949cd95e29e33d5066107809299e5dec35,0,4,0.222,0.024,4,10.0,NAA-GDP,0,s4_p10_NAA-GDP_l4_r0
,False,AM,s4_p10_l4_r1_AM,a12dcb1ba4e2a21b6a4474c284e3079c1b8e06dc282072a6d2d3a684bd02794b,1a980269c1778978c64462bf76cf00949cd95e29e33d5066107809299e5dec35,0,4,0.155,0.024,4,10.0,NAA-GDP,1,s4_p10_NAA-GDP_l4_r1
,False,AM,s4_p10_l4_r2_AM,a12dcb1ba4e2a21b6a4474c284e3079c1b8e06dc282072a6d2d3a684bd02794b,1a980269c1778978c64462bf76cf00949cd95e29e33d5066107809299e5dec35,0,4,0.25,0.024,4,10.0,NAA-GDP,2,s4_p10_NAA-GDP_l4_r2
,False,AM,s4_p10_l4_r3_AM,a12dcb1ba4e2a21b6a4474c284e3079c1b8e06dc282072a6d2d3a684bd02794b,1a980269c1778978c64462bf76cf00949cd95e29e33d5066107809299e5dec35,0,4,0.198,0.024,4,10.0,NAA-GDP,3,s4_p10_NAA-GDP_l4_r3
,False,AM,s4_p10_l5_r0_AM,a12dcb1ba4e2a21b6a4474c284e3079c1b8e06dc282072a6d2d3a684bd02794b,1a980269c1778978c64462bf76cf00949cd95e29e33d5066107809299e5dec35,0,5,0.162,0.03,4,10.0,NAA-GDP,0,s4_p10_NAA-GDP_l5_r0
,False,AM,s4_p10_l5_r1_AM,a12dcb1ba4e2a21b6a4474c284e3079c1b8e06dc282072a6d2d3a684bd02794b,1a980269c1778978c64462bf76cf00949cd95e29e33d5066107809299e5dec35,0,5,0.163,0.03,4,10.0,NAA-GDP,1,s4_p10_NAA-GDP_l5_r1
,False,AM,s4_p10_l5_r2_AM,a12dcb1ba4e2a21b6a4474c284e3079c1b8e06dc282072a6d2d3a684bd02794b,1a980269c1778978c64462bf76cf00949cd95e29e33d5066107809299e5dec35,0,5,0.17,0.03,4,10.0,NAA-GDP,2,s4_p10_NAA-GDP_l5_r2
,False,AM,s4_p10_l5_r3_AM,a12dcb1ba4e2a21b6a4474c284e3079c1b8e06dc282072a6d2d3a684bd02794b,1a980269c1778978c64462bf76cf00949cd95e29e33d5066107809299e5dec35,0,5,0.128,0.03,4,10.0,NAA-GDP,3,s4_p10_NAA-GDP_l5_r3
,False,AM,s4_p10_l6_r0_AM,a12dcb1ba4e2a21b6a4474c284e3079c1b8e06dc282072a6d2d3a684bd02794b,1a980269c1778978c64462bf76cf00949cd95e29e33d5066107809299e5dec35,0,6,0.129,0.036,4,10.0,NAA-GDP,0,s4_p10_NAA-GDP_l6_r0
,False,AM,s4_p10_l6_r1_AM,a12dcb1ba4e2a21b6a4474c284e3079c1b8e06dc282072a6d2d3a684bd02794b,1a980269c1778978c64462bf76cf00949cd95e29e33d5066107809299e5dec35,0,6,0.128,0.036,4,10.0,NAA-GDP,1,s4_p10_NAA-GDP_l6_r1
,False,AM,s4_p10_l6_r2_AM,a12dcb1ba4e2a21b6a4474c284e3079c1b8e06dc282072a6d2d3a684bd02794b,1a980269c1778978c64462bf76cf00949cd95e29e33d5066107809299e5dec35,0,6,0.108,0.036,4,10.0,NAA-GDP,2,s4_p10_NAA-GDP_l6_r2
,False,AM,s4_p10_l6_r3_AM,a12dcb1ba4e2a21b6a4474c284e3079c1b8e06dc282072a6d2d3a684bd02794b,1a980269c1778978c64462bf76cf00949cd95e29e33d5066107809299e5dec35,0,6,0.106,0.036,4,10.0,NAA-GDP,3,s4_p10_NAA-GDP_l6_r3
,False,AM,s4_p10_l7_r0_AM,a12dcb1ba4e2a21b6a4474c284e3079c1b8e06dc282072a6d2d3a684bd02794b,1a980269c1778978c64462bf76cf00949cd95e29e33d5066107809299e5dec35,0,7,0.117,0.042,4,10.0,NAA-GDP,0,s4_p10_NAA-GDP_l7_r0
,False,AM,s4_p10_l7_r1_AM,a12dcb1ba4e2a21b6a4474c284e3079c1b8e06dc282072a6d2d3a684bd02794b,1a980269c1778978c64462bf76cf00949cd95e29e33d5066107809299e5dec35,0,7,0.128,0.042,4,10.0,NAA-GDP,1,s4_p10_NAA-GDP_l7_r1
,False,AM,s4_p10_l7_r2_AM,a12dcb1ba4e2a21b6a4474c284e3079c1b8e06dc282072a6d2d3a684bd02794b,1a980269c1778978c64462bf76cf00949cd95e29e33d5066107809299e5dec35,0,7,0.122,0.042,4,10.0,NAA-GDP,2,s4_p10_NAA-GDP_l7_r2
,False,AM,s4_p10_l7_r3_AM,a12dcb1ba4e2a21b6a4474c284e3079c1b8e06dc282072a6d2d3a684bd02794b,1a980269c1778978c64462bf76cf00949cd95e29e33d5066107809299e5dec35,0,7,0.1,0.042,4,10.0,NAA-GDP,3,s4_p10_NAA-GDP_l7_r3
,False,AM,s4_p10_l8_r0_AM,a12dcb1ba4e2a21b6a4474c284e3079c1b8e06dc282072a6d2d3a684bd02794b,1a980269c1778978c64462bf76cf00949cd95e29e33d5066107809299e5dec35,0,8,0.137,0.048,4,10.0,NAA-GDP,0,s4_p10_NAA-GDP_l8_r0
,False,AM,s4_p10_l8_r1_AM,a12dcb1ba4e2a21b6a4474c284e3079c1b8e06dc282072a6d2d3a684bd02794b,1a980269c1778978c64462bf76cf00949cd95e29e33d5066107809299e5dec35,0,8,0.121,0.048,4,10.0,NAA-GDP,1,s4_p10_NAA-GDP_l8_r1
,False,AM,s4_p10_l8_r2_AM,a12dcb1ba4e2a21b6a4474c284e3079c1b8e06dc282072a6d2d3a684bd02794b,1a980269c1778978c64462bf76cf00949cd95e29e33d5066107809299e5dec35,0,8,0.133,0.048,4,10.0,NAA-GDP,2,s4_p10_NAA-GDP_l8_r2
,False,AM,s4_p10_l8_r3_AM,a12dcb1ba4e2a21b6a4474c284e3079c1b8e06dc282072a6d2d3a684bd02794b,1a980269c1778978c64462bf76cf00949cd95e29e33d5066107809299e5dec35,0,8,0.147,0.048,4,10.0,NAA-GDP,3,s4_p10_NAA-GDP_l8_r3
,False,AM,s4_p10_l9_r0_AM,a12dcb1ba4e2a21b6a4474c284e3079c1b8e06dc282072a6d2d3a684bd02794b,1a980269c1778978c64462bf76cf00949cd95e29e33d5066107809299e5dec35,0,9,0.098,0.054,4,10.0,NAA-GDP,0,s4_p10_NAA-GDP_l9_r0
,False,AM,s4_p10_l9_r1_AM,a12dcb1ba4e2a21b6a4474c284e3079c1b8e06dc282072a6d2d3a684bd02794b,1a980269c1778978c64462bf76cf00949cd95e29e33d5066107809299e5dec35,0,9,0.089,0.054,4,10.0,NAA-GDP,1,s4_p10_NAA-GDP_l9_r1
,False,AM,s4_p10_l9_r2_AM,a12dcb1ba4e2a21b6a4474c284e3079c1b8e06dc282072a6d2d3a684bd02794b,1a980269c1778978c64462bf76cf00949cd95e29e33d5066107809299e5dec35,0,9,0.152,0.054,4,10.0,NAA-GDP,2,s4_p10_NAA-GDP_l9_r2
,False,AM,s4_p10_l9_r3_AM,a12dcb1ba4e2a21b6a4474c284e3079c1b8e06dc282072a6d2d3a684bd02794b,1a980269c1778978c64462bf76cf00949cd95e29e33d5066107809299e5dec35,0,9,0.121,0.054,4,10.0,NAA-GDP,3,s4_p10_NAA-GDP_l9_r3
,False,AM,s4_p20_l10_r0_AM,a12dcb1ba4e2a21b6a4474c284e3079c1b8e06dc282072a6d2d3a684bd02794b,1a980269c1778978c64462bf76cf00949cd95e29e33d5066107809299e5dec35,0,10,0.124,0.06,4,20.0,NAA-GDP,0,s4_p20_NAA-GDP_l10_r0
,False,AM,s4_p20_l10_r1_AM,a12dcb1ba4e2a21b6a4474c284e3079c1b8e06dc282072a6d2d3a684bd02794b,1a980269c1778978c64462bf76cf00949cd95e29e33d5066107809299e5dec35,0,10,0.1,0.06,4,20.0,NAA-GDP,1,s4_p20_NAA-GDP_l10_r1
,False,AM,s4_p20_l10_r2_AM,a12dcb1ba4e2a21b6a4474c284e3079c1b8e06dc282072a6d2d3a684bd02794b,1a980269c1778978c64462bf76cf00949cd95e29e33d5066107809299e5dec35,0,10,0.108,0.06,4,20.0,NAA-GDP,2,s4_p20_NAA-GDP_l10_r2
,False,AM,s4_p20_l10_r3_AM,a12dcb1ba4e2a21b6a4474c284e3079c1b8e06dc282072a6d2d3a684bd02794b,1a980269c1778978c64462bf76cf00949cd95e29e33d5066107809299e5dec35,0,10,0.097,0.06,4,20.0,NAA-GDP,3,s4_p20_NAA-GDP_l10_r3
,False,AM,s4_p20_l1_r0_AM,a12dcb1ba4e2a21b6a4474c284e3079c1b8e06dc282072a6d2d3a684bd02794b,1a980269c1778978c64462bf76cf00949cd95e29e33d5066107809299e5dec35,0,1,0.61,0.006,4,20.0,NAA-GDP,0,s4_p20_NAA-GDP_l1_r0
,False,AM,s4_p20_l1_r1_AM,a12dcb1ba4e2a21b6a4474c284e3079c1b8e06dc282072a6d2d3a684bd02794b,1a980269c1778978c64462bf76cf00949cd95e29e33d5066107809299e5dec35,0,1,0.577,0.006,4,20.0,NAA-GDP,1,s4_p20_NAA-GDP_l1_r1
,False,AM,s4_p20_l1_r2_AM,a12dcb1ba4e2a21b6a4474c284e3079c1b8e06dc282072a6d2d3a684bd02794b,1a980269c1778978c64462bf76cf00949cd95e29e33d5066107809299e5dec35,0,1,0.609,0.006,4,20.0,NAA-GDP,2,s4_p20_NAA-GDP_l1_r2
,False,AM,s4_p20_l1_r3_AM,a12dcb1ba4e2a21b6a4474c284e3079c1b8e06dc282072a6d2d3a684bd02794b,1a980269c1778978c64462bf76cf00949cd95e29e33d5066107809299e5dec35,0,1,0.509,0.006,4,20.0,NAA-GDP,3,s4_p20_NAA-GDP_l1_r3
,False,AM,s4_p20_l2_r0_AM,a12dcb1ba4e2a21b6a4474c284e3079c1b8e06dc282072a6d2d3a684bd02794b,1a980269c1778978c64462bf76cf00949cd95e29e33d5066107809299e5dec35,0,2,0.363,0.012,4,20.0,NAA-GDP,0,s4_p20_NAA-GDP_l2_r0
,False,AM,s4_p20_l2_r1_AM,a12dcb1ba4e2a21b6a4474c284e3079c1b8e06dc282072a6d2d3a684bd02794b,1a980269c1778978c64462bf76cf00949cd95e29e33d5066107809299e5dec35,0,2,0.395,0.012,4,20.0,NAA-GDP,1,s4_p20_NAA-GDP_l2_r1
,False,AM,s4_p20_l2_r2_AM,a12dcb1ba4e2a21b6a4474c284e3079c1b8e06dc282072a6d2d3a684bd02794b,1a980269c1778978c64462bf76cf00949cd95e29e33d5066107809299e5dec35,0,2,0.302,0.012,4,20.0,NAA-GDP,2,s4_p20_NAA-GDP_l2_r2
,False,AM,s4_p20_l2_r3_AM,a12dcb1ba4e2a21b6a4474c284e3079c1b8e06dc282072a6d2d3a684bd02794b,1a980269c1778978c64462bf76cf00949cd95e29e33d5066107809299e5dec35,0,2,0.324,0.012,4,20.0,NAA-GDP,3,s4_p20_NAA-GDP_l2_r3
,False,AM,s4_p20_l3_r0_AM,a12dcb1ba4e2a21b6a4474c284e3079c1b8e06dc282072a6d2d3a684bd02794b,1a980269c1778978c64462bf76cf00949cd95e29e33d5066107809299e5dec35,0,3,0.206,0.018,4,20.0,NAA-GDP,0,s4_p20_NAA-GDP_l3_r0
,False,AM,s4_p20_l3_r1_AM,a12dcb1ba4e2a21b6a4474c284e3079c1b8e06dc282072a6d2d3a684bd02794b,1a980269c1778978c64462bf76cf00949cd95e29e33d5066107809299e5dec35,0,3,0.261,0.018,4,20.0,NAA-GDP,1,s4_p20_NAA-GDP_l3_r1
,False,AM,s4_p20_l3_r2_AM,a12dcb1ba4e2a21b6a4474c284e3079c1b8e06dc282072a6d2d3a684bd02794b,1a980269c1778978c64462bf76cf00949cd95e29e33d5066107809299e5dec35,0,3,0.248,0.018,4,20.0,NAA-GDP,2,s4_p20_NAA-GDP_l3_r2
,False,AM,s4_p20_l3_r3_AM,a12dcb1ba4e2a21b6a4474c284e3079c1b8e06dc282072a6d2d3a684bd02794b,1a980269c1778978c64462bf76cf00949cd95e29e33d5066107809299e5dec35,0,3,0.236,0.018,4,20.0,NAA-GDP,3,s4_p20_NAA-GDP_l3_r3
,False,AM,s4_p20_l4_r0_AM,a12dcb1ba4e2a21b6a4474c284e3079c1b8e06dc282072a6d2d3a684bd02794b,1a980269c1778978c64462bf76cf00949cd95e29e33d5066107809299e5dec35,0,4,0.213,0.024,4,20.0,NAA-GDP,0,s4_p20_NAA-GDP_l4_r0
,False,AM,s4_p20_l4_r1_AM,a12dcb1ba4e2a21b6a4474c284e3079c1b8e06dc282072a6d2d3a684bd02794b,1a980269c1778978c64462bf76cf00949cd95e29e33d5066107809299e5dec35,0,4,0.177,0.024,4,20.0,NAA-GDP,1,s4_p20_NAA-GDP_l4_r1
,False,AM,s4_p20_l4_r2_AM,a12dcb1ba4e2a21b6a4474c284e3079c1b8e06dc282072a6d2d3a684bd02794b,1a980269c1778978c64462bf76cf00949cd95e29e33d5066107809299e5dec35,0,4,0.275,0.024,4,20.0,NAA-GDP,2,s4_p20_NAA-GDP_l4_r2
,False,AM,s4_p20_l4_r3_AM,a12dcb1ba4e2a21b6a4474c284e3079c1b8e06dc282072a6d2d3a684bd02794b,1a980269c1778978c64462bf76cf00949cd95e29e33d5066107809299e5dec35,0,4,0.206,0.024,4,20.0,NAA-GDP,3,s4_p20_NAA-GDP_l4_r3
,False,AM,s4_p20_l5_r0_AM,a12dcb1ba4e2a21b6a4474c284e3079c1b8e06dc282072a6d2d3a684bd02794b,1a980269c1778978c64462bf76cf00949cd95e29e33d5066107809299e5dec35,0,5,0.201,0.03,4,20.0,NAA-GDP,0,s4_p20_NAA-GDP_l5_r0
,False,AM,s4_p20_l5_r1_AM,a12dcb1ba4e2a21b6a4474c284e3079c1b8e06dc282072a6d2d3a684bd02794b,1a980269c1778978c64462bf76cf00949cd95e29e33d5066107809299e5dec35,0,5,0.173,0.03,4,20.0,NAA-GDP,1,s4_p20_NAA-GDP_l5_r1
,False,AM,s4_p20_l5_r2_AM,a12dcb1ba4e2a21b6a4474c284e3079c1b8e06dc282072a6d2d3a684bd02794b,1a980269c1778978c64462bf76cf00949cd95e29e33d5066107809299e5dec35,0,5,0.152,0.03,4,20.0,NAA-GDP,2,s4_p20_NAA-GDP_l5_r2
,False,AM,s4_p20_l5_r3_AM,a12dcb1ba4e2a21b6a4474c284e3079c1b8e06dc282072a6d2d3a684bd02794b,1a980269c1778978c64462bf76cf00949cd95e29e33d5066107809299e5dec35,0,5,0.167,0.03,4,20.0,NAA-GDP,3,s4_p20_NAA-GDP_l5_r3
,False,AM,s4_p20_l6_r0_AM,a12dcb1ba4e2a21b6a4474c284e3079c1b8e06dc282072a6d2d3a684bd02794b,1a980269c1778978c64462bf76cf00949cd95e29e33d5066107809299e5dec35,0,6,0.148,0.036,4,20.0,NAA-GDP,0,s4_p20_NAA-GDP_l6_r0
,False,AM,s4_p20_l6_r1_AM,a12dcb1ba4e2a21b6a4474c284e3079c1b8e06dc282072a6d2d3a684bd02794b,1a980269c1778978c64462bf76cf00949cd95e29e33d5066107809299e5dec35,0,6,0.11,0.036,4,20.0,NAA-GDP,1,s4_p20_NAA-GDP_l6_r1
,False,AM,s4_p20_l6_r2_AM,a12dcb1ba4e2a21b6a4474c284e3079c1b8e06dc282072a6d2d3a684bd02794b,1a980269c1778978c64462bf76cf00949cd95e29e33d5066107809299e5dec35,0,6,0.139,0.036,4,20.0,NAA-GDP,2,s4_p20_NAA-GDP_l6_r2
,False,AM,s4_p20_l6_r3_AM,a12dcb1ba4e2a21b6a4474c284e3079c1b8e06dc282072a6d2d3a684bd02794b,1a980269c1778978c64462bf76cf00949cd95e29e33d5066107809299e5dec35,0,6,0.12,0.036,4,20.0,NAA-GDP,3,s4_p20_NAA-GDP_l6_r3
,False,AM,s4_p20_l7_r0_AM,a12dcb1ba4e2a21b6a4474c284e3079c1b8e06dc282072a6d2d3a684bd02794b,1a980269c1778978c64462bf76cf00949cd95e29e33d5066107809299e5dec35,0,7,0.153,0.042,4,20.0,NAA-GDP,0,s4_p20_NAA-GDP_l7_r0
,False,AM,s4_p20_l7_r1_AM,a12dcb1ba4e2a21b6a4474c284e3079c1b8e06dc282072a6d2d3a684bd02794b,1a980269c1778978c64462bf76cf00949cd95e29e33d5066107809299e5dec35,0,7,0.142,0.042,4,20.0,NAA-GDP,1,s4_p20_NAA-GDP_l7_r1
,False,AM,s4_p20_l7_r2_AM,a12dcb1ba4e2a21b6a4474c284e3079c1b8e06dc282072a6d2d3a684bd02794b,1a980269c1778978c64462bf76cf00949cd95e29e33d5066107809299e5dec35,0,7,0.134,0.042,4,20.0,NAA-GDP,2,s4_p20_NAA-GDP_l7_r2
,False,AM,s4_p20_l7_r3_AM,a12dcb1ba4e2a21b6a4474c284e3079c1b8e06dc282072a6d2d3a684bd02794b,1a980269c1778978c64462bf76cf00949cd95e29e33d5066107809299e5dec35,0,7,0.135,0.042,4,20.0,NAA-GDP,3,s4_p20_NAA-GDP_l7_r3
,False,AM,s4_p20_l8_r0_AM,a12dcb1ba4e2a21b6a4474c284e3079c1b8e06dc282072a6d2d3a684bd02794b,1a980269c1778978c64462bf76cf00949cd95e29e33d5066107809299e5dec35,0,8,0.104,0.048,4,20.0,NAA-GDP,0,s4_p20_NAA-GDP_l8_r0
,False,AM,s4_p20_l8_r1_AM,a12dcb1ba4e2a21b6a4474c284e3079c1b8e06dc282072a6d2d3a684bd02794b,1a980269c1778978c64462bf76cf00949cd95e29e33d5066107809299e5dec35,0,8,0.129,0.048,4,20.0,NAA-GDP,1,s4_p20_NAA-GDP_l8_r1
,False,AM,s4_p20_l8_r2_AM,a12dcb1ba4e2a21b6a4474c284e3079c1b8e06dc282072a6d2d3a684bd02794b,1a980269c1778978c64462bf76cf00949cd95e29e33d5066107809299e5dec35,0,8,0.107,0.048,4,20.0,NAA-GDP,2,s4_p20_NAA-GDP_l8_r2
,False,AM,s4_p20_l8_r3_AM,a12dcb1ba4e2a21b6a4474c284e3079c1b8e06dc282072a6d2d3a684bd02794b,1a980269c1778978c64462bf76cf00949cd95e29e33d5066107809299e5dec35,0,8,0.101,0.048,4,20.0,NAA-GDP,3,s4_p20_NAA-GDP_l8_r3
,False,AM,s4_p20_l9_r0_AM,a12dcb1ba4e2a21b6a4474c284e3079c1b8e06dc282072a6d2d3a684bd02794b,1a980269c1778978c64462bf76cf00949cd95e29e33d5066107809299e5dec35,0,9,0.092,0.054,4,20.0,NAA-GDP,0,s4_p20_NAA-GDP_l9_r0
,False,AM,s4_p20_l9_r1_AM,a12dcb1ba4e2a21b6a4474c284e3079c1b8e06dc282072a6d2d3a684bd02794b,1a980269c1778978c64462bf76cf00949cd95e29e33d5066107809299e5dec35,0,9,0.09,0.054,4,20.0,NAA-GDP,1,s4_p20_NAA-GDP_l9_r1
,False,AM,s4_p20_l9_r2_AM,a12dcb1ba4e2a21b6a4474c284e3079c1b8e06dc282072a6d2d3a684bd02794b,1a980269c1778978c64462bf76cf00949cd95e29e33d5066107809299e5dec35,0,9,0.112,0.054,4,20.0,NAA-GDP,2,s4_p20_NAA-GDP_l9_r2
,False,AM,s4_p20_l9_r3_AM,a12dcb1ba4e2a21b6a4474c284e3079c1b8e06dc282072a6d2d3a684bd02794b,1a980269c1778978c64462bf76cf00949cd95e29e33d5066107809299e5dec35,0,9,0.117,0.054,4,20.0,NAA-GDP,3,s4_p20_NAA-GDP_l9_r3
,False,AM,s4_p2_l10_r0_AM,a12dcb1ba4e2a21b6a4474c284e3079c1b8e06dc282072a6d2d3a684bd02794b,1a980269c1778978c64462bf76cf00949cd95e29e33d5066107809299e5dec35,0,10,0.117,0.06,4,2.0,NAA-GDP,0,s4_p2_NAA-GDP_l10_r0
,False,AM,s4_p2_l10_r1_AM,a12dcb1ba4e2a21b6a4474c284e3079c1b8e06dc282072a6d2d3a684bd02794b,1a980269c1778978c64462bf76cf00949cd95e29e33d5066107809299e5dec35,0,10,0.097,0.06,4,2.0,NAA-GDP,1,s4_p2_NAA-GDP_l10_r1
,False,AM,s4_p2_l10_r2_AM,a12dcb1ba4e2a21b6a4474c284e3079c1b8e06dc282072a6d2d3a684bd02794b,1a980269c1778978c64462bf76cf00949cd95e29e33d5066107809299e5dec35,0,10,0.078,0.06,4,2.0,NAA-GDP,2,s4_p2_NAA-GDP_l10_r2
,False,AM,s4_p2_l10_r3_AM,a12dcb1ba4e2a21b6a4474c284e3079c1b8e06dc282072a6d2d3a684bd02794b,1a980269c1778978c64462bf76cf00949cd95e29e33d5066107809299e5dec35,0,10,0.073,0.06,4,2.0,NAA-GDP,3,s4_p2_NAA-GDP_l10_r3
,False,AM,s4_p2_l1_r0_AM,a12dcb1ba4e2a21b6a4474c284e3079c1b8e06dc282072a6d2d3a684bd02794b,1a980269c1778978c64462bf76cf00949cd95e29e33d5066107809299e5dec35,0,1,0.622,0.006,4,2.0,NAA-GDP,0,s4_p2_NAA-GDP_l1_r0
,False,AM,s4_p2_l1_r1_AM,a12dcb1ba4e2a21b6a4474c284e3079c1b8e06dc282072a6d2d3a684bd02794b,1a980269c1778978c64462bf76cf00949cd95e29e33d5066107809299e5dec35,0,1,0.59,0.006,4,2.0,NAA-GDP,1,s4_p2_NAA-GDP_l1_r1
,False,AM,s4_p2_l1_r2_AM,a12dcb1ba4e2a21b6a4474c284e3079c1b8e06dc282072a6d2d3a684bd02794b,1a980269c1778978c64462bf76cf00949cd95e29e33d5066107809299e5dec35,0,1,0.612,0.006,4,2.0,NAA-GDP,2,s4_p2_NAA-GDP_l1_r2
,False,AM,s4_p2_l1_r3_AM,a12dcb1ba4e2a21b6a4474c284e3079c1b8e06dc282072a6d2d3a684bd02794b,1a980269c1778978c64462bf76cf00949cd95e29e33d5066107809299e5dec35,0,1,0.508,0.006,4,2.0,NAA-GDP,3,s4_p2_NAA-GDP_l1_r3
,False,AM,s4_p2_l2_r0_AM,a12dcb1ba4e2a21b6a4474c284e3079c1b8e06dc282072a6d2d3a684bd02794b,1a980269c1778978c64462bf76cf00949cd95e29e33d5066107809299e5dec35,0,2,0.345,0.012,4,2.0,NAA-GDP,0,s4_p2_NAA-GDP_l2_r0
,False,AM,s4_p2_l2_r1_AM,a12dcb1ba4e2a21b6a4474c284e3079c1b8e06dc282072a6d2d3a684bd02794b,1a980269c1778978c64462bf76cf00949cd95e29e33d5066107809299e5dec35,0,2,0.375,0.012,4,2.0,NAA-GDP,1,s4_p2_NAA-GDP_l2_r1
,False,AM,s4_p2_l2_r2_AM,a12dcb1ba4e2a21b6a4474c284e3079c1b8e06dc282072a6d2d3a684bd02794b,1a980269c1778978c64462bf76cf00949cd95e29e33d5066107809299e5dec35,0,2,0.268,0.012,4,2.0,NAA-GDP,2,s4_p2_NAA-GDP_l2_r2
,False,AM,s4_p2_l2_r3_AM,a12dcb1ba4e2a21b6a4474c284e3079c1b8e06dc282072a6d2d3a684bd02794b,1a980269c1778978c64462bf76cf00949cd95e29e33d5066107809299e5dec35,0,2,0.352,0.012,4,2.0,NAA-GDP,3,s4_p2_NAA-GDP_l2_r3
,False,AM,s4_p2_l3_r0_AM,a12dcb1ba4e2a21b6a4474c284e3079c1b8e06dc282072a6d2d3a684bd02794b,1a980269c1778978c64462bf76cf00949cd95e29e33d5066107809299e5dec35,0,3,0.168,0.018,4,2.0,NAA-GDP,0,s4_p2_NAA-GDP_l3_r0
,False,AM,s4_p2_l3_r1_AM,a12dcb1ba4e2a21b6a4474c284e3079c1b8e06dc282072a6d2d3a684bd02794b,1a980269c1778978c64462bf76cf00949cd95e29e33d5066107809299e5dec35,0,3,0.255,0.018,4,2.0,NAA-GDP,1,s4_p2_NAA-GDP_l3_r1
,False,AM,s4_p2_l3_r2_AM,a12dcb1ba4e2a21b6a4474c284e3079c1b8e06dc282072a6d2d3a684bd02794b,1a980269c1778978c64462bf76cf00949cd95e29e33d5066107809299e5dec35,0,3,0.22,0.018,4,2.0,NAA-GDP,2,s4_p2_NAA-GDP_l3_r2
,False,AM,s4_p2_l3_r3_AM,a12dcb1ba4e2a21b6a4474c284e3079c1b8e06dc282072a6d2d3a684bd02794b,1a980269c1778978c64462bf76cf00949cd95e29e33d5066107809299e5dec35,0,3,0.207,0.018,4,2.0,NAA-GDP,3,s4_p2_NAA-GDP_l3_r3
,False,AM,s4_p2_l4_r0_AM,a12dcb1ba4e2a21b6a4474c284e3079c1b8e06dc282072a6d2d3a684bd02794b,1a980269c1778978c64462bf76cf00949cd95e29e33d5066107809299e5dec35,0,4,0.197,0.024,4,2.0,NAA-GDP,0,s4_p2_NAA-GDP_l4_r0
,False,AM,s4_p2_l4_r1_AM,a12dcb1ba4e2a21b6a4474c284e3079c1b8e06dc282072a6d2d3a684bd02794b,1a980269c1778978c64462bf76cf00949cd95e29e33d5066107809299e5dec35,0,4,0.191,0.024,4,2.0,NAA-GDP,1,s4_p2_NAA-GDP_l4_r1
,False,AM,s4_p2_l4_r2_AM,a12dcb1ba4e2a21b6a4474c284e3079c1b8e06dc282072a6d2d3a684bd02794b,1a980269c1778978c64462bf76cf00949cd95e29e33d5066107809299e5dec35,0,4,0.225,0.024,4,2.0,NAA-GDP,2,s4_p2_NAA-GDP_l4_r2
,False,AM,s4_p2_l4_r3_AM,a12dcb1ba4e2a21b6a4474c284e3079c1b8e06dc282072a6d2d3a684bd02794b,1a980269c1778978c64462bf76cf00949cd95e29e33d5066107809299e5dec35,0,4,0.169,0.024,4,2.0,NAA-GDP,3,s4_p2_NAA-GDP_l4_r3
,False,AM,s4_p2_l5_r0_AM,a12dcb1ba4e2a21b6a4474c284e3079c1b8e06dc282072a6d2d3a684bd02794b,1a980269c1778978c64462bf76cf00949cd95e29e33d5066107809299e5dec35,0,5,0.144,0.03,4,2.0,NAA-GDP,0,s4_p2_NAA-GDP_l5_r0
,False,AM,s4_p2_l5_r1_AM,a12dcb1ba4e2a21b6a4474c284e3079c1b8e06dc282072a6d2d3a684bd02794b,1a980269c1778978c64462bf76cf00949cd95e29e33d5066107809299e5dec35,0,5,0.115,0.03,4,2.0,NAA-GDP,1,s4_p2_NAA-GDP_l5_r1
,False,AM,s4_p2_l5_r2_AM,a12dcb1ba4e2a21b6a4474c284e3079c1b8e06dc282072a6d2d3a684bd02794b,1a980269c1778978c64462bf76cf00949cd95e29e33d5066107809299e5dec35,0,5,0.134,0.03,4,2.0,NAA-GDP,2,s4_p2_NAA-GDP_l5_r2
,False,AM,s4_p2_l5_r3_AM,a12dcb1ba4e2a21b6a4474c284e3079c1b8e06dc282072a6d2d3a684bd02794b,1a980269c1778978c64462bf76cf00949cd95e29e33d5066107809299e5dec35,0,5,0.151,0.03,4,2.0,NAA-GDP,3,s4_p2_NAA-GDP_l5_r3
,False,AM,s4_p2_l6_r0_AM,a12dcb1ba4e2a21b6a4474c284e3079c1b8e06dc282072a6d2d3a684bd02794b,1a980269c1778978c64462bf76cf00949cd95e29e33d5066107809299e5dec35,0,6,0.14,0.036,4,2.0,NAA-GDP,0,s4_p2_NAA-GDP_l6_r0
,False,AM,s4_p2_l6_r1_AM,a12dcb1ba4e2a21b6a4474c284e3079c1b8e06dc282072a6d2d3a684bd02794b,1a980269c1778978c64462bf76cf00949cd95e29e33d5066107809299e5dec35,0,6,0.135,0.036,4,2.0,NAA-GDP,1,s4_p2_NAA-GDP_l6_r1
,False,AM,s4_p2_l6_r2_AM,a12dcb1ba4e2a21b6a4474c284e3079c1b8e06dc282072a6d2d3a684bd02794b,1a980269c1778978c64462bf76cf00949cd95e29e33d5066107809299e5dec35,0,6,0.086,0.036,4,2.0,NAA-GDP,2,s4_p2_NAA-GDP_l6_r2
,False,AM,s4_p2_l6_r3_AM,a12dcb1ba4e2a21b6a4474c284e3079c1b8e06dc282072a6d2d3a684bd02794b,1a980269c1778978c64462bf76cf00949cd95e29e33d5066107809299e5dec35,0,6,0.116,0.036,4,2.0,NAA-GDP,3,s4_p2_NAA-GDP_l6_r3
,False,AM,s4_p2_l7_r0_AM,a12dcb1ba4e2a21b6a4474c284e3079c1b8e06dc282072a6d2d3a684bd02794b,1a980269c1778978c64462bf76cf00949cd95e29e33d5066107809299e5dec35,0,7,0.129,0.042,4,2.0,NAA-GDP,0,s4_p2_NAA-GDP_l7_r0
,False,AM,s4_p2_l7_r1_AM,a12dcb1ba4e2a21b6a4474c284e3079c1b8e06dc282072a6d2d3a684bd02794b,1a980269c1778978c64462bf76cf00949cd95e29e33d5066107809299e5dec35,0,7,0.104,0.042,4,2.0,NAA-GDP,1,s4_p2_NAA-GDP_l7_r1
,False,AM,s4_p2_l7_r2_AM,a12dcb1ba4e2a21b6a4474c284e3079c1b8e06dc282072a6d2d3a684bd02794b,1a980269c1778978c64462bf76cf00949cd95e29e33d5066107809299e5dec35,0,7,0.098,0.042,4,2.0,NAA-GDP,2,s4_p2_NAA-GDP_l7_r2
,False,AM,s4_p2_l7_r3_AM,a12dcb1ba4e2a21b6a4474c284e3079c1b8e06dc282072a6d2d3a684bd02794b,1a980269c1778978c64462bf76cf00949cd95e29e33d5066107809299e5dec35,0,7,0.12,0.042,4,2.0,NAA-GDP,3,s4_p2_NAA-GDP_l7_r3
,False,AM,s4_p2_l8_r0_AM,a12dcb1ba4e2a21b6a4474c284e3079c1b8e06dc282072a6d2d3a684bd02794b,1a980269c1778978c64462bf76cf00949cd95e29e33d5066107809299e5dec35,0,8,0.123,0.048,4,2.0,NAA-GDP,0,s4_p2_NAA-GDP_l8_r0
,False,AM,s4_p2_l8_r1_AM,a12dcb1ba4e2a21b6a4474c284e3079c1b8e06dc282072a6d2d3a684bd02794b,1a980269c1778978c64462bf76cf00949cd95e29e33d5066107809299e5dec35,0,8,0.094,0.048,4,2.0,NAA-GDP,1,s4_p2_NAA-GDP_l8_r1
,False,AM,s4_p2_l8_r2_AM,a12dcb1ba4e2a21b6a4474c284e3079c1b8e06dc282072a6d2d3a684bd02794b,1a980269c1778978c64462bf76cf00949cd95e29e33d5066107809299e5dec35,0,8,0.103,0.048,4,2.0,NAA-GDP,2,s4_p2_NAA-GDP_l8_r2
,False,AM,s4_p2_l8_r3_AM,a12dcb1ba4e2a21b6a4474c284e3079c1b8e06dc282072a6d2d3a684bd02794b,1a980269c1778978c64462bf76cf00949cd95e29e33d5066107809299e5dec35,0,8,0.102,0.048,4,2.0,NAA-GDP,3,s4_p2_NAA-GDP_l8_r3
,False,AM,s4_p2_l9_r0_AM,a12dcb1ba4e2a21b6a4474c284e3079c1b8e06dc282072a6d2d3a684bd02794b,1a980269c1778978c64462bf76cf00949cd95e29e33d5066107809299e5dec35,0,9,0.111,0.054,4,2.0,NAA-GDP,0,s4_p2_NAA-GDP_l9_r0
,False,AM,s4_p2_l9_r1_AM,a12dcb1ba4e2a21b6a4474c284e3079c1b8e06dc282072a6d2d3a684bd02794b,1a980269c1778978c64462bf76cf00949cd95e29e33d5066107809299e5dec35,0,9,0.142,0.054,4,2.0,NAA-GDP,1,s4_p2_NAA-GDP_l9_r1
,False,AM,s4_p2_l9_r2_AM,a12dcb1ba4e2a21b6a4474c284e3079c1b8e06dc282072a6d2d3a684bd02794b,1a980269c1778978c64462bf76cf00949cd95e29e33d5066107809299e5dec35,0,9,0.106,0.054,4,2.0,NAA-GDP,2,s4_p2_NAA-GDP_l9_r2
,False,AM,s4_p2_l9_r3_AM,a12dcb1ba4e2a21b6a4474c284e3079c1b8e06dc282072a6d2d3a684bd02794b,1a980269c1778978c64462bf76cf00949cd95e29e33d5066107809299e5dec35,0,9,0.078,0.054,4,2.0,NAA-GDP,3,s4_p2_NAA-GDP_l9_r3
,False,AM,s4_p50_l10_r0_AM,a12dcb1ba4e2a21b6a4474c284e3079c1b8e06dc282072a6d2d3a684bd02794b,1a980269c1778978c64462bf76cf00949cd95e29e33d5066107809299e5dec35,0,10,0.075,0.06,4,50.0,NAA-GDP,0,s4_p50_NAA-GDP_l10_r0
,False,AM,s4_p50_l10_r1_AM,a12dcb1ba4e2a21b6a4474c284e3079c1b8e06dc282072a6d2d3a684bd02794b,1a980269c1778978c64462bf76cf00949cd95e29e33d5066107809299e5dec35,0,10,0.13,0.06,4,50.0,NAA-GDP,1,s4_p50_NAA-GDP_l10_r1
,False,AM,s4_p50_l10_r2_AM,a12dcb1ba4e2a21b6a4474c284e3079c1b8e06dc282072a6d2d3a684bd02794b,1a980269c1778978c64462bf76cf00949cd95e29e33d5066107809299e5dec35,0,10,0.097,0.06,4,50.0,NAA-GDP,2,s4_p50_NAA-GDP_l10_r2
,False,AM,s4_p50_l10_r3_AM,a12dcb1ba4e2a21b6a4474c284e3079c1b8e06dc282072a6d2d3a684bd02794b,1a980269c1778978c64462bf76cf00949cd95e29e33d5066107809299e5dec35,0,10,0.105,0.06,4,50.0,NAA-GDP,3,s4_p50_NAA-GDP_l10_r3
,False,AM,s4_p50_l1_r0_AM,a12dcb1ba4e2a21b6a4474c284e3079c1b8e06dc282072a6d2d3a684bd02794b,1a980269c1778978c64462bf76cf00949cd95e29e33d5066107809299e5dec35,0,1,0.618,0.006,4,50.0,NAA-GDP,0,s4_p50_NAA-GDP_l1_r0
,False,AM,s4_p50_l1_r1_AM,a12dcb1ba4e2a21b6a4474c284e3079c1b8e06dc282072a6d2d3a684bd02794b,1a980269c1778978c64462bf76cf00949cd95e29e33d5066107809299e5dec35,0,1,0.574,0.006,4,50.0,NAA-GDP,1,s4_p50_NAA-GDP_l1_r1
,False,AM,s4_p50_l1_r2_AM,a12dcb1ba4e2a21b6a4474c284e3079c1b8e06dc282072a6d2d3a684bd02794b,1a980269c1778978c64462bf76cf00949cd95e29e33d5066107809299e5dec35,0,1,0.604,0.006,4,50.0,NAA-GDP,2,s4_p50_NAA-GDP_l1_r2
,False,AM,s4_p50_l1_r3_AM,a12dcb1ba4e2a21b6a4474c284e3079c1b8e06dc282072a6d2d3a684bd02794b,1a980269c1778978c64462bf76cf00949cd95e29e33d5066107809299e5dec35,0,1,0.511,0.006,4,50.0,NAA-GDP,3,s4_p50_NAA-GDP_l1_r3
,False,AM,s4_p50_l2_r0_AM,a12dcb1ba4e2a21b6a4474c284e3079c1b8e06dc282072a6d2d3a684bd02794b,1a980269c1778978c64462bf76cf00949cd95e29e33d5066107809299e5dec35,0,2,0.364,0.012,4,50.0,NAA-GDP,0,s4_p50_NAA-GDP_l2_r0
,False,AM,s4_p50_l2_r1_AM,a12dcb1ba4e2a21b6a4474c284e3079c1b8e06dc282072a6d2d3a684bd02794b,1a980269c1778978c64462bf76cf00949cd95e29e33d5066107809299e5dec35,0,2,0.393,0.012,4,50.0,NAA-GDP,1,s4_p50_NAA-GDP_l2_r1
,False,AM,s4_p50_l2_r2_AM,a12dcb1ba4e2a21b6a4474c284e3079c1b8e06dc282072a6d2d3a684bd02794b,1a980269c1778978c64462bf76cf00949cd95e29e33d5066107809299e5dec35,0,2,0.309,0.012,4,50.0,NAA-GDP,2,s4_p50_NAA-GDP_l2_r2
,False,AM,s4_p50_l2_r3_AM,a12dcb1ba4e2a21b6a4474c284e3079c1b8e06dc282072a6d2d3a684bd02794b,1a980269c1778978c64462bf76cf00949cd95e29e33d5066107809299e5dec35,0,2,0.317,0.012,4,50.0,NAA-GDP,3,s4_p50_NAA-GDP_l2_r3
,False,AM,s4_p50_l3_r0_AM,a12dcb1ba4e2a21b6a4474c284e3079c1b8e06dc282072a6d2d3a684bd02794b,1a980269c1778978c64462bf76cf00949cd95e29e33d5066107809299e5dec35,0,3,0.215,0.018,4,50.0,NAA-GDP,0,s4_p50_NAA-GDP_l3_r0
,False,AM,s4_p50_l3_r1_AM,a12dcb1ba4e2a21b6a4474c284e3079c1b8e06dc282072a6d2d3a684bd02794b,1a980269c1778978c64462bf76cf00949cd95e29e33d5066107809299e5dec35,0,3,0.259,0.018,4,50.0,NAA-GDP,1,s4_p50_NAA-GDP_l3_r1
,False,AM,s4_p50_l3_r2_AM,a12dcb1ba4e2a21b6a4474c284e3079c1b8e06dc282072a6d2d3a684bd02794b,1a980269c1778978c64462bf76cf00949cd95e29e33d5066107809299e5dec35,0,3,0.238,0.018,4,50.0,NAA-GDP,2,s4_p50_NAA-GDP_l3_r2
,False,AM,s4_p50_l3_r3_AM,a12dcb1ba4e2a21b6a4474c284e3079c1b8e06dc282072a6d2d3a684bd02794b,1a980269c1778978c64462bf76cf00949cd95e29e33d5066107809299e5dec35,0,3,0.226,0.018,4,50.0,NAA-GDP,3,s4_p50_NAA-GDP_l3_r3
,False,AM,s4_p50_l4_r0_AM,a12dcb1ba4e2a21b6a4474c284e3079c1b8e06dc282072a6d2d3a684bd02794b,1a980269c1778978c64462bf76cf00949cd95e29e33d5066107809299e5dec35,0,4,0.232,0.024,4,50.0,NAA-GDP,0,s4_p50_NAA-GDP_l4_r0
,False,AM,s4_p50_l4_r1_AM,a12dcb1ba4e2a21b6a4474c284e3079c1b8e06dc282072a6d2d3a684bd02794b,1a980269c1778978c64462bf76cf00949cd95e29e33d5066107809299e5dec35,0,4,0.177,0.024,4,50.0,NAA-GDP,1,s4_p50_NAA-GDP_l4_r1
,False,AM,s4_p50_l4_r2_AM,a12dcb1ba4e2a21b6a4474c284e3079c1b8e06dc282072a6d2d3a684bd02794b,1a980269c1778978c64462bf76cf00949cd95e29e33d5066107809299e5dec35,0,4,0.273,0.024,4,50.0,NAA-GDP,2,s4_p50_NAA-GDP_l4_r2
,False,AM,s4_p50_l4_r3_AM,a12dcb1ba4e2a21b6a4474c284e3079c1b8e06dc282072a6d2d3a684bd02794b,1a980269c1778978c64462bf76cf00949cd95e29e33d5066107809299e5dec35,0,4,0.193,0.024,4,50.0,NAA-GDP,3,s4_p50_NAA-GDP_l4_r3
,False,AM,s4_p50_l5_r0_AM,a12dcb1ba4e2a21b6a4474c284e3079c1b8e06dc282072a6d2d3a684bd02794b,1a980269c1778978c64462bf76cf00949cd95e29e33d5066107809299e5dec35,0,5,0.171,0.03,4,50.0,NAA-GDP,0,s4_p50_NAA-GDP_l5_r0
,False,AM,s4_p50_l5_r1_AM,a12dcb1ba4e2a21b6a4474c284e3079c1b8e06dc282072a6d2d3a684bd02794b,1a980269c1778978c64462bf76cf00949cd95e29e33d5066107809299e5dec35,0,5,0.175,0.03,4,50.0,NAA-GDP,1,s4_p50_NAA-GDP_l5_r1
,False,AM,s4_p50_l5_r2_AM,a12dcb1ba4e2a21b6a4474c284e3079c1b8e06dc282072a6d2d3a684bd02794b,1a980269c1778978c64462bf76cf00949cd95e29e33d5066107809299e5dec35,0,5,0.164,0.03,4,50.0,NAA-GDP,2,s4_p50_NAA-GDP_l5_r2
,False,AM,s4_p50_l5_r3_AM,a12dcb1ba4e2a21b6a4474c284e3079c1b8e06dc282072a6d2d3a684bd02794b,1a980269c1778978c64462bf76cf00949cd95e29e33d5066107809299e5dec35,0,5,0.157,0.03,4,50.0,NAA-GDP,3,s4_p50_NAA-GDP_l5_r3
,False,AM,s4_p50_l6_r0_AM,a12dcb1ba4e2a21b6a4474c284e3079c1b8e06dc282072a6d2d3a684bd02794b,1a980269c1778978c64462bf76cf00949cd95e29e33d5066107809299e5dec35,0,6,0.133,0.036,4,50.0,NAA-GDP,0,s4_p50_NAA-GDP_l6_r0
,False,AM,s4_p50_l6_r1_AM,a12dcb1ba4e2a21b6a4474c284e3079c1b8e06dc282072a6d2d3a684bd02794b,1a980269c1778978c64462bf76cf00949cd95e29e33d5066107809299e5dec35,0,6,0.143,0.036,4,50.0,NAA-GDP,1,s4_p50_NAA-GDP_l6_r1
,False,AM,s4_p50_l6_r2_AM,a12dcb1ba4e2a21b6a4474c284e3079c1b8e06dc282072a6d2d3a684bd02794b,1a980269c1778978c64462bf76cf00949cd95e29e33d5066107809299e5dec35,0,6,0.158,0.036,4,50.0,NAA-GDP,2,s4_p50_NAA-GDP_l6_r2
,False,AM,s4_p50_l6_r3_AM,a12dcb1ba4e2a21b6a4474c284e3079c1b8e06dc282072a6d2d3a684bd02794b,1a980269c1778978c64462bf76cf00949cd95e29e33d5066107809299e5dec35,0,6,0.108,0.036,4,50.0,NAA-GDP,3,s4_p50_NAA-GDP_l6_r3
,False,AM,s4_p50_l7_r0_AM,a12dcb1ba4e2a21b6a4474c284e3079c1b8e06dc282072a6d2d3a684bd02794b,1a980269c1778978c64462bf76cf00949cd95e29e33d5066107809299e5dec35,0,7,0.144,0.042,4,50.0,NAA-GDP,0,s4_p50_NAA-GDP_l7_r0
,False,AM,s4_p50_l7_r1_AM,a12dcb1ba4e2a21b6a4474c284e3079c1b8e06dc282072a6d2d3a684bd02794b,1a980269c1778978c64462bf76cf00949cd95e29e33d5066107809299e5dec35,0,7,0.116,0.042,4,50.0,NAA-GDP,1,s4_p50_NAA-GDP_l7_r1
,False,AM,s4_p50_l7_r2_AM,a12dcb1ba4e2a21b6a4474c284e3079c1b8e06dc282072a6d2d3a684bd02794b,1a980269c1778978c64462bf76cf00949cd95e29e33d5066107809299e5dec35,0,7,0.128,0.042,4,50.0,NAA-GDP,2,s4_p50_NAA-GDP_l7_r2
,False,AM,s4_p50_l7_r3_AM,a12dcb1ba4e2a21b6a4474c284e3079c1b8e06dc282072a6d2d3a684bd02794b,1a980269c1778978c64462bf76cf00949cd95e29e33d5066107809299e5dec35,0,7,0.107,0.042,4,50.0,NAA-GDP,3,s4_p50_NAA-GDP_l7_r3
,False,AM,s4_p50_l8_r0_AM,a12dcb1ba4e2a21b6a4474c284e3079c1b8e06dc282072a6d2d3a684bd02794b,1a980269c1778978c64462bf76cf00949cd95e29e33d5066107809299e5dec35,0,8,0.119,0.048,4,50.0,NAA-GDP,0,s4_p50_NAA-GDP_l8_r0
,False,AM,s4_p50_l8_r1_AM,a12dcb1ba4e2a21b6a4474c284e3079c1b8e06dc282072a6d2d3a684bd02794b,1a980269c1778978c64462bf76cf00949cd95e29e33d5066107809299e5dec35,0,8,0.122,0.048,4,50.0,NAA-GDP,1,s4_p50_NAA-GDP_l8_r1
,False,AM,s4_p50_l8_r2_AM,a12dcb1ba4e2a21b6a4474c284e3079c1b8e06dc282072a6d2d3a684bd02794b,1a980269c1778978c64462bf76cf00949cd95e29e33d5066107809299e5dec35,0,8,0.112,0.048,4,50.0,NAA-GDP,2,s4_p50_NAA-GDP_l8_r2
,False,AM,s4_p50_l8_r3_AM,a12dcb1ba4e2a21b6a4474c284e3079c1b8e06dc282072a6d2d3a684bd02794b,1a980269c1778978c64462bf76cf00949cd95e29e33d5066107809299e5dec35,0,8,0.107,0.048,4,50.0,NAA-GDP,3,s4_p50_NAA-GDP_l8_r3
,False,AM,s4_p50_l9_r0_AM,a12dcb1ba4e2a21b6a4474c284e3079c1b8e06dc282072a6d2d3a684bd02794b,1a980269c1778978c64462bf76cf00949cd95e29e33d5066107809299e5dec35,0,9,0.09,0.054,4,50.0,NAA-GDP,0,s4_p50_NAA-GDP_l9_r0
,False,AM,s4_p50_l9_r1_AM,a12dcb1ba4e2a21b6a4474c284e3079c1b8e06dc282072a6d2d3a684bd02794b,1a980269c1778978c64462bf76cf00949cd95e29e33d5066107809299e5dec35,0,9,0.12,0.054,4,50.0,NAA-GDP,1,s4_p50_NAA-GDP_l9_r1
,False,AM,s4_p50_l9_r2_AM,a12dcb1ba4e2a21b6a4474c284e3079c1b8e06dc282072a6d2d3a684bd02794b,1a980269c1778978c64462bf76cf00949cd95e29e33d5066107809299e5dec35,0,9,0.129,0.054,4,50.0,NAA-GDP,2,s4_p50_NAA-GDP_l9_r2
,False,AM,s4_p50_l9_r3_AM,a12dcb1ba4e2a21b6a4474c284e3079c1b8e06dc282072a6d2d3a684bd02794b,1a980269c1778978c64462bf76cf00949cd95e29e33d5066107809299e5dec35,0,9,0.102,0.054,4,50.0,NAA-GDP,3,s4_p50_NAA-GDP_l9_r3
,False,AM,s4_p5_l10_r0_AM,a12dcb1ba4e2a21b6a4474c284e3079c1b8e06dc282072a6d2d3a684bd02794b,1a980269c1778978c64462bf76cf00949cd95e29e33d5066107809299e5dec35,0,10,0.101,0.06,4,5.0,NAA-GDP,0,s4_p5_NAA-GDP_l10_r0
,False,AM,s4_p5_l10_r1_AM,a12dcb1ba4e2a21b6a4474c284e3079c1b8e06dc282072a6d2d3a684bd02794b,1a980269c1778978c64462bf76cf00949cd95e29e33d5066107809299e5dec35,0,10,0.108,0.06,4,5.0,NAA-GDP,1,s4_p5_NAA-GDP_l10_r1
,False,AM,s4_p5_l10_r2_AM,a12dcb1ba4e2a21b6a4474c284e3079c1b8e06dc282072a6d2d3a684bd02794b,1a980269c1778978c64462bf76cf00949cd95e29e33d5066107809299e5dec35,0,10,0.086,0.06,4,5.0,NAA-GDP,2,s4_p5_NAA-GDP_l10_r2
,False,AM,s4_p5_l10_r3_AM,a12dcb1ba4e2a21b6a4474c284e3079c1b8e06dc282072a6d2d3a684bd02794b,1a980269c1778978c64462bf76cf00949cd95e29e33d5066107809299e5dec35,0,10,0.112,0.06,4,5.0,NAA-GDP,3,s4_p5_NAA-GDP_l10_r3
,False,AM,s4_p5_l1_r0_AM,a12dcb1ba4e2a21b6a4474c284e3079c1b8e06dc282072a6d2d3a684bd02794b,1a980269c1778978c64462bf76cf00949cd95e29e33d5066107809299e5dec35,0,1,0.608,0.006,4,5.0,NAA-GDP,0,s4_p5_NAA-GDP_l1_r0
,False,AM,s4_p5_l1_r1_AM,a12dcb1ba4e2a21b6a4474c284e3079c1b8e06dc282072a6d2d3a684bd02794b,1a980269c1778978c64462bf76cf00949cd95e29e33d5066107809299e5dec35,0,1,0.593,0.006,4,5.0,NAA-GDP,1,s4_p5_NAA-GDP_l1_r1
,False,AM,s4_p5_l1_r2_AM,a12dcb1ba4e2a21b6a4474c284e3079c1b8e06dc282072a6d2d3a684bd02794b,1a980269c1778978c64462bf76cf00949cd95e29e33d5066107809299e5dec35,0,1,0.611,0.006,4,5.0,NAA-GDP,2,s4_p5_NAA-GDP_l1_r2
,False,AM,s4_p5_l1_r3_AM,a12dcb1ba4e2a21b6a4474c284e3079c1b8e06dc282072a6d2d3a684bd02794b,1a980269c1778978c64462bf76cf00949cd95e29e33d5066107809299e5dec35,0,1,0.511,0.006,4,5.0,NAA-GDP,3,s4_p5_NAA-GDP_l1_r3
,False,AM,s4_p5_l2_r0_AM,a12dcb1ba4e2a21b6a4474c284e3079c1b8e06dc282072a6d2d3a684bd02794b,1a980269c1778978c64462bf76cf00949cd95e29e33d5066107809299e5dec35,0,2,0.355,0.012,4,5.0,NAA-GDP,0,s4_p5_NAA-GDP_l2_r0
,False,AM,s4_p5_l2_r1_AM,a12dcb1ba4e2a21b6a4474c284e3079c1b8e06dc282072a6d2d3a684bd02794b,1a980269c1778978c64462bf76cf00949cd95e29e33d5066107809299e5dec35,0,2,0.37,0.012,4,5.0,NAA-GDP,1,s4_p5_NAA-GDP_l2_r1
,False,AM,s4_p5_l2_r2_AM,a12dcb1ba4e2a21b6a4474c284e3079c1b8e06dc282072a6d2d3a684bd02794b,1a980269c1778978c64462bf76cf00949cd95e29e33d5066107809299e5dec35,0,2,0.294,0.012,4,5.0,NAA-GDP,2,s4_p5_NAA-GDP_l2_r2
,False,AM,s4_p5_l2_r3_AM,a12dcb1ba4e2a21b6a4474c284e3079c1b8e06dc282072a6d2d3a684bd02794b,1a980269c1778978c64462bf76cf00949cd95e29e33d5066107809299e5dec35,0,2,0.334,0.012,4,5.0,NAA-GDP,3,s4_p5_NAA-GDP_l2_r3
,False,AM,s4_p5_l3_r0_AM,a12dcb1ba4e2a21b6a4474c284e3079c1b8e06dc282072a6d2d3a684bd02794b,1a980269c1778978c64462bf76cf00949cd95e29e33d5066107809299e5dec35,0,3,0.229,0.018,4,5.0,NAA-GDP,0,s4_p5_NAA-GDP_l3_r0
,False,AM,s4_p5_l3_r1_AM,a12dcb1ba4e2a21b6a4474c284e3079c1b8e06dc282072a6d2d3a684bd02794b,1a980269c1778978c64462bf76cf00949cd95e29e33d5066107809299e5dec35,0,3,0.248,0.018,4,5.0,NAA-GDP,1,s4_p5_NAA-GDP_l3_r1
,False,AM,s4_p5_l3_r2_AM,a12dcb1ba4e2a21b6a4474c284e3079c1b8e06dc282072a6d2d3a684bd02794b,1a980269c1778978c64462bf76cf00949cd95e29e33d5066107809299e5dec35,0,3,0.263,0.018,4,5.0,NAA-GDP,2,s4_p5_NAA-GDP_l3_r2
,False,AM,s4_p5_l3_r3_AM,a12dcb1ba4e2a21b6a4474c284e3079c1b8e06dc282072a6d2d3a684bd02794b,1a980269c1778978c64462bf76cf00949cd95e29e33d5066107809299e5dec35,0,3,0.259,0.018,4,5.0,NAA-GDP,3,s4_p5_NAA-GDP_l3_r3
,False,AM,s4_p5_l4_r0_AM,a12dcb1ba4e2a21b6a4474c284e3079c1b8e06dc282072a6d2d3a684bd02794b,1a980269c1778978c64462bf76cf00949cd95e29e33d5066107809299e5dec35,0,4,0.209,0.024,4,5.0,NAA-GDP,0,s4_p5_NAA-GDP_l4_r0
,False,AM,s4_p5_l4_r1_AM,a12dcb1ba4e2a21b6a4474c284e3079c1b8e06dc282072a6d2d3a684bd02794b,1a980269c1778978c64462bf76cf00949cd95e29e33d5066107809299e5dec35,0,4,0.151,0.024,4,5.0,NAA-GDP,1,s4_p5_NAA-GDP_l4_r1
,False,AM,s4_p5_l4_r2_AM,a12dcb1ba4e2a21b6a4474c284e3079c1b8e06dc282072a6d2d3a684bd02794b,1a980269c1778978c64462bf76cf00949cd95e29e33d5066107809299e5dec35,0,4,0.22,0.024,4,5.0,NAA-GDP,2,s4_p5_NAA-GDP_l4_r2
,False,AM,s4_p5_l4_r3_AM,a12dcb1ba4e2a21b6a4474c284e3079c1b8e06dc282072a6d2d3a684bd02794b,1a980269c1778978c64462bf76cf00949cd95e29e33d5066107809299e5dec35,0,4,0.198,0.024,4,5.0,NAA-GDP,3,s4_p5_NAA-GDP_l4_r3
,False,AM,s4_p5_l5_r0_AM,a12dcb1ba4e2a21b6a4474c284e3079c1b8e06dc282072a6d2d3a684bd02794b,1a980269c1778978c64462bf76cf00949cd95e29e33d5066107809299e5dec35,0,5,0.136,0.03,4,5.0,NAA-GDP,0,s4_p5_NAA-GDP_l5_r0
,False,AM,s4_p5_l5_r1_AM,a12dcb1ba4e2a21b6a4474c284e3079c1b8e06dc282072a6d2d3a684bd02794b,1a980269c1778978c64462bf76cf00949cd95e29e33d5066107809299e5dec35,0,5,0.153,0.03,4,5.0,NAA-GDP,1,s4_p5_NAA-GDP_l5_r1
,False,AM,s4_p5_l5_r2_AM,a12dcb1ba4e2a21b6a4474c284e3079c1b8e06dc282072a6d2d3a684bd02794b,1a980269c1778978c64462bf76cf00949cd95e29e33d5066107809299e5dec35,0,5,0.158,0.03,4,5.0,NAA-GDP,2,s4_p5_NAA-GDP_l5_r2
,False,AM,s4_p5_l5_r3_AM,a12dcb1ba4e2a21b6a4474c284e3079c1b8e06dc282072a6d2d3a684bd02794b,1a980269c1778978c64462bf76cf00949cd95e29e33d5066107809299e5dec35,0,5,0.153,0.03,4,5.0,NAA-GDP,3,s4_p5_NAA-GDP_l5_r3
,False,AM,s4_p5_l6_r0_AM,a12dcb1ba4e2a21b6a4474c284e3079c1b8e06dc282072a6d2d3a684bd02794b,1a980269c1778978c64462bf76cf00949cd95e29e33d5066107809299e5dec35,0,6,0.104,0.036,4,5.0,NAA-GDP,0,s4_p5_NAA-GDP_l6_r0
,False,AM,s4_p5_l6_r1_AM,a12dcb1ba4e2a21b6a4474c284e3079c1b8e06dc282072a6d2d3a684bd02794b,1a980269c1778978c64462bf76cf00949cd95e29e33d5066107809299e5dec35,0,6,0.136,0.036,4,5.0,NAA-GDP,1,s4_p5_NAA-GDP_l6_r1
,False,AM,s4_p5_l6_r2_AM,a12dcb1ba4e2a21b6a4474c284e3079c1b8e06dc282072a6d2d3a684bd02794b,1a980269c1778978c64462bf76cf00949cd95e29e33d5066107809299e5dec35,0,6,0.1,0.036,4,5.0,NAA-GDP,2,s4_p5_NAA-GDP_l6_r2
,False,AM,s4_p5_l6_r3_AM,a12dcb1ba4e2a21b6a4474c284e3079c1b8e06dc282072a6d2d3a684bd02794b,1a980269c1778978c64462bf76cf00949cd95e29e33d5066107809299e5dec35,0,6,0.14,0.036,4,5.0,NAA-GDP,3,s4_p5_NAA-GDP_l6_r3
,False,AM,s4_p5_l7_r0_AM,a12dcb1ba4e2a21b6a4474c284e3079c1b8e06dc282072a6d2d3a684bd02794b,1a980269c1778978c64462bf76cf00949cd95e29e33d5066107809299e5dec35,0,7,0.123,0.042,4,5.0,NAA-GDP,0,s4_p5_NAA-GDP_l7_r0
,False,AM,s4_p5_l7_r1_AM,a12dcb1ba4e2a21b6a4474c284e3079c1b8e06dc282072a6d2d3a684bd02794b,1a980269c1778978c64462bf76cf00949cd95e29e33d5066107809299e5dec35,0,7,0.115,0.042,4,5.0,NAA-GDP,1,s4_p5_NAA-GDP_l7_r1
,False,AM,s4_p5_l7_r2_AM,a12dcb1ba4e2a21b6a4474c284e3079c1b8e06dc282072a6d2d3a684bd02794b,1a980269c1778978c64462bf76cf00949cd95e29e33d5066107809299e5dec35,0,7,0.083,0.042,4,5.0,NAA-GDP,2,s4_p5_NAA-GDP_l7_r2
,False,AM,s4_p5_l7_r3_AM,a12dcb1ba4e2a21b6a4474c284e3079c1b8e06dc282072a6d2d3a684bd02794b,1a980269c1778978c64462bf76cf00949cd95e29e33d5066107809299e5dec35,0,7,0.108,0.042,4,5.0,NAA-GDP,3,s4_p5_NAA-GDP_l7_r3
,False,AM,s4_p5_l8_r0_AM,a12dcb1ba4e2a21b6a4474c284e3079c1b8e06dc282072a6d2d3a684bd02794b,1a980269c1778978c64462bf76cf00949cd95e29e33d5066107809299e5dec35,0,8,0.108,0.048,4,5.0,NAA-GDP,0,s4_p5_NAA-GDP_l8_r0
,False,AM,s4_p5_l8_r1_AM,a12dcb1ba4e2a21b6a4474c284e3079c1b8e06dc282072a6d2d3a684bd02794b,1a980269c1778978c64462bf76cf00949cd95e29e33d5066107809299e5dec35,0,8,0.108,0.048,4,5.0,NAA-GDP,1,s4_p5_NAA-GDP_l8_r1
,False,AM,s4_p5_l8_r2_AM,a12dcb1ba4e2a21b6a4474c284e3079c1b8e06dc282072a6d2d3a684bd02794b,1a980269c1778978c64462bf76cf00949cd95e29e33d5066107809299e5dec35,0,8,0.098,0.048,4,5.0,NAA-GDP,2,s4_p5_NAA-GDP_l8_r2
,False,AM,s4_p5_l8_r3_AM,a12dcb1ba4e2a21b6a4474c284e3079c1b8e06dc282072a6d2d3a684bd02794b,1a980269c1778978c64462bf76cf00949cd95e29e33d5066107809299e5dec35,0,8,0.114,0.048,4,5.0,NAA-GDP,3,s4_p5_NAA-GDP_l8_r3
,False,AM,s4_p5_l9_r0_AM,a12dcb1ba4e2a21b6a4474c284e3079c1b8e06dc282072a6d2d3a684bd02794b,1a980269c1778978c64462bf76cf00949cd95e29e33d5066107809299e5dec35,0,9,0.13,0.054,4,5.0,NAA-GDP,0,s4_p5_NAA-GDP_l9_r0
,False,AM,s4_p5_l9_r1_AM,a12dcb1ba4e2a21b6a4474c284e3079c1b8e06dc282072a6d2d3a684bd02794b,1a980269c1778978c64462bf76cf00949cd95e29e33d5066107809299e5dec35,0,9,0.115,0.054,4,5.0,NAA-GDP,1,s4_p5_NAA-GDP_l9_r1
,False,AM,s4_p5_l9_r2_AM,a12dcb1ba4e2a21b6a4474c284e3079c1b8e06dc282072a6d2d3a684bd02794b,1a980269c1778978c64462bf76cf00949cd95e29e33d5066107809299e5dec35,0,9,0.127,0.054,4,5.0,NAA-GDP,2,s4_p5_NAA-GDP_l9_r2
,False,AM,s4_p5_l9_r3_AM,a12dcb1ba4e2a21b6a4474c284e3079c1b8e06dc282072a6d2d3a684bd02794b,1a980269c1778978c64462bf76cf00949cd95e29e33d5066107809299e5dec35,0,9,0.131,0.054,4,5.0,NAA-GDP,3,s4_p5_NAA-GDP_l9_r3
,False,MP,s4_shared_l10_r0_MP,a12dcb1ba4e2a21b6a4474c284e3079c1b8e06dc282072a6d2d3a684bd02794b,1a980269c1778978c64462bf76cf00949cd95e29e33d5066107809299e5dec35,0,10,0.113,0.06,4,,NAA-GDP,0,s4_p5_NAA-GDP_l10_r0
,False,OP,s4_shared_l10_r0_OP,a12dcb1ba4e2a21b6a4474c284e3079c1b8e06dc282072a6d2d3a684bd02794b,1a980269c1778978c64462bf76cf00949cd95e29e33d5066107809299e5dec35,0,10,0.132,0.06,4,,NAA-GDP,0,s4_p5_NAA-GDP_l10_r0
,False,MP,s4_shared_l10_r1_MP,a12dcb1ba4e2a21b6a4474c284e3079c1b8e06dc282072a6d2d3a684bd02794b,1a980269c1778978c64462bf76cf00949cd95e29e33d5066107809299e5dec35,0,10,0.091,0.06,4,,NAA-GDP,1,s4_p5_NAA-GDP_l10_r1
,False,OP,s4_shared_l10_r1_OP,a12dcb1ba4e2a21b6a4474c284e3079c1b8e06dc282072a6d2d3a684bd02794b,1a980269c1778978c64462bf76cf00949cd95e29e33d5066107809299e5dec35,0,10,0.152,0.06,4,,NAA-GDP,1,s4_p5_NAA-GDP_l10_r1
,False,MP,s4_shared_l10_r2_MP,a12dcb1ba4e2a21b6a4474c284e3079c1b8e06dc282072a6d2d3a684bd02794b,1a980269c1778978c64462bf76cf00949cd95e29e33d5066107809299e5dec35,0,10,0.089,0.06,4,,NAA-GDP,2,s4_p5_NAA-GDP_l10_r2
,False,OP,s4_shared_l10_r2_OP,a12dcb1ba4e2a21b6a4474c284e3079c1b8e06dc282072a6d2d3a684bd02794b,1a980269c1778978c64462bf76cf00949cd95e29e33d5066107809299e5dec35,0,10,0.137,0.06,4,,NAA-GDP,2,s4_p5_NAA-GDP_l10_r2
,False,MP,s4_shared_l10_r3_MP,a12dcb1ba4e2a21b6a4474c284e3079c1b8e06dc282072a6d2d3a684bd02794b,1a980269c1778978c64462bf76cf00949cd95e29e33d5066107809299e5dec35,0,10,0.09,0.06,4,,NAA-GDP,3,s4_p5_NAA-GDP_l10_r3
,False,OP,s4_shared_l10_r3_OP,a12dcb1ba4e2a21b6a4474c284e3079c1b8e06dc282072a6d2d3a684bd02794b,1a980269c1778978c64462bf76cf00949cd95e29e33d5066107809299e5dec35,0,10,0.159,0.06,4,,NAA-GDP,3,s4_p5_NAA-GDP_l10_r3
,False,MP,s4_shared_l1_r0_MP,a12dcb1ba4e2a21b6a4474c284e3079c1b8e06dc282072a6d2d3a684bd02794b,1a980269c1778978c64462bf76cf00949cd95e29e33d5066107809299e5dec35,0,1,0.575,0.006,4,,NAA-GDP,0,s4_p2_NAA-GDP_l1_r0
,False,OP,s4_shared_l1_r0_OP,a12dcb1ba4e2a21b6a4474c284e3079c1b8e06dc282072a6d2d3a684bd02794b,1a980269c1778978c64462bf76cf00949cd95e29e33d5066107809299e5dec35,0,1,0.655,0.006,4,,NAA-GDP,0,s4_p2_NAA-GDP_l1_r0
,False,MP,s4_shared_l1_r1_MP,a12dcb1ba4e2a21b6a4474c284e3079c1b8e06dc282072a6d2d3a684bd02794b,1a980269c1778978c64462bf76cf00949cd95e29e33d5066107809299e5dec35,0,1,0.581,0.006,4,,NAA-GDP,1,s4_p2_NAA-GDP_l1_r1
,False,OP,s4_shared_l1_r1_OP,a12dcb1ba4e2a21b6a4474c284e3079c1b8e06dc282072a6d2d3a684bd02794b,1a980269c1778978c64462bf76cf00949cd95e29e33d5066107809299e5dec35,0,1,0.627,0.006,4,,NAA-GDP,1,s4_p2_NAA-GDP_l1_r1
,False,MP,s4_shared_l1_r2_MP,a12dcb1ba4e2a21b6a4474c284e3079c1b8e06dc282072a6d2d3a684bd02794b,1a980269c1778978c64462bf76cf00949cd95e29e33d5066107809299e5dec35,0,1,0.629,0.006,4,,NAA-GDP,2,s4_p2_NAA-GDP_l1_r2
,False,OP,s4_shared_l1_r2_OP,a12dcb1ba4e2a21b6a4474c284e3079c1b8e06dc282072a6d2d3a684bd02794b,1a980269c1778978c64462bf76cf00949cd95e29e33d5066107809299e5dec35,0,1,0.658,0.006,4,,NAA-GDP,2,s4_p2_NAA-GDP_l1_r2
,False,MP,s4_shared_l1_r3_MP,a12dcb1ba4e2a21b6a4474c284e3079c1b8e06dc282072a6d2d3a684bd02794b,1a980269c1778978c64462bf76cf00949cd95e29e33d5066107809299e5dec35,0,1,0.625,0.006,4,,NAA-GDP,3,s4_p2_NAA-GDP_l1_r3
,False,OP,s4_shared_l1_r3_OP,a12dcb1ba4e2a21b6a4474c284e3079c1b8e06dc282072a6d2d3a684bd02794b,1a980269c1778978c64462bf76cf00949cd95e29e33d5066107809299e5dec35,0,1,0.636,0.006,4,,NAA-GDP,3,s4_p2_NAA-GDP_l1_r3
,False,MP,s4_shared_l2_r0_MP,a12dcb1ba4e2a21b6a4474c284e3079c1b8e06dc282072a6d2d3a684bd02794b,1a980269c1778978c64462bf76cf00949cd95e29e33d5066107809299e5dec35,0,2,0.327,0.012,4,,NAA-GDP,0,s4_p2_NAA-GDP_l2_r0
,False,OP,s4_shared_l2_r0_OP,a12dcb1ba4e2a21b6a4474c284e3079c1b8e06dc282072a6d2d3a684bd02794b,1a980269c1778978c64462bf76cf00949cd95e29e33d5066107809299e5dec35,0,2,0.491,0.012,4,,NAA-GDP,0,s4_p2_NAA-GDP_l2_r0
,False,MP,s4_shared_l2_r1_MP,a12dcb1ba4e2a21b6a4474c284e3079c1b8e06dc282072a6d2d3a684bd02794b,1a980269c1778978c64462bf76cf00949cd95e29e33d5066107809299e5dec35,0,2,0.393,0.012,4,,NAA-GDP,1,s4_p2_NAA-GDP_l2_r1
,False,OP,s4_shared_l2_r1_OP,a12dcb1ba4e2a21b6a4474c284e3079c1b8e06dc282072a6d2d3a684bd02794b,1a980269c1778978c64462bf76cf00949cd95e29e33d5066107809299e5dec35,0,2,0.551,0.012,4,,NAA-GDP,1,s4_p2_NAA-GDP_l2_r1
,False,MP,s4_shared_l2_r2_MP,a12dcb1ba4e2a21b6a4474c284e3079c1b8e06dc282072a6d2d3a684bd02794b,1a980269c1778978c64462bf76cf00949cd95e29e33d5066107809299e5dec35,0,2,0.364,0.012,4,,NAA-GDP,2,s4_p2_NAA-GDP_l2_r2
,False,OP,s4_shared_l2_r2_OP,a12dcb1ba4e2a21b6a4474c284e3079c1b8e06dc282072a6d2d3a684bd02794b,1a980269c1778978c64462bf76cf00949cd95e29e33d5066107809299e5dec35,0,2,0.44,0.012,4,,NAA-GDP,2,s4_p2_NAA-GDP_l2_r2
,False,MP,s4_shared_l2_r3_MP,a12dcb1ba4e2a21b6a4474c284e3079c1b8e06dc282072a6d2d3a684bd02794b,1a980269c1778978c64462bf76cf00949cd95e29e33d5066107809299e5dec35,0,2,0.347,0.012,4,,NAA-GDP,3,s4_p2_NAA-GDP_l2_r3
,False,OP,s4_shared_l2_r3_OP,a12dcb1ba4e2a21b6a4474c284e3079c1b8e06dc282072a6d2d3a684bd02794b,1a980269c1778978c64462bf76cf00949cd95e29e33d5066107809299e5dec35,0,2,0.388,0.012,4,,NAA-GDP,3,s4_p2_NAA-GDP_l2_r3
,False,MP,s4_shared_l3_r0_MP,a12dcb1ba4e2a21b6a4474c284e3079c1b8e06dc282072a6d2d3a684bd02794b,1a980269c1778978c64462bf76cf00949cd95e29e33d5066107809299e5dec35,0,3,0.213,0.018,4,,NAA-GDP,0,s4_p2_NAA-GDP_l3_r0
,False,OP,s4_shared_l3_r0_OP,a12dcb1ba4e2a21b6a4474c284e3079c1b8e06dc282072a6d2d3a684bd02794b,1a980269c1778978c64462bf76cf00949cd95e29e33d5066107809299e5dec35,0,3,0.32,0.018,4,,NAA-GDP,0,s4_p2_NAA-GDP_l3_r0
,False,MP,s4_shared_l3_r1_MP,a12dcb1ba4e2a21b6a4474c284e3079c1b8e06dc282072a6d2d3a684bd02794b,1a980269c1778978c64462bf76cf00949cd95e29e33d5066107809299e5dec35,0,3,0.285,0.018,4,,NAA-GDP,1,s4_p2_NAA-GDP_l3_r1
,False,OP,s4_shared_l3_r1_OP,a12dcb1ba4e2a21b6a4474c284e3079c1b8e06dc282072a6d2d3a684bd02794b,1a980269c1778978c64462bf76cf00949cd95e29e33d5066107809299e5dec35,0,3,0.369,0.018,4,,NAA-GDP,1,s4_p2_NAA-GDP_l3_r1
,False,MP,s4_shared_l3_r2_MP,a12dcb1ba4e2a21b6a4474c284e3079c1b8e06dc282072a6d2d3a684bd02794b,1a980269c1778978c64462bf76cf00949cd95e29e33d5066107809299e5dec35,0,3,0.221,0.018,4,,NAA-GDP,2,s4_p2_NAA-GDP_l3_r2
,False,OP,s4_shared_l3_r2_OP,a12dcb1ba4e2a21b6a4474c284e3079c1b8e06dc282072a6d2d3a684bd02794b,1a980269c1778978c64462bf76cf00949cd95e29e33d5066107809299e5dec35,0,3,0.341,0.018,4,,NAA-GDP,2,s4_p2_NAA-GDP_l3_r2
,False,MP,s4_shared_l3_r3_MP,a12dcb1ba4e2a21b6a4474c284e3079c1b8e06dc282072a6d2d3a684bd02794b,1a980269c1778978c64462bf76cf00949cd95e29e33d5066107809299e5dec35,0,3,0.25,0.018,4,,NAA-GDP,3,s4_p2_NAA-GDP_l3_r3
,False,OP,s4_shared_l3_r3_OP,a12dcb1ba4e2a21b6a4474c284e3079c1b8e06dc282072a6d2d3a684bd02794b,1a980269c1778978c64462bf76cf00949cd95e29e33d5066107809299e5dec35,0,3,0.275,0.018,4,,NAA-GDP,3,s4_p2_NAA-GDP_l3_r3
,False,MP,s4_shared_l4_r0_MP,a12dcb1ba4e2a21b6a4474c284e3079c1b8e06dc282072a6d2d3a684bd02794b,1a980269c1778978c64462bf76cf00949cd95e29e33d5066107809299e5dec35,0,4,0.204,0.024,4,,NAA-GDP,0,s4_p2_NAA-GDP_l4_r0
,False,OP,s4_shared_l4_r0_OP,a12dcb1ba4e2a21b6a4474c284e3079c1b8e06dc282072a6d2d3a684bd02794b,1a980269c1778978c64462bf76cf00949cd95e29e33d5066107809299e5dec35,0,4,0.244,0.024,4,,NAA-GDP,0,s4_p2_NAA-GDP_l4_r0
,False,MP,s4_shared_l4_r1_MP,a12dcb1ba4e2a21b6a4474c284e3079c1b8e06dc282072a6d2d3a684bd02794b,1a980269c1778978c64462bf76cf00949cd95e29e33d5066107809299e5dec35,0,4,0.146,0.024,4,,NAA-GDP,1,s4_p2_NAA-GDP_l4_r1
,False,OP,s4_shared_l4_r1_OP,a12dcb1ba4e2a21b6a4474c284e3079c1b8e06dc282072a6d2d3a684bd02794b,1a980269c1778978c64462bf76cf00949cd95e29e33d5066107809299e5dec35,0,4,0.248,0.024,4,,NAA-GDP,1,s4_p2_NAA-GDP_l4_r1
,False,MP,s4_shared_l4_r2_MP,a12dcb1ba4e2a21b6a4474c284e3079c1b8e06dc282072a6d2d3a684bd02794b,1a980269c1778978c64462bf76cf00949cd95e29e33d5066107809299e5dec35,0,4,0.219,0.024,4,,NAA-GDP,2,s4_p2_NAA-GDP_l4_r2
,False,OP,s4_shared_l4_r2_OP,a12dcb1ba4e2a21b6a4474c284e3079c1b8e06dc282072a6d2d3a684bd02794b,1a980269c1778978c64462bf76cf00949cd95e29e33d5066107809299e5dec35,0,4,0.274,0.024,4,,NAA-GDP,2,s4_p2_NAA-GDP_l4_r2
,False,MP,s4_shared_l4_r3_MP,a12dcb1ba4e2a21b6a4474c284e3079c1b8e06dc282072a6d2d3a684bd02794b,1a980269c1778978c64462bf76cf00949cd95e29e33d5066107809299e5dec35,0,4,0.225,0.024,4,,NAA-GDP,3,s4_p2_NAA-GDP_l4_r3
,False,OP,s4_shared_l4_r3_OP,a12dcb1ba4e2a21b6a4474c284e3079c1b8e06dc282072a6d2d3a684bd02794b,1a980269c1778978c64462bf76cf00949cd95e29e33d5066107809299e5dec35,0,4,0.278,0.024,4,,NAA-GDP,3,s4_p2_NAA-GDP_l4_r3
,False,MP,s4_shared_l5_r0_MP,a12dcb1ba4e2a21b6a4474c284e3079c1b8e06dc282072a6d2d3a684bd02794b,1a980269c1778978c64462bf76cf00949cd95e29e33d5066107809299e5dec35,0,5,0.171,0.03,4,,NAA-GDP,0,s4_p2_NAA-GDP_l5_r0
,False,OP,s4_shared_l5_r0_OP,a12dcb1ba4e2a21b6a4474c284e3079c1b8e06dc282072a6d2d3a684bd02794b,1a980269c1778978c64462bf76cf00949cd95e29e33d5066107809299e5dec35,0,5,0.26,0.03,4,,NAA-GDP,0,s4_p2_NAA-GDP_l5_r0
,False,MP,s4_shared_l5_r1_MP,a12dcb1ba4e2a21b6a4474c284e3079c1b8e06dc282072a6d2d3a684bd02794b,1a980269c1778978c64462bf76cf00949cd95e29e33d5066107809299e5dec35,0,5,0.132,0.03,4,,NAA-GDP,1,s4_p2_NAA-GDP_l5_r1
,False,OP,s4_shared_l5_r1_OP,a12dcb1ba4e2a21b6a4474c284e3079c1b8e06dc282072a6d2d3a684bd02794b,1a980269c1778978c64462bf76cf00949cd95e29e33d5066107809299e5dec35,0,5,0.171,0.03,4,,NAA-GDP,1,s4_p2_NAA-GDP_l5_r1
,False,MP,s4_shared_l5_r2_MP,a12dcb1ba4e2a21b6a4474c284e3079c1b8e06dc282072a6d2d3a684bd02794b,1a980269c1778978c64462bf76cf00949cd95e29e33d5066107809299e5dec35,0,5,0.189,0.03,4,,NAA-GDP,2,s4_p2_NAA-GDP_l5_r2
,False,OP,s4_shared_l5_r2_OP,a12dcb1ba4e2a21b6a4474c284e3079c1b8e06dc282072a6d2d3a684bd02794b,1a980269c1778978c64462bf76cf00949cd95e29e33d5066107809299e5dec35,0,5,0.185,0.03,4,,NAA-GDP,2,s4_p2_NAA-GDP_l5_r2
,False,MP,s4_shared_l5_r3_MP,a12dcb1ba4e2a21b6a4474c284e3079c1b8e06dc282072a6d2d3a684bd02794b,1a980269c1778978c64462bf76cf00949cd95e29e33d5066107809299e5dec35,0,5,0.227,0.03,4,,NAA-GDP,3,s4_p2_NAA-GDP_l5_r3
,False,OP,s4_shared_l5_r3_OP,a12dcb1ba4e2a21b6a4474c284e3079c1b8e06dc282072a6d2d3a684bd02794b,1a980269c1778978c64462bf76cf00949cd95e29e33d5066107809299e5dec35,0,5,0.232,0.03,4,,NAA-GDP,3,s4_p2_NAA-GDP_l5_r3
,False,MP,s4_shared_l6_r0_MP,a12dcb1ba4e2a21b6a4474c284e3079c1b8e06dc282072a6d2d3a684bd02794b,1a980269c1778978c64462bf76cf00949cd95e29e33d5066107809299e5dec35,0,6,0.154,0.036,4,,NAA-GDP,0,s4_p2_NAA-GDP_l6_r0
,False,OP,s4_shared_l6_r0_OP,a12dcb1ba4e2a21b6a4474c284e3079c1b8e06dc282072a6d2d3a684bd02794b,1a980269c1778978c64462bf76cf00949cd95e29e33d5066107809299e5dec35,0,6,0.17,0.036,4,,NAA-GDP,0,s4_p2_NAA-GDP_l6_r0
,False,MP,s4_shared_l6_r1_MP,a12dcb1ba4e2a21b6a4474c284e3079c1b8e06dc282072a6d2d3a684bd02794b,1a980269c1778978c64462bf76cf00949cd95e29e33d5066107809299e5dec35,0,6,0.149,0.036,4,,NAA-GDP,1,s4_p2_NAA-GDP_l6_r1
,False,OP,s4_shared_l6_r1_OP,a12dcb1ba4e2a21b6a4474c284e3079c1b8e06dc282072a6d2d3a684bd02794b,1a980269c1778978c64462bf76cf00949cd95e29e33d5066107809299e5dec35,0,6,0.221,0.036,4,,NAA-GDP,1,s4_p2_NAA-GDP_l6_r1
,False,MP,s4_shared_l6_r2_MP,a12dcb1ba4e2a21b6a4474c284e3079c1b8e06dc282072a6d2d3a684bd02794b,1a980269c1778978c64462bf76cf00949cd95e29e33d5066107809299e5dec35,0,6,0.114,0.036,4,,NAA-GDP,2,s4_p2_NAA-GDP_l6_r2
,False,OP,s4_shared_l6_r2_OP,a12dcb1ba4e2a21b6a4474c284e3079c1b8e06dc282072a6d2d3a684bd02794b,1a980269c1778978c64462bf76cf00949cd95e29e33d5066107809299e5dec35,0,6,0.164,0.036,4,,NAA-GDP,2,s4_p2_NAA-GDP_l6_r2
,False,MP,s4_shared_l6_r3_MP,a12dcb1ba4e2a21b6a4474c284e3079c1b8e06dc282072a6d2d3a684bd02794b,1a980269c1778978c64462bf76cf00949cd95e29e33d5066107809299e5dec35,0,6,0.152,0.036,4,,NAA-GDP,3,s4_p2_NAA-GDP_l6_r3
,False,OP,s4_shared_l6_r3_OP,a12dcb1ba4e2a21b6a4474c284e3079c1b8e06dc282072a6d2d3a684bd02794b,1a980269c1778978c64462bf76cf00949cd95e29e33d5066107809299e5dec35,0,6,0.219,0.036,4,,NAA-GDP,3,s4_p2_NAA-GDP_l6_r3
,False,MP,s4_shared_l7_r0_MP,a12dcb1ba4e2a21b6a4474c284e3079c1b8e06dc282072a6d2d3a684bd02794b,1a980269c1778978c64462bf76cf00949cd95e29e33d5066107809299e5dec35,0,7,0.132,0.042,4,,NAA-GDP,0,s4_p2_NAA-GDP_l7_r0
,False,OP,s4_shared_l7_r0_OP,a12dcb1ba4e2a21b6a4474c284e3079c1b8e06dc282072a6d2d3a684bd02794b,1a980269c1778978c64462bf76cf00949cd95e29e33d5066107809299e5dec35,0,7,0.183,0.042,4,,NAA-GDP,0,s4_p2_NAA-GDP_l7_r0
,False,MP,s4_shared_l7_r1_MP,a12dcb1ba4e2a21b6a4474c284e3079c1b8e06dc282072a6d2d3a684bd02794b,1a980269c1778978c64462bf76cf00949cd95e29e33d5066107809299e5dec35,0,7,0.115,0.042,4,,NAA-GDP,1,s4_p2_NAA-GDP_l7_r1
,False,OP,s4_shared_l7_r1_OP,a12dcb1ba4e2a21b6a4474c284e3079c1b8e06dc282072a6d2d3a684bd02794b,1a980269c1778978c64462bf76cf00949cd95e29e33d5066107809299e5dec35,0,7,0.154,0.042,4,,NAA-GDP,1,s4_p2_NAA-GDP_l7_r1
,False,MP,s4_shared_l7_r2_MP,a12dcb1ba4e2a21b6a4474c284e3079c1b8e06dc282072a6d2d3a684bd02794b,1a980269c1778978c64462bf76cf00949cd95e29e33d5066107809299e5dec35,0,7,0.126,0.042,4,,NAA-GDP,2,s4_p2_NAA-GDP_l7_r2
,False,OP,s4_shared_l7_r2_OP,a12dcb1ba4e2a21b6a4474c284e3079c1b8e06dc282072a6d2d3a684bd02794b,1a980269c1778978c64462bf76cf00949cd95e29e33d5066107809299e5dec35,0,7,0.168,0.042,4,,NAA-GDP,2,s4_p2_NAA-GDP_l7_r2
,False,MP,s4_shared_l7_r3_MP,a12dcb1ba4e2a21b6a4474c284e3079c1b8e06dc282072a6d2d3a684bd02794b,1a980269c1778978c64462bf76cf00949cd95e29e33d5066107809299e5dec35,0,7,0.107,0.042,4,,NAA-GDP,3,s4_p2_NAA-GDP_l7_r3
,False,OP,s4_shared_l7_r3_OP,a12dcb1ba4e2a21b6a4474c284e3079c1b8e06dc282072a6d2d3a684bd02794b,1a980269c1778978c64462bf76cf00949cd95e29e33d5066107809299e5dec35,0,7,0.169,0.042,4,,NAA-GDP,3,s4_p2_NAA-GDP_l7_r3
,False,MP,s4_shared_l8_r0_MP,a12dcb1ba4e2a21b6a4474c284e3079c1b8e06dc282072a6d2d3a684bd02794b,1a980269c1778978c64462bf76cf00949cd95e29e33d5066107809299e5dec35,0,8,0.103,0.048,4,,NAA-GDP,0,s4_p2_NAA-GDP_l8_r0
,False,OP,s4_shared_l8_r0_OP,a12dcb1ba4e2a21b6a4474c284e3079c1b8e06dc282072a6d2d3a684bd02794b,1a980269c1778978c64462bf76cf00949cd95e29e33d5066107809299e5dec35,0,8,0.152,0.048,4,,NAA-GDP,0,s4_p2_NAA-GDP_l8_r0
,False,MP,s4_shared_l8_r1_MP,a12dcb1ba4e2a21b6a4474c284e3079c1b8e06dc282072a6d2d3a684bd02794b,1a980269c1778978c64462bf76cf00949cd95e29e33d5066107809299e5dec35,0,8,0.088,0.048,4,,NAA-GDP,1,s4_p2_NAA-GDP_l8_r1
,False,OP,s4_shared_l8_r1_OP,a12dcb1ba4e2a21b6a4474c284e3079c1b8e06dc282072a6d2d3a684bd02794b,1a980269c1778978c64462bf76cf00949cd95e29e33d5066107809299e5dec35,0,8,0.16,0.048,4,,NAA-GDP,1,s4_p2_NAA-GDP_l8_r1
,False,MP,s4_shared_l8_r2_MP,a12dcb1ba4e2a21b6a4474c284e3079c1b8e06dc282072a6d2d3a684bd02794b,1a980269c1778978c64462bf76cf00949cd95e29e33d5066107809299e5dec35,0,8,0.11,0.048,4,,NAA-GDP,2,s4_p5_NAA-GDP_l8_r2
,False,OP,s4_shared_l8_r2_OP,a12dcb1ba4e2a21b6a4474c284e3079c1b8e06dc282072a6d2d3a684bd02794b,1a980269c1778978c64462bf76cf00949cd95e29e33d5066107809299e5dec35,0,8,0.151,0.048,4,,NAA-GDP,2,s4_p5_NAA-GDP_l8_r2
,False,MP,s4_shared_l8_r3_MP,a12dcb1ba4e2a21b6a4474c284e3079c1b8e06dc282072a6d2d3a684bd02794b,1a980269c1778978c64462bf76cf00949cd95e29e33d5066107809299e5dec35,0,8,0.092,0.048,4,,NAA-GDP,3,s4_p5_NAA-GDP_l8_r3
,False,OP,s4_shared_l8_r3_OP,a12dcb1ba4e2a21b6a4474c284e3079c1b8e06dc282072a6d2d3a684bd02794b,1a980269c1778978c64462bf76cf00949cd95e29e33d5066107809299e5dec35,0,8,0.138,0.048,4,,NAA-GDP,3,s4_p5_NAA-GDP_l8_r3
,False,MP,s4_shared_l9_r0_MP,a12dcb1ba4e2a21b6a4474c284e3079c1b8e06dc282072a6d2d3a684bd02794b,1a980269c1778978c64462bf76cf00949cd95e29e33d5066107809299e5dec35,0,9,0.087,0.054,4,,NAA-GDP,0,s4_p5_NAA-GDP_l9_r0
,False,OP,s4_shared_l9_r0_OP,a12dcb1ba4e2a21b6a4474c284e3079c1b8e06dc282072a6d2d3a684bd02794b,1a980269c1778978c64462bf76cf00949cd95e29e33d5066107809299e5dec35,0,9,0.152,0.054,4,,NAA-GDP,0,s4_p5_NAA-GDP_l9_r0
,False,MP,s4_shared_l9_r1_MP,a12dcb1ba4e2a21b6a4474c284e3079c1b8e06dc282072a6d2d3a684bd02794b,1a980269c1778978c64462bf76cf00949cd95e29e33d5066107809299e5dec35,0,9,0.092,0.054,4,,NAA-GDP,1,s4_p5_NAA-GDP_l9_r1
,False,OP,s4_shared_l9_r1_OP,a12dcb1ba4e2a21b6a4474c284e3079c1b8e06dc282072a6d2d3a684bd02794b,1a980269c1778978c64462bf76cf00949cd95e29e33d5066107809299e5dec35,0,9,0.132,0.054,4,,NAA-GDP,1,s4_p5_NAA-GDP_l9_r1
,False,MP,s4_shared_l9_r2_MP,a12dcb1ba4e2a21b6a4474c284e3079c1b8e06dc282072a6d2d3a684bd02794b,1a980269c1778978c64462bf76cf00949cd95e29e33d5066107809299e5dec35,0,9,0.106,0.054,4,,NAA-GDP,2,s4_p5_NAA-GDP_l9_r2
,False,OP,s4_shared_l9_r2_OP,a12dcb1ba4e2a21b6a4474c284e3079c1b8e06dc282072a6d2d3a684bd02794b,1a980269c1778978c64462bf76cf00949cd95e29e33d5066107809299e5dec35,0,9,0.137,0.054,4,,NAA-GDP,2,s4_p5_NAA-GDP_l9_r2
,False,MP,s4_shared_l9_r3_MP,a12dcb1ba4e2a21b6a4474c284e3079c1b8e06dc282072a6d2d3a684bd02794b,1a980269c1778978c64462bf76cf00949cd95e29e33d5066107809299e5dec35,0,9,0.105,0.054,4,,NAA-GDP,3,s4_p5_NAA-GDP_l9_r3
,False,OP,s4_shared_l9_r3_OP,a12dcb1ba4e2a21b6a4474c284e3079c1b8e06dc282072a6d2d3a684bd02794b,1a980269c1778978c64462bf76cf00949cd95e29e33d5066107809299e5dec35,0,9,0.114,0.054,4,,NAA-GDP,3,s4_p5_NAA-GDP_l9_r3
