accuracy,aggregate_model_count,alignment,alignment_seconds,auditor_sha256,balanced_accuracy,deployment_hash,finished_utc,fit_count,fit_seconds,gpm_converged,gpm_iterations,gpm_last_step,level_index,linkage_rate,method,noise_scale,outer_seed,participant_count,privacy,realization,run_id,signature,source_hash,canonical_sha256,execution_code_sha256,owner_job,scheduler_schema,noiseless_equivalence_error
0.8547761720126894,10.0,,0.0,988babfb79a4be0620cf47d259d4da35f8fc07573e92f83a2e388003c17759ba,0.8547571893286973,2774aed934e9b55963588c876b6d3f7f5fc8814e91c160cc44d904a8910dda15,2026-09-06T08:25:58.863551+00:00,0,4.078075120999529,,,,0,,Local-only,0.0,0,10,,0,s0_p10_Local-only_l0_r0,fcf8b4f93626e8cf9603afe70c3a614f6523366181d2f4df2620ee6efbb41bdb,3ea87f4a1b7b84a26ee106434a73c8c3b1666cf072e5654900cb743a0c6ff2ae,,,,,
0.825768156424581,10.0,,0.0,988babfb79a4be0620cf47d259d4da35f8fc07573e92f83a2e388003c17759ba,0.8247765066266566,de125d04e78b221d9268ef4e9e1c30f5c2aabf852422fb12bb0d870272447993,2026-09-06T13:52:37.572558+00:00,0,4.066156434000732,,,,0,,Local-only,0.0,1,10,,0,s1_p10_Local-only_l0_r0,fcf8b4f93626e8cf9603afe70c3a614f6523366181d2f4df2620ee6efbb41bdb,3ea87f4a1b7b84a26ee106434a73c8c3b1666cf072e5654900cb743a0c6ff2ae,a12dcb1ba4e2a21b6a4474c284e3079c1b8e06dc282072a6d2d3a684bd02794b,1a980269c1778978c64462bf76cf00949cd95e29e33d5066107809299e5dec35,p50,celeba-three-workers-v1,
0.8208902909218366,10.0,,0.0,988babfb79a4be0620cf47d259d4da35f8fc07573e92f83a2e388003c17759ba,0.8208465985976134,b743fe7228434906b9048ef7faf033fd6e5448453864a9c29b94ea2944f572a4,2026-09-06T17:25:59.395087+00:00,0,5.017902177001815,,,,0,,Local-only,0.0,2,10,,0,s2_p10_Local-only_l0_r0,fcf8b4f93626e8cf9603afe70c3a614f6523366181d2f4df2620ee6efbb41bdb,3ea87f4a1b7b84a26ee106434a73c8c3b1666cf072e5654900cb743a0c6ff2ae,a12dcb1ba4e2a21b6a4474c284e3079c1b8e06dc282072a6d2d3a684bd02794b,1a980269c1778978c64462bf76cf00949cd95e29e33d5066107809299e5dec35,p50,celeba-three-workers-v1,
0.8436619718309859,10.0,,0.0,988babfb79a4be0620cf47d259d4da35f8fc07573e92f83a2e388003c17759ba,0.84439586645469,caa86f237e43056408787c677572585176b7f771bfcba7cecd40feeb7dc79e4e,2026-09-06T20:59:15.553550+00:00,0,4.181154203979531,,,,0,,Local-only,0.0,3,10,,0,s3_p10_Local-only_l0_r0,fcf8b4f93626e8cf9603afe70c3a614f6523366181d2f4df2620ee6efbb41bdb,3ea87f4a1b7b84a26ee106434a73c8c3b1666cf072e5654900cb743a0c6ff2ae,a12dcb1ba4e2a21b6a4474c284e3079c1b8e06dc282072a6d2d3a684bd02794b,1a980269c1778978c64462bf76cf00949cd95e29e33d5066107809299e5dec35,p50,celeba-three-workers-v1,
0.8452631578947368,10.0,,0.0,988babfb79a4be0620cf47d259d4da35f8fc07573e92f83a2e388003c17759ba,0.8437927098063691,9e6b34785c76ea03b316f0e97fd7505cbf81a983e7090ec2bd252ce085312a5b,2026-09-07T00:33:21.392030+00:00,0,4.119344346996513,,,,0,,Local-only,0.0,4,10,,0,s4_p10_Local-only_l0_r0,fcf8b4f93626e8cf9603afe70c3a614f6523366181d2f4df2620ee6efbb41bdb,3ea87f4a1b7b84a26ee106434a73c8c3b1666cf072e5654900cb743a0c6ff2ae,a12dcb1ba4e2a21b6a4474c284e3079c1b8e06dc282072a6d2d3a684bd02794b,1a980269c1778978c64462bf76cf00949cd95e29e33d5066107809299e5dec35,p50,celeba-three-workers-v1,
0.8946069792033838,,,0.0,988babfb79a4be0620cf47d259d4da35f8fc07573e92f83a2e388003c17759ba,0.8944952758187037,2774aed934e9b55963588c876b6d3f7f5fc8814e91c160cc44d904a8910dda15,2026-09-06T08:26:14.112634+00:00,1,4.28923881800074,,,,0,0.747,C-GDP,0.0,0,10,,0,s0_p10_C-GDP_l0_r0,fcf8b4f93626e8cf9603afe70c3a614f6523366181d2f4df2620ee6efbb41bdb,3ea87f4a1b7b84a26ee106434a73c8c3b1666cf072e5654900cb743a0c6ff2ae,,,,,
0.8071906943954882,,,0.0,988babfb79a4be0620cf47d259d4da35f8fc07573e92f83a2e388003c17759ba,0.8048809570039261,2774aed934e9b55963588c876b6d3f7f5fc8814e91c160cc44d904a8910dda15,2026-09-06T08:26:17.342191+00:00,1,3.1702551170001243,,,,0,,I-GDP,0.0,0,10,,0,s0_p10_I-GDP_l0_r0,fcf8b4f93626e8cf9603afe70c3a614f6523366181d2f4df2620ee6efbb41bdb,3ea87f4a1b7b84a26ee106434a73c8c3b1666cf072e5654900cb743a0c6ff2ae,,,,,
0.8879097638350371,,,0.0,988babfb79a4be0620cf47d259d4da35f8fc07573e92f83a2e388003c17759ba,0.8876529546420844,2774aed934e9b55963588c876b6d3f7f5fc8814e91c160cc44d904a8910dda15,2026-09-06T08:26:20.423330+00:00,1,2.937187501999688,,,,0,0.747,AA-GDP,0.0,0,10,,0,s0_p10_AA-GDP_l0_r0,fcf8b4f93626e8cf9603afe70c3a614f6523366181d2f4df2620ee6efbb41bdb,3ea87f4a1b7b84a26ee106434a73c8c3b1666cf072e5654900cb743a0c6ff2ae,,,,,
0.8826224885442369,,,3.0358600280005703,988babfb79a4be0620cf47d259d4da35f8fc07573e92f83a2e388003c17759ba,0.8829043782690648,2774aed934e9b55963588c876b6d3f7f5fc8814e91c160cc44d904a8910dda15,2026-09-06T08:28:01.708949+00:00,1,4.064909157000329,True,5.0,8.699054474260546e-09,1,0.664,NAA-GDP,0.006,0,10,,0,s0_p10_NAA-GDP_l1_r0,fcf8b4f93626e8cf9603afe70c3a614f6523366181d2f4df2620ee6efbb41bdb,3ea87f4a1b7b84a26ee106434a73c8c3b1666cf072e5654900cb743a0c6ff2ae,,,,,
0.8868523087768769,,,3.019963662000009,988babfb79a4be0620cf47d259d4da35f8fc07573e92f83a2e388003c17759ba,0.8857197692723595,2774aed934e9b55963588c876b6d3f7f5fc8814e91c160cc44d904a8910dda15,2026-09-06T08:29:08.725172+00:00,1,4.897746923000341,True,5.0,8.71193069530997e-09,1,0.661,NAA-GDP,0.006,0,10,,1,s0_p10_NAA-GDP_l1_r1,fcf8b4f93626e8cf9603afe70c3a614f6523366181d2f4df2620ee6efbb41bdb,3ea87f4a1b7b84a26ee106434a73c8c3b1666cf072e5654900cb743a0c6ff2ae,,,,,
0.8854423686993302,,,2.9911235330000636,988babfb79a4be0620cf47d259d4da35f8fc07573e92f83a2e388003c17759ba,0.8857292285878438,2774aed934e9b55963588c876b6d3f7f5fc8814e91c160cc44d904a8910dda15,2026-09-06T08:30:03.612082+00:00,1,4.299629113999799,True,5.0,8.694801461118287e-09,1,0.643,NAA-GDP,0.006,0,10,,2,s0_p10_NAA-GDP_l1_r2,fcf8b4f93626e8cf9603afe70c3a614f6523366181d2f4df2620ee6efbb41bdb,3ea87f4a1b7b84a26ee106434a73c8c3b1666cf072e5654900cb743a0c6ff2ae,,,,,
0.8875572788156504,,,3.0152834559994517,988babfb79a4be0620cf47d259d4da35f8fc07573e92f83a2e388003c17759ba,0.887077678903038,2774aed934e9b55963588c876b6d3f7f5fc8814e91c160cc44d904a8910dda15,2026-09-06T08:31:08.165147+00:00,1,3.960943273999874,True,5.0,8.826831607177006e-09,1,0.655,NAA-GDP,0.006,0,10,,3,s0_p10_NAA-GDP_l1_r3,fcf8b4f93626e8cf9603afe70c3a614f6523366181d2f4df2620ee6efbb41bdb,3ea87f4a1b7b84a26ee106434a73c8c3b1666cf072e5654900cb743a0c6ff2ae,,,,,
0.8886147338738104,,,3.6739242300000114,988babfb79a4be0620cf47d259d4da35f8fc07573e92f83a2e388003c17759ba,0.8884480350014587,2774aed934e9b55963588c876b6d3f7f5fc8814e91c160cc44d904a8910dda15,2026-09-06T08:32:25.185018+00:00,1,4.482682441999714,True,7.0,5.6947870031751334e-08,2,0.579,NAA-GDP,0.012,0,10,,0,s0_p10_NAA-GDP_l2_r0,fcf8b4f93626e8cf9603afe70c3a614f6523366181d2f4df2620ee6efbb41bdb,3ea87f4a1b7b84a26ee106434a73c8c3b1666cf072e5654900cb743a0c6ff2ae,,,,,
0.8864998237574903,,,3.683453685999666,988babfb79a4be0620cf47d259d4da35f8fc07573e92f83a2e388003c17759ba,0.8867737361607725,2774aed934e9b55963588c876b6d3f7f5fc8814e91c160cc44d904a8910dda15,2026-09-06T08:33:27.162078+00:00,1,3.335241084999325,True,7.0,5.7096617995442204e-08,2,0.464,NAA-GDP,0.012,0,10,,1,s0_p10_NAA-GDP_l2_r1,fcf8b4f93626e8cf9603afe70c3a614f6523366181d2f4df2620ee6efbb41bdb,3ea87f4a1b7b84a26ee106434a73c8c3b1666cf072e5654900cb743a0c6ff2ae,,,,,
0.8833274585830102,,,3.6729167829998914,988babfb79a4be0620cf47d259d4da35f8fc07573e92f83a2e388003c17759ba,0.8832551197300411,2774aed934e9b55963588c876b6d3f7f5fc8814e91c160cc44d904a8910dda15,2026-09-06T08:34:38.017201+00:00,1,3.1555148630004624,True,7.0,5.624685612725251e-08,2,0.505,NAA-GDP,0.012,0,10,,2,s0_p10_NAA-GDP_l2_r2,fcf8b4f93626e8cf9603afe70c3a614f6523366181d2f4df2620ee6efbb41bdb,3ea87f4a1b7b84a26ee106434a73c8c3b1666cf072e5654900cb743a0c6ff2ae,,,,,
0.8664081776524498,,,3.678764921999573,988babfb79a4be0620cf47d259d4da35f8fc07573e92f83a2e388003c17759ba,0.8657431885460634,2774aed934e9b55963588c876b6d3f7f5fc8814e91c160cc44d904a8910dda15,2026-09-06T08:35:46.074891+00:00,1,4.951268474000244,True,7.0,5.707845485360615e-08,2,0.467,NAA-GDP,0.012,0,10,,3,s0_p10_NAA-GDP_l2_r3,fcf8b4f93626e8cf9603afe70c3a614f6523366181d2f4df2620ee6efbb41bdb,3ea87f4a1b7b84a26ee106434a73c8c3b1666cf072e5654900cb743a0c6ff2ae,,,,,
0.8752203031371166,,,5.14735620600004,988babfb79a4be0620cf47d259d4da35f8fc07573e92f83a2e388003c17759ba,0.8742598085633689,2774aed934e9b55963588c876b6d3f7f5fc8814e91c160cc44d904a8910dda15,2026-09-06T08:36:55.162626+00:00,1,3.741321125000468,True,11.0,2.0169968912601097e-08,3,0.339,NAA-GDP,0.018,0,10,,0,s0_p10_NAA-GDP_l3_r0,fcf8b4f93626e8cf9603afe70c3a614f6523366181d2f4df2620ee6efbb41bdb,3ea87f4a1b7b84a26ee106434a73c8c3b1666cf072e5654900cb743a0c6ff2ae,,,,,
0.8653507225942897,,,5.158616855999753,988babfb79a4be0620cf47d259d4da35f8fc07573e92f83a2e388003c17759ba,0.8640766065153773,2774aed934e9b55963588c876b6d3f7f5fc8814e91c160cc44d904a8910dda15,2026-09-06T08:38:08.716285+00:00,1,2.697837568000068,True,11.0,2.073504352702124e-08,3,0.417,NAA-GDP,0.018,0,10,,1,s0_p10_NAA-GDP_l3_r1,fcf8b4f93626e8cf9603afe70c3a614f6523366181d2f4df2620ee6efbb41bdb,3ea87f4a1b7b84a26ee106434a73c8c3b1666cf072e5654900cb743a0c6ff2ae,,,,,
0.8808600634473035,,,5.131201052000506,988babfb79a4be0620cf47d259d4da35f8fc07573e92f83a2e388003c17759ba,0.8802353577264186,2774aed934e9b55963588c876b6d3f7f5fc8814e91c160cc44d904a8910dda15,2026-09-06T08:39:24.266385+00:00,1,4.258249909000369,True,11.0,2.1381207410979348e-08,3,0.322,NAA-GDP,0.018,0,10,,2,s0_p10_NAA-GDP_l3_r2,fcf8b4f93626e8cf9603afe70c3a614f6523366181d2f4df2620ee6efbb41bdb,3ea87f4a1b7b84a26ee106434a73c8c3b1666cf072e5654900cb743a0c6ff2ae,,,,,
0.8702855128657032,,,5.14256265899985,988babfb79a4be0620cf47d259d4da35f8fc07573e92f83a2e388003c17759ba,0.8702346208955283,2774aed934e9b55963588c876b6d3f7f5fc8814e91c160cc44d904a8910dda15,2026-09-06T08:40:38.867248+00:00,1,4.018328096999539,True,11.0,2.132960086516946e-08,3,0.385,NAA-GDP,0.018,0,10,,3,s0_p10_NAA-GDP_l3_r3,fcf8b4f93626e8cf9603afe70c3a614f6523366181d2f4df2620ee6efbb41bdb,3ea87f4a1b7b84a26ee106434a73c8c3b1666cf072e5654900cb743a0c6ff2ae,,,,,
0.8674656327106098,,,6.908067278999624,988babfb79a4be0620cf47d259d4da35f8fc07573e92f83a2e388003c17759ba,0.8650399631186267,2774aed934e9b55963588c876b6d3f7f5fc8814e91c160cc44d904a8910dda15,2026-09-06T08:41:59.142988+00:00,1,3.794031200000063,True,16.0,5.7238469731436614e-08,4,0.259,NAA-GDP,0.024,0,10,,0,s0_p10_NAA-GDP_l4_r0,fcf8b4f93626e8cf9603afe70c3a614f6523366181d2f4df2620ee6efbb41bdb,3ea87f4a1b7b84a26ee106434a73c8c3b1666cf072e5654900cb743a0c6ff2ae,,,,,
0.8681706027493832,,,6.9681654699998035,988babfb79a4be0620cf47d259d4da35f8fc07573e92f83a2e388003c17759ba,0.8663386275628522,2774aed934e9b55963588c876b6d3f7f5fc8814e91c160cc44d904a8910dda15,2026-09-06T08:43:30.424971+00:00,1,4.317549018000136,True,16.0,6.117673577090553e-08,4,0.287,NAA-GDP,0.024,0,10,,1,s0_p10_NAA-GDP_l4_r1,fcf8b4f93626e8cf9603afe70c3a614f6523366181d2f4df2620ee6efbb41bdb,3ea87f4a1b7b84a26ee106434a73c8c3b1666cf072e5654900cb743a0c6ff2ae,,,,,
0.8671131476912232,,,6.925691864000328,988babfb79a4be0620cf47d259d4da35f8fc07573e92f83a2e388003c17759ba,0.8655607233289622,2774aed934e9b55963588c876b6d3f7f5fc8814e91c160cc44d904a8910dda15,2026-09-06T08:45:02.018244+00:00,1,4.1836972319997585,True,16.0,6.019643318303564e-08,4,0.339,NAA-GDP,0.024,0,10,,2,s0_p10_NAA-GDP_l4_r2,fcf8b4f93626e8cf9603afe70c3a614f6523366181d2f4df2620ee6efbb41bdb,3ea87f4a1b7b84a26ee106434a73c8c3b1666cf072e5654900cb743a0c6ff2ae,,,,,
0.8713429679238632,,,6.946410406999348,988babfb79a4be0620cf47d259d4da35f8fc07573e92f83a2e388003c17759ba,0.8705385636377938,2774aed934e9b55963588c876b6d3f7f5fc8814e91c160cc44d904a8910dda15,2026-09-06T08:46:31.668710+00:00,1,4.928426513999511,True,16.0,5.891219719148153e-08,4,0.34,NAA-GDP,0.024,0,10,,3,s0_p10_NAA-GDP_l4_r3,fcf8b4f93626e8cf9603afe70c3a614f6523366181d2f4df2620ee6efbb41bdb,3ea87f4a1b7b84a26ee106434a73c8c3b1666cf072e5654900cb743a0c6ff2ae,,,,,
0.8583010222065562,,,10.987700705000861,988babfb79a4be0620cf47d259d4da35f8fc07573e92f83a2e388003c17759ba,0.8584363651933036,2774aed934e9b55963588c876b6d3f7f5fc8814e91c160cc44d904a8910dda15,2026-09-06T08:48:46.978367+00:00,1,3.7937839389996952,True,27.0,8.64834281684955e-08,5,0.23,NAA-GDP,0.03,0,10,,0,s0_p10_NAA-GDP_l5_r0,fcf8b4f93626e8cf9603afe70c3a614f6523366181d2f4df2620ee6efbb41bdb,3ea87f4a1b7b84a26ee106434a73c8c3b1666cf072e5654900cb743a0c6ff2ae,,,,,
0.8600634473034896,,,10.969154211999921,988babfb79a4be0620cf47d259d4da35f8fc07573e92f83a2e388003c17759ba,0.8594465205152638,2774aed934e9b55963588c876b6d3f7f5fc8814e91c160cc44d904a8910dda15,2026-09-06T08:50:57.008436+00:00,1,4.496165088000453,True,27.0,8.867812274781948e-08,5,0.236,NAA-GDP,0.03,0,10,,1,s0_p10_NAA-GDP_l5_r1,fcf8b4f93626e8cf9603afe70c3a614f6523366181d2f4df2620ee6efbb41bdb,3ea87f4a1b7b84a26ee106434a73c8c3b1666cf072e5654900cb743a0c6ff2ae,,,,,
0.8572435671483962,,,10.971741457000462,988babfb79a4be0620cf47d259d4da35f8fc07573e92f83a2e388003c17759ba,0.8576584609594136,2774aed934e9b55963588c876b6d3f7f5fc8814e91c160cc44d904a8910dda15,2026-09-06T08:53:13.307646+00:00,1,4.330482613999266,True,27.0,9.499274414575476e-08,5,0.222,NAA-GDP,0.03,0,10,,2,s0_p10_NAA-GDP_l5_r2,fcf8b4f93626e8cf9603afe70c3a614f6523366181d2f4df2620ee6efbb41bdb,3ea87f4a1b7b84a26ee106434a73c8c3b1666cf072e5654900cb743a0c6ff2ae,,,,,
0.8621783574198096,,,10.982304191000367,988babfb79a4be0620cf47d259d4da35f8fc07573e92f83a2e388003c17759ba,0.861180064542403,2774aed934e9b55963588c876b6d3f7f5fc8814e91c160cc44d904a8910dda15,2026-09-06T08:55:39.255096+00:00,1,4.267015575000187,True,27.0,8.523640447050923e-08,5,0.26,NAA-GDP,0.03,0,10,,3,s0_p10_NAA-GDP_l5_r3,fcf8b4f93626e8cf9603afe70c3a614f6523366181d2f4df2620ee6efbb41bdb,3ea87f4a1b7b84a26ee106434a73c8c3b1666cf072e5654900cb743a0c6ff2ae,,,,,
0.8540712019739161,,,26.90071922000061,988babfb79a4be0620cf47d259d4da35f8fc07573e92f83a2e388003c17759ba,0.8528956956131677,2774aed934e9b55963588c876b6d3f7f5fc8814e91c160cc44d904a8910dda15,2026-09-06T08:59:42.163826+00:00,1,3.3073833919997924,True,70.0,9.298362919309058e-08,6,0.216,NAA-GDP,0.036,0,10,,0,s0_p10_NAA-GDP_l6_r0,fcf8b4f93626e8cf9603afe70c3a614f6523366181d2f4df2620ee6efbb41bdb,3ea87f4a1b7b84a26ee106434a73c8c3b1666cf072e5654900cb743a0c6ff2ae,,,,,
0.850898836799436,,,26.857277007999983,988babfb79a4be0620cf47d259d4da35f8fc07573e92f83a2e388003c17759ba,0.8508285862505365,2774aed934e9b55963588c876b6d3f7f5fc8814e91c160cc44d904a8910dda15,2026-09-06T09:04:06.979030+00:00,1,4.452549460999762,True,70.0,8.814260049098491e-08,6,0.186,NAA-GDP,0.036,0,10,,1,s0_p10_NAA-GDP_l6_r1,fcf8b4f93626e8cf9603afe70c3a614f6523366181d2f4df2620ee6efbb41bdb,3ea87f4a1b7b84a26ee106434a73c8c3b1666cf072e5654900cb743a0c6ff2ae,,,,,
0.8597109622841029,,,26.810938929999793,988babfb79a4be0620cf47d259d4da35f8fc07573e92f83a2e388003c17759ba,0.8591378481152563,2774aed934e9b55963588c876b6d3f7f5fc8814e91c160cc44d904a8910dda15,2026-09-06T09:08:28.771984+00:00,1,3.629589701000441,True,70.0,8.647373839195137e-08,6,0.186,NAA-GDP,0.036,0,10,,2,s0_p10_NAA-GDP_l6_r2,fcf8b4f93626e8cf9603afe70c3a614f6523366181d2f4df2620ee6efbb41bdb,3ea87f4a1b7b84a26ee106434a73c8c3b1666cf072e5654900cb743a0c6ff2ae,,,,,
0.8438491364117024,,,27.2243405549998,988babfb79a4be0620cf47d259d4da35f8fc07573e92f83a2e388003c17759ba,0.8426704245042074,2774aed934e9b55963588c876b6d3f7f5fc8814e91c160cc44d904a8910dda15,2026-09-06T09:13:00.327065+00:00,1,7.00150849199963,True,71.0,8.933646471055291e-08,6,0.199,NAA-GDP,0.036,0,10,,3,s0_p10_NAA-GDP_l6_r3,fcf8b4f93626e8cf9603afe70c3a614f6523366181d2f4df2620ee6efbb41bdb,3ea87f4a1b7b84a26ee106434a73c8c3b1666cf072e5654900cb743a0c6ff2ae,,,,,
0.835741980965809,,,185.93611671800045,988babfb79a4be0620cf47d259d4da35f8fc07573e92f83a2e388003c17759ba,0.835719072270166,2774aed934e9b55963588c876b6d3f7f5fc8814e91c160cc44d904a8910dda15,2026-09-06T09:20:04.917069+00:00,1,5.085028745999807,False,500.0,0.012165400943339788,7,0.212,NAA-GDP,0.042,0,10,,0,s0_p10_NAA-GDP_l7_r0,fcf8b4f93626e8cf9603afe70c3a614f6523366181d2f4df2620ee6efbb41bdb,3ea87f4a1b7b84a26ee106434a73c8c3b1666cf072e5654900cb743a0c6ff2ae,,,,,
0.8484314416637293,,,186.04530491699916,988babfb79a4be0620cf47d259d4da35f8fc07573e92f83a2e388003c17759ba,0.8470978820094772,2774aed934e9b55963588c876b6d3f7f5fc8814e91c160cc44d904a8910dda15,2026-09-06T09:29:00.883077+00:00,1,5.318267065000327,False,500.0,0.007108776901998178,7,0.183,NAA-GDP,0.042,0,10,,1,s0_p10_NAA-GDP_l7_r1,fcf8b4f93626e8cf9603afe70c3a614f6523366181d2f4df2620ee6efbb41bdb,3ea87f4a1b7b84a26ee106434a73c8c3b1666cf072e5654900cb743a0c6ff2ae,,,,,
0.8420867113147691,,,186.1063332169997,988babfb79a4be0620cf47d259d4da35f8fc07573e92f83a2e388003c17759ba,0.8418676273348329,2774aed934e9b55963588c876b6d3f7f5fc8814e91c160cc44d904a8910dda15,2026-09-06T09:39:33.052885+00:00,1,5.5955999010002415,False,500.0,0.00513550698236005,7,0.179,NAA-GDP,0.042,0,10,,2,s0_p10_NAA-GDP_l7_r2,fcf8b4f93626e8cf9603afe70c3a614f6523366181d2f4df2620ee6efbb41bdb,3ea87f4a1b7b84a26ee106434a73c8c3b1666cf072e5654900cb743a0c6ff2ae,,,,,
0.838914346140289,,,185.77091772099993,988babfb79a4be0620cf47d259d4da35f8fc07573e92f83a2e388003c17759ba,0.8386748594295933,2774aed934e9b55963588c876b6d3f7f5fc8814e91c160cc44d904a8910dda15,2026-09-06T09:48:18.297408+00:00,1,6.780136975999994,False,500.0,0.011630616704719834,7,0.15,NAA-GDP,0.042,0,10,,3,s0_p10_NAA-GDP_l7_r3,fcf8b4f93626e8cf9603afe70c3a614f6523366181d2f4df2620ee6efbb41bdb,3ea87f4a1b7b84a26ee106434a73c8c3b1666cf072e5654900cb743a0c6ff2ae,,,,,
0.8434966513923158,,,185.9818703510009,988babfb79a4be0620cf47d259d4da35f8fc07573e92f83a2e388003c17759ba,0.8432800524942223,2774aed934e9b55963588c876b6d3f7f5fc8814e91c160cc44d904a8910dda15,2026-09-06T09:57:05.857490+00:00,1,4.391836288999912,False,500.0,0.017575207975956544,8,0.124,NAA-GDP,0.048,0,10,,0,s0_p10_NAA-GDP_l8_r0,fcf8b4f93626e8cf9603afe70c3a614f6523366181d2f4df2620ee6efbb41bdb,3ea87f4a1b7b84a26ee106434a73c8c3b1666cf072e5654900cb743a0c6ff2ae,,,,,
0.8375044060627423,,,186.13751047799997,988babfb79a4be0620cf47d259d4da35f8fc07573e92f83a2e388003c17759ba,0.8373513020498835,2774aed934e9b55963588c876b6d3f7f5fc8814e91c160cc44d904a8910dda15,2026-09-06T10:24:28.740914+00:00,1,5.209695121999175,False,500.0,0.024000759932008366,8,0.132,NAA-GDP,0.048,0,10,,1,s0_p10_NAA-GDP_l8_r1,fcf8b4f93626e8cf9603afe70c3a614f6523366181d2f4df2620ee6efbb41bdb,3ea87f4a1b7b84a26ee106434a73c8c3b1666cf072e5654900cb743a0c6ff2ae,,,,,
0.8251674303842087,,,186.31088017499997,988babfb79a4be0620cf47d259d4da35f8fc07573e92f83a2e388003c17759ba,0.8247111672695735,2774aed934e9b55963588c876b6d3f7f5fc8814e91c160cc44d904a8910dda15,2026-09-06T11:06:26.654676+00:00,1,4.583184796000296,False,500.0,0.01833295360736795,8,0.146,NAA-GDP,0.048,0,10,,2,s0_p10_NAA-GDP_l8_r2,fcf8b4f93626e8cf9603afe70c3a614f6523366181d2f4df2620ee6efbb41bdb,3ea87f4a1b7b84a26ee106434a73c8c3b1666cf072e5654900cb743a0c6ff2ae,a12dcb1ba4e2a21b6a4474c284e3079c1b8e06dc282072a6d2d3a684bd02794b,1a980269c1778978c64462bf76cf00949cd95e29e33d5066107809299e5dec35,p5_10,celeba-three-workers-v1,
0.836799436023969,,,186.35320043899992,988babfb79a4be0620cf47d259d4da35f8fc07573e92f83a2e388003c17759ba,0.8354009405546743,2774aed934e9b55963588c876b6d3f7f5fc8814e91c160cc44d904a8910dda15,2026-09-06T11:11:15.969638+00:00,1,5.763224942999841,False,500.0,0.018227847911006144,8,0.093,NAA-GDP,0.048,0,10,,3,s0_p10_NAA-GDP_l8_r3,fcf8b4f93626e8cf9603afe70c3a614f6523366181d2f4df2620ee6efbb41bdb,3ea87f4a1b7b84a26ee106434a73c8c3b1666cf072e5654900cb743a0c6ff2ae,a12dcb1ba4e2a21b6a4474c284e3079c1b8e06dc282072a6d2d3a684bd02794b,1a980269c1778978c64462bf76cf00949cd95e29e33d5066107809299e5dec35,p5_10,celeba-three-workers-v1,
0.8417342262953824,,,186.6456110879999,988babfb79a4be0620cf47d259d4da35f8fc07573e92f83a2e388003c17759ba,0.8397519767480068,2774aed934e9b55963588c876b6d3f7f5fc8814e91c160cc44d904a8910dda15,2026-09-06T11:16:06.955966+00:00,1,5.869265196000015,False,500.0,0.025000569718766425,9,0.117,NAA-GDP,0.054,0,10,,0,s0_p10_NAA-GDP_l9_r0,fcf8b4f93626e8cf9603afe70c3a614f6523366181d2f4df2620ee6efbb41bdb,3ea87f4a1b7b84a26ee106434a73c8c3b1666cf072e5654900cb743a0c6ff2ae,a12dcb1ba4e2a21b6a4474c284e3079c1b8e06dc282072a6d2d3a684bd02794b,1a980269c1778978c64462bf76cf00949cd95e29e33d5066107809299e5dec35,p5_10,celeba-three-workers-v1,
0.836799436023969,,,186.47961229799967,988babfb79a4be0620cf47d259d4da35f8fc07573e92f83a2e388003c17759ba,0.8357564116733927,2774aed934e9b55963588c876b6d3f7f5fc8814e91c160cc44d904a8910dda15,2026-09-06T11:20:55.364353+00:00,1,5.1660888800001885,False,500.0,0.02231295878559209,9,0.156,NAA-GDP,0.054,0,10,,1,s0_p10_NAA-GDP_l9_r1,fcf8b4f93626e8cf9603afe70c3a614f6523366181d2f4df2620ee6efbb41bdb,3ea87f4a1b7b84a26ee106434a73c8c3b1666cf072e5654900cb743a0c6ff2ae,a12dcb1ba4e2a21b6a4474c284e3079c1b8e06dc282072a6d2d3a684bd02794b,1a980269c1778978c64462bf76cf00949cd95e29e33d5066107809299e5dec35,p5_10,celeba-three-workers-v1,
0.8311596757137821,,,186.69478927,988babfb79a4be0620cf47d259d4da35f8fc07573e92f83a2e388003c17759ba,0.8292476558322655,2774aed934e9b55963588c876b6d3f7f5fc8814e91c160cc44d904a8910dda15,2026-09-06T11:25:45.535610+00:00,1,5.140906582000298,False,500.0,0.01830159794631764,9,0.13,NAA-GDP,0.054,0,10,,2,s0_p10_NAA-GDP_l9_r2,fcf8b4f93626e8cf9603afe70c3a614f6523366181d2f4df2620ee6efbb41bdb,3ea87f4a1b7b84a26ee106434a73c8c3b1666cf072e5654900cb743a0c6ff2ae,a12dcb1ba4e2a21b6a4474c284e3079c1b8e06dc282072a6d2d3a684bd02794b,1a980269c1778978c64462bf76cf00949cd95e29e33d5066107809299e5dec35,p5_10,celeba-three-workers-v1,
0.8223475502291152,,,186.66627839099965,988babfb79a4be0620cf47d259d4da35f8fc07573e92f83a2e388003c17759ba,0.8239006532901989,2774aed934e9b55963588c876b6d3f7f5fc8814e91c160cc44d904a8910dda15,2026-09-06T11:30:34.998136+00:00,1,4.671299249000185,False,500.0,0.019352900431600928,9,0.119,NAA-GDP,0.054,0,10,,3,s0_p10_NAA-GDP_l9_r3,fcf8b4f93626e8cf9603afe70c3a614f6523366181d2f4df2620ee6efbb41bdb,3ea87f4a1b7b84a26ee106434a73c8c3b1666cf072e5654900cb743a0c6ff2ae,a12dcb1ba4e2a21b6a4474c284e3079c1b8e06dc282072a6d2d3a684bd02794b,1a980269c1778978c64462bf76cf00949cd95e29e33d5066107809299e5dec35,p5_10,celeba-three-workers-v1,
0.8322171307719421,,,186.72963893999986,988babfb79a4be0620cf47d259d4da35f8fc07573e92f83a2e388003c17759ba,0.8314770671342555,2774aed934e9b55963588c876b6d3f7f5fc8814e91c160cc44d904a8910dda15,2026-09-06T11:35:22.679380+00:00,1,3.755020367000725,False,500.0,0.024787152872253363,10,0.124,NAA-GDP,0.06,0,10,,0,s0_p10_NAA-GDP_l10_r0,fcf8b4f93626e8cf9603afe70c3a614f6523366181d2f4df2620ee6efbb41bdb,3ea87f4a1b7b84a26ee106434a73c8c3b1666cf072e5654900cb743a0c6ff2ae,a12dcb1ba4e2a21b6a4474c284e3079c1b8e06dc282072a6d2d3a684bd02794b,1a980269c1778978c64462bf76cf00949cd95e29e33d5066107809299e5dec35,p5_10,celeba-three-workers-v1,
0.8364469510045823,,,186.6099832460004,988babfb79a4be0620cf47d259d4da35f8fc07573e92f83a2e388003c17759ba,0.8368103785618057,2774aed934e9b55963588c876b6d3f7f5fc8814e91c160cc44d904a8910dda15,2026-09-06T11:40:11.846055+00:00,1,4.272717268000633,False,500.0,0.025511548097975605,10,0.152,NAA-GDP,0.06,0,10,,1,s0_p10_NAA-GDP_l10_r1,fcf8b4f93626e8cf9603afe70c3a614f6523366181d2f4df2620ee6efbb41bdb,3ea87f4a1b7b84a26ee106434a73c8c3b1666cf072e5654900cb743a0c6ff2ae,a12dcb1ba4e2a21b6a4474c284e3079c1b8e06dc282072a6d2d3a684bd02794b,1a980269c1778978c64462bf76cf00949cd95e29e33d5066107809299e5dec35,p5_10,celeba-three-workers-v1,
0.8251674303842087,,,186.4668407250001,988babfb79a4be0620cf47d259d4da35f8fc07573e92f83a2e388003c17759ba,0.8234670183540591,2774aed934e9b55963588c876b6d3f7f5fc8814e91c160cc44d904a8910dda15,2026-09-06T11:45:00.009525+00:00,1,3.513174036000237,False,500.0,0.023840634719971786,10,0.162,NAA-GDP,0.06,0,10,,2,s0_p10_NAA-GDP_l10_r2,fcf8b4f93626e8cf9603afe70c3a614f6523366181d2f4df2620ee6efbb41bdb,3ea87f4a1b7b84a26ee106434a73c8c3b1666cf072e5654900cb743a0c6ff2ae,a12dcb1ba4e2a21b6a4474c284e3079c1b8e06dc282072a6d2d3a684bd02794b,1a980269c1778978c64462bf76cf00949cd95e29e33d5066107809299e5dec35,p5_10,celeba-three-workers-v1,
0.8311596757137821,,,186.65219866000007,988babfb79a4be0620cf47d259d4da35f8fc07573e92f83a2e388003c17759ba,0.8317063310700676,2774aed934e9b55963588c876b6d3f7f5fc8814e91c160cc44d904a8910dda15,2026-09-06T11:49:49.758795+00:00,1,4.511514333999912,False,500.0,0.027277246369296754,10,0.097,NAA-GDP,0.06,0,10,,3,s0_p10_NAA-GDP_l10_r3,fcf8b4f93626e8cf9603afe70c3a614f6523366181d2f4df2620ee6efbb41bdb,3ea87f4a1b7b84a26ee106434a73c8c3b1666cf072e5654900cb743a0c6ff2ae,a12dcb1ba4e2a21b6a4474c284e3079c1b8e06dc282072a6d2d3a684bd02794b,1a980269c1778978c64462bf76cf00949cd95e29e33d5066107809299e5dec35,p5_10,celeba-three-workers-v1,
0.8692280578075432,,,0.0,988babfb79a4be0620cf47d259d4da35f8fc07573e92f83a2e388003c17759ba,0.8700195459329424,2774aed934e9b55963588c876b6d3f7f5fc8814e91c160cc44d904a8910dda15,2026-09-06T11:49:53.652604+00:00,1,3.6533380780001607,,,,1,0.634,C-GDP-private-noise,0.3,0,10,,0,s0_p10_C-GDP-private-noise_l1_r0,fcf8b4f93626e8cf9603afe70c3a614f6523366181d2f4df2620ee6efbb41bdb,3ea87f4a1b7b84a26ee106434a73c8c3b1666cf072e5654900cb743a0c6ff2ae,a12dcb1ba4e2a21b6a4474c284e3079c1b8e06dc282072a6d2d3a684bd02794b,1a980269c1778978c64462bf76cf00949cd95e29e33d5066107809299e5dec35,p5_10,celeba-three-workers-v1,
0.8681706027493832,,,0.0,988babfb79a4be0620cf47d259d4da35f8fc07573e92f83a2e388003c17759ba,0.8677901346309522,2774aed934e9b55963588c876b6d3f7f5fc8814e91c160cc44d904a8910dda15,2026-09-06T11:49:58.072348+00:00,1,4.172701257999506,,,,1,0.611,C-GDP-private-noise,0.3,0,10,,1,s0_p10_C-GDP-private-noise_l1_r1,fcf8b4f93626e8cf9603afe70c3a614f6523366181d2f4df2620ee6efbb41bdb,3ea87f4a1b7b84a26ee106434a73c8c3b1666cf072e5654900cb743a0c6ff2ae,a12dcb1ba4e2a21b6a4474c284e3079c1b8e06dc282072a6d2d3a684bd02794b,1a980269c1778978c64462bf76cf00949cd95e29e33d5066107809299e5dec35,p5_10,celeba-three-workers-v1,
0.8699330278463165,,,0.0,988babfb79a4be0620cf47d259d4da35f8fc07573e92f83a2e388003c17759ba,0.8708738714787698,2774aed934e9b55963588c876b6d3f7f5fc8814e91c160cc44d904a8910dda15,2026-09-06T11:50:02.353794+00:00,1,4.043700909999643,,,,1,0.568,C-GDP-private-noise,0.3,0,10,,2,s0_p10_C-GDP-private-noise_l1_r2,fcf8b4f93626e8cf9603afe70c3a614f6523366181d2f4df2620ee6efbb41bdb,3ea87f4a1b7b84a26ee106434a73c8c3b1666cf072e5654900cb743a0c6ff2ae,a12dcb1ba4e2a21b6a4474c284e3079c1b8e06dc282072a6d2d3a684bd02794b,1a980269c1778978c64462bf76cf00949cd95e29e33d5066107809299e5dec35,p5_10,celeba-three-workers-v1,
0.8716954529432499,,,0.0,988babfb79a4be0620cf47d259d4da35f8fc07573e92f83a2e388003c17759ba,0.8715285556820116,2774aed934e9b55963588c876b6d3f7f5fc8814e91c160cc44d904a8910dda15,2026-09-06T11:50:07.727133+00:00,1,5.134939759999725,,,,1,0.598,C-GDP-private-noise,0.3,0,10,,3,s0_p10_C-GDP-private-noise_l1_r3,fcf8b4f93626e8cf9603afe70c3a614f6523366181d2f4df2620ee6efbb41bdb,3ea87f4a1b7b84a26ee106434a73c8c3b1666cf072e5654900cb743a0c6ff2ae,a12dcb1ba4e2a21b6a4474c284e3079c1b8e06dc282072a6d2d3a684bd02794b,1a980269c1778978c64462bf76cf00949cd95e29e33d5066107809299e5dec35,p5_10,celeba-three-workers-v1,
0.8322171307719421,,,0.0,988babfb79a4be0620cf47d259d4da35f8fc07573e92f83a2e388003c17759ba,0.8328693290159026,2774aed934e9b55963588c876b6d3f7f5fc8814e91c160cc44d904a8910dda15,2026-09-06T11:50:11.654121+00:00,1,3.657405429999926,,,,2,0.419,C-GDP-private-noise,0.6,0,10,,0,s0_p10_C-GDP-private-noise_l2_r0,fcf8b4f93626e8cf9603afe70c3a614f6523366181d2f4df2620ee6efbb41bdb,3ea87f4a1b7b84a26ee106434a73c8c3b1666cf072e5654900cb743a0c6ff2ae,a12dcb1ba4e2a21b6a4474c284e3079c1b8e06dc282072a6d2d3a684bd02794b,1a980269c1778978c64462bf76cf00949cd95e29e33d5066107809299e5dec35,p5_10,celeba-three-workers-v1,
0.8442016214310892,,,0.0,988babfb79a4be0620cf47d259d4da35f8fc07573e92f83a2e388003c17759ba,0.8438677747010109,2774aed934e9b55963588c876b6d3f7f5fc8814e91c160cc44d904a8910dda15,2026-09-06T11:50:15.709351+00:00,1,3.798007864000283,,,,2,0.426,C-GDP-private-noise,0.6,0,10,,1,s0_p10_C-GDP-private-noise_l2_r1,fcf8b4f93626e8cf9603afe70c3a614f6523366181d2f4df2620ee6efbb41bdb,3ea87f4a1b7b84a26ee106434a73c8c3b1666cf072e5654900cb743a0c6ff2ae,a12dcb1ba4e2a21b6a4474c284e3079c1b8e06dc282072a6d2d3a684bd02794b,1a980269c1778978c64462bf76cf00949cd95e29e33d5066107809299e5dec35,p5_10,celeba-three-workers-v1,
0.8322171307719421,,,0.0,988babfb79a4be0620cf47d259d4da35f8fc07573e92f83a2e388003c17759ba,0.8303810311848738,2774aed934e9b55963588c876b6d3f7f5fc8814e91c160cc44d904a8910dda15,2026-09-06T11:50:18.723212+00:00,1,2.7773489510000218,,,,2,0.404,C-GDP-private-noise,0.6,0,10,,2,s0_p10_C-GDP-private-noise_l2_r2,fcf8b4f93626e8cf9603afe70c3a614f6523366181d2f4df2620ee6efbb41bdb,3ea87f4a1b7b84a26ee106434a73c8c3b1666cf072e5654900cb743a0c6ff2ae,a12dcb1ba4e2a21b6a4474c284e3079c1b8e06dc282072a6d2d3a684bd02794b,1a980269c1778978c64462bf76cf00949cd95e29e33d5066107809299e5dec35,p5_10,celeba-three-workers-v1,
0.8353894959464223,,,0.0,988babfb79a4be0620cf47d259d4da35f8fc07573e92f83a2e388003c17759ba,0.836832284345032,2774aed934e9b55963588c876b6d3f7f5fc8814e91c160cc44d904a8910dda15,2026-09-06T11:50:22.649377+00:00,1,3.6909443340000507,,,,2,0.386,C-GDP-private-noise,0.6,0,10,,3,s0_p10_C-GDP-private-noise_l2_r3,fcf8b4f93626e8cf9603afe70c3a614f6523366181d2f4df2620ee6efbb41bdb,3ea87f4a1b7b84a26ee106434a73c8c3b1666cf072e5654900cb743a0c6ff2ae,a12dcb1ba4e2a21b6a4474c284e3079c1b8e06dc282072a6d2d3a684bd02794b,1a980269c1778978c64462bf76cf00949cd95e29e33d5066107809299e5dec35,p5_10,celeba-three-workers-v1,
0.7987310539302079,,,0.0,988babfb79a4be0620cf47d259d4da35f8fc07573e92f83a2e388003c17759ba,0.7963471608611363,2774aed934e9b55963588c876b6d3f7f5fc8814e91c160cc44d904a8910dda15,2026-09-06T11:50:25.321533+00:00,1,2.4198668210001415,,,,3,0.271,C-GDP-private-noise,0.9,0,10,,0,s0_p10_C-GDP-private-noise_l3_r0,fcf8b4f93626e8cf9603afe70c3a614f6523366181d2f4df2620ee6efbb41bdb,3ea87f4a1b7b84a26ee106434a73c8c3b1666cf072e5654900cb743a0c6ff2ae,a12dcb1ba4e2a21b6a4474c284e3079c1b8e06dc282072a6d2d3a684bd02794b,1a980269c1778978c64462bf76cf00949cd95e29e33d5066107809299e5dec35,p5_10,celeba-three-workers-v1,
0.8050757842791681,,,0.0,988babfb79a4be0620cf47d259d4da35f8fc07573e92f83a2e388003c17759ba,0.8043619392990746,2774aed934e9b55963588c876b6d3f7f5fc8814e91c160cc44d904a8910dda15,2026-09-06T11:50:28.645571+00:00,1,3.0846094319995245,,,,3,0.281,C-GDP-private-noise,0.9,0,10,,1,s0_p10_C-GDP-private-noise_l3_r1,fcf8b4f93626e8cf9603afe70c3a614f6523366181d2f4df2620ee6efbb41bdb,3ea87f4a1b7b84a26ee106434a73c8c3b1666cf072e5654900cb743a0c6ff2ae,a12dcb1ba4e2a21b6a4474c284e3079c1b8e06dc282072a6d2d3a684bd02794b,1a980269c1778978c64462bf76cf00949cd95e29e33d5066107809299e5dec35,p5_10,celeba-three-workers-v1,
0.8057807543179415,,,0.0,988babfb79a4be0620cf47d259d4da35f8fc07573e92f83a2e388003c17759ba,0.8038240029632551,2774aed934e9b55963588c876b6d3f7f5fc8814e91c160cc44d904a8910dda15,2026-09-06T11:50:31.912156+00:00,1,3.0268496170001526,,,,3,0.322,C-GDP-private-noise,0.9,0,10,,2,s0_p10_C-GDP-private-noise_l3_r2,fcf8b4f93626e8cf9603afe70c3a614f6523366181d2f4df2620ee6efbb41bdb,3ea87f4a1b7b84a26ee106434a73c8c3b1666cf072e5654900cb743a0c6ff2ae,a12dcb1ba4e2a21b6a4474c284e3079c1b8e06dc282072a6d2d3a684bd02794b,1a980269c1778978c64462bf76cf00949cd95e29e33d5066107809299e5dec35,p5_10,celeba-three-workers-v1,
0.8114205146281283,,,0.0,988babfb79a4be0620cf47d259d4da35f8fc07573e92f83a2e388003c17759ba,0.8104216265840619,2774aed934e9b55963588c876b6d3f7f5fc8814e91c160cc44d904a8910dda15,2026-09-06T11:50:35.329892+00:00,1,3.1817322619999686,,,,3,0.237,C-GDP-private-noise,0.9,0,10,,3,s0_p10_C-GDP-private-noise_l3_r3,fcf8b4f93626e8cf9603afe70c3a614f6523366181d2f4df2620ee6efbb41bdb,3ea87f4a1b7b84a26ee106434a73c8c3b1666cf072e5654900cb743a0c6ff2ae,a12dcb1ba4e2a21b6a4474c284e3079c1b8e06dc282072a6d2d3a684bd02794b,1a980269c1778978c64462bf76cf00949cd95e29e33d5066107809299e5dec35,p5_10,celeba-three-workers-v1,
0.7811068029608742,,,0.0,988babfb79a4be0620cf47d259d4da35f8fc07573e92f83a2e388003c17759ba,0.7796990145384701,2774aed934e9b55963588c876b6d3f7f5fc8814e91c160cc44d904a8910dda15,2026-09-06T11:50:38.053006+00:00,1,2.4748798390000957,,,,4,0.197,C-GDP-private-noise,1.2,0,10,,0,s0_p10_C-GDP-private-noise_l4_r0,fcf8b4f93626e8cf9603afe70c3a614f6523366181d2f4df2620ee6efbb41bdb,3ea87f4a1b7b84a26ee106434a73c8c3b1666cf072e5654900cb743a0c6ff2ae,a12dcb1ba4e2a21b6a4474c284e3079c1b8e06dc282072a6d2d3a684bd02794b,1a980269c1778978c64462bf76cf00949cd95e29e33d5066107809299e5dec35,p5_10,celeba-three-workers-v1,
0.7677123722241804,,,0.0,988babfb79a4be0620cf47d259d4da35f8fc07573e92f83a2e388003c17759ba,0.766666069236215,2774aed934e9b55963588c876b6d3f7f5fc8814e91c160cc44d904a8910dda15,2026-09-06T11:50:41.105942+00:00,1,2.809667935000107,,,,4,0.218,C-GDP-private-noise,1.2,0,10,,1,s0_p10_C-GDP-private-noise_l4_r1,fcf8b4f93626e8cf9603afe70c3a614f6523366181d2f4df2620ee6efbb41bdb,3ea87f4a1b7b84a26ee106434a73c8c3b1666cf072e5654900cb743a0c6ff2ae,a12dcb1ba4e2a21b6a4474c284e3079c1b8e06dc282072a6d2d3a684bd02794b,1a980269c1778978c64462bf76cf00949cd95e29e33d5066107809299e5dec35,p5_10,celeba-three-workers-v1,
0.775819527670074,,,0.0,988babfb79a4be0620cf47d259d4da35f8fc07573e92f83a2e388003c17759ba,0.7734396859108972,2774aed934e9b55963588c876b6d3f7f5fc8814e91c160cc44d904a8910dda15,2026-09-06T11:50:43.727113+00:00,1,2.3847986349992425,,,,4,0.231,C-GDP-private-noise,1.2,0,10,,2,s0_p10_C-GDP-private-noise_l4_r2,fcf8b4f93626e8cf9603afe70c3a614f6523366181d2f4df2620ee6efbb41bdb,3ea87f4a1b7b84a26ee106434a73c8c3b1666cf072e5654900cb743a0c6ff2ae,a12dcb1ba4e2a21b6a4474c284e3079c1b8e06dc282072a6d2d3a684bd02794b,1a980269c1778978c64462bf76cf00949cd95e29e33d5066107809299e5dec35,p5_10,celeba-three-workers-v1,
0.7754670426506873,,,0.0,988babfb79a4be0620cf47d259d4da35f8fc07573e92f83a2e388003c17759ba,0.7721830905276406,2774aed934e9b55963588c876b6d3f7f5fc8814e91c160cc44d904a8910dda15,2026-09-06T11:50:46.316679+00:00,1,2.340993177999735,,,,4,0.184,C-GDP-private-noise,1.2,0,10,,3,s0_p10_C-GDP-private-noise_l4_r3,fcf8b4f93626e8cf9603afe70c3a614f6523366181d2f4df2620ee6efbb41bdb,3ea87f4a1b7b84a26ee106434a73c8c3b1666cf072e5654900cb743a0c6ff2ae,a12dcb1ba4e2a21b6a4474c284e3079c1b8e06dc282072a6d2d3a684bd02794b,1a980269c1778978c64462bf76cf00949cd95e29e33d5066107809299e5dec35,p5_10,celeba-three-workers-v1,
0.7419809658089531,,,0.0,988babfb79a4be0620cf47d259d4da35f8fc07573e92f83a2e388003c17759ba,0.7406375180349317,2774aed934e9b55963588c876b6d3f7f5fc8814e91c160cc44d904a8910dda15,2026-09-06T11:50:48.727023+00:00,1,2.172417127000699,,,,5,0.155,C-GDP-private-noise,1.5,0,10,,0,s0_p10_C-GDP-private-noise_l5_r0,fcf8b4f93626e8cf9603afe70c3a614f6523366181d2f4df2620ee6efbb41bdb,3ea87f4a1b7b84a26ee106434a73c8c3b1666cf072e5654900cb743a0c6ff2ae,a12dcb1ba4e2a21b6a4474c284e3079c1b8e06dc282072a6d2d3a684bd02794b,1a980269c1778978c64462bf76cf00949cd95e29e33d5066107809299e5dec35,p5_10,celeba-three-workers-v1,
0.737751145576313,,,0.0,988babfb79a4be0620cf47d259d4da35f8fc07573e92f83a2e388003c17759ba,0.736992694421294,2774aed934e9b55963588c876b6d3f7f5fc8814e91c160cc44d904a8910dda15,2026-09-06T11:50:51.743215+00:00,1,2.7768857310002204,,,,5,0.185,C-GDP-private-noise,1.5,0,10,,1,s0_p10_C-GDP-private-noise_l5_r1,fcf8b4f93626e8cf9603afe70c3a614f6523366181d2f4df2620ee6efbb41bdb,3ea87f4a1b7b84a26ee106434a73c8c3b1666cf072e5654900cb743a0c6ff2ae,a12dcb1ba4e2a21b6a4474c284e3079c1b8e06dc282072a6d2d3a684bd02794b,1a980269c1778978c64462bf76cf00949cd95e29e33d5066107809299e5dec35,p5_10,celeba-three-workers-v1,
0.7433909058864998,,,0.0,988babfb79a4be0620cf47d259d4da35f8fc07573e92f83a2e388003c17759ba,0.7420499431943213,2774aed934e9b55963588c876b6d3f7f5fc8814e91c160cc44d904a8910dda15,2026-09-06T11:50:54.471604+00:00,1,2.4905439369995293,,,,5,0.207,C-GDP-private-noise,1.5,0,10,,2,s0_p10_C-GDP-private-noise_l5_r2,fcf8b4f93626e8cf9603afe70c3a614f6523366181d2f4df2620ee6efbb41bdb,3ea87f4a1b7b84a26ee106434a73c8c3b1666cf072e5654900cb743a0c6ff2ae,a12dcb1ba4e2a21b6a4474c284e3079c1b8e06dc282072a6d2d3a684bd02794b,1a980269c1778978c64462bf76cf00949cd95e29e33d5066107809299e5dec35,p5_10,celeba-three-workers-v1,
0.7553753965456468,,,0.0,988babfb79a4be0620cf47d259d4da35f8fc07573e92f83a2e388003c17759ba,0.75295952109975,2774aed934e9b55963588c876b6d3f7f5fc8814e91c160cc44d904a8910dda15,2026-09-06T11:50:57.144788+00:00,1,2.421987285000796,,,,5,0.204,C-GDP-private-noise,1.5,0,10,,3,s0_p10_C-GDP-private-noise_l5_r3,fcf8b4f93626e8cf9603afe70c3a614f6523366181d2f4df2620ee6efbb41bdb,3ea87f4a1b7b84a26ee106434a73c8c3b1666cf072e5654900cb743a0c6ff2ae,a12dcb1ba4e2a21b6a4474c284e3079c1b8e06dc282072a6d2d3a684bd02794b,1a980269c1778978c64462bf76cf00949cd95e29e33d5066107809299e5dec35,p5_10,celeba-three-workers-v1,
0.7204793796263659,,,0.0,988babfb79a4be0620cf47d259d4da35f8fc07573e92f83a2e388003c17759ba,0.7219862371938294,2774aed934e9b55963588c876b6d3f7f5fc8814e91c160cc44d904a8910dda15,2026-09-06T11:50:59.748412+00:00,1,2.365576176999639,,,,6,0.15,C-GDP-private-noise,1.8,0,10,,0,s0_p10_C-GDP-private-noise_l6_r0,fcf8b4f93626e8cf9603afe70c3a614f6523366181d2f4df2620ee6efbb41bdb,3ea87f4a1b7b84a26ee106434a73c8c3b1666cf072e5654900cb743a0c6ff2ae,a12dcb1ba4e2a21b6a4474c284e3079c1b8e06dc282072a6d2d3a684bd02794b,1a980269c1778978c64462bf76cf00949cd95e29e33d5066107809299e5dec35,p5_10,celeba-three-workers-v1,
0.712724709199859,,,0.0,988babfb79a4be0620cf47d259d4da35f8fc07573e92f83a2e388003c17759ba,0.7119665817319708,2774aed934e9b55963588c876b6d3f7f5fc8814e91c160cc44d904a8910dda15,2026-09-06T11:51:02.315452+00:00,1,2.3291783269996813,,,,6,0.214,C-GDP-private-noise,1.8,0,10,,1,s0_p10_C-GDP-private-noise_l6_r1,fcf8b4f93626e8cf9603afe70c3a614f6523366181d2f4df2620ee6efbb41bdb,3ea87f4a1b7b84a26ee106434a73c8c3b1666cf072e5654900cb743a0c6ff2ae,a12dcb1ba4e2a21b6a4474c284e3079c1b8e06dc282072a6d2d3a684bd02794b,1a980269c1778978c64462bf76cf00949cd95e29e33d5066107809299e5dec35,p5_10,celeba-three-workers-v1,
0.7194219245682059,,,0.0,988babfb79a4be0620cf47d259d4da35f8fc07573e92f83a2e388003c17759ba,0.7212675781463924,2774aed934e9b55963588c876b6d3f7f5fc8814e91c160cc44d904a8910dda15,2026-09-06T11:51:05.165293+00:00,1,2.584024548000343,,,,6,0.16,C-GDP-private-noise,1.8,0,10,,2,s0_p10_C-GDP-private-noise_l6_r2,fcf8b4f93626e8cf9603afe70c3a614f6523366181d2f4df2620ee6efbb41bdb,3ea87f4a1b7b84a26ee106434a73c8c3b1666cf072e5654900cb743a0c6ff2ae,a12dcb1ba4e2a21b6a4474c284e3079c1b8e06dc282072a6d2d3a684bd02794b,1a980269c1778978c64462bf76cf00949cd95e29e33d5066107809299e5dec35,p5_10,celeba-three-workers-v1,
0.7204793796263659,,,0.0,988babfb79a4be0620cf47d259d4da35f8fc07573e92f83a2e388003c17759ba,0.7228452923973987,2774aed934e9b55963588c876b6d3f7f5fc8814e91c160cc44d904a8910dda15,2026-09-06T11:51:07.685218+00:00,1,2.285311609999553,,,,6,0.152,C-GDP-private-noise,1.8,0,10,,3,s0_p10_C-GDP-private-noise_l6_r3,fcf8b4f93626e8cf9603afe70c3a614f6523366181d2f4df2620ee6efbb41bdb,3ea87f4a1b7b84a26ee106434a73c8c3b1666cf072e5654900cb743a0c6ff2ae,a12dcb1ba4e2a21b6a4474c284e3079c1b8e06dc282072a6d2d3a684bd02794b,1a980269c1778978c64462bf76cf00949cd95e29e33d5066107809299e5dec35,p5_10,celeba-three-workers-v1,
0.7201268946069792,,,0.0,988babfb79a4be0620cf47d259d4da35f8fc07573e92f83a2e388003c17759ba,0.7210851129292911,2774aed934e9b55963588c876b6d3f7f5fc8814e91c160cc44d904a8910dda15,2026-09-06T11:51:09.763178+00:00,1,1.844230403000438,,,,7,0.181,C-GDP-private-noise,2.1,0,10,,0,s0_p10_C-GDP-private-noise_l7_r0,fcf8b4f93626e8cf9603afe70c3a614f6523366181d2f4df2620ee6efbb41bdb,3ea87f4a1b7b84a26ee106434a73c8c3b1666cf072e5654900cb743a0c6ff2ae,a12dcb1ba4e2a21b6a4474c284e3079c1b8e06dc282072a6d2d3a684bd02794b,1a980269c1778978c64462bf76cf00949cd95e29e33d5066107809299e5dec35,p5_10,celeba-three-workers-v1,
0.7049700387733522,,,0.0,988babfb79a4be0620cf47d259d4da35f8fc07573e92f83a2e388003c17759ba,0.7064199378473186,2774aed934e9b55963588c876b6d3f7f5fc8814e91c160cc44d904a8910dda15,2026-09-06T11:51:12.107998+00:00,1,2.10697734400037,,,,7,0.18,C-GDP-private-noise,2.1,0,10,,1,s0_p10_C-GDP-private-noise_l7_r1,fcf8b4f93626e8cf9603afe70c3a614f6523366181d2f4df2620ee6efbb41bdb,3ea87f4a1b7b84a26ee106434a73c8c3b1666cf072e5654900cb743a0c6ff2ae,a12dcb1ba4e2a21b6a4474c284e3079c1b8e06dc282072a6d2d3a684bd02794b,1a980269c1778978c64462bf76cf00949cd95e29e33d5066107809299e5dec35,p5_10,celeba-three-workers-v1,
0.713782164258019,,,0.0,988babfb79a4be0620cf47d259d4da35f8fc07573e92f83a2e388003c17759ba,0.7125963729997282,2774aed934e9b55963588c876b6d3f7f5fc8814e91c160cc44d904a8910dda15,2026-09-06T11:51:14.950040+00:00,1,2.6011834149994684,,,,7,0.168,C-GDP-private-noise,2.1,0,10,,2,s0_p10_C-GDP-private-noise_l7_r2,fcf8b4f93626e8cf9603afe70c3a614f6523366181d2f4df2620ee6efbb41bdb,3ea87f4a1b7b84a26ee106434a73c8c3b1666cf072e5654900cb743a0c6ff2ae,a12dcb1ba4e2a21b6a4474c284e3079c1b8e06dc282072a6d2d3a684bd02794b,1a980269c1778978c64462bf76cf00949cd95e29e33d5066107809299e5dec35,p5_10,celeba-three-workers-v1,
0.713782164258019,,,0.0,988babfb79a4be0620cf47d259d4da35f8fc07573e92f83a2e388003c17759ba,0.7110559981519484,2774aed934e9b55963588c876b6d3f7f5fc8814e91c160cc44d904a8910dda15,2026-09-06T11:51:17.359274+00:00,1,2.167850437999732,,,,7,0.173,C-GDP-private-noise,2.1,0,10,,3,s0_p10_C-GDP-private-noise_l7_r3,fcf8b4f93626e8cf9603afe70c3a614f6523366181d2f4df2620ee6efbb41bdb,3ea87f4a1b7b84a26ee106434a73c8c3b1666cf072e5654900cb743a0c6ff2ae,a12dcb1ba4e2a21b6a4474c284e3079c1b8e06dc282072a6d2d3a684bd02794b,1a980269c1778978c64462bf76cf00949cd95e29e33d5066107809299e5dec35,p5_10,celeba-three-workers-v1,
0.6869933027846317,,,0.0,988babfb79a4be0620cf47d259d4da35f8fc07573e92f83a2e388003c17759ba,0.6858491627510079,2774aed934e9b55963588c876b6d3f7f5fc8814e91c160cc44d904a8910dda15,2026-09-06T11:51:19.906145+00:00,1,2.305866202999823,,,,8,0.155,C-GDP-private-noise,2.4,0,10,,0,s0_p10_C-GDP-private-noise_l8_r0,fcf8b4f93626e8cf9603afe70c3a614f6523366181d2f4df2620ee6efbb41bdb,3ea87f4a1b7b84a26ee106434a73c8c3b1666cf072e5654900cb743a0c6ff2ae,a12dcb1ba4e2a21b6a4474c284e3079c1b8e06dc282072a6d2d3a684bd02794b,1a980269c1778978c64462bf76cf00949cd95e29e33d5066107809299e5dec35,p5_10,celeba-three-workers-v1,
0.6947479732111386,,,0.0,988babfb79a4be0620cf47d259d4da35f8fc07573e92f83a2e388003c17759ba,0.6925214651782683,2774aed934e9b55963588c876b6d3f7f5fc8814e91c160cc44d904a8910dda15,2026-09-06T11:51:22.161631+00:00,1,1.9992576829999962,,,,8,0.145,C-GDP-private-noise,2.4,0,10,,1,s0_p10_C-GDP-private-noise_l8_r1,fcf8b4f93626e8cf9603afe70c3a614f6523366181d2f4df2620ee6efbb41bdb,3ea87f4a1b7b84a26ee106434a73c8c3b1666cf072e5654900cb743a0c6ff2ae,a12dcb1ba4e2a21b6a4474c284e3079c1b8e06dc282072a6d2d3a684bd02794b,1a980269c1778978c64462bf76cf00949cd95e29e33d5066107809299e5dec35,p5_10,celeba-three-workers-v1,
0.6958054282692986,,,0.0,988babfb79a4be0620cf47d259d4da35f8fc07573e92f83a2e388003c17759ba,0.6950767250057504,2774aed934e9b55963588c876b6d3f7f5fc8814e91c160cc44d904a8910dda15,2026-09-06T11:51:24.401295+00:00,1,2.00203641600001,,,,8,0.129,C-GDP-private-noise,2.4,0,10,,2,s0_p10_C-GDP-private-noise_l8_r2,fcf8b4f93626e8cf9603afe70c3a614f6523366181d2f4df2620ee6efbb41bdb,3ea87f4a1b7b84a26ee106434a73c8c3b1666cf072e5654900cb743a0c6ff2ae,a12dcb1ba4e2a21b6a4474c284e3079c1b8e06dc282072a6d2d3a684bd02794b,1a980269c1778978c64462bf76cf00949cd95e29e33d5066107809299e5dec35,p5_10,celeba-three-workers-v1,
0.673598872047938,,,0.0,988babfb79a4be0620cf47d259d4da35f8fc07573e92f83a2e388003c17759ba,0.6736160274658693,2774aed934e9b55963588c876b6d3f7f5fc8814e91c160cc44d904a8910dda15,2026-09-06T11:51:26.701569+00:00,1,2.0600427710005533,,,,8,0.168,C-GDP-private-noise,2.4,0,10,,3,s0_p10_C-GDP-private-noise_l8_r3,fcf8b4f93626e8cf9603afe70c3a614f6523366181d2f4df2620ee6efbb41bdb,3ea87f4a1b7b84a26ee106434a73c8c3b1666cf072e5654900cb743a0c6ff2ae,a12dcb1ba4e2a21b6a4474c284e3079c1b8e06dc282072a6d2d3a684bd02794b,1a980269c1778978c64462bf76cf00949cd95e29e33d5066107809299e5dec35,p5_10,celeba-three-workers-v1,
0.6644342615438844,,,0.0,988babfb79a4be0620cf47d259d4da35f8fc07573e92f83a2e388003c17759ba,0.6653535643198603,2774aed934e9b55963588c876b6d3f7f5fc8814e91c160cc44d904a8910dda15,2026-09-06T11:51:29.075396+00:00,1,2.138944641999842,,,,9,0.129,C-GDP-private-noise,2.7,0,10,,0,s0_p10_C-GDP-private-noise_l9_r0,fcf8b4f93626e8cf9603afe70c3a614f6523366181d2f4df2620ee6efbb41bdb,3ea87f4a1b7b84a26ee106434a73c8c3b1666cf072e5654900cb743a0c6ff2ae,a12dcb1ba4e2a21b6a4474c284e3079c1b8e06dc282072a6d2d3a684bd02794b,1a980269c1778978c64462bf76cf00949cd95e29e33d5066107809299e5dec35,p5_10,celeba-three-workers-v1,
0.675713782164258,,,0.0,988babfb79a4be0620cf47d259d4da35f8fc07573e92f83a2e388003c17759ba,0.6759124007643127,2774aed934e9b55963588c876b6d3f7f5fc8814e91c160cc44d904a8910dda15,2026-09-06T11:51:31.421629+00:00,1,2.0890159020000283,,,,9,0.095,C-GDP-private-noise,2.7,0,10,,1,s0_p10_C-GDP-private-noise_l9_r1,fcf8b4f93626e8cf9603afe70c3a614f6523366181d2f4df2620ee6efbb41bdb,3ea87f4a1b7b84a26ee106434a73c8c3b1666cf072e5654900cb743a0c6ff2ae,a12dcb1ba4e2a21b6a4474c284e3079c1b8e06dc282072a6d2d3a684bd02794b,1a980269c1778978c64462bf76cf00949cd95e29e33d5066107809299e5dec35,p5_10,celeba-three-workers-v1,
0.674656327106098,,,0.0,988babfb79a4be0620cf47d259d4da35f8fc07573e92f83a2e388003c17759ba,0.6739495928013614,2774aed934e9b55963588c876b6d3f7f5fc8814e91c160cc44d904a8910dda15,2026-09-06T11:51:33.710994+00:00,1,2.049878262000675,,,,9,0.1,C-GDP-private-noise,2.7,0,10,,2,s0_p10_C-GDP-private-noise_l9_r2,fcf8b4f93626e8cf9603afe70c3a614f6523366181d2f4df2620ee6efbb41bdb,3ea87f4a1b7b84a26ee106434a73c8c3b1666cf072e5654900cb743a0c6ff2ae,a12dcb1ba4e2a21b6a4474c284e3079c1b8e06dc282072a6d2d3a684bd02794b,1a980269c1778978c64462bf76cf00949cd95e29e33d5066107809299e5dec35,p5_10,celeba-three-workers-v1,
0.6718364469510045,,,0.0,988babfb79a4be0620cf47d259d4da35f8fc07573e92f83a2e388003c17759ba,0.67165794916066,2774aed934e9b55963588c876b6d3f7f5fc8814e91c160cc44d904a8910dda15,2026-09-06T11:51:35.812398+00:00,1,1.8671274980006274,,,,9,0.134,C-GDP-private-noise,2.7,0,10,,3,s0_p10_C-GDP-private-noise_l9_r3,fcf8b4f93626e8cf9603afe70c3a614f6523366181d2f4df2620ee6efbb41bdb,3ea87f4a1b7b84a26ee106434a73c8c3b1666cf072e5654900cb743a0c6ff2ae,a12dcb1ba4e2a21b6a4474c284e3079c1b8e06dc282072a6d2d3a684bd02794b,1a980269c1778978c64462bf76cf00949cd95e29e33d5066107809299e5dec35,p5_10,celeba-three-workers-v1,
0.6580895311949242,,,0.0,988babfb79a4be0620cf47d259d4da35f8fc07573e92f83a2e388003c17759ba,0.6628189656288304,2774aed934e9b55963588c876b6d3f7f5fc8814e91c160cc44d904a8910dda15,2026-09-06T11:51:37.970889+00:00,1,1.9010763070000394,,,,10,0.125,C-GDP-private-noise,3.0,0,10,,0,s0_p10_C-GDP-private-noise_l10_r0,fcf8b4f93626e8cf9603afe70c3a614f6523366181d2f4df2620ee6efbb41bdb,3ea87f4a1b7b84a26ee106434a73c8c3b1666cf072e5654900cb743a0c6ff2ae,a12dcb1ba4e2a21b6a4474c284e3079c1b8e06dc282072a6d2d3a684bd02794b,1a980269c1778978c64462bf76cf00949cd95e29e33d5066107809299e5dec35,p5_10,celeba-three-workers-v1,
0.6499823757490306,,,0.0,988babfb79a4be0620cf47d259d4da35f8fc07573e92f83a2e388003c17759ba,0.6510391306988642,2774aed934e9b55963588c876b6d3f7f5fc8814e91c160cc44d904a8910dda15,2026-09-06T11:51:40.132257+00:00,1,1.9228928009997617,,,,10,0.158,C-GDP-private-noise,3.0,0,10,,1,s0_p10_C-GDP-private-noise_l10_r1,fcf8b4f93626e8cf9603afe70c3a614f6523366181d2f4df2620ee6efbb41bdb,3ea87f4a1b7b84a26ee106434a73c8c3b1666cf072e5654900cb743a0c6ff2ae,a12dcb1ba4e2a21b6a4474c284e3079c1b8e06dc282072a6d2d3a684bd02794b,1a980269c1778978c64462bf76cf00949cd95e29e33d5066107809299e5dec35,p5_10,celeba-three-workers-v1,
0.6609094113500176,,,0.0,988babfb79a4be0620cf47d259d4da35f8fc07573e92f83a2e388003c17759ba,0.6597489198955293,2774aed934e9b55963588c876b6d3f7f5fc8814e91c160cc44d904a8910dda15,2026-09-06T11:51:42.615649+00:00,1,2.2406948260004356,,,,10,0.105,C-GDP-private-noise,3.0,0,10,,2,s0_p10_C-GDP-private-noise_l10_r2,fcf8b4f93626e8cf9603afe70c3a614f6523366181d2f4df2620ee6efbb41bdb,3ea87f4a1b7b84a26ee106434a73c8c3b1666cf072e5654900cb743a0c6ff2ae,a12dcb1ba4e2a21b6a4474c284e3079c1b8e06dc282072a6d2d3a684bd02794b,1a980269c1778978c64462bf76cf00949cd95e29e33d5066107809299e5dec35,p5_10,celeba-three-workers-v1,
0.6468100105745506,,,0.0,988babfb79a4be0620cf47d259d4da35f8fc07573e92f83a2e388003c17759ba,0.6502754154382002,2774aed934e9b55963588c876b6d3f7f5fc8814e91c160cc44d904a8910dda15,2026-09-06T11:51:44.793796+00:00,1,1.9432547939995857,,,,10,0.113,C-GDP-private-noise,3.0,0,10,,3,s0_p10_C-GDP-private-noise_l10_r3,fcf8b4f93626e8cf9603afe70c3a614f6523366181d2f4df2620ee6efbb41bdb,3ea87f4a1b7b84a26ee106434a73c8c3b1666cf072e5654900cb743a0c6ff2ae,a12dcb1ba4e2a21b6a4474c284e3079c1b8e06dc282072a6d2d3a684bd02794b,1a980269c1778978c64462bf76cf00949cd95e29e33d5066107809299e5dec35,p5_10,celeba-three-workers-v1,
0.8858240223463687,,,0.0,988babfb79a4be0620cf47d259d4da35f8fc07573e92f83a2e388003c17759ba,0.8853072643160791,de125d04e78b221d9268ef4e9e1c30f5c2aabf852422fb12bb0d870272447993,2026-09-06T11:52:12.450656+00:00,1,6.361768110999947,,,,0,0.767,C-GDP,0.0,1,10,,0,s1_p10_C-GDP_l0_r0,fcf8b4f93626e8cf9603afe70c3a614f6523366181d2f4df2620ee6efbb41bdb,3ea87f4a1b7b84a26ee106434a73c8c3b1666cf072e5654900cb743a0c6ff2ae,a12dcb1ba4e2a21b6a4474c284e3079c1b8e06dc282072a6d2d3a684bd02794b,1a980269c1778978c64462bf76cf00949cd95e29e33d5066107809299e5dec35,p5_10,celeba-three-workers-v1,
0.8128491620111732,,,0.0,988babfb79a4be0620cf47d259d4da35f8fc07573e92f83a2e388003c17759ba,0.8119608027006752,de125d04e78b221d9268ef4e9e1c30f5c2aabf852422fb12bb0d870272447993,2026-09-06T11:52:17.819116+00:00,1,5.317892060999839,,,,0,,I-GDP,0.0,1,10,,0,s1_p10_I-GDP_l0_r0,fcf8b4f93626e8cf9603afe70c3a614f6523366181d2f4df2620ee6efbb41bdb,3ea87f4a1b7b84a26ee106434a73c8c3b1666cf072e5654900cb743a0c6ff2ae,a12dcb1ba4e2a21b6a4474c284e3079c1b8e06dc282072a6d2d3a684bd02794b,1a980269c1778978c64462bf76cf00949cd95e29e33d5066107809299e5dec35,p5_10,celeba-three-workers-v1,
0.8756983240223464,,,0.0,988babfb79a4be0620cf47d259d4da35f8fc07573e92f83a2e388003c17759ba,0.8766840147536884,de125d04e78b221d9268ef4e9e1c30f5c2aabf852422fb12bb0d870272447993,2026-09-06T11:52:22.690363+00:00,1,4.731269056999736,,,,0,0.767,AA-GDP,0.0,1,10,,0,s1_p10_AA-GDP_l0_r0,fcf8b4f93626e8cf9603afe70c3a614f6523366181d2f4df2620ee6efbb41bdb,3ea87f4a1b7b84a26ee106434a73c8c3b1666cf072e5654900cb743a0c6ff2ae,a12dcb1ba4e2a21b6a4474c284e3079c1b8e06dc282072a6d2d3a684bd02794b,1a980269c1778978c64462bf76cf00949cd95e29e33d5066107809299e5dec35,p5_10,celeba-three-workers-v1,4.044620194321169e-11
0.8781424581005587,,,3.031330416999481,988babfb79a4be0620cf47d259d4da35f8fc07573e92f83a2e388003c17759ba,0.8782703488372092,de125d04e78b221d9268ef4e9e1c30f5c2aabf852422fb12bb0d870272447993,2026-09-06T11:52:35.322157+00:00,1,4.298418888000015,True,5.0,8.883614009581931e-09,1,0.653,NAA-GDP,0.006,1,10,,0,s1_p10_NAA-GDP_l1_r0,fcf8b4f93626e8cf9603afe70c3a614f6523366181d2f4df2620ee6efbb41bdb,3ea87f4a1b7b84a26ee106434a73c8c3b1666cf072e5654900cb743a0c6ff2ae,a12dcb1ba4e2a21b6a4474c284e3079c1b8e06dc282072a6d2d3a684bd02794b,1a980269c1778978c64462bf76cf00949cd95e29e33d5066107809299e5dec35,p5_10,celeba-three-workers-v1,
0.8816340782122905,,,3.016825603000143,988babfb79a4be0620cf47d259d4da35f8fc07573e92f83a2e388003c17759ba,0.8810015003750937,de125d04e78b221d9268ef4e9e1c30f5c2aabf852422fb12bb0d870272447993,2026-09-06T11:52:47.632955+00:00,1,4.728736063999349,True,5.0,8.836132523365465e-09,1,0.614,NAA-GDP,0.006,1,10,,1,s1_p10_NAA-GDP_l1_r1,fcf8b4f93626e8cf9603afe70c3a614f6523366181d2f4df2620ee6efbb41bdb,3ea87f4a1b7b84a26ee106434a73c8c3b1666cf072e5654900cb743a0c6ff2ae,a12dcb1ba4e2a21b6a4474c284e3079c1b8e06dc282072a6d2d3a684bd02794b,1a980269c1778978c64462bf76cf00949cd95e29e33d5066107809299e5dec35,p5_10,celeba-three-workers-v1,
0.8753491620111732,,,2.993208932000016,988babfb79a4be0620cf47d259d4da35f8fc07573e92f83a2e388003c17759ba,0.8746522568142036,de125d04e78b221d9268ef4e9e1c30f5c2aabf852422fb12bb0d870272447993,2026-09-06T11:52:58.831863+00:00,1,4.090365647999533,True,5.0,8.776623590008223e-09,1,0.603,NAA-GDP,0.006,1,10,,2,s1_p10_NAA-GDP_l1_r2,fcf8b4f93626e8cf9603afe70c3a614f6523366181d2f4df2620ee6efbb41bdb,3ea87f4a1b7b84a26ee106434a73c8c3b1666cf072e5654900cb743a0c6ff2ae,a12dcb1ba4e2a21b6a4474c284e3079c1b8e06dc282072a6d2d3a684bd02794b,1a980269c1778978c64462bf76cf00949cd95e29e33d5066107809299e5dec35,p5_10,celeba-three-workers-v1,
0.8788407821229051,,,2.9926056510003036,988babfb79a4be0620cf47d259d4da35f8fc07573e92f83a2e388003c17759ba,0.8788876906726681,de125d04e78b221d9268ef4e9e1c30f5c2aabf852422fb12bb0d870272447993,2026-09-06T11:53:10.964411+00:00,1,4.837846798999635,True,5.0,8.76519564831574e-09,1,0.616,NAA-GDP,0.006,1,10,,3,s1_p10_NAA-GDP_l1_r3,fcf8b4f93626e8cf9603afe70c3a614f6523366181d2f4df2620ee6efbb41bdb,3ea87f4a1b7b84a26ee106434a73c8c3b1666cf072e5654900cb743a0c6ff2ae,a12dcb1ba4e2a21b6a4474c284e3079c1b8e06dc282072a6d2d3a684bd02794b,1a980269c1778978c64462bf76cf00949cd95e29e33d5066107809299e5dec35,p5_10,celeba-three-workers-v1,
0.8722067039106145,,,3.6681086429998686,988babfb79a4be0620cf47d259d4da35f8fc07573e92f83a2e388003c17759ba,0.8720383220805201,de125d04e78b221d9268ef4e9e1c30f5c2aabf852422fb12bb0d870272447993,2026-09-06T11:53:25.175208+00:00,1,5.029320522000489,True,7.0,5.638526912135909e-08,2,0.446,NAA-GDP,0.012,1,10,,0,s1_p10_NAA-GDP_l2_r0,fcf8b4f93626e8cf9603afe70c3a614f6523366181d2f4df2620ee6efbb41bdb,3ea87f4a1b7b84a26ee106434a73c8c3b1666cf072e5654900cb743a0c6ff2ae,a12dcb1ba4e2a21b6a4474c284e3079c1b8e06dc282072a6d2d3a684bd02794b,1a980269c1778978c64462bf76cf00949cd95e29e33d5066107809299e5dec35,p5_10,celeba-three-workers-v1,
0.8725558659217877,,,3.6881492109996543,988babfb79a4be0620cf47d259d4da35f8fc07573e92f83a2e388003c17759ba,0.8709247624406101,de125d04e78b221d9268ef4e9e1c30f5c2aabf852422fb12bb0d870272447993,2026-09-06T11:53:38.706870+00:00,1,3.9734580749991437,True,7.0,5.637882663152377e-08,2,0.486,NAA-GDP,0.012,1,10,,1,s1_p10_NAA-GDP_l2_r1,fcf8b4f93626e8cf9603afe70c3a614f6523366181d2f4df2620ee6efbb41bdb,3ea87f4a1b7b84a26ee106434a73c8c3b1666cf072e5654900cb743a0c6ff2ae,a12dcb1ba4e2a21b6a4474c284e3079c1b8e06dc282072a6d2d3a684bd02794b,1a980269c1778978c64462bf76cf00949cd95e29e33d5066107809299e5dec35,p5_10,celeba-three-workers-v1,
0.869413407821229,,,3.6616686580000533,988babfb79a4be0620cf47d259d4da35f8fc07573e92f83a2e388003c17759ba,0.8697330582645662,de125d04e78b221d9268ef4e9e1c30f5c2aabf852422fb12bb0d870272447993,2026-09-06T11:53:51.817260+00:00,1,3.328888633999668,True,7.0,5.766911667367515e-08,2,0.463,NAA-GDP,0.012,1,10,,2,s1_p10_NAA-GDP_l2_r2,fcf8b4f93626e8cf9603afe70c3a614f6523366181d2f4df2620ee6efbb41bdb,3ea87f4a1b7b84a26ee106434a73c8c3b1666cf072e5654900cb743a0c6ff2ae,a12dcb1ba4e2a21b6a4474c284e3079c1b8e06dc282072a6d2d3a684bd02794b,1a980269c1778978c64462bf76cf00949cd95e29e33d5066107809299e5dec35,p5_10,celeba-three-workers-v1,
0.8687150837988827,,,3.6668399239997598,988babfb79a4be0620cf47d259d4da35f8fc07573e92f83a2e388003c17759ba,0.8664353588397099,de125d04e78b221d9268ef4e9e1c30f5c2aabf852422fb12bb0d870272447993,2026-09-06T11:54:04.512665+00:00,1,3.204206601999431,True,7.0,5.611190500953362e-08,2,0.459,NAA-GDP,0.012,1,10,,3,s1_p10_NAA-GDP_l2_r3,fcf8b4f93626e8cf9603afe70c3a614f6523366181d2f4df2620ee6efbb41bdb,3ea87f4a1b7b84a26ee106434a73c8c3b1666cf072e5654900cb743a0c6ff2ae,a12dcb1ba4e2a21b6a4474c284e3079c1b8e06dc282072a6d2d3a684bd02794b,1a980269c1778978c64462bf76cf00949cd95e29e33d5066107809299e5dec35,p5_10,celeba-three-workers-v1,
0.8610335195530726,,,5.133566299999984,988babfb79a4be0620cf47d259d4da35f8fc07573e92f83a2e388003c17759ba,0.8618326456614154,de125d04e78b221d9268ef4e9e1c30f5c2aabf852422fb12bb0d870272447993,2026-09-06T11:54:19.170635+00:00,1,2.934331258000384,True,11.0,2.1101408600837308e-08,3,0.346,NAA-GDP,0.018,1,10,,0,s1_p10_NAA-GDP_l3_r0,fcf8b4f93626e8cf9603afe70c3a614f6523366181d2f4df2620ee6efbb41bdb,3ea87f4a1b7b84a26ee106434a73c8c3b1666cf072e5654900cb743a0c6ff2ae,a12dcb1ba4e2a21b6a4474c284e3079c1b8e06dc282072a6d2d3a684bd02794b,1a980269c1778978c64462bf76cf00949cd95e29e33d5066107809299e5dec35,p5_10,celeba-three-workers-v1,
0.869413407821229,,,5.131379645000379,988babfb79a4be0620cf47d259d4da35f8fc07573e92f83a2e388003c17759ba,0.8672988559639909,de125d04e78b221d9268ef4e9e1c30f5c2aabf852422fb12bb0d870272447993,2026-09-06T11:54:34.369971+00:00,1,3.940319900000759,True,11.0,2.0553441053981754e-08,3,0.397,NAA-GDP,0.018,1,10,,1,s1_p10_NAA-GDP_l3_r1,fcf8b4f93626e8cf9603afe70c3a614f6523366181d2f4df2620ee6efbb41bdb,3ea87f4a1b7b84a26ee106434a73c8c3b1666cf072e5654900cb743a0c6ff2ae,a12dcb1ba4e2a21b6a4474c284e3079c1b8e06dc282072a6d2d3a684bd02794b,1a980269c1778978c64462bf76cf00949cd95e29e33d5066107809299e5dec35,p5_10,celeba-three-workers-v1,
0.8578910614525139,,,5.132804961000147,988babfb79a4be0620cf47d259d4da35f8fc07573e92f83a2e388003c17759ba,0.8554443298324581,de125d04e78b221d9268ef4e9e1c30f5c2aabf852422fb12bb0d870272447993,2026-09-06T11:54:51.154189+00:00,1,4.773923724999804,True,11.0,2.156089855241283e-08,3,0.322,NAA-GDP,0.018,1,10,,2,s1_p10_NAA-GDP_l3_r2,fcf8b4f93626e8cf9603afe70c3a614f6523366181d2f4df2620ee6efbb41bdb,3ea87f4a1b7b84a26ee106434a73c8c3b1666cf072e5654900cb743a0c6ff2ae,a12dcb1ba4e2a21b6a4474c284e3079c1b8e06dc282072a6d2d3a684bd02794b,1a980269c1778978c64462bf76cf00949cd95e29e33d5066107809299e5dec35,p5_10,celeba-three-workers-v1,
0.8610335195530726,,,5.120312455000203,988babfb79a4be0620cf47d259d4da35f8fc07573e92f83a2e388003c17759ba,0.8598634033508377,de125d04e78b221d9268ef4e9e1c30f5c2aabf852422fb12bb0d870272447993,2026-09-06T11:55:05.317085+00:00,1,3.0349981029994524,True,11.0,2.1006891878130074e-08,3,0.246,NAA-GDP,0.018,1,10,,3,s1_p10_NAA-GDP_l3_r3,fcf8b4f93626e8cf9603afe70c3a614f6523366181d2f4df2620ee6efbb41bdb,3ea87f4a1b7b84a26ee106434a73c8c3b1666cf072e5654900cb743a0c6ff2ae,a12dcb1ba4e2a21b6a4474c284e3079c1b8e06dc282072a6d2d3a684bd02794b,1a980269c1778978c64462bf76cf00949cd95e29e33d5066107809299e5dec35,p5_10,celeba-three-workers-v1,
0.8463687150837989,,,6.969270603000041,988babfb79a4be0620cf47d259d4da35f8fc07573e92f83a2e388003c17759ba,0.8457505001250313,de125d04e78b221d9268ef4e9e1c30f5c2aabf852422fb12bb0d870272447993,2026-09-06T11:55:24.982051+00:00,1,3.1400566980000804,True,16.0,5.7712156580509316e-08,4,0.261,NAA-GDP,0.024,1,10,,0,s1_p10_NAA-GDP_l4_r0,fcf8b4f93626e8cf9603afe70c3a614f6523366181d2f4df2620ee6efbb41bdb,3ea87f4a1b7b84a26ee106434a73c8c3b1666cf072e5654900cb743a0c6ff2ae,a12dcb1ba4e2a21b6a4474c284e3079c1b8e06dc282072a6d2d3a684bd02794b,1a980269c1778978c64462bf76cf00949cd95e29e33d5066107809299e5dec35,p5_10,celeba-three-workers-v1,
0.8641759776536313,,,6.949048612000297,988babfb79a4be0620cf47d259d4da35f8fc07573e92f83a2e388003c17759ba,0.8632978557139285,de125d04e78b221d9268ef4e9e1c30f5c2aabf852422fb12bb0d870272447993,2026-09-06T11:55:43.827335+00:00,1,3.0383203530000173,True,16.0,5.691573825558331e-08,4,0.215,NAA-GDP,0.024,1,10,,1,s1_p10_NAA-GDP_l4_r1,fcf8b4f93626e8cf9603afe70c3a614f6523366181d2f4df2620ee6efbb41bdb,3ea87f4a1b7b84a26ee106434a73c8c3b1666cf072e5654900cb743a0c6ff2ae,a12dcb1ba4e2a21b6a4474c284e3079c1b8e06dc282072a6d2d3a684bd02794b,1a980269c1778978c64462bf76cf00949cd95e29e33d5066107809299e5dec35,p5_10,celeba-three-workers-v1,
0.8554469273743017,,,6.954600965000282,988babfb79a4be0620cf47d259d4da35f8fc07573e92f83a2e388003c17759ba,0.8552255251312828,de125d04e78b221d9268ef4e9e1c30f5c2aabf852422fb12bb0d870272447993,2026-09-06T11:56:02.929904+00:00,1,4.537333428000238,True,16.0,5.7994526314067004e-08,4,0.277,NAA-GDP,0.024,1,10,,2,s1_p10_NAA-GDP_l4_r2,fcf8b4f93626e8cf9603afe70c3a614f6523366181d2f4df2620ee6efbb41bdb,3ea87f4a1b7b84a26ee106434a73c8c3b1666cf072e5654900cb743a0c6ff2ae,a12dcb1ba4e2a21b6a4474c284e3079c1b8e06dc282072a6d2d3a684bd02794b,1a980269c1778978c64462bf76cf00949cd95e29e33d5066107809299e5dec35,p5_10,celeba-three-workers-v1,
0.8624301675977654,,,6.940436881000096,988babfb79a4be0620cf47d259d4da35f8fc07573e92f83a2e388003c17759ba,0.8616997999499876,de125d04e78b221d9268ef4e9e1c30f5c2aabf852422fb12bb0d870272447993,2026-09-06T11:56:23.033117+00:00,1,4.830431473000317,True,16.0,5.6646766779185736e-08,4,0.234,NAA-GDP,0.024,1,10,,3,s1_p10_NAA-GDP_l4_r3,fcf8b4f93626e8cf9603afe70c3a614f6523366181d2f4df2620ee6efbb41bdb,3ea87f4a1b7b84a26ee106434a73c8c3b1666cf072e5654900cb743a0c6ff2ae,a12dcb1ba4e2a21b6a4474c284e3079c1b8e06dc282072a6d2d3a684bd02794b,1a980269c1778978c64462bf76cf00949cd95e29e33d5066107809299e5dec35,p5_10,celeba-three-workers-v1,
0.8512569832402235,,,10.971223933999681,988babfb79a4be0620cf47d259d4da35f8fc07573e92f83a2e388003c17759ba,0.850181295323831,de125d04e78b221d9268ef4e9e1c30f5c2aabf852422fb12bb0d870272447993,2026-09-06T11:56:51.445365+00:00,1,3.9303411310002048,True,27.0,9.645266034750917e-08,5,0.243,NAA-GDP,0.03,1,10,,0,s1_p10_NAA-GDP_l5_r0,fcf8b4f93626e8cf9603afe70c3a614f6523366181d2f4df2620ee6efbb41bdb,3ea87f4a1b7b84a26ee106434a73c8c3b1666cf072e5654900cb743a0c6ff2ae,a12dcb1ba4e2a21b6a4474c284e3079c1b8e06dc282072a6d2d3a684bd02794b,1a980269c1778978c64462bf76cf00949cd95e29e33d5066107809299e5dec35,p5_10,celeba-three-workers-v1,
0.8460195530726257,,,10.991045789000054,988babfb79a4be0620cf47d259d4da35f8fc07573e92f83a2e388003c17759ba,0.8441837021755438,de125d04e78b221d9268ef4e9e1c30f5c2aabf852422fb12bb0d870272447993,2026-09-06T11:57:18.685583+00:00,1,3.1489916849996007,True,27.0,8.167017942023055e-08,5,0.211,NAA-GDP,0.03,1,10,,1,s1_p10_NAA-GDP_l5_r1,fcf8b4f93626e8cf9603afe70c3a614f6523366181d2f4df2620ee6efbb41bdb,3ea87f4a1b7b84a26ee106434a73c8c3b1666cf072e5654900cb743a0c6ff2ae,a12dcb1ba4e2a21b6a4474c284e3079c1b8e06dc282072a6d2d3a684bd02794b,1a980269c1778978c64462bf76cf00949cd95e29e33d5066107809299e5dec35,p5_10,celeba-three-workers-v1,
0.8418296089385475,,,10.969422931999361,988babfb79a4be0620cf47d259d4da35f8fc07573e92f83a2e388003c17759ba,0.8395223805951488,de125d04e78b221d9268ef4e9e1c30f5c2aabf852422fb12bb0d870272447993,2026-09-06T11:57:46.514138+00:00,1,3.2392723240000123,True,27.0,9.513898900237544e-08,5,0.24,NAA-GDP,0.03,1,10,,2,s1_p10_NAA-GDP_l5_r2,fcf8b4f93626e8cf9603afe70c3a614f6523366181d2f4df2620ee6efbb41bdb,3ea87f4a1b7b84a26ee106434a73c8c3b1666cf072e5654900cb743a0c6ff2ae,a12dcb1ba4e2a21b6a4474c284e3079c1b8e06dc282072a6d2d3a684bd02794b,1a980269c1778978c64462bf76cf00949cd95e29e33d5066107809299e5dec35,p5_10,celeba-three-workers-v1,
0.8491620111731844,,,10.963368764999359,988babfb79a4be0620cf47d259d4da35f8fc07573e92f83a2e388003c17759ba,0.8469617404351087,de125d04e78b221d9268ef4e9e1c30f5c2aabf852422fb12bb0d870272447993,2026-09-06T11:58:15.070303+00:00,1,3.78417275099946,True,27.0,8.546016744916336e-08,5,0.187,NAA-GDP,0.03,1,10,,3,s1_p10_NAA-GDP_l5_r3,fcf8b4f93626e8cf9603afe70c3a614f6523366181d2f4df2620ee6efbb41bdb,3ea87f4a1b7b84a26ee106434a73c8c3b1666cf072e5654900cb743a0c6ff2ae,a12dcb1ba4e2a21b6a4474c284e3079c1b8e06dc282072a6d2d3a684bd02794b,1a980269c1778978c64462bf76cf00949cd95e29e33d5066107809299e5dec35,p5_10,celeba-three-workers-v1,
0.8365921787709497,,,26.874366960999396,988babfb79a4be0620cf47d259d4da35f8fc07573e92f83a2e388003c17759ba,0.8347829144786196,de125d04e78b221d9268ef4e9e1c30f5c2aabf852422fb12bb0d870272447993,2026-09-06T12:00:23.361528+00:00,1,3.620286506999946,True,70.0,9.11238092697252e-08,6,0.155,NAA-GDP,0.036,1,10,,0,s1_p10_NAA-GDP_l6_r0,fcf8b4f93626e8cf9603afe70c3a614f6523366181d2f4df2620ee6efbb41bdb,3ea87f4a1b7b84a26ee106434a73c8c3b1666cf072e5654900cb743a0c6ff2ae,a12dcb1ba4e2a21b6a4474c284e3079c1b8e06dc282072a6d2d3a684bd02794b,1a980269c1778978c64462bf76cf00949cd95e29e33d5066107809299e5dec35,p5_10,celeba-three-workers-v1,
0.840782122905028,,,26.85977298799935,988babfb79a4be0620cf47d259d4da35f8fc07573e92f83a2e388003c17759ba,0.8383228619654914,de125d04e78b221d9268ef4e9e1c30f5c2aabf852422fb12bb0d870272447993,2026-09-06T12:02:32.259721+00:00,1,4.391983196000183,True,70.0,9.598609294518082e-08,6,0.202,NAA-GDP,0.036,1,10,,1,s1_p10_NAA-GDP_l6_r1,fcf8b4f93626e8cf9603afe70c3a614f6523366181d2f4df2620ee6efbb41bdb,3ea87f4a1b7b84a26ee106434a73c8c3b1666cf072e5654900cb743a0c6ff2ae,a12dcb1ba4e2a21b6a4474c284e3079c1b8e06dc282072a6d2d3a684bd02794b,1a980269c1778978c64462bf76cf00949cd95e29e33d5066107809299e5dec35,p5_10,celeba-three-workers-v1,
0.8432262569832403,,,30.96130359899962,988babfb79a4be0620cf47d259d4da35f8fc07573e92f83a2e388003c17759ba,0.8419878407101775,de125d04e78b221d9268ef4e9e1c30f5c2aabf852422fb12bb0d870272447993,2026-09-06T12:04:44.896579+00:00,1,3.91631944799974,True,81.0,9.400292813134219e-08,6,0.168,NAA-GDP,0.036,1,10,,2,s1_p10_NAA-GDP_l6_r2,fcf8b4f93626e8cf9603afe70c3a614f6523366181d2f4df2620ee6efbb41bdb,3ea87f4a1b7b84a26ee106434a73c8c3b1666cf072e5654900cb743a0c6ff2ae,a12dcb1ba4e2a21b6a4474c284e3079c1b8e06dc282072a6d2d3a684bd02794b,1a980269c1778978c64462bf76cf00949cd95e29e33d5066107809299e5dec35,p5_10,celeba-three-workers-v1,
0.8365921787709497,,,26.516679809999914,988babfb79a4be0620cf47d259d4da35f8fc07573e92f83a2e388003c17759ba,0.8358222368092023,de125d04e78b221d9268ef4e9e1c30f5c2aabf852422fb12bb0d870272447993,2026-09-06T12:06:52.351289+00:00,1,4.018665679000151,True,69.0,8.171073084698307e-08,6,0.181,NAA-GDP,0.036,1,10,,3,s1_p10_NAA-GDP_l6_r3,fcf8b4f93626e8cf9603afe70c3a614f6523366181d2f4df2620ee6efbb41bdb,3ea87f4a1b7b84a26ee106434a73c8c3b1666cf072e5654900cb743a0c6ff2ae,a12dcb1ba4e2a21b6a4474c284e3079c1b8e06dc282072a6d2d3a684bd02794b,1a980269c1778978c64462bf76cf00949cd95e29e33d5066107809299e5dec35,p5_10,celeba-three-workers-v1,
0.8268156424581006,,,185.7795637120007,988babfb79a4be0620cf47d259d4da35f8fc07573e92f83a2e388003c17759ba,0.8251008064516129,de125d04e78b221d9268ef4e9e1c30f5c2aabf852422fb12bb0d870272447993,2026-09-06T12:11:40.325220+00:00,1,4.0156079950002095,False,500.0,0.006512997513062804,7,0.187,NAA-GDP,0.042,1,10,,0,s1_p10_NAA-GDP_l7_r0,fcf8b4f93626e8cf9603afe70c3a614f6523366181d2f4df2620ee6efbb41bdb,3ea87f4a1b7b84a26ee106434a73c8c3b1666cf072e5654900cb743a0c6ff2ae,a12dcb1ba4e2a21b6a4474c284e3079c1b8e06dc282072a6d2d3a684bd02794b,1a980269c1778978c64462bf76cf00949cd95e29e33d5066107809299e5dec35,p5_10,celeba-three-workers-v1,
0.8236731843575419,,,185.490540797,988babfb79a4be0620cf47d259d4da35f8fc07573e92f83a2e388003c17759ba,0.8230338834708677,de125d04e78b221d9268ef4e9e1c30f5c2aabf852422fb12bb0d870272447993,2026-09-06T12:16:27.167677+00:00,1,3.785538066999834,False,500.0,0.005833103153980043,7,0.169,NAA-GDP,0.042,1,10,,1,s1_p10_NAA-GDP_l7_r1,fcf8b4f93626e8cf9603afe70c3a614f6523366181d2f4df2620ee6efbb41bdb,3ea87f4a1b7b84a26ee106434a73c8c3b1666cf072e5654900cb743a0c6ff2ae,a12dcb1ba4e2a21b6a4474c284e3079c1b8e06dc282072a6d2d3a684bd02794b,1a980269c1778978c64462bf76cf00949cd95e29e33d5066107809299e5dec35,p5_10,celeba-three-workers-v1,
0.8372905027932961,,,185.9216824060004,988babfb79a4be0620cf47d259d4da35f8fc07573e92f83a2e388003c17759ba,0.8341968304576144,de125d04e78b221d9268ef4e9e1c30f5c2aabf852422fb12bb0d870272447993,2026-09-06T12:21:13.462660+00:00,1,3.981014063000657,False,500.0,0.022028962954025046,7,0.158,NAA-GDP,0.042,1,10,,2,s1_p10_NAA-GDP_l7_r2,fcf8b4f93626e8cf9603afe70c3a614f6523366181d2f4df2620ee6efbb41bdb,3ea87f4a1b7b84a26ee106434a73c8c3b1666cf072e5654900cb743a0c6ff2ae,a12dcb1ba4e2a21b6a4474c284e3079c1b8e06dc282072a6d2d3a684bd02794b,1a980269c1778978c64462bf76cf00949cd95e29e33d5066107809299e5dec35,p5_10,celeba-three-workers-v1,
0.8285614525139665,,,185.97385140200004,988babfb79a4be0620cf47d259d4da35f8fc07573e92f83a2e388003c17759ba,0.8268082645661414,de125d04e78b221d9268ef4e9e1c30f5c2aabf852422fb12bb0d870272447993,2026-09-06T12:26:00.637365+00:00,1,3.894644538000648,False,500.0,0.005442601830075246,7,0.118,NAA-GDP,0.042,1,10,,3,s1_p10_NAA-GDP_l7_r3,fcf8b4f93626e8cf9603afe70c3a614f6523366181d2f4df2620ee6efbb41bdb,3ea87f4a1b7b84a26ee106434a73c8c3b1666cf072e5654900cb743a0c6ff2ae,a12dcb1ba4e2a21b6a4474c284e3079c1b8e06dc282072a6d2d3a684bd02794b,1a980269c1778978c64462bf76cf00949cd95e29e33d5066107809299e5dec35,p5_10,celeba-three-workers-v1,
0.8205307262569832,,,186.1033174310005,988babfb79a4be0620cf47d259d4da35f8fc07573e92f83a2e388003c17759ba,0.819271224056014,de125d04e78b221d9268ef4e9e1c30f5c2aabf852422fb12bb0d870272447993,2026-09-06T12:30:48.229347+00:00,1,3.95053244599967,False,500.0,0.026751600723793924,8,0.115,NAA-GDP,0.048,1,10,,0,s1_p10_NAA-GDP_l8_r0,fcf8b4f93626e8cf9603afe70c3a614f6523366181d2f4df2620ee6efbb41bdb,3ea87f4a1b7b84a26ee106434a73c8c3b1666cf072e5654900cb743a0c6ff2ae,a12dcb1ba4e2a21b6a4474c284e3079c1b8e06dc282072a6d2d3a684bd02794b,1a980269c1778978c64462bf76cf00949cd95e29e33d5066107809299e5dec35,p5_10,celeba-three-workers-v1,
0.8229748603351955,,,186.03098001099988,988babfb79a4be0620cf47d259d4da35f8fc07573e92f83a2e388003c17759ba,0.822389191047762,de125d04e78b221d9268ef4e9e1c30f5c2aabf852422fb12bb0d870272447993,2026-09-06T12:35:36.015441+00:00,1,4.134468736999224,False,500.0,0.015257937418737948,8,0.116,NAA-GDP,0.048,1,10,,1,s1_p10_NAA-GDP_l8_r1,fcf8b4f93626e8cf9603afe70c3a614f6523366181d2f4df2620ee6efbb41bdb,3ea87f4a1b7b84a26ee106434a73c8c3b1666cf072e5654900cb743a0c6ff2ae,a12dcb1ba4e2a21b6a4474c284e3079c1b8e06dc282072a6d2d3a684bd02794b,1a980269c1778978c64462bf76cf00949cd95e29e33d5066107809299e5dec35,p5_10,celeba-three-workers-v1,
0.8187849162011173,,,186.27749483200023,988babfb79a4be0620cf47d259d4da35f8fc07573e92f83a2e388003c17759ba,0.8194783070767693,de125d04e78b221d9268ef4e9e1c30f5c2aabf852422fb12bb0d870272447993,2026-09-06T12:40:24.246001+00:00,1,4.564685110000028,False,500.0,0.028705215230038692,8,0.135,NAA-GDP,0.048,1,10,,2,s1_p10_NAA-GDP_l8_r2,fcf8b4f93626e8cf9603afe70c3a614f6523366181d2f4df2620ee6efbb41bdb,3ea87f4a1b7b84a26ee106434a73c8c3b1666cf072e5654900cb743a0c6ff2ae,a12dcb1ba4e2a21b6a4474c284e3079c1b8e06dc282072a6d2d3a684bd02794b,1a980269c1778978c64462bf76cf00949cd95e29e33d5066107809299e5dec35,p5_10,celeba-three-workers-v1,
0.8187849162011173,,,186.3288428599999,988babfb79a4be0620cf47d259d4da35f8fc07573e92f83a2e388003c17759ba,0.8162782883220805,de125d04e78b221d9268ef4e9e1c30f5c2aabf852422fb12bb0d870272447993,2026-09-06T12:45:11.221729+00:00,1,3.915723395000896,False,500.0,0.02499109142800899,8,0.179,NAA-GDP,0.048,1,10,,3,s1_p10_NAA-GDP_l8_r3,fcf8b4f93626e8cf9603afe70c3a614f6523366181d2f4df2620ee6efbb41bdb,3ea87f4a1b7b84a26ee106434a73c8c3b1666cf072e5654900cb743a0c6ff2ae,a12dcb1ba4e2a21b6a4474c284e3079c1b8e06dc282072a6d2d3a684bd02794b,1a980269c1778978c64462bf76cf00949cd95e29e33d5066107809299e5dec35,p5_10,celeba-three-workers-v1,
0.8076117318435754,,,186.8562854690008,988babfb79a4be0620cf47d259d4da35f8fc07573e92f83a2e388003c17759ba,0.8063734683670918,de125d04e78b221d9268ef4e9e1c30f5c2aabf852422fb12bb0d870272447993,2026-09-06T12:49:59.554375+00:00,1,3.6036291319996963,False,500.0,0.02498464274305345,9,0.134,NAA-GDP,0.054,1,10,,0,s1_p10_NAA-GDP_l9_r0,fcf8b4f93626e8cf9603afe70c3a614f6523366181d2f4df2620ee6efbb41bdb,3ea87f4a1b7b84a26ee106434a73c8c3b1666cf072e5654900cb743a0c6ff2ae,a12dcb1ba4e2a21b6a4474c284e3079c1b8e06dc282072a6d2d3a684bd02794b,1a980269c1778978c64462bf76cf00949cd95e29e33d5066107809299e5dec35,p5_10,celeba-three-workers-v1,
0.8243715083798883,,,186.56139566399906,988babfb79a4be0620cf47d259d4da35f8fc07573e92f83a2e388003c17759ba,0.8246631970492624,de125d04e78b221d9268ef4e9e1c30f5c2aabf852422fb12bb0d870272447993,2026-09-06T12:54:48.968027+00:00,1,5.120547147000252,False,500.0,0.022997157119854807,9,0.161,NAA-GDP,0.054,1,10,,1,s1_p10_NAA-GDP_l9_r1,fcf8b4f93626e8cf9603afe70c3a614f6523366181d2f4df2620ee6efbb41bdb,3ea87f4a1b7b84a26ee106434a73c8c3b1666cf072e5654900cb743a0c6ff2ae,a12dcb1ba4e2a21b6a4474c284e3079c1b8e06dc282072a6d2d3a684bd02794b,1a980269c1778978c64462bf76cf00949cd95e29e33d5066107809299e5dec35,p5_10,celeba-three-workers-v1,
0.8097067039106145,,,186.62923454700103,988babfb79a4be0620cf47d259d4da35f8fc07573e92f83a2e388003c17759ba,0.8093195173793448,de125d04e78b221d9268ef4e9e1c30f5c2aabf852422fb12bb0d870272447993,2026-09-06T12:59:40.321382+00:00,1,6.545259923999765,False,500.0,0.021710794651517352,9,0.122,NAA-GDP,0.054,1,10,,2,s1_p10_NAA-GDP_l9_r2,fcf8b4f93626e8cf9603afe70c3a614f6523366181d2f4df2620ee6efbb41bdb,3ea87f4a1b7b84a26ee106434a73c8c3b1666cf072e5654900cb743a0c6ff2ae,a12dcb1ba4e2a21b6a4474c284e3079c1b8e06dc282072a6d2d3a684bd02794b,1a980269c1778978c64462bf76cf00949cd95e29e33d5066107809299e5dec35,p5_10,celeba-three-workers-v1,
0.818086592178771,,,186.61624297299932,988babfb79a4be0620cf47d259d4da35f8fc07573e92f83a2e388003c17759ba,0.8182866029007252,de125d04e78b221d9268ef4e9e1c30f5c2aabf852422fb12bb0d870272447993,2026-09-06T13:04:28.422486+00:00,1,3.664365851000184,False,500.0,0.02637116557164926,9,0.171,NAA-GDP,0.054,1,10,,3,s1_p10_NAA-GDP_l9_r3,fcf8b4f93626e8cf9603afe70c3a614f6523366181d2f4df2620ee6efbb41bdb,3ea87f4a1b7b84a26ee106434a73c8c3b1666cf072e5654900cb743a0c6ff2ae,a12dcb1ba4e2a21b6a4474c284e3079c1b8e06dc282072a6d2d3a684bd02794b,1a980269c1778978c64462bf76cf00949cd95e29e33d5066107809299e5dec35,p5_10,celeba-three-workers-v1,
0.8027234636871509,,,186.85990256699915,988babfb79a4be0620cf47d259d4da35f8fc07573e92f83a2e388003c17759ba,0.8031187484371092,de125d04e78b221d9268ef4e9e1c30f5c2aabf852422fb12bb0d870272447993,2026-09-06T13:09:17.568706+00:00,1,4.738431245001266,False,500.0,0.02448232463012579,10,0.15,NAA-GDP,0.06,1,10,,0,s1_p10_NAA-GDP_l10_r0,fcf8b4f93626e8cf9603afe70c3a614f6523366181d2f4df2620ee6efbb41bdb,3ea87f4a1b7b84a26ee106434a73c8c3b1666cf072e5654900cb743a0c6ff2ae,a12dcb1ba4e2a21b6a4474c284e3079c1b8e06dc282072a6d2d3a684bd02794b,1a980269c1778978c64462bf76cf00949cd95e29e33d5066107809299e5dec35,p5_10,celeba-three-workers-v1,
0.8062150837988827,,,186.8532832389992,988babfb79a4be0620cf47d259d4da35f8fc07573e92f83a2e388003c17759ba,0.8052755376344086,de125d04e78b221d9268ef4e9e1c30f5c2aabf852422fb12bb0d870272447993,2026-09-06T13:14:05.685743+00:00,1,3.5230815059985616,False,500.0,0.020728585122221917,10,0.076,NAA-GDP,0.06,1,10,,1,s1_p10_NAA-GDP_l10_r1,fcf8b4f93626e8cf9603afe70c3a614f6523366181d2f4df2620ee6efbb41bdb,3ea87f4a1b7b84a26ee106434a73c8c3b1666cf072e5654900cb743a0c6ff2ae,a12dcb1ba4e2a21b6a4474c284e3079c1b8e06dc282072a6d2d3a684bd02794b,1a980269c1778978c64462bf76cf00949cd95e29e33d5066107809299e5dec35,p5_10,celeba-three-workers-v1,
0.8177374301675978,,,186.86142658099925,988babfb79a4be0620cf47d259d4da35f8fc07573e92f83a2e388003c17759ba,0.8165557014253564,de125d04e78b221d9268ef4e9e1c30f5c2aabf852422fb12bb0d870272447993,2026-09-06T13:18:54.478079+00:00,1,4.449452324999584,False,500.0,0.030044119749148463,10,0.127,NAA-GDP,0.06,1,10,,2,s1_p10_NAA-GDP_l10_r2,fcf8b4f93626e8cf9603afe70c3a614f6523366181d2f4df2620ee6efbb41bdb,3ea87f4a1b7b84a26ee106434a73c8c3b1666cf072e5654900cb743a0c6ff2ae,a12dcb1ba4e2a21b6a4474c284e3079c1b8e06dc282072a6d2d3a684bd02794b,1a980269c1778978c64462bf76cf00949cd95e29e33d5066107809299e5dec35,p5_10,celeba-three-workers-v1,
0.8187849162011173,,,187.0505175110011,988babfb79a4be0620cf47d259d4da35f8fc07573e92f83a2e388003c17759ba,0.8164697424356089,de125d04e78b221d9268ef4e9e1c30f5c2aabf852422fb12bb0d870272447993,2026-09-06T13:23:42.852551+00:00,1,3.8197694789996604,False,500.0,0.026343802038295536,10,0.119,NAA-GDP,0.06,1,10,,3,s1_p10_NAA-GDP_l10_r3,fcf8b4f93626e8cf9603afe70c3a614f6523366181d2f4df2620ee6efbb41bdb,3ea87f4a1b7b84a26ee106434a73c8c3b1666cf072e5654900cb743a0c6ff2ae,a12dcb1ba4e2a21b6a4474c284e3079c1b8e06dc282072a6d2d3a684bd02794b,1a980269c1778978c64462bf76cf00949cd95e29e33d5066107809299e5dec35,p5_10,celeba-three-workers-v1,
0.8585893854748603,,,0.0,988babfb79a4be0620cf47d259d4da35f8fc07573e92f83a2e388003c17759ba,0.8570736434108528,de125d04e78b221d9268ef4e9e1c30f5c2aabf852422fb12bb0d870272447993,2026-09-06T13:23:47.215135+00:00,1,4.108930472999418,,,,1,0.572,C-GDP-private-noise,0.3,1,10,,0,s1_p10_C-GDP-private-noise_l1_r0,fcf8b4f93626e8cf9603afe70c3a614f6523366181d2f4df2620ee6efbb41bdb,3ea87f4a1b7b84a26ee106434a73c8c3b1666cf072e5654900cb743a0c6ff2ae,a12dcb1ba4e2a21b6a4474c284e3079c1b8e06dc282072a6d2d3a684bd02794b,1a980269c1778978c64462bf76cf00949cd95e29e33d5066107809299e5dec35,p5_10,celeba-three-workers-v1,
0.8659217877094972,,,0.0,988babfb79a4be0620cf47d259d4da35f8fc07573e92f83a2e388003c17759ba,0.8643488997249312,de125d04e78b221d9268ef4e9e1c30f5c2aabf852422fb12bb0d870272447993,2026-09-06T13:23:51.722325+00:00,1,4.261225538000872,,,,1,0.599,C-GDP-private-noise,0.3,1,10,,1,s1_p10_C-GDP-private-noise_l1_r1,fcf8b4f93626e8cf9603afe70c3a614f6523366181d2f4df2620ee6efbb41bdb,3ea87f4a1b7b84a26ee106434a73c8c3b1666cf072e5654900cb743a0c6ff2ae,a12dcb1ba4e2a21b6a4474c284e3079c1b8e06dc282072a6d2d3a684bd02794b,1a980269c1778978c64462bf76cf00949cd95e29e33d5066107809299e5dec35,p5_10,celeba-three-workers-v1,
0.8589385474860335,,,0.0,988babfb79a4be0620cf47d259d4da35f8fc07573e92f83a2e388003c17759ba,0.8575190672668167,de125d04e78b221d9268ef4e9e1c30f5c2aabf852422fb12bb0d870272447993,2026-09-06T13:23:56.851693+00:00,1,4.889538711999194,,,,1,0.609,C-GDP-private-noise,0.3,1,10,,2,s1_p10_C-GDP-private-noise_l1_r2,fcf8b4f93626e8cf9603afe70c3a614f6523366181d2f4df2620ee6efbb41bdb,3ea87f4a1b7b84a26ee106434a73c8c3b1666cf072e5654900cb743a0c6ff2ae,a12dcb1ba4e2a21b6a4474c284e3079c1b8e06dc282072a6d2d3a684bd02794b,1a980269c1778978c64462bf76cf00949cd95e29e33d5066107809299e5dec35,p5_10,celeba-three-workers-v1,
0.8575418994413407,,,0.0,988babfb79a4be0620cf47d259d4da35f8fc07573e92f83a2e388003c17759ba,0.8554638659664916,de125d04e78b221d9268ef4e9e1c30f5c2aabf852422fb12bb0d870272447993,2026-09-06T13:24:01.228557+00:00,1,4.137068658999851,,,,1,0.57,C-GDP-private-noise,0.3,1,10,,3,s1_p10_C-GDP-private-noise_l1_r3,fcf8b4f93626e8cf9603afe70c3a614f6523366181d2f4df2620ee6efbb41bdb,3ea87f4a1b7b84a26ee106434a73c8c3b1666cf072e5654900cb743a0c6ff2ae,a12dcb1ba4e2a21b6a4474c284e3079c1b8e06dc282072a6d2d3a684bd02794b,1a980269c1778978c64462bf76cf00949cd95e29e33d5066107809299e5dec35,p5_10,celeba-three-workers-v1,
0.8222765363128491,,,0.0,988babfb79a4be0620cf47d259d4da35f8fc07573e92f83a2e388003c17759ba,0.8212248374593649,de125d04e78b221d9268ef4e9e1c30f5c2aabf852422fb12bb0d870272447993,2026-09-06T13:24:04.600011+00:00,1,3.1237343689990666,,,,2,0.359,C-GDP-private-noise,0.6,1,10,,0,s1_p10_C-GDP-private-noise_l2_r0,fcf8b4f93626e8cf9603afe70c3a614f6523366181d2f4df2620ee6efbb41bdb,3ea87f4a1b7b84a26ee106434a73c8c3b1666cf072e5654900cb743a0c6ff2ae,a12dcb1ba4e2a21b6a4474c284e3079c1b8e06dc282072a6d2d3a684bd02794b,1a980269c1778978c64462bf76cf00949cd95e29e33d5066107809299e5dec35,p5_10,celeba-three-workers-v1,
0.8212290502793296,,,0.0,988babfb79a4be0620cf47d259d4da35f8fc07573e92f83a2e388003c17759ba,0.819259502375594,de125d04e78b221d9268ef4e9e1c30f5c2aabf852422fb12bb0d870272447993,2026-09-06T13:24:07.989214+00:00,1,3.146350799999709,,,,2,0.469,C-GDP-private-noise,0.6,1,10,,1,s1_p10_C-GDP-private-noise_l2_r1,fcf8b4f93626e8cf9603afe70c3a614f6523366181d2f4df2620ee6efbb41bdb,3ea87f4a1b7b84a26ee106434a73c8c3b1666cf072e5654900cb743a0c6ff2ae,a12dcb1ba4e2a21b6a4474c284e3079c1b8e06dc282072a6d2d3a684bd02794b,1a980269c1778978c64462bf76cf00949cd95e29e33d5066107809299e5dec35,p5_10,celeba-three-workers-v1,
0.8292597765363129,,,0.0,988babfb79a4be0620cf47d259d4da35f8fc07573e92f83a2e388003c17759ba,0.827234152288072,de125d04e78b221d9268ef4e9e1c30f5c2aabf852422fb12bb0d870272447993,2026-09-06T13:24:11.865802+00:00,1,3.6397708959993906,,,,2,0.404,C-GDP-private-noise,0.6,1,10,,2,s1_p10_C-GDP-private-noise_l2_r2,fcf8b4f93626e8cf9603afe70c3a614f6523366181d2f4df2620ee6efbb41bdb,3ea87f4a1b7b84a26ee106434a73c8c3b1666cf072e5654900cb743a0c6ff2ae,a12dcb1ba4e2a21b6a4474c284e3079c1b8e06dc282072a6d2d3a684bd02794b,1a980269c1778978c64462bf76cf00949cd95e29e33d5066107809299e5dec35,p5_10,celeba-three-workers-v1,
0.8205307262569832,,,0.0,988babfb79a4be0620cf47d259d4da35f8fc07573e92f83a2e388003c17759ba,0.8173019817454363,de125d04e78b221d9268ef4e9e1c30f5c2aabf852422fb12bb0d870272447993,2026-09-06T13:24:15.982406+00:00,1,3.8662767259993416,,,,2,0.332,C-GDP-private-noise,0.6,1,10,,3,s1_p10_C-GDP-private-noise_l2_r3,fcf8b4f93626e8cf9603afe70c3a614f6523366181d2f4df2620ee6efbb41bdb,3ea87f4a1b7b84a26ee106434a73c8c3b1666cf072e5654900cb743a0c6ff2ae,a12dcb1ba4e2a21b6a4474c284e3079c1b8e06dc282072a6d2d3a684bd02794b,1a980269c1778978c64462bf76cf00949cd95e29e33d5066107809299e5dec35,p5_10,celeba-three-workers-v1,
0.7824720670391061,,,0.0,988babfb79a4be0620cf47d259d4da35f8fc07573e92f83a2e388003c17759ba,0.7817696611652913,de125d04e78b221d9268ef4e9e1c30f5c2aabf852422fb12bb0d870272447993,2026-09-06T13:24:19.255842+00:00,1,3.035269616999358,,,,3,0.283,C-GDP-private-noise,0.9,1,10,,0,s1_p10_C-GDP-private-noise_l3_r0,fcf8b4f93626e8cf9603afe70c3a614f6523366181d2f4df2620ee6efbb41bdb,3ea87f4a1b7b84a26ee106434a73c8c3b1666cf072e5654900cb743a0c6ff2ae,a12dcb1ba4e2a21b6a4474c284e3079c1b8e06dc282072a6d2d3a684bd02794b,1a980269c1778978c64462bf76cf00949cd95e29e33d5066107809299e5dec35,p5_10,celeba-three-workers-v1,
0.7880586592178771,,,0.0,988babfb79a4be0620cf47d259d4da35f8fc07573e92f83a2e388003c17759ba,0.7857237746936734,de125d04e78b221d9268ef4e9e1c30f5c2aabf852422fb12bb0d870272447993,2026-09-06T13:24:23.545605+00:00,1,4.0456985240016365,,,,3,0.292,C-GDP-private-noise,0.9,1,10,,1,s1_p10_C-GDP-private-noise_l3_r1,fcf8b4f93626e8cf9603afe70c3a614f6523366181d2f4df2620ee6efbb41bdb,3ea87f4a1b7b84a26ee106434a73c8c3b1666cf072e5654900cb743a0c6ff2ae,a12dcb1ba4e2a21b6a4474c284e3079c1b8e06dc282072a6d2d3a684bd02794b,1a980269c1778978c64462bf76cf00949cd95e29e33d5066107809299e5dec35,p5_10,celeba-three-workers-v1,
0.7751396648044693,,,0.0,988babfb79a4be0620cf47d259d4da35f8fc07573e92f83a2e388003c17759ba,0.7749593648412103,de125d04e78b221d9268ef4e9e1c30f5c2aabf852422fb12bb0d870272447993,2026-09-06T13:24:26.709531+00:00,1,2.9218312930006505,,,,3,0.29,C-GDP-private-noise,0.9,1,10,,2,s1_p10_C-GDP-private-noise_l3_r2,fcf8b4f93626e8cf9603afe70c3a614f6523366181d2f4df2620ee6efbb41bdb,3ea87f4a1b7b84a26ee106434a73c8c3b1666cf072e5654900cb743a0c6ff2ae,a12dcb1ba4e2a21b6a4474c284e3079c1b8e06dc282072a6d2d3a684bd02794b,1a980269c1778978c64462bf76cf00949cd95e29e33d5066107809299e5dec35,p5_10,celeba-three-workers-v1,
0.7866620111731844,,,0.0,988babfb79a4be0620cf47d259d4da35f8fc07573e92f83a2e388003c17759ba,0.7879079144786196,de125d04e78b221d9268ef4e9e1c30f5c2aabf852422fb12bb0d870272447993,2026-09-06T13:24:29.535545+00:00,1,2.587629116000244,,,,3,0.277,C-GDP-private-noise,0.9,1,10,,3,s1_p10_C-GDP-private-noise_l3_r3,fcf8b4f93626e8cf9603afe70c3a614f6523366181d2f4df2620ee6efbb41bdb,3ea87f4a1b7b84a26ee106434a73c8c3b1666cf072e5654900cb743a0c6ff2ae,a12dcb1ba4e2a21b6a4474c284e3079c1b8e06dc282072a6d2d3a684bd02794b,1a980269c1778978c64462bf76cf00949cd95e29e33d5066107809299e5dec35,p5_10,celeba-three-workers-v1,
0.7566340782122905,,,0.0,988babfb79a4be0620cf47d259d4da35f8fc07573e92f83a2e388003c17759ba,0.7552083333333333,de125d04e78b221d9268ef4e9e1c30f5c2aabf852422fb12bb0d870272447993,2026-09-06T13:24:32.764840+00:00,1,2.9908347020009387,,,,4,0.192,C-GDP-private-noise,1.2,1,10,,0,s1_p10_C-GDP-private-noise_l4_r0,fcf8b4f93626e8cf9603afe70c3a614f6523366181d2f4df2620ee6efbb41bdb,3ea87f4a1b7b84a26ee106434a73c8c3b1666cf072e5654900cb743a0c6ff2ae,a12dcb1ba4e2a21b6a4474c284e3079c1b8e06dc282072a6d2d3a684bd02794b,1a980269c1778978c64462bf76cf00949cd95e29e33d5066107809299e5dec35,p5_10,celeba-three-workers-v1,
0.7538407821229051,,,0.0,988babfb79a4be0620cf47d259d4da35f8fc07573e92f83a2e388003c17759ba,0.753313328332083,de125d04e78b221d9268ef4e9e1c30f5c2aabf852422fb12bb0d870272447993,2026-09-06T13:24:35.775641+00:00,1,2.7710158890004095,,,,4,0.197,C-GDP-private-noise,1.2,1,10,,1,s1_p10_C-GDP-private-noise_l4_r1,fcf8b4f93626e8cf9603afe70c3a614f6523366181d2f4df2620ee6efbb41bdb,3ea87f4a1b7b84a26ee106434a73c8c3b1666cf072e5654900cb743a0c6ff2ae,a12dcb1ba4e2a21b6a4474c284e3079c1b8e06dc282072a6d2d3a684bd02794b,1a980269c1778978c64462bf76cf00949cd95e29e33d5066107809299e5dec35,p5_10,celeba-three-workers-v1,
0.75768156424581,,,0.0,988babfb79a4be0620cf47d259d4da35f8fc07573e92f83a2e388003c17759ba,0.7570916166541636,de125d04e78b221d9268ef4e9e1c30f5c2aabf852422fb12bb0d870272447993,2026-09-06T13:24:39.077673+00:00,1,3.0516858009996213,,,,4,0.149,C-GDP-private-noise,1.2,1,10,,2,s1_p10_C-GDP-private-noise_l4_r2,fcf8b4f93626e8cf9603afe70c3a614f6523366181d2f4df2620ee6efbb41bdb,3ea87f4a1b7b84a26ee106434a73c8c3b1666cf072e5654900cb743a0c6ff2ae,a12dcb1ba4e2a21b6a4474c284e3079c1b8e06dc282072a6d2d3a684bd02794b,1a980269c1778978c64462bf76cf00949cd95e29e33d5066107809299e5dec35,p5_10,celeba-three-workers-v1,
0.75768156424581,,,0.0,988babfb79a4be0620cf47d259d4da35f8fc07573e92f83a2e388003c17759ba,0.7547121155288823,de125d04e78b221d9268ef4e9e1c30f5c2aabf852422fb12bb0d870272447993,2026-09-06T13:24:41.467515+00:00,1,2.1497752089999267,,,,4,0.201,C-GDP-private-noise,1.2,1,10,,3,s1_p10_C-GDP-private-noise_l4_r3,fcf8b4f93626e8cf9603afe70c3a614f6523366181d2f4df2620ee6efbb41bdb,3ea87f4a1b7b84a26ee106434a73c8c3b1666cf072e5654900cb743a0c6ff2ae,a12dcb1ba4e2a21b6a4474c284e3079c1b8e06dc282072a6d2d3a684bd02794b,1a980269c1778978c64462bf76cf00949cd95e29e33d5066107809299e5dec35,p5_10,celeba-three-workers-v1,
0.7287011173184358,,,0.0,988babfb79a4be0620cf47d259d4da35f8fc07573e92f83a2e388003c17759ba,0.7300496999249813,de125d04e78b221d9268ef4e9e1c30f5c2aabf852422fb12bb0d870272447993,2026-09-06T13:24:43.940673+00:00,1,2.231913388999601,,,,5,0.181,C-GDP-private-noise,1.5,1,10,,0,s1_p10_C-GDP-private-noise_l5_r0,fcf8b4f93626e8cf9603afe70c3a614f6523366181d2f4df2620ee6efbb41bdb,3ea87f4a1b7b84a26ee106434a73c8c3b1666cf072e5654900cb743a0c6ff2ae,a12dcb1ba4e2a21b6a4474c284e3079c1b8e06dc282072a6d2d3a684bd02794b,1a980269c1778978c64462bf76cf00949cd95e29e33d5066107809299e5dec35,p5_10,celeba-three-workers-v1,
0.7360335195530726,,,0.0,988babfb79a4be0620cf47d259d4da35f8fc07573e92f83a2e388003c17759ba,0.7345625468867216,de125d04e78b221d9268ef4e9e1c30f5c2aabf852422fb12bb0d870272447993,2026-09-06T13:24:46.371168+00:00,1,2.169879368000693,,,,5,0.138,C-GDP-private-noise,1.5,1,10,,1,s1_p10_C-GDP-private-noise_l5_r1,fcf8b4f93626e8cf9603afe70c3a614f6523366181d2f4df2620ee6efbb41bdb,3ea87f4a1b7b84a26ee106434a73c8c3b1666cf072e5654900cb743a0c6ff2ae,a12dcb1ba4e2a21b6a4474c284e3079c1b8e06dc282072a6d2d3a684bd02794b,1a980269c1778978c64462bf76cf00949cd95e29e33d5066107809299e5dec35,p5_10,celeba-three-workers-v1,
0.729050279329609,,,0.0,988babfb79a4be0620cf47d259d4da35f8fc07573e92f83a2e388003c17759ba,0.7299754626156538,de125d04e78b221d9268ef4e9e1c30f5c2aabf852422fb12bb0d870272447993,2026-09-06T13:24:48.875257+00:00,1,2.2675150650011346,,,,5,0.181,C-GDP-private-noise,1.5,1,10,,2,s1_p10_C-GDP-private-noise_l5_r2,fcf8b4f93626e8cf9603afe70c3a614f6523366181d2f4df2620ee6efbb41bdb,3ea87f4a1b7b84a26ee106434a73c8c3b1666cf072e5654900cb743a0c6ff2ae,a12dcb1ba4e2a21b6a4474c284e3079c1b8e06dc282072a6d2d3a684bd02794b,1a980269c1778978c64462bf76cf00949cd95e29e33d5066107809299e5dec35,p5_10,celeba-three-workers-v1,
0.7321927374301676,,,0.0,988babfb79a4be0620cf47d259d4da35f8fc07573e92f83a2e388003c17759ba,0.7313312703175794,de125d04e78b221d9268ef4e9e1c30f5c2aabf852422fb12bb0d870272447993,2026-09-06T13:24:51.846907+00:00,1,2.7203101400009473,,,,5,0.22,C-GDP-private-noise,1.5,1,10,,3,s1_p10_C-GDP-private-noise_l5_r3,fcf8b4f93626e8cf9603afe70c3a614f6523366181d2f4df2620ee6efbb41bdb,3ea87f4a1b7b84a26ee106434a73c8c3b1666cf072e5654900cb743a0c6ff2ae,a12dcb1ba4e2a21b6a4474c284e3079c1b8e06dc282072a6d2d3a684bd02794b,1a980269c1778978c64462bf76cf00949cd95e29e33d5066107809299e5dec35,p5_10,celeba-three-workers-v1,
0.7129888268156425,,,0.0,988babfb79a4be0620cf47d259d4da35f8fc07573e92f83a2e388003c17759ba,0.7127680357589397,de125d04e78b221d9268ef4e9e1c30f5c2aabf852422fb12bb0d870272447993,2026-09-06T13:24:54.331485+00:00,1,2.2434529210004257,,,,6,0.139,C-GDP-private-noise,1.8,1,10,,0,s1_p10_C-GDP-private-noise_l6_r0,fcf8b4f93626e8cf9603afe70c3a614f6523366181d2f4df2620ee6efbb41bdb,3ea87f4a1b7b84a26ee106434a73c8c3b1666cf072e5654900cb743a0c6ff2ae,a12dcb1ba4e2a21b6a4474c284e3079c1b8e06dc282072a6d2d3a684bd02794b,1a980269c1778978c64462bf76cf00949cd95e29e33d5066107809299e5dec35,p5_10,celeba-three-workers-v1,
0.6955307262569832,,,0.0,988babfb79a4be0620cf47d259d4da35f8fc07573e92f83a2e388003c17759ba,0.6923566829207302,de125d04e78b221d9268ef4e9e1c30f5c2aabf852422fb12bb0d870272447993,2026-09-06T13:24:56.729480+00:00,1,2.138614060000691,,,,6,0.154,C-GDP-private-noise,1.8,1,10,,1,s1_p10_C-GDP-private-noise_l6_r1,fcf8b4f93626e8cf9603afe70c3a614f6523366181d2f4df2620ee6efbb41bdb,3ea87f4a1b7b84a26ee106434a73c8c3b1666cf072e5654900cb743a0c6ff2ae,a12dcb1ba4e2a21b6a4474c284e3079c1b8e06dc282072a6d2d3a684bd02794b,1a980269c1778978c64462bf76cf00949cd95e29e33d5066107809299e5dec35,p5_10,celeba-three-workers-v1,
0.7154329608938548,,,0.0,988babfb79a4be0620cf47d259d4da35f8fc07573e92f83a2e388003c17759ba,0.7167612215553888,de125d04e78b221d9268ef4e9e1c30f5c2aabf852422fb12bb0d870272447993,2026-09-06T13:24:59.240892+00:00,1,2.270719898999232,,,,6,0.202,C-GDP-private-noise,1.8,1,10,,2,s1_p10_C-GDP-private-noise_l6_r2,fcf8b4f93626e8cf9603afe70c3a614f6523366181d2f4df2620ee6efbb41bdb,3ea87f4a1b7b84a26ee106434a73c8c3b1666cf072e5654900cb743a0c6ff2ae,a12dcb1ba4e2a21b6a4474c284e3079c1b8e06dc282072a6d2d3a684bd02794b,1a980269c1778978c64462bf76cf00949cd95e29e33d5066107809299e5dec35,p5_10,celeba-three-workers-v1,
0.7035614525139665,,,0.0,988babfb79a4be0620cf47d259d4da35f8fc07573e92f83a2e388003c17759ba,0.7037228057014253,de125d04e78b221d9268ef4e9e1c30f5c2aabf852422fb12bb0d870272447993,2026-09-06T13:25:01.835296+00:00,1,2.355058764000205,,,,6,0.156,C-GDP-private-noise,1.8,1,10,,3,s1_p10_C-GDP-private-noise_l6_r3,fcf8b4f93626e8cf9603afe70c3a614f6523366181d2f4df2620ee6efbb41bdb,3ea87f4a1b7b84a26ee106434a73c8c3b1666cf072e5654900cb743a0c6ff2ae,a12dcb1ba4e2a21b6a4474c284e3079c1b8e06dc282072a6d2d3a684bd02794b,1a980269c1778978c64462bf76cf00949cd95e29e33d5066107809299e5dec35,p5_10,celeba-three-workers-v1,
0.678072625698324,,,0.0,988babfb79a4be0620cf47d259d4da35f8fc07573e92f83a2e388003c17759ba,0.678044511127782,de125d04e78b221d9268ef4e9e1c30f5c2aabf852422fb12bb0d870272447993,2026-09-06T13:25:03.945423+00:00,1,1.8554414709997218,,,,7,0.131,C-GDP-private-noise,2.1,1,10,,0,s1_p10_C-GDP-private-noise_l7_r0,fcf8b4f93626e8cf9603afe70c3a614f6523366181d2f4df2620ee6efbb41bdb,3ea87f4a1b7b84a26ee106434a73c8c3b1666cf072e5654900cb743a0c6ff2ae,a12dcb1ba4e2a21b6a4474c284e3079c1b8e06dc282072a6d2d3a684bd02794b,1a980269c1778978c64462bf76cf00949cd95e29e33d5066107809299e5dec35,p5_10,celeba-three-workers-v1,
0.6892458100558659,,,0.0,988babfb79a4be0620cf47d259d4da35f8fc07573e92f83a2e388003c17759ba,0.6884416416604151,de125d04e78b221d9268ef4e9e1c30f5c2aabf852422fb12bb0d870272447993,2026-09-06T13:25:06.353407+00:00,1,2.1702921750002133,,,,7,0.136,C-GDP-private-noise,2.1,1,10,,1,s1_p10_C-GDP-private-noise_l7_r1,fcf8b4f93626e8cf9603afe70c3a614f6523366181d2f4df2620ee6efbb41bdb,3ea87f4a1b7b84a26ee106434a73c8c3b1666cf072e5654900cb743a0c6ff2ae,a12dcb1ba4e2a21b6a4474c284e3079c1b8e06dc282072a6d2d3a684bd02794b,1a980269c1778978c64462bf76cf00949cd95e29e33d5066107809299e5dec35,p5_10,celeba-three-workers-v1,
0.6906424581005587,,,0.0,988babfb79a4be0620cf47d259d4da35f8fc07573e92f83a2e388003c17759ba,0.6922472805701425,de125d04e78b221d9268ef4e9e1c30f5c2aabf852422fb12bb0d870272447993,2026-09-06T13:25:08.797411+00:00,1,2.2051952839992737,,,,7,0.098,C-GDP-private-noise,2.1,1,10,,2,s1_p10_C-GDP-private-noise_l7_r2,fcf8b4f93626e8cf9603afe70c3a614f6523366181d2f4df2620ee6efbb41bdb,3ea87f4a1b7b84a26ee106434a73c8c3b1666cf072e5654900cb743a0c6ff2ae,a12dcb1ba4e2a21b6a4474c284e3079c1b8e06dc282072a6d2d3a684bd02794b,1a980269c1778978c64462bf76cf00949cd95e29e33d5066107809299e5dec35,p5_10,celeba-three-workers-v1,
0.6923882681564246,,,0.0,988babfb79a4be0620cf47d259d4da35f8fc07573e92f83a2e388003c17759ba,0.691821392848212,de125d04e78b221d9268ef4e9e1c30f5c2aabf852422fb12bb0d870272447993,2026-09-06T13:25:11.206187+00:00,1,2.1531443139992916,,,,7,0.158,C-GDP-private-noise,2.1,1,10,,3,s1_p10_C-GDP-private-noise_l7_r3,fcf8b4f93626e8cf9603afe70c3a614f6523366181d2f4df2620ee6efbb41bdb,3ea87f4a1b7b84a26ee106434a73c8c3b1666cf072e5654900cb743a0c6ff2ae,a12dcb1ba4e2a21b6a4474c284e3079c1b8e06dc282072a6d2d3a684bd02794b,1a980269c1778978c64462bf76cf00949cd95e29e33d5066107809299e5dec35,p5_10,celeba-three-workers-v1,
0.6689944134078212,,,0.0,988babfb79a4be0620cf47d259d4da35f8fc07573e92f83a2e388003c17759ba,0.6682959802450612,de125d04e78b221d9268ef4e9e1c30f5c2aabf852422fb12bb0d870272447993,2026-09-06T13:25:13.885333+00:00,1,2.4409800400007953,,,,8,0.13,C-GDP-private-noise,2.4,1,10,,0,s1_p10_C-GDP-private-noise_l8_r0,fcf8b4f93626e8cf9603afe70c3a614f6523366181d2f4df2620ee6efbb41bdb,3ea87f4a1b7b84a26ee106434a73c8c3b1666cf072e5654900cb743a0c6ff2ae,a12dcb1ba4e2a21b6a4474c284e3079c1b8e06dc282072a6d2d3a684bd02794b,1a980269c1778978c64462bf76cf00949cd95e29e33d5066107809299e5dec35,p5_10,celeba-three-workers-v1,
0.6777234636871509,,,0.0,988babfb79a4be0620cf47d259d4da35f8fc07573e92f83a2e388003c17759ba,0.6751922355588897,de125d04e78b221d9268ef4e9e1c30f5c2aabf852422fb12bb0d870272447993,2026-09-06T13:25:16.112295+00:00,1,1.9894224550007493,,,,8,0.133,C-GDP-private-noise,2.4,1,10,,1,s1_p10_C-GDP-private-noise_l8_r1,fcf8b4f93626e8cf9603afe70c3a614f6523366181d2f4df2620ee6efbb41bdb,3ea87f4a1b7b84a26ee106434a73c8c3b1666cf072e5654900cb743a0c6ff2ae,a12dcb1ba4e2a21b6a4474c284e3079c1b8e06dc282072a6d2d3a684bd02794b,1a980269c1778978c64462bf76cf00949cd95e29e33d5066107809299e5dec35,p5_10,celeba-three-workers-v1,
0.6707402234636871,,,0.0,988babfb79a4be0620cf47d259d4da35f8fc07573e92f83a2e388003c17759ba,0.6691008689672417,de125d04e78b221d9268ef4e9e1c30f5c2aabf852422fb12bb0d870272447993,2026-09-06T13:25:18.327030+00:00,1,1.9647697990003508,,,,8,0.084,C-GDP-private-noise,2.4,1,10,,2,s1_p10_C-GDP-private-noise_l8_r2,fcf8b4f93626e8cf9603afe70c3a614f6523366181d2f4df2620ee6efbb41bdb,3ea87f4a1b7b84a26ee106434a73c8c3b1666cf072e5654900cb743a0c6ff2ae,a12dcb1ba4e2a21b6a4474c284e3079c1b8e06dc282072a6d2d3a684bd02794b,1a980269c1778978c64462bf76cf00949cd95e29e33d5066107809299e5dec35,p5_10,celeba-three-workers-v1,
0.6766759776536313,,,0.0,988babfb79a4be0620cf47d259d4da35f8fc07573e92f83a2e388003c17759ba,0.6750320392598149,de125d04e78b221d9268ef4e9e1c30f5c2aabf852422fb12bb0d870272447993,2026-09-06T13:25:20.708685+00:00,1,2.127454713998304,,,,8,0.132,C-GDP-private-noise,2.4,1,10,,3,s1_p10_C-GDP-private-noise_l8_r3,fcf8b4f93626e8cf9603afe70c3a614f6523366181d2f4df2620ee6efbb41bdb,3ea87f4a1b7b84a26ee106434a73c8c3b1666cf072e5654900cb743a0c6ff2ae,a12dcb1ba4e2a21b6a4474c284e3079c1b8e06dc282072a6d2d3a684bd02794b,1a980269c1778978c64462bf76cf00949cd95e29e33d5066107809299e5dec35,p5_10,celeba-three-workers-v1,
0.660963687150838,,,0.0,988babfb79a4be0620cf47d259d4da35f8fc07573e92f83a2e388003c17759ba,0.6581332833208302,de125d04e78b221d9268ef4e9e1c30f5c2aabf852422fb12bb0d870272447993,2026-09-06T13:25:23.091963+00:00,1,2.1440982969998004,,,,9,0.136,C-GDP-private-noise,2.7,1,10,,0,s1_p10_C-GDP-private-noise_l9_r0,fcf8b4f93626e8cf9603afe70c3a614f6523366181d2f4df2620ee6efbb41bdb,3ea87f4a1b7b84a26ee106434a73c8c3b1666cf072e5654900cb743a0c6ff2ae,a12dcb1ba4e2a21b6a4474c284e3079c1b8e06dc282072a6d2d3a684bd02794b,1a980269c1778978c64462bf76cf00949cd95e29e33d5066107809299e5dec35,p5_10,celeba-three-workers-v1,
0.6599162011173184,,,0.0,988babfb79a4be0620cf47d259d4da35f8fc07573e92f83a2e388003c17759ba,0.66182951987997,de125d04e78b221d9268ef4e9e1c30f5c2aabf852422fb12bb0d870272447993,2026-09-06T13:25:25.375167+00:00,1,2.0278525670000818,,,,9,0.115,C-GDP-private-noise,2.7,1,10,,1,s1_p10_C-GDP-private-noise_l9_r1,fcf8b4f93626e8cf9603afe70c3a614f6523366181d2f4df2620ee6efbb41bdb,3ea87f4a1b7b84a26ee106434a73c8c3b1666cf072e5654900cb743a0c6ff2ae,a12dcb1ba4e2a21b6a4474c284e3079c1b8e06dc282072a6d2d3a684bd02794b,1a980269c1778978c64462bf76cf00949cd95e29e33d5066107809299e5dec35,p5_10,celeba-three-workers-v1,
0.6504888268156425,,,0.0,988babfb79a4be0620cf47d259d4da35f8fc07573e92f83a2e388003c17759ba,0.6511979557389347,de125d04e78b221d9268ef4e9e1c30f5c2aabf852422fb12bb0d870272447993,2026-09-06T13:25:27.820129+00:00,1,2.191256200998396,,,,9,0.135,C-GDP-private-noise,2.7,1,10,,2,s1_p10_C-GDP-private-noise_l9_r2,fcf8b4f93626e8cf9603afe70c3a614f6523366181d2f4df2620ee6efbb41bdb,3ea87f4a1b7b84a26ee106434a73c8c3b1666cf072e5654900cb743a0c6ff2ae,a12dcb1ba4e2a21b6a4474c284e3079c1b8e06dc282072a6d2d3a684bd02794b,1a980269c1778978c64462bf76cf00949cd95e29e33d5066107809299e5dec35,p5_10,celeba-three-workers-v1,
0.666550279329609,,,0.0,988babfb79a4be0620cf47d259d4da35f8fc07573e92f83a2e388003c17759ba,0.6641113403350838,de125d04e78b221d9268ef4e9e1c30f5c2aabf852422fb12bb0d870272447993,2026-09-06T13:25:30.025647+00:00,1,1.9654099700001098,,,,9,0.173,C-GDP-private-noise,2.7,1,10,,3,s1_p10_C-GDP-private-noise_l9_r3,fcf8b4f93626e8cf9603afe70c3a614f6523366181d2f4df2620ee6efbb41bdb,3ea87f4a1b7b84a26ee106434a73c8c3b1666cf072e5654900cb743a0c6ff2ae,a12dcb1ba4e2a21b6a4474c284e3079c1b8e06dc282072a6d2d3a684bd02794b,1a980269c1778978c64462bf76cf00949cd95e29e33d5066107809299e5dec35,p5_10,celeba-three-workers-v1,
0.640013966480447,,,0.0,988babfb79a4be0620cf47d259d4da35f8fc07573e92f83a2e388003c17759ba,0.6345531695423856,de125d04e78b221d9268ef4e9e1c30f5c2aabf852422fb12bb0d870272447993,2026-09-06T13:25:32.274197+00:00,1,1.9981218280008761,,,,10,0.113,C-GDP-private-noise,3.0,1,10,,0,s1_p10_C-GDP-private-noise_l10_r0,fcf8b4f93626e8cf9603afe70c3a614f6523366181d2f4df2620ee6efbb41bdb,3ea87f4a1b7b84a26ee106434a73c8c3b1666cf072e5654900cb743a0c6ff2ae,a12dcb1ba4e2a21b6a4474c284e3079c1b8e06dc282072a6d2d3a684bd02794b,1a980269c1778978c64462bf76cf00949cd95e29e33d5066107809299e5dec35,p5_10,celeba-three-workers-v1,
0.6490921787709497,,,0.0,988babfb79a4be0620cf47d259d4da35f8fc07573e92f83a2e388003c17759ba,0.649662415603901,de125d04e78b221d9268ef4e9e1c30f5c2aabf852422fb12bb0d870272447993,2026-09-06T13:25:34.626530+00:00,1,2.09889496300093,,,,10,0.127,C-GDP-private-noise,3.0,1,10,,1,s1_p10_C-GDP-private-noise_l10_r1,fcf8b4f93626e8cf9603afe70c3a614f6523366181d2f4df2620ee6efbb41bdb,3ea87f4a1b7b84a26ee106434a73c8c3b1666cf072e5654900cb743a0c6ff2ae,a12dcb1ba4e2a21b6a4474c284e3079c1b8e06dc282072a6d2d3a684bd02794b,1a980269c1778978c64462bf76cf00949cd95e29e33d5066107809299e5dec35,p5_10,celeba-three-workers-v1,
0.6330307262569832,,,0.0,988babfb79a4be0620cf47d259d4da35f8fc07573e92f83a2e388003c17759ba,0.6333849087271818,de125d04e78b221d9268ef4e9e1c30f5c2aabf852422fb12bb0d870272447993,2026-09-06T13:25:37.165962+00:00,1,2.2979643429989665,,,,10,0.109,C-GDP-private-noise,3.0,1,10,,2,s1_p10_C-GDP-private-noise_l10_r2,fcf8b4f93626e8cf9603afe70c3a614f6523366181d2f4df2620ee6efbb41bdb,3ea87f4a1b7b84a26ee106434a73c8c3b1666cf072e5654900cb743a0c6ff2ae,a12dcb1ba4e2a21b6a4474c284e3079c1b8e06dc282072a6d2d3a684bd02794b,1a980269c1778978c64462bf76cf00949cd95e29e33d5066107809299e5dec35,p5_10,celeba-three-workers-v1,
0.6546787709497207,,,0.0,988babfb79a4be0620cf47d259d4da35f8fc07573e92f83a2e388003c17759ba,0.6533977244311078,de125d04e78b221d9268ef4e9e1c30f5c2aabf852422fb12bb0d870272447993,2026-09-06T13:25:39.294827+00:00,1,1.8796133400010149,,,,10,0.101,C-GDP-private-noise,3.0,1,10,,3,s1_p10_C-GDP-private-noise_l10_r3,fcf8b4f93626e8cf9603afe70c3a614f6523366181d2f4df2620ee6efbb41bdb,3ea87f4a1b7b84a26ee106434a73c8c3b1666cf072e5654900cb743a0c6ff2ae,a12dcb1ba4e2a21b6a4474c284e3079c1b8e06dc282072a6d2d3a684bd02794b,1a980269c1778978c64462bf76cf00949cd95e29e33d5066107809299e5dec35,p5_10,celeba-three-workers-v1,
0.8696109358569927,,,0.0,988babfb79a4be0620cf47d259d4da35f8fc07573e92f83a2e388003c17759ba,0.8696941813261163,b743fe7228434906b9048ef7faf033fd6e5448453864a9c29b94ea2944f572a4,2026-09-06T13:26:00.159550+00:00,1,2.993143219000558,,,,0,0.74,C-GDP,0.0,2,10,,0,s2_p10_C-GDP_l0_r0,fcf8b4f93626e8cf9603afe70c3a614f6523366181d2f4df2620ee6efbb41bdb,3ea87f4a1b7b84a26ee106434a73c8c3b1666cf072e5654900cb743a0c6ff2ae,a12dcb1ba4e2a21b6a4474c284e3079c1b8e06dc282072a6d2d3a684bd02794b,1a980269c1778978c64462bf76cf00949cd95e29e33d5066107809299e5dec35,p5_10,celeba-three-workers-v1,
0.8296529968454258,,,0.0,988babfb79a4be0620cf47d259d4da35f8fc07573e92f83a2e388003c17759ba,0.8293546561692705,b743fe7228434906b9048ef7faf033fd6e5448453864a9c29b94ea2944f572a4,2026-09-06T13:26:04.627464+00:00,1,4.417041714999868,,,,0,,I-GDP,0.0,2,10,,0,s2_p10_I-GDP_l0_r0,fcf8b4f93626e8cf9603afe70c3a614f6523366181d2f4df2620ee6efbb41bdb,3ea87f4a1b7b84a26ee106434a73c8c3b1666cf072e5654900cb743a0c6ff2ae,a12dcb1ba4e2a21b6a4474c284e3079c1b8e06dc282072a6d2d3a684bd02794b,1a980269c1778978c64462bf76cf00949cd95e29e33d5066107809299e5dec35,p5_10,celeba-three-workers-v1,
0.8720644935155977,,,0.0,988babfb79a4be0620cf47d259d4da35f8fc07573e92f83a2e388003c17759ba,0.8723156599827777,b743fe7228434906b9048ef7faf033fd6e5448453864a9c29b94ea2944f572a4,2026-09-06T13:26:08.862941+00:00,1,4.101884223000525,,,,0,0.74,AA-GDP,0.0,2,10,,0,s2_p10_AA-GDP_l0_r0,fcf8b4f93626e8cf9603afe70c3a614f6523366181d2f4df2620ee6efbb41bdb,3ea87f4a1b7b84a26ee106434a73c8c3b1666cf072e5654900cb743a0c6ff2ae,a12dcb1ba4e2a21b6a4474c284e3079c1b8e06dc282072a6d2d3a684bd02794b,1a980269c1778978c64462bf76cf00949cd95e29e33d5066107809299e5dec35,p5_10,celeba-three-workers-v1,1.67933791872521e-10
0.8780231335436383,,,3.041359717999512,988babfb79a4be0620cf47d259d4da35f8fc07573e92f83a2e388003c17759ba,0.876292778939599,b743fe7228434906b9048ef7faf033fd6e5448453864a9c29b94ea2944f572a4,2026-09-06T13:26:21.708949+00:00,1,3.526030119999632,True,5.0,8.770564367729692e-09,1,0.67,NAA-GDP,0.006,2,10,,0,s2_p10_NAA-GDP_l1_r0,fcf8b4f93626e8cf9603afe70c3a614f6523366181d2f4df2620ee6efbb41bdb,3ea87f4a1b7b84a26ee106434a73c8c3b1666cf072e5654900cb743a0c6ff2ae,a12dcb1ba4e2a21b6a4474c284e3079c1b8e06dc282072a6d2d3a684bd02794b,1a980269c1778978c64462bf76cf00949cd95e29e33d5066107809299e5dec35,p5_10,celeba-three-workers-v1,
0.8738170347003155,,,3.017847836999863,988babfb79a4be0620cf47d259d4da35f8fc07573e92f83a2e388003c17759ba,0.8728667732808464,b743fe7228434906b9048ef7faf033fd6e5448453864a9c29b94ea2944f572a4,2026-09-06T13:26:34.451682+00:00,1,4.6947618840004,True,5.0,8.874201391483066e-09,1,0.618,NAA-GDP,0.006,2,10,,1,s2_p10_NAA-GDP_l1_r1,fcf8b4f93626e8cf9603afe70c3a614f6523366181d2f4df2620ee6efbb41bdb,3ea87f4a1b7b84a26ee106434a73c8c3b1666cf072e5654900cb743a0c6ff2ae,a12dcb1ba4e2a21b6a4474c284e3079c1b8e06dc282072a6d2d3a684bd02794b,1a980269c1778978c64462bf76cf00949cd95e29e33d5066107809299e5dec35,p5_10,celeba-three-workers-v1,
0.8727655099894848,,,3.0306275180009834,988babfb79a4be0620cf47d259d4da35f8fc07573e92f83a2e388003c17759ba,0.8726121294132119,b743fe7228434906b9048ef7faf033fd6e5448453864a9c29b94ea2944f572a4,2026-09-06T13:26:46.953308+00:00,1,4.019644674001029,True,5.0,8.801936153515367e-09,1,0.617,NAA-GDP,0.006,2,10,,2,s2_p10_NAA-GDP_l1_r2,fcf8b4f93626e8cf9603afe70c3a614f6523366181d2f4df2620ee6efbb41bdb,3ea87f4a1b7b84a26ee106434a73c8c3b1666cf072e5654900cb743a0c6ff2ae,a12dcb1ba4e2a21b6a4474c284e3079c1b8e06dc282072a6d2d3a684bd02794b,1a980269c1778978c64462bf76cf00949cd95e29e33d5066107809299e5dec35,p5_10,celeba-three-workers-v1,
0.8724150017525412,,,3.046900800000003,988babfb79a4be0620cf47d259d4da35f8fc07573e92f83a2e388003c17759ba,0.8721978103087711,b743fe7228434906b9048ef7faf033fd6e5448453864a9c29b94ea2944f572a4,2026-09-06T13:26:59.383488+00:00,1,4.796447478000118,True,5.0,8.639732228958454e-09,1,0.641,NAA-GDP,0.006,2,10,,3,s2_p10_NAA-GDP_l1_r3,fcf8b4f93626e8cf9603afe70c3a614f6523366181d2f4df2620ee6efbb41bdb,3ea87f4a1b7b84a26ee106434a73c8c3b1666cf072e5654900cb743a0c6ff2ae,a12dcb1ba4e2a21b6a4474c284e3079c1b8e06dc282072a6d2d3a684bd02794b,1a980269c1778978c64462bf76cf00949cd95e29e33d5066107809299e5dec35,p5_10,celeba-three-workers-v1,
0.8601472134595163,,,3.663920176000829,988babfb79a4be0620cf47d259d4da35f8fc07573e92f83a2e388003c17759ba,0.8590904170254643,b743fe7228434906b9048ef7faf033fd6e5448453864a9c29b94ea2944f572a4,2026-09-06T13:27:13.451122+00:00,1,4.872830617998261,True,7.0,5.708233062356203e-08,2,0.486,NAA-GDP,0.012,2,10,,0,s2_p10_NAA-GDP_l2_r0,fcf8b4f93626e8cf9603afe70c3a614f6523366181d2f4df2620ee6efbb41bdb,3ea87f4a1b7b84a26ee106434a73c8c3b1666cf072e5654900cb743a0c6ff2ae,a12dcb1ba4e2a21b6a4474c284e3079c1b8e06dc282072a6d2d3a684bd02794b,1a980269c1778978c64462bf76cf00949cd95e29e33d5066107809299e5dec35,p5_10,celeba-three-workers-v1,
0.8668068699614441,,,3.6577334940011497,988babfb79a4be0620cf47d259d4da35f8fc07573e92f83a2e388003c17759ba,0.8661008734161644,b743fe7228434906b9048ef7faf033fd6e5448453864a9c29b94ea2944f572a4,2026-09-06T13:27:25.879319+00:00,1,3.0128993239995907,True,7.0,5.585718096817527e-08,2,0.476,NAA-GDP,0.012,2,10,,1,s2_p10_NAA-GDP_l2_r1,fcf8b4f93626e8cf9603afe70c3a614f6523366181d2f4df2620ee6efbb41bdb,3ea87f4a1b7b84a26ee106434a73c8c3b1666cf072e5654900cb743a0c6ff2ae,a12dcb1ba4e2a21b6a4474c284e3079c1b8e06dc282072a6d2d3a684bd02794b,1a980269c1778978c64462bf76cf00949cd95e29e33d5066107809299e5dec35,p5_10,celeba-three-workers-v1,
0.8678583946722748,,,3.6510963559994707,988babfb79a4be0620cf47d259d4da35f8fc07573e92f83a2e388003c17759ba,0.8670143929142575,b743fe7228434906b9048ef7faf033fd6e5448453864a9c29b94ea2944f572a4,2026-09-06T13:27:39.274976+00:00,1,4.949709937998705,True,7.0,5.662424344900087e-08,2,0.491,NAA-GDP,0.012,2,10,,2,s2_p10_NAA-GDP_l2_r2,fcf8b4f93626e8cf9603afe70c3a614f6523366181d2f4df2620ee6efbb41bdb,3ea87f4a1b7b84a26ee106434a73c8c3b1666cf072e5654900cb743a0c6ff2ae,a12dcb1ba4e2a21b6a4474c284e3079c1b8e06dc282072a6d2d3a684bd02794b,1a980269c1778978c64462bf76cf00949cd95e29e33d5066107809299e5dec35,p5_10,celeba-three-workers-v1,
0.8692604276200491,,,3.6860820329984563,988babfb79a4be0620cf47d259d4da35f8fc07573e92f83a2e388003c17759ba,0.8680127937015623,b743fe7228434906b9048ef7faf033fd6e5448453864a9c29b94ea2944f572a4,2026-09-06T13:27:52.179747+00:00,1,3.7157296940004017,True,7.0,5.667236748149063e-08,2,0.485,NAA-GDP,0.012,2,10,,3,s2_p10_NAA-GDP_l2_r3,fcf8b4f93626e8cf9603afe70c3a614f6523366181d2f4df2620ee6efbb41bdb,3ea87f4a1b7b84a26ee106434a73c8c3b1666cf072e5654900cb743a0c6ff2ae,a12dcb1ba4e2a21b6a4474c284e3079c1b8e06dc282072a6d2d3a684bd02794b,1a980269c1778978c64462bf76cf00949cd95e29e33d5066107809299e5dec35,p5_10,celeba-three-workers-v1,
0.8671573781983877,,,5.110932243000207,988babfb79a4be0620cf47d259d4da35f8fc07573e92f83a2e388003c17759ba,0.8668192889654325,b743fe7228434906b9048ef7faf033fd6e5448453864a9c29b94ea2944f572a4,2026-09-06T13:28:06.563117+00:00,1,3.4210095339985855,True,11.0,2.0885445717881765e-08,3,0.327,NAA-GDP,0.018,2,10,,0,s2_p10_NAA-GDP_l3_r0,fcf8b4f93626e8cf9603afe70c3a614f6523366181d2f4df2620ee6efbb41bdb,3ea87f4a1b7b84a26ee106434a73c8c3b1666cf072e5654900cb743a0c6ff2ae,a12dcb1ba4e2a21b6a4474c284e3079c1b8e06dc282072a6d2d3a684bd02794b,1a980269c1778978c64462bf76cf00949cd95e29e33d5066107809299e5dec35,p5_10,celeba-three-workers-v1,
0.8615492464072906,,,5.139512010000544,988babfb79a4be0620cf47d259d4da35f8fc07573e92f83a2e388003c17759ba,0.8606970107024234,b743fe7228434906b9048ef7faf033fd6e5448453864a9c29b94ea2944f572a4,2026-09-06T13:28:23.180862+00:00,1,4.848404063999624,True,11.0,2.0738735928441475e-08,3,0.283,NAA-GDP,0.018,2,10,,1,s2_p10_NAA-GDP_l3_r1,fcf8b4f93626e8cf9603afe70c3a614f6523366181d2f4df2620ee6efbb41bdb,3ea87f4a1b7b84a26ee106434a73c8c3b1666cf072e5654900cb743a0c6ff2ae,a12dcb1ba4e2a21b6a4474c284e3079c1b8e06dc282072a6d2d3a684bd02794b,1a980269c1778978c64462bf76cf00949cd95e29e33d5066107809299e5dec35,p5_10,celeba-three-workers-v1,
0.8545390816684192,,,5.129677860000811,988babfb79a4be0620cf47d259d4da35f8fc07573e92f83a2e388003c17759ba,0.8549447656538319,b743fe7228434906b9048ef7faf033fd6e5448453864a9c29b94ea2944f572a4,2026-09-06T13:28:37.253619+00:00,1,2.9262049959997967,True,11.0,2.0878999140438686e-08,3,0.336,NAA-GDP,0.018,2,10,,2,s2_p10_NAA-GDP_l3_r2,fcf8b4f93626e8cf9603afe70c3a614f6523366181d2f4df2620ee6efbb41bdb,3ea87f4a1b7b84a26ee106434a73c8c3b1666cf072e5654900cb743a0c6ff2ae,a12dcb1ba4e2a21b6a4474c284e3079c1b8e06dc282072a6d2d3a684bd02794b,1a980269c1778978c64462bf76cf00949cd95e29e33d5066107809299e5dec35,p5_10,celeba-three-workers-v1,
0.8689099193831055,,,5.133506123000188,988babfb79a4be0620cf47d259d4da35f8fc07573e92f83a2e388003c17759ba,0.8677251814491327,b743fe7228434906b9048ef7faf033fd6e5448453864a9c29b94ea2944f572a4,2026-09-06T13:28:52.731413+00:00,1,3.576308321000397,True,11.0,2.112773405207187e-08,3,0.315,NAA-GDP,0.018,2,10,,3,s2_p10_NAA-GDP_l3_r3,fcf8b4f93626e8cf9603afe70c3a614f6523366181d2f4df2620ee6efbb41bdb,3ea87f4a1b7b84a26ee106434a73c8c3b1666cf072e5654900cb743a0c6ff2ae,a12dcb1ba4e2a21b6a4474c284e3079c1b8e06dc282072a6d2d3a684bd02794b,1a980269c1778978c64462bf76cf00949cd95e29e33d5066107809299e5dec35,p5_10,celeba-three-workers-v1,
0.8401682439537329,,,6.972110360000443,988babfb79a4be0620cf47d259d4da35f8fc07573e92f83a2e388003c17759ba,0.8406945503751999,b743fe7228434906b9048ef7faf033fd6e5448453864a9c29b94ea2944f572a4,2026-09-06T13:29:11.661968+00:00,1,4.381204024999533,True,16.0,5.8057383292495917e-08,4,0.251,NAA-GDP,0.024,2,10,,0,s2_p10_NAA-GDP_l4_r0,fcf8b4f93626e8cf9603afe70c3a614f6523366181d2f4df2620ee6efbb41bdb,3ea87f4a1b7b84a26ee106434a73c8c3b1666cf072e5654900cb743a0c6ff2ae,a12dcb1ba4e2a21b6a4474c284e3079c1b8e06dc282072a6d2d3a684bd02794b,1a980269c1778978c64462bf76cf00949cd95e29e33d5066107809299e5dec35,p5_10,celeba-three-workers-v1,
0.8618997546442342,,,6.951737116000004,988babfb79a4be0620cf47d259d4da35f8fc07573e92f83a2e388003c17759ba,0.8609339402140485,b743fe7228434906b9048ef7faf033fd6e5448453864a9c29b94ea2944f572a4,2026-09-06T13:29:30.059228+00:00,1,3.7392828230003943,True,16.0,5.798623419620203e-08,4,0.268,NAA-GDP,0.024,2,10,,1,s2_p10_NAA-GDP_l4_r1,fcf8b4f93626e8cf9603afe70c3a614f6523366181d2f4df2620ee6efbb41bdb,3ea87f4a1b7b84a26ee106434a73c8c3b1666cf072e5654900cb743a0c6ff2ae,a12dcb1ba4e2a21b6a4474c284e3079c1b8e06dc282072a6d2d3a684bd02794b,1a980269c1778978c64462bf76cf00949cd95e29e33d5066107809299e5dec35,p5_10,celeba-three-workers-v1,
0.8510339992989835,,,6.927328151999973,988babfb79a4be0620cf47d259d4da35f8fc07573e92f83a2e388003c17759ba,0.8496358715709189,b743fe7228434906b9048ef7faf033fd6e5448453864a9c29b94ea2944f572a4,2026-09-06T13:29:49.480312+00:00,1,3.498432024000067,True,16.0,5.771954323153482e-08,4,0.255,NAA-GDP,0.024,2,10,,2,s2_p10_NAA-GDP_l4_r2,fcf8b4f93626e8cf9603afe70c3a614f6523366181d2f4df2620ee6efbb41bdb,3ea87f4a1b7b84a26ee106434a73c8c3b1666cf072e5654900cb743a0c6ff2ae,a12dcb1ba4e2a21b6a4474c284e3079c1b8e06dc282072a6d2d3a684bd02794b,1a980269c1778978c64462bf76cf00949cd95e29e33d5066107809299e5dec35,p5_10,celeba-three-workers-v1,
0.8538380651945321,,,6.954281887999969,988babfb79a4be0620cf47d259d4da35f8fc07573e92f83a2e388003c17759ba,0.8524435969984008,b743fe7228434906b9048ef7faf033fd6e5448453864a9c29b94ea2944f572a4,2026-09-06T13:30:07.713796+00:00,1,3.296525641999324,True,16.0,5.7560691783300904e-08,4,0.286,NAA-GDP,0.024,2,10,,3,s2_p10_NAA-GDP_l4_r3,fcf8b4f93626e8cf9603afe70c3a614f6523366181d2f4df2620ee6efbb41bdb,3ea87f4a1b7b84a26ee106434a73c8c3b1666cf072e5654900cb743a0c6ff2ae,a12dcb1ba4e2a21b6a4474c284e3079c1b8e06dc282072a6d2d3a684bd02794b,1a980269c1778978c64462bf76cf00949cd95e29e33d5066107809299e5dec35,p5_10,celeba-three-workers-v1,
0.8520855240098142,,,10.917373254000267,988babfb79a4be0620cf47d259d4da35f8fc07573e92f83a2e388003c17759ba,0.8511322425882643,b743fe7228434906b9048ef7faf033fd6e5448453864a9c29b94ea2944f572a4,2026-09-06T13:30:35.618444+00:00,1,3.4451122380014567,True,27.0,9.613926523053e-08,5,0.249,NAA-GDP,0.03,2,10,,0,s2_p10_NAA-GDP_l5_r0,fcf8b4f93626e8cf9603afe70c3a614f6523366181d2f4df2620ee6efbb41bdb,3ea87f4a1b7b84a26ee106434a73c8c3b1666cf072e5654900cb743a0c6ff2ae,a12dcb1ba4e2a21b6a4474c284e3079c1b8e06dc282072a6d2d3a684bd02794b,1a980269c1778978c64462bf76cf00949cd95e29e33d5066107809299e5dec35,p5_10,celeba-three-workers-v1,
0.8468279004556607,,,11.002669449000678,988babfb79a4be0620cf47d259d4da35f8fc07573e92f83a2e388003c17759ba,0.8465393037273958,b743fe7228434906b9048ef7faf033fd6e5448453864a9c29b94ea2944f572a4,2026-09-06T13:31:04.484000+00:00,1,3.448384156999964,True,27.0,9.387568369943905e-08,5,0.212,NAA-GDP,0.03,2,10,,1,s2_p10_NAA-GDP_l5_r1,fcf8b4f93626e8cf9603afe70c3a614f6523366181d2f4df2620ee6efbb41bdb,3ea87f4a1b7b84a26ee106434a73c8c3b1666cf072e5654900cb743a0c6ff2ae,a12dcb1ba4e2a21b6a4474c284e3079c1b8e06dc282072a6d2d3a684bd02794b,1a980269c1778978c64462bf76cf00949cd95e29e33d5066107809299e5dec35,p5_10,celeba-three-workers-v1,
0.8538380651945321,,,11.301943593000033,988babfb79a4be0620cf47d259d4da35f8fc07573e92f83a2e388003c17759ba,0.8521901832943781,b743fe7228434906b9048ef7faf033fd6e5448453864a9c29b94ea2944f572a4,2026-09-06T13:31:31.992394+00:00,1,3.152266711998891,True,28.0,5.820837771632044e-08,5,0.233,NAA-GDP,0.03,2,10,,2,s2_p10_NAA-GDP_l5_r2,fcf8b4f93626e8cf9603afe70c3a614f6523366181d2f4df2620ee6efbb41bdb,3ea87f4a1b7b84a26ee106434a73c8c3b1666cf072e5654900cb743a0c6ff2ae,a12dcb1ba4e2a21b6a4474c284e3079c1b8e06dc282072a6d2d3a684bd02794b,1a980269c1778978c64462bf76cf00949cd95e29e33d5066107809299e5dec35,p5_10,celeba-three-workers-v1,
0.8534875569575885,,,10.982731179001348,988babfb79a4be0620cf47d259d4da35f8fc07573e92f83a2e388003c17759ba,0.8520292778939599,b743fe7228434906b9048ef7faf033fd6e5448453864a9c29b94ea2944f572a4,2026-09-06T13:32:00.989154+00:00,1,4.4248707850001665,True,27.0,9.863053362160456e-08,5,0.222,NAA-GDP,0.03,2,10,,3,s2_p10_NAA-GDP_l5_r3,fcf8b4f93626e8cf9603afe70c3a614f6523366181d2f4df2620ee6efbb41bdb,3ea87f4a1b7b84a26ee106434a73c8c3b1666cf072e5654900cb743a0c6ff2ae,a12dcb1ba4e2a21b6a4474c284e3079c1b8e06dc282072a6d2d3a684bd02794b,1a980269c1778978c64462bf76cf00949cd95e29e33d5066107809299e5dec35,p5_10,celeba-three-workers-v1,
0.8380651945320715,,,26.80699380199985,988babfb79a4be0620cf47d259d4da35f8fc07573e92f83a2e388003c17759ba,0.8379045393037274,b743fe7228434906b9048ef7faf033fd6e5448453864a9c29b94ea2944f572a4,2026-09-06T13:34:08.470806+00:00,1,3.5308695969997643,True,70.0,9.085450196024809e-08,6,0.148,NAA-GDP,0.036,2,10,,0,s2_p10_NAA-GDP_l6_r0,fcf8b4f93626e8cf9603afe70c3a614f6523366181d2f4df2620ee6efbb41bdb,3ea87f4a1b7b84a26ee106434a73c8c3b1666cf072e5654900cb743a0c6ff2ae,a12dcb1ba4e2a21b6a4474c284e3079c1b8e06dc282072a6d2d3a684bd02794b,1a980269c1778978c64462bf76cf00949cd95e29e33d5066107809299e5dec35,p5_10,celeba-three-workers-v1,
0.8499824745881528,,,26.106814448001387,988babfb79a4be0620cf47d259d4da35f8fc07573e92f83a2e388003c17759ba,0.8494065690736867,b743fe7228434906b9048ef7faf033fd6e5448453864a9c29b94ea2944f572a4,2026-09-06T13:36:15.606568+00:00,1,4.107929699001033,True,68.0,9.211934671727838e-08,6,0.214,NAA-GDP,0.036,2,10,,1,s2_p10_NAA-GDP_l6_r1,fcf8b4f93626e8cf9603afe70c3a614f6523366181d2f4df2620ee6efbb41bdb,3ea87f4a1b7b84a26ee106434a73c8c3b1666cf072e5654900cb743a0c6ff2ae,a12dcb1ba4e2a21b6a4474c284e3079c1b8e06dc282072a6d2d3a684bd02794b,1a980269c1778978c64462bf76cf00949cd95e29e33d5066107809299e5dec35,p5_10,celeba-three-workers-v1,
0.8380651945320715,,,27.23168213400095,988babfb79a4be0620cf47d259d4da35f8fc07573e92f83a2e388003c17759ba,0.8364347398203962,b743fe7228434906b9048ef7faf033fd6e5448453864a9c29b94ea2944f572a4,2026-09-06T13:38:22.822887+00:00,1,3.263741417998972,True,71.0,8.164073834739889e-08,6,0.178,NAA-GDP,0.036,2,10,,2,s2_p10_NAA-GDP_l6_r2,fcf8b4f93626e8cf9603afe70c3a614f6523366181d2f4df2620ee6efbb41bdb,3ea87f4a1b7b84a26ee106434a73c8c3b1666cf072e5654900cb743a0c6ff2ae,a12dcb1ba4e2a21b6a4474c284e3079c1b8e06dc282072a6d2d3a684bd02794b,1a980269c1778978c64462bf76cf00949cd95e29e33d5066107809299e5dec35,p5_10,celeba-three-workers-v1,
0.8363126533473537,,,25.690683816001183,988babfb79a4be0620cf47d259d4da35f8fc07573e92f83a2e388003c17759ba,0.8363904539303728,b743fe7228434906b9048ef7faf033fd6e5448453864a9c29b94ea2944f572a4,2026-09-06T13:40:28.938541+00:00,1,4.278345934999379,True,67.0,9.881378138029524e-08,6,0.206,NAA-GDP,0.036,2,10,,3,s2_p10_NAA-GDP_l6_r3,fcf8b4f93626e8cf9603afe70c3a614f6523366181d2f4df2620ee6efbb41bdb,3ea87f4a1b7b84a26ee106434a73c8c3b1666cf072e5654900cb743a0c6ff2ae,a12dcb1ba4e2a21b6a4474c284e3079c1b8e06dc282072a6d2d3a684bd02794b,1a980269c1778978c64462bf76cf00949cd95e29e33d5066107809299e5dec35,p5_10,celeba-three-workers-v1,
0.8282509638976516,,,185.84834408700044,988babfb79a4be0620cf47d259d4da35f8fc07573e92f83a2e388003c17759ba,0.8284576208635748,b743fe7228434906b9048ef7faf033fd6e5448453864a9c29b94ea2944f572a4,2026-09-06T13:45:14.651158+00:00,1,2.9805179459999636,False,500.0,0.0065511198077982755,7,0.178,NAA-GDP,0.042,2,10,,0,s2_p10_NAA-GDP_l7_r0,fcf8b4f93626e8cf9603afe70c3a614f6523366181d2f4df2620ee6efbb41bdb,3ea87f4a1b7b84a26ee106434a73c8c3b1666cf072e5654900cb743a0c6ff2ae,a12dcb1ba4e2a21b6a4474c284e3079c1b8e06dc282072a6d2d3a684bd02794b,1a980269c1778978c64462bf76cf00949cd95e29e33d5066107809299e5dec35,p5_10,celeba-three-workers-v1,
0.8419207851384507,,,185.83007307200023,988babfb79a4be0620cf47d259d4da35f8fc07573e92f83a2e388003c17759ba,0.8409669085988436,b743fe7228434906b9048ef7faf033fd6e5448453864a9c29b94ea2944f572a4,2026-09-06T13:50:00.949326+00:00,1,3.5536864580008114,False,500.0,0.01544008560932051,7,0.163,NAA-GDP,0.042,2,10,,1,s2_p10_NAA-GDP_l7_r1,fcf8b4f93626e8cf9603afe70c3a614f6523366181d2f4df2620ee6efbb41bdb,3ea87f4a1b7b84a26ee106434a73c8c3b1666cf072e5654900cb743a0c6ff2ae,a12dcb1ba4e2a21b6a4474c284e3079c1b8e06dc282072a6d2d3a684bd02794b,1a980269c1778978c64462bf76cf00949cd95e29e33d5066107809299e5dec35,p5_10,celeba-three-workers-v1,
0.8205397826848931,,,185.8210270089985,988babfb79a4be0620cf47d259d4da35f8fc07573e92f83a2e388003c17759ba,0.8206856931971953,b743fe7228434906b9048ef7faf033fd6e5448453864a9c29b94ea2944f572a4,2026-09-06T13:54:47.832625+00:00,1,4.373130732999925,False,500.0,0.016176337359422477,7,0.182,NAA-GDP,0.042,2,10,,2,s2_p10_NAA-GDP_l7_r2,fcf8b4f93626e8cf9603afe70c3a614f6523366181d2f4df2620ee6efbb41bdb,3ea87f4a1b7b84a26ee106434a73c8c3b1666cf072e5654900cb743a0c6ff2ae,a12dcb1ba4e2a21b6a4474c284e3079c1b8e06dc282072a6d2d3a684bd02794b,1a980269c1778978c64462bf76cf00949cd95e29e33d5066107809299e5dec35,p5_10,celeba-three-workers-v1,
0.8257974062390466,,,185.89171908199933,988babfb79a4be0620cf47d259d4da35f8fc07573e92f83a2e388003c17759ba,0.8260895559109361,b743fe7228434906b9048ef7faf033fd6e5448453864a9c29b94ea2944f572a4,2026-09-06T13:59:38.124061+00:00,1,6.790679916999579,False,500.0,0.005776809257910007,7,0.193,NAA-GDP,0.042,2,10,,3,s2_p10_NAA-GDP_l7_r3,fcf8b4f93626e8cf9603afe70c3a614f6523366181d2f4df2620ee6efbb41bdb,3ea87f4a1b7b84a26ee106434a73c8c3b1666cf072e5654900cb743a0c6ff2ae,a12dcb1ba4e2a21b6a4474c284e3079c1b8e06dc282072a6d2d3a684bd02794b,1a980269c1778978c64462bf76cf00949cd95e29e33d5066107809299e5dec35,p5_10,celeba-three-workers-v1,
0.8212407991587802,,,186.21520471000076,988babfb79a4be0620cf47d259d4da35f8fc07573e92f83a2e388003c17759ba,0.8206273834419977,b743fe7228434906b9048ef7faf033fd6e5448453864a9c29b94ea2944f572a4,2026-09-06T14:04:26.556860+00:00,1,5.454247954001403,False,500.0,0.025258485921043832,8,0.154,NAA-GDP,0.048,2,10,,0,s2_p10_NAA-GDP_l8_r0,fcf8b4f93626e8cf9603afe70c3a614f6523366181d2f4df2620ee6efbb41bdb,3ea87f4a1b7b84a26ee106434a73c8c3b1666cf072e5654900cb743a0c6ff2ae,a12dcb1ba4e2a21b6a4474c284e3079c1b8e06dc282072a6d2d3a684bd02794b,1a980269c1778978c64462bf76cf00949cd95e29e33d5066107809299e5dec35,p5_10,celeba-three-workers-v1,
0.8131791097090781,,,186.32890172099906,988babfb79a4be0620cf47d259d4da35f8fc07573e92f83a2e388003c17759ba,0.8140883257473244,b743fe7228434906b9048ef7faf033fd6e5448453864a9c29b94ea2944f572a4,2026-09-06T14:09:13.934969+00:00,1,3.275820971999565,False,500.0,0.026334282210640558,8,0.125,NAA-GDP,0.048,2,10,,1,s2_p10_NAA-GDP_l8_r1,fcf8b4f93626e8cf9603afe70c3a614f6523366181d2f4df2620ee6efbb41bdb,3ea87f4a1b7b84a26ee106434a73c8c3b1666cf072e5654900cb743a0c6ff2ae,a12dcb1ba4e2a21b6a4474c284e3079c1b8e06dc282072a6d2d3a684bd02794b,1a980269c1778978c64462bf76cf00949cd95e29e33d5066107809299e5dec35,p5_10,celeba-three-workers-v1,
0.8275499474237644,,,186.17688627799907,988babfb79a4be0620cf47d259d4da35f8fc07573e92f83a2e388003c17759ba,0.8266153278386026,b743fe7228434906b9048ef7faf033fd6e5448453864a9c29b94ea2944f572a4,2026-09-06T14:14:01.618171+00:00,1,4.481662901000163,False,500.0,0.024270089308272486,8,0.157,NAA-GDP,0.048,2,10,,2,s2_p10_NAA-GDP_l8_r2,fcf8b4f93626e8cf9603afe70c3a614f6523366181d2f4df2620ee6efbb41bdb,3ea87f4a1b7b84a26ee106434a73c8c3b1666cf072e5654900cb743a0c6ff2ae,a12dcb1ba4e2a21b6a4474c284e3079c1b8e06dc282072a6d2d3a684bd02794b,1a980269c1778978c64462bf76cf00949cd95e29e33d5066107809299e5dec35,p5_10,celeba-three-workers-v1,
0.8331580792148615,,,186.24246771800063,988babfb79a4be0620cf47d259d4da35f8fc07573e92f83a2e388003c17759ba,0.8319266822487391,b743fe7228434906b9048ef7faf033fd6e5448453864a9c29b94ea2944f572a4,2026-09-06T14:18:50.943663+00:00,1,5.268161501999202,False,500.0,0.020573337982464454,8,0.131,NAA-GDP,0.048,2,10,,3,s2_p10_NAA-GDP_l8_r3,fcf8b4f93626e8cf9603afe70c3a614f6523366181d2f4df2620ee6efbb41bdb,3ea87f4a1b7b84a26ee106434a73c8c3b1666cf072e5654900cb743a0c6ff2ae,a12dcb1ba4e2a21b6a4474c284e3079c1b8e06dc282072a6d2d3a684bd02794b,1a980269c1778978c64462bf76cf00949cd95e29e33d5066107809299e5dec35,p5_10,celeba-three-workers-v1,
0.827900455660708,,,186.78737111099872,988babfb79a4be0620cf47d259d4da35f8fc07573e92f83a2e388003c17759ba,0.8277138639439046,b743fe7228434906b9048ef7faf033fd6e5448453864a9c29b94ea2944f572a4,2026-09-06T14:23:39.731884+00:00,1,4.507951502999276,False,500.0,0.02354651476432739,9,0.129,NAA-GDP,0.054,2,10,,0,s2_p10_NAA-GDP_l9_r0,fcf8b4f93626e8cf9603afe70c3a614f6523366181d2f4df2620ee6efbb41bdb,3ea87f4a1b7b84a26ee106434a73c8c3b1666cf072e5654900cb743a0c6ff2ae,a12dcb1ba4e2a21b6a4474c284e3079c1b8e06dc282072a6d2d3a684bd02794b,1a980269c1778978c64462bf76cf00949cd95e29e33d5066107809299e5dec35,p5_10,celeba-three-workers-v1,
0.8187872415001752,,,186.4952794389992,988babfb79a4be0620cf47d259d4da35f8fc07573e92f83a2e388003c17759ba,0.818056587526141,b743fe7228434906b9048ef7faf033fd6e5448453864a9c29b94ea2944f572a4,2026-09-06T14:28:27.564564+00:00,1,3.966306254000301,False,500.0,0.026899846125273096,9,0.111,NAA-GDP,0.054,2,10,,1,s2_p10_NAA-GDP_l9_r1,fcf8b4f93626e8cf9603afe70c3a614f6523366181d2f4df2620ee6efbb41bdb,3ea87f4a1b7b84a26ee106434a73c8c3b1666cf072e5654900cb743a0c6ff2ae,a12dcb1ba4e2a21b6a4474c284e3079c1b8e06dc282072a6d2d3a684bd02794b,1a980269c1778978c64462bf76cf00949cd95e29e33d5066107809299e5dec35,p5_10,celeba-three-workers-v1,
0.8184367332632316,,,186.65533019699978,988babfb79a4be0620cf47d259d4da35f8fc07573e92f83a2e388003c17759ba,0.8194415057202609,b743fe7228434906b9048ef7faf033fd6e5448453864a9c29b94ea2944f572a4,2026-09-06T14:33:18.701111+00:00,1,6.069753588999447,False,500.0,0.021750312259989166,9,0.149,NAA-GDP,0.054,2,10,,2,s2_p10_NAA-GDP_l9_r2,fcf8b4f93626e8cf9603afe70c3a614f6523366181d2f4df2620ee6efbb41bdb,3ea87f4a1b7b84a26ee106434a73c8c3b1666cf072e5654900cb743a0c6ff2ae,a12dcb1ba4e2a21b6a4474c284e3079c1b8e06dc282072a6d2d3a684bd02794b,1a980269c1778978c64462bf76cf00949cd95e29e33d5066107809299e5dec35,p5_10,celeba-three-workers-v1,
0.8307045215562566,,,186.56387680399894,988babfb79a4be0620cf47d259d4da35f8fc07573e92f83a2e388003c17759ba,0.8302174929265592,b743fe7228434906b9048ef7faf033fd6e5448453864a9c29b94ea2944f572a4,2026-09-06T14:38:07.677866+00:00,1,5.220893632000298,False,500.0,0.018166219063219392,9,0.135,NAA-GDP,0.054,2,10,,3,s2_p10_NAA-GDP_l9_r3,fcf8b4f93626e8cf9603afe70c3a614f6523366181d2f4df2620ee6efbb41bdb,3ea87f4a1b7b84a26ee106434a73c8c3b1666cf072e5654900cb743a0c6ff2ae,a12dcb1ba4e2a21b6a4474c284e3079c1b8e06dc282072a6d2d3a684bd02794b,1a980269c1778978c64462bf76cf00949cd95e29e33d5066107809299e5dec35,p5_10,celeba-three-workers-v1,
0.8194882579740624,,,186.70497505999992,988babfb79a4be0620cf47d259d4da35f8fc07573e92f83a2e388003c17759ba,0.8187585188830114,b743fe7228434906b9048ef7faf033fd6e5448453864a9c29b94ea2944f572a4,2026-09-06T14:42:55.742504+00:00,1,4.383831512001052,False,500.0,0.0266279583769295,10,0.114,NAA-GDP,0.06,2,10,,0,s2_p10_NAA-GDP_l10_r0,fcf8b4f93626e8cf9603afe70c3a614f6523366181d2f4df2620ee6efbb41bdb,3ea87f4a1b7b84a26ee106434a73c8c3b1666cf072e5654900cb743a0c6ff2ae,a12dcb1ba4e2a21b6a4474c284e3079c1b8e06dc282072a6d2d3a684bd02794b,1a980269c1778978c64462bf76cf00949cd95e29e33d5066107809299e5dec35,p5_10,celeba-three-workers-v1,
0.827900455660708,,,186.83679477199985,988babfb79a4be0620cf47d259d4da35f8fc07573e92f83a2e388003c17759ba,0.8276885225735022,b743fe7228434906b9048ef7faf033fd6e5448453864a9c29b94ea2944f572a4,2026-09-06T14:47:45.096787+00:00,1,4.6863392340001155,False,500.0,0.021681686987044348,10,0.105,NAA-GDP,0.06,2,10,,1,s2_p10_NAA-GDP_l10_r1,fcf8b4f93626e8cf9603afe70c3a614f6523366181d2f4df2620ee6efbb41bdb,3ea87f4a1b7b84a26ee106434a73c8c3b1666cf072e5654900cb743a0c6ff2ae,a12dcb1ba4e2a21b6a4474c284e3079c1b8e06dc282072a6d2d3a684bd02794b,1a980269c1778978c64462bf76cf00949cd95e29e33d5066107809299e5dec35,p5_10,celeba-three-workers-v1,
0.8191377497371188,,,186.86508906999916,988babfb79a4be0620cf47d259d4da35f8fc07573e92f83a2e388003c17759ba,0.8198646820027063,b743fe7228434906b9048ef7faf033fd6e5448453864a9c29b94ea2944f572a4,2026-09-06T14:52:35.247663+00:00,1,5.473243115000514,False,500.0,0.025625181056131128,10,0.098,NAA-GDP,0.06,2,10,,2,s2_p10_NAA-GDP_l10_r2,fcf8b4f93626e8cf9603afe70c3a614f6523366181d2f4df2620ee6efbb41bdb,3ea87f4a1b7b84a26ee106434a73c8c3b1666cf072e5654900cb743a0c6ff2ae,a12dcb1ba4e2a21b6a4474c284e3079c1b8e06dc282072a6d2d3a684bd02794b,1a980269c1778978c64462bf76cf00949cd95e29e33d5066107809299e5dec35,p5_10,celeba-three-workers-v1,
0.812478093235191,,,186.99327986699973,988babfb79a4be0620cf47d259d4da35f8fc07573e92f83a2e388003c17759ba,0.8128288842416042,b743fe7228434906b9048ef7faf033fd6e5448453864a9c29b94ea2944f572a4,2026-09-06T14:57:24.089277+00:00,1,4.239854725999976,False,500.0,0.027547415787259638,10,0.115,NAA-GDP,0.06,2,10,,3,s2_p10_NAA-GDP_l10_r3,fcf8b4f93626e8cf9603afe70c3a614f6523366181d2f4df2620ee6efbb41bdb,3ea87f4a1b7b84a26ee106434a73c8c3b1666cf072e5654900cb743a0c6ff2ae,a12dcb1ba4e2a21b6a4474c284e3079c1b8e06dc282072a6d2d3a684bd02794b,1a980269c1778978c64462bf76cf00949cd95e29e33d5066107809299e5dec35,p5_10,celeba-three-workers-v1,
0.8489309498773221,,,0.0,988babfb79a4be0620cf47d259d4da35f8fc07573e92f83a2e388003c17759ba,0.8485944150572027,b743fe7228434906b9048ef7faf033fd6e5448453864a9c29b94ea2944f572a4,2026-09-06T14:57:26.689987+00:00,1,2.3478859169990756,,,,1,0.602,C-GDP-private-noise,0.3,2,10,,0,s2_p10_C-GDP-private-noise_l1_r0,fcf8b4f93626e8cf9603afe70c3a614f6523366181d2f4df2620ee6efbb41bdb,3ea87f4a1b7b84a26ee106434a73c8c3b1666cf072e5654900cb743a0c6ff2ae,a12dcb1ba4e2a21b6a4474c284e3079c1b8e06dc282072a6d2d3a684bd02794b,1a980269c1778978c64462bf76cf00949cd95e29e33d5066107809299e5dec35,p5_10,celeba-three-workers-v1,
0.8513845075359271,,,0.0,988babfb79a4be0620cf47d259d4da35f8fc07573e92f83a2e388003c17759ba,0.8511145282322549,b743fe7228434906b9048ef7faf033fd6e5448453864a9c29b94ea2944f572a4,2026-09-06T14:57:31.624555+00:00,1,4.692418570000882,,,,1,0.534,C-GDP-private-noise,0.3,2,10,,1,s2_p10_C-GDP-private-noise_l1_r1,fcf8b4f93626e8cf9603afe70c3a614f6523366181d2f4df2620ee6efbb41bdb,3ea87f4a1b7b84a26ee106434a73c8c3b1666cf072e5654900cb743a0c6ff2ae,a12dcb1ba4e2a21b6a4474c284e3079c1b8e06dc282072a6d2d3a684bd02794b,1a980269c1778978c64462bf76cf00949cd95e29e33d5066107809299e5dec35,p5_10,celeba-three-workers-v1,
0.8541885734314757,,,0.0,988babfb79a4be0620cf47d259d4da35f8fc07573e92f83a2e388003c17759ba,0.85384622954853,b743fe7228434906b9048ef7faf033fd6e5448453864a9c29b94ea2944f572a4,2026-09-06T14:57:34.964456+00:00,1,3.083232910999868,,,,1,0.651,C-GDP-private-noise,0.3,2,10,,2,s2_p10_C-GDP-private-noise_l1_r2,fcf8b4f93626e8cf9603afe70c3a614f6523366181d2f4df2620ee6efbb41bdb,3ea87f4a1b7b84a26ee106434a73c8c3b1666cf072e5654900cb743a0c6ff2ae,a12dcb1ba4e2a21b6a4474c284e3079c1b8e06dc282072a6d2d3a684bd02794b,1a980269c1778978c64462bf76cf00949cd95e29e33d5066107809299e5dec35,p5_10,celeba-three-workers-v1,
0.8552400981423064,,,0.0,988babfb79a4be0620cf47d259d4da35f8fc07573e92f83a2e388003c17759ba,0.8552919178250707,b743fe7228434906b9048ef7faf033fd6e5448453864a9c29b94ea2944f572a4,2026-09-06T14:57:37.884899+00:00,1,2.6530484499999147,,,,1,0.553,C-GDP-private-noise,0.3,2,10,,3,s2_p10_C-GDP-private-noise_l1_r3,fcf8b4f93626e8cf9603afe70c3a614f6523366181d2f4df2620ee6efbb41bdb,3ea87f4a1b7b84a26ee106434a73c8c3b1666cf072e5654900cb743a0c6ff2ae,a12dcb1ba4e2a21b6a4474c284e3079c1b8e06dc282072a6d2d3a684bd02794b,1a980269c1778978c64462bf76cf00949cd95e29e33d5066107809299e5dec35,p5_10,celeba-three-workers-v1,
0.8243953732912723,,,0.0,988babfb79a4be0620cf47d259d4da35f8fc07573e92f83a2e388003c17759ba,0.8231652109730594,b743fe7228434906b9048ef7faf033fd6e5448453864a9c29b94ea2944f572a4,2026-09-06T14:57:41.936498+00:00,1,3.813737679998667,,,,2,0.404,C-GDP-private-noise,0.6,2,10,,0,s2_p10_C-GDP-private-noise_l2_r0,fcf8b4f93626e8cf9603afe70c3a614f6523366181d2f4df2620ee6efbb41bdb,3ea87f4a1b7b84a26ee106434a73c8c3b1666cf072e5654900cb743a0c6ff2ae,a12dcb1ba4e2a21b6a4474c284e3079c1b8e06dc282072a6d2d3a684bd02794b,1a980269c1778978c64462bf76cf00949cd95e29e33d5066107809299e5dec35,p5_10,celeba-three-workers-v1,
0.8233438485804416,,,0.0,988babfb79a4be0620cf47d259d4da35f8fc07573e92f83a2e388003c17759ba,0.8232400049206545,b743fe7228434906b9048ef7faf033fd6e5448453864a9c29b94ea2944f572a4,2026-09-06T14:57:44.737823+00:00,1,2.5626827870000852,,,,2,0.444,C-GDP-private-noise,0.6,2,10,,1,s2_p10_C-GDP-private-noise_l2_r1,fcf8b4f93626e8cf9603afe70c3a614f6523366181d2f4df2620ee6efbb41bdb,3ea87f4a1b7b84a26ee106434a73c8c3b1666cf072e5654900cb743a0c6ff2ae,a12dcb1ba4e2a21b6a4474c284e3079c1b8e06dc282072a6d2d3a684bd02794b,1a980269c1778978c64462bf76cf00949cd95e29e33d5066107809299e5dec35,p5_10,celeba-three-workers-v1,
0.8226428321065545,,,0.0,988babfb79a4be0620cf47d259d4da35f8fc07573e92f83a2e388003c17759ba,0.8208908844876368,b743fe7228434906b9048ef7faf033fd6e5448453864a9c29b94ea2944f572a4,2026-09-06T14:57:47.905203+00:00,1,2.883520592999048,,,,2,0.378,C-GDP-private-noise,0.6,2,10,,2,s2_p10_C-GDP-private-noise_l2_r2,fcf8b4f93626e8cf9603afe70c3a614f6523366181d2f4df2620ee6efbb41bdb,3ea87f4a1b7b84a26ee106434a73c8c3b1666cf072e5654900cb743a0c6ff2ae,a12dcb1ba4e2a21b6a4474c284e3079c1b8e06dc282072a6d2d3a684bd02794b,1a980269c1778978c64462bf76cf00949cd95e29e33d5066107809299e5dec35,p5_10,celeba-three-workers-v1,
0.8219418156326673,,,0.0,988babfb79a4be0620cf47d259d4da35f8fc07573e92f83a2e388003c17759ba,0.8210759010948456,b743fe7228434906b9048ef7faf033fd6e5448453864a9c29b94ea2944f572a4,2026-09-06T14:57:50.873244+00:00,1,2.7305668860008154,,,,2,0.42,C-GDP-private-noise,0.6,2,10,,3,s2_p10_C-GDP-private-noise_l2_r3,fcf8b4f93626e8cf9603afe70c3a614f6523366181d2f4df2620ee6efbb41bdb,3ea87f4a1b7b84a26ee106434a73c8c3b1666cf072e5654900cb743a0c6ff2ae,a12dcb1ba4e2a21b6a4474c284e3079c1b8e06dc282072a6d2d3a684bd02794b,1a980269c1778978c64462bf76cf00949cd95e29e33d5066107809299e5dec35,p5_10,celeba-three-workers-v1,
0.7946021731510691,,,0.0,988babfb79a4be0620cf47d259d4da35f8fc07573e92f83a2e388003c17759ba,0.7940046746217246,b743fe7228434906b9048ef7faf033fd6e5448453864a9c29b94ea2944f572a4,2026-09-06T14:57:54.555455+00:00,1,3.4438335919985548,,,,3,0.287,C-GDP-private-noise,0.9,2,10,,0,s2_p10_C-GDP-private-noise_l3_r0,fcf8b4f93626e8cf9603afe70c3a614f6523366181d2f4df2620ee6efbb41bdb,3ea87f4a1b7b84a26ee106434a73c8c3b1666cf072e5654900cb743a0c6ff2ae,a12dcb1ba4e2a21b6a4474c284e3079c1b8e06dc282072a6d2d3a684bd02794b,1a980269c1778978c64462bf76cf00949cd95e29e33d5066107809299e5dec35,p5_10,celeba-three-workers-v1,
0.7974062390466176,,,0.0,988babfb79a4be0620cf47d259d4da35f8fc07573e92f83a2e388003c17759ba,0.7970911551236315,b743fe7228434906b9048ef7faf033fd6e5448453864a9c29b94ea2944f572a4,2026-09-06T14:57:58.295092+00:00,1,3.4683603329995094,,,,3,0.317,C-GDP-private-noise,0.9,2,10,,1,s2_p10_C-GDP-private-noise_l3_r1,fcf8b4f93626e8cf9603afe70c3a614f6523366181d2f4df2620ee6efbb41bdb,3ea87f4a1b7b84a26ee106434a73c8c3b1666cf072e5654900cb743a0c6ff2ae,a12dcb1ba4e2a21b6a4474c284e3079c1b8e06dc282072a6d2d3a684bd02794b,1a980269c1778978c64462bf76cf00949cd95e29e33d5066107809299e5dec35,p5_10,celeba-three-workers-v1,
0.7893445495969156,,,0.0,988babfb79a4be0620cf47d259d4da35f8fc07573e92f83a2e388003c17759ba,0.7892343461680403,b743fe7228434906b9048ef7faf033fd6e5448453864a9c29b94ea2944f572a4,2026-09-06T14:58:01.163975+00:00,1,2.5858657490007317,,,,3,0.254,C-GDP-private-noise,0.9,2,10,,2,s2_p10_C-GDP-private-noise_l3_r2,fcf8b4f93626e8cf9603afe70c3a614f6523366181d2f4df2620ee6efbb41bdb,3ea87f4a1b7b84a26ee106434a73c8c3b1666cf072e5654900cb743a0c6ff2ae,a12dcb1ba4e2a21b6a4474c284e3079c1b8e06dc282072a6d2d3a684bd02794b,1a980269c1778978c64462bf76cf00949cd95e29e33d5066107809299e5dec35,p5_10,celeba-three-workers-v1,
0.7928496319663512,,,0.0,988babfb79a4be0620cf47d259d4da35f8fc07573e92f83a2e388003c17759ba,0.7918317136179112,b743fe7228434906b9048ef7faf033fd6e5448453864a9c29b94ea2944f572a4,2026-09-06T14:58:03.981170+00:00,1,2.5708835440000257,,,,3,0.273,C-GDP-private-noise,0.9,2,10,,3,s2_p10_C-GDP-private-noise_l3_r3,fcf8b4f93626e8cf9603afe70c3a614f6523366181d2f4df2620ee6efbb41bdb,3ea87f4a1b7b84a26ee106434a73c8c3b1666cf072e5654900cb743a0c6ff2ae,a12dcb1ba4e2a21b6a4474c284e3079c1b8e06dc282072a6d2d3a684bd02794b,1a980269c1778978c64462bf76cf00949cd95e29e33d5066107809299e5dec35,p5_10,celeba-three-workers-v1,
0.7648089730108657,,,0.0,988babfb79a4be0620cf47d259d4da35f8fc07573e92f83a2e388003c17759ba,0.7637544593430926,b743fe7228434906b9048ef7faf033fd6e5448453864a9c29b94ea2944f572a4,2026-09-06T14:58:06.654614+00:00,1,2.416460341999482,,,,4,0.225,C-GDP-private-noise,1.2,2,10,,0,s2_p10_C-GDP-private-noise_l4_r0,fcf8b4f93626e8cf9603afe70c3a614f6523366181d2f4df2620ee6efbb41bdb,3ea87f4a1b7b84a26ee106434a73c8c3b1666cf072e5654900cb743a0c6ff2ae,a12dcb1ba4e2a21b6a4474c284e3079c1b8e06dc282072a6d2d3a684bd02794b,1a980269c1778978c64462bf76cf00949cd95e29e33d5066107809299e5dec35,p5_10,celeba-three-workers-v1,
0.7609533824044865,,,0.0,988babfb79a4be0620cf47d259d4da35f8fc07573e92f83a2e388003c17759ba,0.7598304834542995,b743fe7228434906b9048ef7faf033fd6e5448453864a9c29b94ea2944f572a4,2026-09-06T14:58:09.245362+00:00,1,2.3536337340010505,,,,4,0.175,C-GDP-private-noise,1.2,2,10,,1,s2_p10_C-GDP-private-noise_l4_r1,fcf8b4f93626e8cf9603afe70c3a614f6523366181d2f4df2620ee6efbb41bdb,3ea87f4a1b7b84a26ee106434a73c8c3b1666cf072e5654900cb743a0c6ff2ae,a12dcb1ba4e2a21b6a4474c284e3079c1b8e06dc282072a6d2d3a684bd02794b,1a980269c1778978c64462bf76cf00949cd95e29e33d5066107809299e5dec35,p5_10,celeba-three-workers-v1,
0.7486855941114616,,,0.0,988babfb79a4be0620cf47d259d4da35f8fc07573e92f83a2e388003c17759ba,0.7480155000615082,b743fe7228434906b9048ef7faf033fd6e5448453864a9c29b94ea2944f572a4,2026-09-06T14:58:12.866843+00:00,1,3.361613937000584,,,,4,0.268,C-GDP-private-noise,1.2,2,10,,2,s2_p10_C-GDP-private-noise_l4_r2,fcf8b4f93626e8cf9603afe70c3a614f6523366181d2f4df2620ee6efbb41bdb,3ea87f4a1b7b84a26ee106434a73c8c3b1666cf072e5654900cb743a0c6ff2ae,a12dcb1ba4e2a21b6a4474c284e3079c1b8e06dc282072a6d2d3a684bd02794b,1a980269c1778978c64462bf76cf00949cd95e29e33d5066107809299e5dec35,p5_10,celeba-three-workers-v1,
0.7588503329828251,,,0.0,988babfb79a4be0620cf47d259d4da35f8fc07573e92f83a2e388003c17759ba,0.7576486652724812,b743fe7228434906b9048ef7faf033fd6e5448453864a9c29b94ea2944f572a4,2026-09-06T14:58:15.790960+00:00,1,2.6730451679995895,,,,4,0.24,C-GDP-private-noise,1.2,2,10,,3,s2_p10_C-GDP-private-noise_l4_r3,fcf8b4f93626e8cf9603afe70c3a614f6523366181d2f4df2620ee6efbb41bdb,3ea87f4a1b7b84a26ee106434a73c8c3b1666cf072e5654900cb743a0c6ff2ae,a12dcb1ba4e2a21b6a4474c284e3079c1b8e06dc282072a6d2d3a684bd02794b,1a980269c1778978c64462bf76cf00949cd95e29e33d5066107809299e5dec35,p5_10,celeba-three-workers-v1,
0.7385208552400981,,,0.0,988babfb79a4be0620cf47d259d4da35f8fc07573e92f83a2e388003c17759ba,0.7366591216631813,b743fe7228434906b9048ef7faf033fd6e5448453864a9c29b94ea2944f572a4,2026-09-06T14:58:18.320411+00:00,1,2.276668158998291,,,,5,0.197,C-GDP-private-noise,1.5,2,10,,0,s2_p10_C-GDP-private-noise_l5_r0,fcf8b4f93626e8cf9603afe70c3a614f6523366181d2f4df2620ee6efbb41bdb,3ea87f4a1b7b84a26ee106434a73c8c3b1666cf072e5654900cb743a0c6ff2ae,a12dcb1ba4e2a21b6a4474c284e3079c1b8e06dc282072a6d2d3a684bd02794b,1a980269c1778978c64462bf76cf00949cd95e29e33d5066107809299e5dec35,p5_10,celeba-three-workers-v1,
0.7357167893445496,,,0.0,988babfb79a4be0620cf47d259d4da35f8fc07573e92f83a2e388003c17759ba,0.7333192274572518,b743fe7228434906b9048ef7faf033fd6e5448453864a9c29b94ea2944f572a4,2026-09-06T14:58:20.889994+00:00,1,2.3282230279983196,,,,5,0.18,C-GDP-private-noise,1.5,2,10,,1,s2_p10_C-GDP-private-noise_l5_r1,fcf8b4f93626e8cf9603afe70c3a614f6523366181d2f4df2620ee6efbb41bdb,3ea87f4a1b7b84a26ee106434a73c8c3b1666cf072e5654900cb743a0c6ff2ae,a12dcb1ba4e2a21b6a4474c284e3079c1b8e06dc282072a6d2d3a684bd02794b,1a980269c1778978c64462bf76cf00949cd95e29e33d5066107809299e5dec35,p5_10,celeba-three-workers-v1,
0.7234490010515248,,,0.0,988babfb79a4be0620cf47d259d4da35f8fc07573e92f83a2e388003c17759ba,0.7225178988805512,b743fe7228434906b9048ef7faf033fd6e5448453864a9c29b94ea2944f572a4,2026-09-06T14:58:24.035544+00:00,1,2.8839571709995653,,,,5,0.168,C-GDP-private-noise,1.5,2,10,,2,s2_p10_C-GDP-private-noise_l5_r2,fcf8b4f93626e8cf9603afe70c3a614f6523366181d2f4df2620ee6efbb41bdb,3ea87f4a1b7b84a26ee106434a73c8c3b1666cf072e5654900cb743a0c6ff2ae,a12dcb1ba4e2a21b6a4474c284e3079c1b8e06dc282072a6d2d3a684bd02794b,1a980269c1778978c64462bf76cf00949cd95e29e33d5066107809299e5dec35,p5_10,celeba-three-workers-v1,
0.7185418857343148,,,0.0,988babfb79a4be0620cf47d259d4da35f8fc07573e92f83a2e388003c17759ba,0.7214055849427974,b743fe7228434906b9048ef7faf033fd6e5448453864a9c29b94ea2944f572a4,2026-09-06T14:58:26.849264+00:00,1,2.557323360999362,,,,5,0.185,C-GDP-private-noise,1.5,2,10,,3,s2_p10_C-GDP-private-noise_l5_r3,fcf8b4f93626e8cf9603afe70c3a614f6523366181d2f4df2620ee6efbb41bdb,3ea87f4a1b7b84a26ee106434a73c8c3b1666cf072e5654900cb743a0c6ff2ae,a12dcb1ba4e2a21b6a4474c284e3079c1b8e06dc282072a6d2d3a684bd02794b,1a980269c1778978c64462bf76cf00949cd95e29e33d5066107809299e5dec35,p5_10,celeba-three-workers-v1,
0.7129337539432177,,,0.0,988babfb79a4be0620cf47d259d4da35f8fc07573e92f83a2e388003c17759ba,0.7114821011194489,b743fe7228434906b9048ef7faf033fd6e5448453864a9c29b94ea2944f572a4,2026-09-06T14:58:29.274673+00:00,1,2.1872454320000543,,,,6,0.173,C-GDP-private-noise,1.8,2,10,,0,s2_p10_C-GDP-private-noise_l6_r0,fcf8b4f93626e8cf9603afe70c3a614f6523366181d2f4df2620ee6efbb41bdb,3ea87f4a1b7b84a26ee106434a73c8c3b1666cf072e5654900cb743a0c6ff2ae,a12dcb1ba4e2a21b6a4474c284e3079c1b8e06dc282072a6d2d3a684bd02794b,1a980269c1778978c64462bf76cf00949cd95e29e33d5066107809299e5dec35,p5_10,celeba-three-workers-v1,
0.7020679985979671,,,0.0,988babfb79a4be0620cf47d259d4da35f8fc07573e92f83a2e388003c17759ba,0.7000826669947102,b743fe7228434906b9048ef7faf033fd6e5448453864a9c29b94ea2944f572a4,2026-09-06T14:58:31.892559+00:00,1,2.362320249001641,,,,6,0.168,C-GDP-private-noise,1.8,2,10,,1,s2_p10_C-GDP-private-noise_l6_r1,fcf8b4f93626e8cf9603afe70c3a614f6523366181d2f4df2620ee6efbb41bdb,3ea87f4a1b7b84a26ee106434a73c8c3b1666cf072e5654900cb743a0c6ff2ae,a12dcb1ba4e2a21b6a4474c284e3079c1b8e06dc282072a6d2d3a684bd02794b,1a980269c1778978c64462bf76cf00949cd95e29e33d5066107809299e5dec35,p5_10,celeba-three-workers-v1,
0.7164388363126534,,,0.0,988babfb79a4be0620cf47d259d4da35f8fc07573e92f83a2e388003c17759ba,0.7131925206052405,b743fe7228434906b9048ef7faf033fd6e5448453864a9c29b94ea2944f572a4,2026-09-06T14:58:34.555170+00:00,1,2.406557566999254,,,,6,0.173,C-GDP-private-noise,1.8,2,10,,2,s2_p10_C-GDP-private-noise_l6_r2,fcf8b4f93626e8cf9603afe70c3a614f6523366181d2f4df2620ee6efbb41bdb,3ea87f4a1b7b84a26ee106434a73c8c3b1666cf072e5654900cb743a0c6ff2ae,a12dcb1ba4e2a21b6a4474c284e3079c1b8e06dc282072a6d2d3a684bd02794b,1a980269c1778978c64462bf76cf00949cd95e29e33d5066107809299e5dec35,p5_10,celeba-three-workers-v1,
0.7108307045215563,,,0.0,988babfb79a4be0620cf47d259d4da35f8fc07573e92f83a2e388003c17759ba,0.7111755443473982,b743fe7228434906b9048ef7faf033fd6e5448453864a9c29b94ea2944f572a4,2026-09-06T14:58:37.425097+00:00,1,2.6119749669996963,,,,6,0.185,C-GDP-private-noise,1.8,2,10,,3,s2_p10_C-GDP-private-noise_l6_r3,fcf8b4f93626e8cf9603afe70c3a614f6523366181d2f4df2620ee6efbb41bdb,3ea87f4a1b7b84a26ee106434a73c8c3b1666cf072e5654900cb743a0c6ff2ae,a12dcb1ba4e2a21b6a4474c284e3079c1b8e06dc282072a6d2d3a684bd02794b,1a980269c1778978c64462bf76cf00949cd95e29e33d5066107809299e5dec35,p5_10,celeba-three-workers-v1,
0.6922537679635471,,,0.0,988babfb79a4be0620cf47d259d4da35f8fc07573e92f83a2e388003c17759ba,0.6923589617419117,b743fe7228434906b9048ef7faf033fd6e5448453864a9c29b94ea2944f572a4,2026-09-06T14:58:39.604475+00:00,1,1.924304268000924,,,,7,0.168,C-GDP-private-noise,2.1,2,10,,0,s2_p10_C-GDP-private-noise_l7_r0,fcf8b4f93626e8cf9603afe70c3a614f6523366181d2f4df2620ee6efbb41bdb,3ea87f4a1b7b84a26ee106434a73c8c3b1666cf072e5654900cb743a0c6ff2ae,a12dcb1ba4e2a21b6a4474c284e3079c1b8e06dc282072a6d2d3a684bd02794b,1a980269c1778978c64462bf76cf00949cd95e29e33d5066107809299e5dec35,p5_10,celeba-three-workers-v1,
0.6912022432527164,,,0.0,988babfb79a4be0620cf47d259d4da35f8fc07573e92f83a2e388003c17759ba,0.6922310247262886,b743fe7228434906b9048ef7faf033fd6e5448453864a9c29b94ea2944f572a4,2026-09-06T14:58:42.085149+00:00,1,2.2408128379993286,,,,7,0.158,C-GDP-private-noise,2.1,2,10,,1,s2_p10_C-GDP-private-noise_l7_r1,fcf8b4f93626e8cf9603afe70c3a614f6523366181d2f4df2620ee6efbb41bdb,3ea87f4a1b7b84a26ee106434a73c8c3b1666cf072e5654900cb743a0c6ff2ae,a12dcb1ba4e2a21b6a4474c284e3079c1b8e06dc282072a6d2d3a684bd02794b,1a980269c1778978c64462bf76cf00949cd95e29e33d5066107809299e5dec35,p5_10,celeba-three-workers-v1,
0.6887486855941115,,,0.0,988babfb79a4be0620cf47d259d4da35f8fc07573e92f83a2e388003c17759ba,0.686695288473367,b743fe7228434906b9048ef7faf033fd6e5448453864a9c29b94ea2944f572a4,2026-09-06T14:58:44.605919+00:00,1,2.2551987599999848,,,,7,0.129,C-GDP-private-noise,2.1,2,10,,2,s2_p10_C-GDP-private-noise_l7_r2,fcf8b4f93626e8cf9603afe70c3a614f6523366181d2f4df2620ee6efbb41bdb,3ea87f4a1b7b84a26ee106434a73c8c3b1666cf072e5654900cb743a0c6ff2ae,a12dcb1ba4e2a21b6a4474c284e3079c1b8e06dc282072a6d2d3a684bd02794b,1a980269c1778978c64462bf76cf00949cd95e29e33d5066107809299e5dec35,p5_10,celeba-three-workers-v1,
0.6813880126182965,,,0.0,988babfb79a4be0620cf47d259d4da35f8fc07573e92f83a2e388003c17759ba,0.6801739451347029,b743fe7228434906b9048ef7faf033fd6e5448453864a9c29b94ea2944f572a4,2026-09-06T14:58:47.152652+00:00,1,2.293382774998463,,,,7,0.141,C-GDP-private-noise,2.1,2,10,,3,s2_p10_C-GDP-private-noise_l7_r3,fcf8b4f93626e8cf9603afe70c3a614f6523366181d2f4df2620ee6efbb41bdb,3ea87f4a1b7b84a26ee106434a73c8c3b1666cf072e5654900cb743a0c6ff2ae,a12dcb1ba4e2a21b6a4474c284e3079c1b8e06dc282072a6d2d3a684bd02794b,1a980269c1778978c64462bf76cf00949cd95e29e33d5066107809299e5dec35,p5_10,celeba-three-workers-v1,
0.6701717490361023,,,0.0,988babfb79a4be0620cf47d259d4da35f8fc07573e92f83a2e388003c17759ba,0.6724148111698856,b743fe7228434906b9048ef7faf033fd6e5448453864a9c29b94ea2944f572a4,2026-09-06T14:58:49.700886+00:00,1,2.30829778000043,,,,8,0.152,C-GDP-private-noise,2.4,2,10,,0,s2_p10_C-GDP-private-noise_l8_r0,fcf8b4f93626e8cf9603afe70c3a614f6523366181d2f4df2620ee6efbb41bdb,3ea87f4a1b7b84a26ee106434a73c8c3b1666cf072e5654900cb743a0c6ff2ae,a12dcb1ba4e2a21b6a4474c284e3079c1b8e06dc282072a6d2d3a684bd02794b,1a980269c1778978c64462bf76cf00949cd95e29e33d5066107809299e5dec35,p5_10,celeba-three-workers-v1,
0.6936558009113214,,,0.0,988babfb79a4be0620cf47d259d4da35f8fc07573e92f83a2e388003c17759ba,0.6929519006027802,b743fe7228434906b9048ef7faf033fd6e5448453864a9c29b94ea2944f572a4,2026-09-06T14:58:52.197645+00:00,1,2.233262816000206,,,,8,0.17,C-GDP-private-noise,2.4,2,10,,1,s2_p10_C-GDP-private-noise_l8_r1,fcf8b4f93626e8cf9603afe70c3a614f6523366181d2f4df2620ee6efbb41bdb,3ea87f4a1b7b84a26ee106434a73c8c3b1666cf072e5654900cb743a0c6ff2ae,a12dcb1ba4e2a21b6a4474c284e3079c1b8e06dc282072a6d2d3a684bd02794b,1a980269c1778978c64462bf76cf00949cd95e29e33d5066107809299e5dec35,p5_10,celeba-three-workers-v1,
0.6708727655099895,,,0.0,988babfb79a4be0620cf47d259d4da35f8fc07573e92f83a2e388003c17759ba,0.6684539303727396,b743fe7228434906b9048ef7faf033fd6e5448453864a9c29b94ea2944f572a4,2026-09-06T14:58:54.478083+00:00,1,2.029791944001772,,,,8,0.173,C-GDP-private-noise,2.4,2,10,,2,s2_p10_C-GDP-private-noise_l8_r2,fcf8b4f93626e8cf9603afe70c3a614f6523366181d2f4df2620ee6efbb41bdb,3ea87f4a1b7b84a26ee106434a73c8c3b1666cf072e5654900cb743a0c6ff2ae,a12dcb1ba4e2a21b6a4474c284e3079c1b8e06dc282072a6d2d3a684bd02794b,1a980269c1778978c64462bf76cf00949cd95e29e33d5066107809299e5dec35,p5_10,celeba-three-workers-v1,
0.6838415702769015,,,0.0,988babfb79a4be0620cf47d259d4da35f8fc07573e92f83a2e388003c17759ba,0.6829728133841801,b743fe7228434906b9048ef7faf033fd6e5448453864a9c29b94ea2944f572a4,2026-09-06T14:58:56.820053+00:00,1,2.0802319329995953,,,,8,0.147,C-GDP-private-noise,2.4,2,10,,3,s2_p10_C-GDP-private-noise_l8_r3,fcf8b4f93626e8cf9603afe70c3a614f6523366181d2f4df2620ee6efbb41bdb,3ea87f4a1b7b84a26ee106434a73c8c3b1666cf072e5654900cb743a0c6ff2ae,a12dcb1ba4e2a21b6a4474c284e3079c1b8e06dc282072a6d2d3a684bd02794b,1a980269c1778978c64462bf76cf00949cd95e29e33d5066107809299e5dec35,p5_10,celeba-three-workers-v1,
0.6522958289519803,,,0.0,988babfb79a4be0620cf47d259d4da35f8fc07573e92f83a2e388003c17759ba,0.6536159429204085,b743fe7228434906b9048ef7faf033fd6e5448453864a9c29b94ea2944f572a4,2026-09-06T14:58:58.842655+00:00,1,1.77941551999902,,,,9,0.125,C-GDP-private-noise,2.7,2,10,,0,s2_p10_C-GDP-private-noise_l9_r0,fcf8b4f93626e8cf9603afe70c3a614f6523366181d2f4df2620ee6efbb41bdb,3ea87f4a1b7b84a26ee106434a73c8c3b1666cf072e5654900cb743a0c6ff2ae,a12dcb1ba4e2a21b6a4474c284e3079c1b8e06dc282072a6d2d3a684bd02794b,1a980269c1778978c64462bf76cf00949cd95e29e33d5066107809299e5dec35,p5_10,celeba-three-workers-v1,
0.6691202243252716,,,0.0,988babfb79a4be0620cf47d259d4da35f8fc07573e92f83a2e388003c17759ba,0.6683589617419117,b743fe7228434906b9048ef7faf033fd6e5448453864a9c29b94ea2944f572a4,2026-09-06T14:59:01.255412+00:00,1,2.1602440110000316,,,,9,0.124,C-GDP-private-noise,2.7,2,10,,1,s2_p10_C-GDP-private-noise_l9_r1,fcf8b4f93626e8cf9603afe70c3a614f6523366181d2f4df2620ee6efbb41bdb,3ea87f4a1b7b84a26ee106434a73c8c3b1666cf072e5654900cb743a0c6ff2ae,a12dcb1ba4e2a21b6a4474c284e3079c1b8e06dc282072a6d2d3a684bd02794b,1a980269c1778978c64462bf76cf00949cd95e29e33d5066107809299e5dec35,p5_10,celeba-three-workers-v1,
0.6529968454258676,,,0.0,988babfb79a4be0620cf47d259d4da35f8fc07573e92f83a2e388003c17759ba,0.6536336572764178,b743fe7228434906b9048ef7faf033fd6e5448453864a9c29b94ea2944f572a4,2026-09-06T14:59:03.675579+00:00,1,2.142440010997234,,,,9,0.132,C-GDP-private-noise,2.7,2,10,,2,s2_p10_C-GDP-private-noise_l9_r2,fcf8b4f93626e8cf9603afe70c3a614f6523366181d2f4df2620ee6efbb41bdb,3ea87f4a1b7b84a26ee106434a73c8c3b1666cf072e5654900cb743a0c6ff2ae,a12dcb1ba4e2a21b6a4474c284e3079c1b8e06dc282072a6d2d3a684bd02794b,1a980269c1778978c64462bf76cf00949cd95e29e33d5066107809299e5dec35,p5_10,celeba-three-workers-v1,
0.655800911321416,,,0.0,988babfb79a4be0620cf47d259d4da35f8fc07573e92f83a2e388003c17759ba,0.6566441136671177,b743fe7228434906b9048ef7faf033fd6e5448453864a9c29b94ea2944f572a4,2026-09-06T14:59:05.947254+00:00,1,2.0307107160006126,,,,9,0.154,C-GDP-private-noise,2.7,2,10,,3,s2_p10_C-GDP-private-noise_l9_r3,fcf8b4f93626e8cf9603afe70c3a614f6523366181d2f4df2620ee6efbb41bdb,3ea87f4a1b7b84a26ee106434a73c8c3b1666cf072e5654900cb743a0c6ff2ae,a12dcb1ba4e2a21b6a4474c284e3079c1b8e06dc282072a6d2d3a684bd02794b,1a980269c1778978c64462bf76cf00949cd95e29e33d5066107809299e5dec35,p5_10,celeba-three-workers-v1,
0.629863301787592,,,0.0,988babfb79a4be0620cf47d259d4da35f8fc07573e92f83a2e388003c17759ba,0.6326492803542871,b743fe7228434906b9048ef7faf033fd6e5448453864a9c29b94ea2944f572a4,2026-09-06T14:59:08.298709+00:00,1,2.0958115809989977,,,,10,0.138,C-GDP-private-noise,3.0,2,10,,0,s2_p10_C-GDP-private-noise_l10_r0,fcf8b4f93626e8cf9603afe70c3a614f6523366181d2f4df2620ee6efbb41bdb,3ea87f4a1b7b84a26ee106434a73c8c3b1666cf072e5654900cb743a0c6ff2ae,a12dcb1ba4e2a21b6a4474c284e3079c1b8e06dc282072a6d2d3a684bd02794b,1a980269c1778978c64462bf76cf00949cd95e29e33d5066107809299e5dec35,p5_10,celeba-three-workers-v1,
0.6340694006309149,,,0.0,988babfb79a4be0620cf47d259d4da35f8fc07573e92f83a2e388003c17759ba,0.6368608684955099,b743fe7228434906b9048ef7faf033fd6e5448453864a9c29b94ea2944f572a4,2026-09-06T14:59:10.321239+00:00,1,1.7616469989989127,,,,10,0.131,C-GDP-private-noise,3.0,2,10,,1,s2_p10_C-GDP-private-noise_l10_r1,fcf8b4f93626e8cf9603afe70c3a614f6523366181d2f4df2620ee6efbb41bdb,3ea87f4a1b7b84a26ee106434a73c8c3b1666cf072e5654900cb743a0c6ff2ae,a12dcb1ba4e2a21b6a4474c284e3079c1b8e06dc282072a6d2d3a684bd02794b,1a980269c1778978c64462bf76cf00949cd95e29e33d5066107809299e5dec35,p5_10,celeba-three-workers-v1,
0.6593059936908517,,,0.0,988babfb79a4be0620cf47d259d4da35f8fc07573e92f83a2e388003c17759ba,0.6577463402632551,b743fe7228434906b9048ef7faf033fd6e5448453864a9c29b94ea2944f572a4,2026-09-06T14:59:12.658035+00:00,1,2.075664218999009,,,,10,0.125,C-GDP-private-noise,3.0,2,10,,2,s2_p10_C-GDP-private-noise_l10_r2,fcf8b4f93626e8cf9603afe70c3a614f6523366181d2f4df2620ee6efbb41bdb,3ea87f4a1b7b84a26ee106434a73c8c3b1666cf072e5654900cb743a0c6ff2ae,a12dcb1ba4e2a21b6a4474c284e3079c1b8e06dc282072a6d2d3a684bd02794b,1a980269c1778978c64462bf76cf00949cd95e29e33d5066107809299e5dec35,p5_10,celeba-three-workers-v1,
0.6670171749036102,,,0.0,988babfb79a4be0620cf47d259d4da35f8fc07573e92f83a2e388003c17759ba,0.6671401156353796,b743fe7228434906b9048ef7faf033fd6e5448453864a9c29b94ea2944f572a4,2026-09-06T14:59:15.214314+00:00,1,2.2903791009994166,,,,10,0.126,C-GDP-private-noise,3.0,2,10,,3,s2_p10_C-GDP-private-noise_l10_r3,fcf8b4f93626e8cf9603afe70c3a614f6523366181d2f4df2620ee6efbb41bdb,3ea87f4a1b7b84a26ee106434a73c8c3b1666cf072e5654900cb743a0c6ff2ae,a12dcb1ba4e2a21b6a4474c284e3079c1b8e06dc282072a6d2d3a684bd02794b,1a980269c1778978c64462bf76cf00949cd95e29e33d5066107809299e5dec35,p5_10,celeba-three-workers-v1,
0.8788732394366198,,,0.0,988babfb79a4be0620cf47d259d4da35f8fc07573e92f83a2e388003c17759ba,0.8790143084260731,caa86f237e43056408787c677572585176b7f771bfcba7cecd40feeb7dc79e4e,2026-09-06T14:59:41.997837+00:00,1,4.551946631003375,,,,0,0.754,C-GDP,0.0,3,10,,0,s3_p10_C-GDP_l0_r0,fcf8b4f93626e8cf9603afe70c3a614f6523366181d2f4df2620ee6efbb41bdb,3ea87f4a1b7b84a26ee106434a73c8c3b1666cf072e5654900cb743a0c6ff2ae,a12dcb1ba4e2a21b6a4474c284e3079c1b8e06dc282072a6d2d3a684bd02794b,1a980269c1778978c64462bf76cf00949cd95e29e33d5066107809299e5dec35,p5_10,celeba-three-workers-v1,
0.8373239436619718,,,0.0,988babfb79a4be0620cf47d259d4da35f8fc07573e92f83a2e388003c17759ba,0.8351251987281398,caa86f237e43056408787c677572585176b7f771bfcba7cecd40feeb7dc79e4e,2026-09-06T14:59:46.362196+00:00,1,4.301628121000249,,,,0,,I-GDP,0.0,3,10,,0,s3_p10_I-GDP_l0_r0,fcf8b4f93626e8cf9603afe70c3a614f6523366181d2f4df2620ee6efbb41bdb,3ea87f4a1b7b84a26ee106434a73c8c3b1666cf072e5654900cb743a0c6ff2ae,a12dcb1ba4e2a21b6a4474c284e3079c1b8e06dc282072a6d2d3a684bd02794b,1a980269c1778978c64462bf76cf00949cd95e29e33d5066107809299e5dec35,p5_10,celeba-three-workers-v1,
0.8760563380281691,,,0.0,988babfb79a4be0620cf47d259d4da35f8fc07573e92f83a2e388003c17759ba,0.8764308426073132,caa86f237e43056408787c677572585176b7f771bfcba7cecd40feeb7dc79e4e,2026-09-06T14:59:50.252348+00:00,1,3.7676117150003847,,,,0,0.754,AA-GDP,0.0,3,10,,0,s3_p10_AA-GDP_l0_r0,fcf8b4f93626e8cf9603afe70c3a614f6523366181d2f4df2620ee6efbb41bdb,3ea87f4a1b7b84a26ee106434a73c8c3b1666cf072e5654900cb743a0c6ff2ae,a12dcb1ba4e2a21b6a4474c284e3079c1b8e06dc282072a6d2d3a684bd02794b,1a980269c1778978c64462bf76cf00949cd95e29e33d5066107809299e5dec35,p5_10,celeba-three-workers-v1,1.4663567582395842e-10
0.879225352112676,,,3.027004555999156,988babfb79a4be0620cf47d259d4da35f8fc07573e92f83a2e388003c17759ba,0.8793223370429253,caa86f237e43056408787c677572585176b7f771bfcba7cecd40feeb7dc79e4e,2026-09-06T15:00:02.052327+00:00,1,4.264040241003386,True,5.0,8.705320502198549e-09,1,0.65,NAA-GDP,0.006,3,10,,0,s3_p10_NAA-GDP_l1_r0,fcf8b4f93626e8cf9603afe70c3a614f6523366181d2f4df2620ee6efbb41bdb,3ea87f4a1b7b84a26ee106434a73c8c3b1666cf072e5654900cb743a0c6ff2ae,a12dcb1ba4e2a21b6a4474c284e3079c1b8e06dc282072a6d2d3a684bd02794b,1a980269c1778978c64462bf76cf00949cd95e29e33d5066107809299e5dec35,p5_10,celeba-three-workers-v1,
0.8757042253521127,,,3.0292143160004343,988babfb79a4be0620cf47d259d4da35f8fc07573e92f83a2e388003c17759ba,0.8752881558028617,caa86f237e43056408787c677572585176b7f771bfcba7cecd40feeb7dc79e4e,2026-09-06T15:00:13.394442+00:00,1,3.92457572299827,True,5.0,8.702809811530682e-09,1,0.601,NAA-GDP,0.006,3,10,,1,s3_p10_NAA-GDP_l1_r1,fcf8b4f93626e8cf9603afe70c3a614f6523366181d2f4df2620ee6efbb41bdb,3ea87f4a1b7b84a26ee106434a73c8c3b1666cf072e5654900cb743a0c6ff2ae,a12dcb1ba4e2a21b6a4474c284e3079c1b8e06dc282072a6d2d3a684bd02794b,1a980269c1778978c64462bf76cf00949cd95e29e33d5066107809299e5dec35,p5_10,celeba-three-workers-v1,
0.877112676056338,,,3.046253964999778,988babfb79a4be0620cf47d259d4da35f8fc07573e92f83a2e388003c17759ba,0.8771164546899841,caa86f237e43056408787c677572585176b7f771bfcba7cecd40feeb7dc79e4e,2026-09-06T15:00:25.186686+00:00,1,3.9377192440006183,True,5.0,8.805392068427776e-09,1,0.64,NAA-GDP,0.006,3,10,,2,s3_p10_NAA-GDP_l1_r2,fcf8b4f93626e8cf9603afe70c3a614f6523366181d2f4df2620ee6efbb41bdb,3ea87f4a1b7b84a26ee106434a73c8c3b1666cf072e5654900cb743a0c6ff2ae,a12dcb1ba4e2a21b6a4474c284e3079c1b8e06dc282072a6d2d3a684bd02794b,1a980269c1778978c64462bf76cf00949cd95e29e33d5066107809299e5dec35,p5_10,celeba-three-workers-v1,
0.8767605633802817,,,3.028823998000007,988babfb79a4be0620cf47d259d4da35f8fc07573e92f83a2e388003c17759ba,0.87564586645469,caa86f237e43056408787c677572585176b7f771bfcba7cecd40feeb7dc79e4e,2026-09-06T15:00:36.028680+00:00,1,2.6694223929989676,True,5.0,8.780084545200355e-09,1,0.617,NAA-GDP,0.006,3,10,,3,s3_p10_NAA-GDP_l1_r3,fcf8b4f93626e8cf9603afe70c3a614f6523366181d2f4df2620ee6efbb41bdb,3ea87f4a1b7b84a26ee106434a73c8c3b1666cf072e5654900cb743a0c6ff2ae,a12dcb1ba4e2a21b6a4474c284e3079c1b8e06dc282072a6d2d3a684bd02794b,1a980269c1778978c64462bf76cf00949cd95e29e33d5066107809299e5dec35,p5_10,celeba-three-workers-v1,
0.8676056338028169,,,3.647085160999268,988babfb79a4be0620cf47d259d4da35f8fc07573e92f83a2e388003c17759ba,0.868233306836248,caa86f237e43056408787c677572585176b7f771bfcba7cecd40feeb7dc79e4e,2026-09-06T15:00:48.443074+00:00,1,3.970764355999563,True,7.0,5.642661596678911e-08,2,0.435,NAA-GDP,0.012,3,10,,0,s3_p10_NAA-GDP_l2_r0,fcf8b4f93626e8cf9603afe70c3a614f6523366181d2f4df2620ee6efbb41bdb,3ea87f4a1b7b84a26ee106434a73c8c3b1666cf072e5654900cb743a0c6ff2ae,a12dcb1ba4e2a21b6a4474c284e3079c1b8e06dc282072a6d2d3a684bd02794b,1a980269c1778978c64462bf76cf00949cd95e29e33d5066107809299e5dec35,p5_10,celeba-three-workers-v1,
0.8704225352112676,,,3.6466316059995734,988babfb79a4be0620cf47d259d4da35f8fc07573e92f83a2e388003c17759ba,0.8703994435612084,caa86f237e43056408787c677572585176b7f771bfcba7cecd40feeb7dc79e4e,2026-09-06T15:01:02.780388+00:00,1,5.808967564997147,True,7.0,5.6746684243014345e-08,2,0.483,NAA-GDP,0.012,3,10,,1,s3_p10_NAA-GDP_l2_r1,fcf8b4f93626e8cf9603afe70c3a614f6523366181d2f4df2620ee6efbb41bdb,3ea87f4a1b7b84a26ee106434a73c8c3b1666cf072e5654900cb743a0c6ff2ae,a12dcb1ba4e2a21b6a4474c284e3079c1b8e06dc282072a6d2d3a684bd02794b,1a980269c1778978c64462bf76cf00949cd95e29e33d5066107809299e5dec35,p5_10,celeba-three-workers-v1,
0.8778169014084507,,,3.6944896210006846,988babfb79a4be0620cf47d259d4da35f8fc07573e92f83a2e388003c17759ba,0.8772257551669316,caa86f237e43056408787c677572585176b7f771bfcba7cecd40feeb7dc79e4e,2026-09-06T15:01:15.388095+00:00,1,3.811013009999442,True,7.0,5.759683412473167e-08,2,0.51,NAA-GDP,0.012,3,10,,2,s3_p10_NAA-GDP_l2_r2,fcf8b4f93626e8cf9603afe70c3a614f6523366181d2f4df2620ee6efbb41bdb,3ea87f4a1b7b84a26ee106434a73c8c3b1666cf072e5654900cb743a0c6ff2ae,a12dcb1ba4e2a21b6a4474c284e3079c1b8e06dc282072a6d2d3a684bd02794b,1a980269c1778978c64462bf76cf00949cd95e29e33d5066107809299e5dec35,p5_10,celeba-three-workers-v1,
0.8767605633802817,,,3.6606958149968705,988babfb79a4be0620cf47d259d4da35f8fc07573e92f83a2e388003c17759ba,0.8760930047694754,caa86f237e43056408787c677572585176b7f771bfcba7cecd40feeb7dc79e4e,2026-09-06T15:01:28.538292+00:00,1,4.397702938000293,True,7.0,5.5955560736718e-08,2,0.436,NAA-GDP,0.012,3,10,,3,s3_p10_NAA-GDP_l2_r3,fcf8b4f93626e8cf9603afe70c3a614f6523366181d2f4df2620ee6efbb41bdb,3ea87f4a1b7b84a26ee106434a73c8c3b1666cf072e5654900cb743a0c6ff2ae,a12dcb1ba4e2a21b6a4474c284e3079c1b8e06dc282072a6d2d3a684bd02794b,1a980269c1778978c64462bf76cf00949cd95e29e33d5066107809299e5dec35,p5_10,celeba-three-workers-v1,
0.8714788732394366,,,5.132138658998883,988babfb79a4be0620cf47d259d4da35f8fc07573e92f83a2e388003c17759ba,0.8710552464228936,caa86f237e43056408787c677572585176b7f771bfcba7cecd40feeb7dc79e4e,2026-09-06T15:01:43.468689+00:00,1,3.874135573998501,True,11.0,2.071963791530769e-08,3,0.355,NAA-GDP,0.018,3,10,,0,s3_p10_NAA-GDP_l3_r0,fcf8b4f93626e8cf9603afe70c3a614f6523366181d2f4df2620ee6efbb41bdb,3ea87f4a1b7b84a26ee106434a73c8c3b1666cf072e5654900cb743a0c6ff2ae,a12dcb1ba4e2a21b6a4474c284e3079c1b8e06dc282072a6d2d3a684bd02794b,1a980269c1778978c64462bf76cf00949cd95e29e33d5066107809299e5dec35,p5_10,celeba-three-workers-v1,
0.8704225352112676,,,5.116116802000761,988babfb79a4be0620cf47d259d4da35f8fc07573e92f83a2e388003c17759ba,0.8697138314785373,caa86f237e43056408787c677572585176b7f771bfcba7cecd40feeb7dc79e4e,2026-09-06T15:01:58.792210+00:00,1,4.071941836999031,True,11.0,2.0548384610557554e-08,3,0.348,NAA-GDP,0.018,3,10,,1,s3_p10_NAA-GDP_l3_r1,fcf8b4f93626e8cf9603afe70c3a614f6523366181d2f4df2620ee6efbb41bdb,3ea87f4a1b7b84a26ee106434a73c8c3b1666cf072e5654900cb743a0c6ff2ae,a12dcb1ba4e2a21b6a4474c284e3079c1b8e06dc282072a6d2d3a684bd02794b,1a980269c1778978c64462bf76cf00949cd95e29e33d5066107809299e5dec35,p5_10,celeba-three-workers-v1,
0.8686619718309859,,,5.123610728998756,988babfb79a4be0620cf47d259d4da35f8fc07573e92f83a2e388003c17759ba,0.8691275834658188,caa86f237e43056408787c677572585176b7f771bfcba7cecd40feeb7dc79e4e,2026-09-06T15:02:13.977432+00:00,1,4.232489938996878,True,11.0,2.086992452401442e-08,3,0.408,NAA-GDP,0.018,3,10,,2,s3_p10_NAA-GDP_l3_r2,fcf8b4f93626e8cf9603afe70c3a614f6523366181d2f4df2620ee6efbb41bdb,3ea87f4a1b7b84a26ee106434a73c8c3b1666cf072e5654900cb743a0c6ff2ae,a12dcb1ba4e2a21b6a4474c284e3079c1b8e06dc282072a6d2d3a684bd02794b,1a980269c1778978c64462bf76cf00949cd95e29e33d5066107809299e5dec35,p5_10,celeba-three-workers-v1,
0.8669014084507042,,,5.1369746630007285,988babfb79a4be0620cf47d259d4da35f8fc07573e92f83a2e388003c17759ba,0.8669912559618442,caa86f237e43056408787c677572585176b7f771bfcba7cecd40feeb7dc79e4e,2026-09-06T15:02:28.706427+00:00,1,3.76718123700266,True,11.0,2.0880651237392367e-08,3,0.33,NAA-GDP,0.018,3,10,,3,s3_p10_NAA-GDP_l3_r3,fcf8b4f93626e8cf9603afe70c3a614f6523366181d2f4df2620ee6efbb41bdb,3ea87f4a1b7b84a26ee106434a73c8c3b1666cf072e5654900cb743a0c6ff2ae,a12dcb1ba4e2a21b6a4474c284e3079c1b8e06dc282072a6d2d3a684bd02794b,1a980269c1778978c64462bf76cf00949cd95e29e33d5066107809299e5dec35,p5_10,celeba-three-workers-v1,
0.8595070422535211,,,6.942210986002465,988babfb79a4be0620cf47d259d4da35f8fc07573e92f83a2e388003c17759ba,0.8595389507154214,caa86f237e43056408787c677572585176b7f771bfcba7cecd40feeb7dc79e4e,2026-09-06T15:02:47.464175+00:00,1,4.151228656999592,True,16.0,5.875693310045887e-08,4,0.254,NAA-GDP,0.024,3,10,,0,s3_p10_NAA-GDP_l4_r0,fcf8b4f93626e8cf9603afe70c3a614f6523366181d2f4df2620ee6efbb41bdb,3ea87f4a1b7b84a26ee106434a73c8c3b1666cf072e5654900cb743a0c6ff2ae,a12dcb1ba4e2a21b6a4474c284e3079c1b8e06dc282072a6d2d3a684bd02794b,1a980269c1778978c64462bf76cf00949cd95e29e33d5066107809299e5dec35,p5_10,celeba-three-workers-v1,
0.8665492957746479,,,6.953934671000752,988babfb79a4be0620cf47d259d4da35f8fc07573e92f83a2e388003c17759ba,0.8648052464228935,caa86f237e43056408787c677572585176b7f771bfcba7cecd40feeb7dc79e4e,2026-09-06T15:03:06.653122+00:00,1,4.119274616998155,True,16.0,5.951446153650579e-08,4,0.262,NAA-GDP,0.024,3,10,,1,s3_p10_NAA-GDP_l4_r1,fcf8b4f93626e8cf9603afe70c3a614f6523366181d2f4df2620ee6efbb41bdb,3ea87f4a1b7b84a26ee106434a73c8c3b1666cf072e5654900cb743a0c6ff2ae,a12dcb1ba4e2a21b6a4474c284e3079c1b8e06dc282072a6d2d3a684bd02794b,1a980269c1778978c64462bf76cf00949cd95e29e33d5066107809299e5dec35,p5_10,celeba-three-workers-v1,
0.8679577464788732,,,6.977278738999303,988babfb79a4be0620cf47d259d4da35f8fc07573e92f83a2e388003c17759ba,0.8662460254372019,caa86f237e43056408787c677572585176b7f771bfcba7cecd40feeb7dc79e4e,2026-09-06T15:03:26.615061+00:00,1,4.987451449000218,True,16.0,5.8841915093515555e-08,4,0.33,NAA-GDP,0.024,3,10,,2,s3_p10_NAA-GDP_l4_r2,fcf8b4f93626e8cf9603afe70c3a614f6523366181d2f4df2620ee6efbb41bdb,3ea87f4a1b7b84a26ee106434a73c8c3b1666cf072e5654900cb743a0c6ff2ae,a12dcb1ba4e2a21b6a4474c284e3079c1b8e06dc282072a6d2d3a684bd02794b,1a980269c1778978c64462bf76cf00949cd95e29e33d5066107809299e5dec35,p5_10,celeba-three-workers-v1,
0.8647887323943662,,,6.948792956998659,988babfb79a4be0620cf47d259d4da35f8fc07573e92f83a2e388003c17759ba,0.8645767090620032,caa86f237e43056408787c677572585176b7f771bfcba7cecd40feeb7dc79e4e,2026-09-06T15:03:45.492651+00:00,1,3.7564116180001292,True,16.0,6.356087344544004e-08,4,0.235,NAA-GDP,0.024,3,10,,3,s3_p10_NAA-GDP_l4_r3,fcf8b4f93626e8cf9603afe70c3a614f6523366181d2f4df2620ee6efbb41bdb,3ea87f4a1b7b84a26ee106434a73c8c3b1666cf072e5654900cb743a0c6ff2ae,a12dcb1ba4e2a21b6a4474c284e3079c1b8e06dc282072a6d2d3a684bd02794b,1a980269c1778978c64462bf76cf00949cd95e29e33d5066107809299e5dec35,p5_10,celeba-three-workers-v1,
0.8573943661971831,,,11.380053592998593,988babfb79a4be0620cf47d259d4da35f8fc07573e92f83a2e388003c17759ba,0.8557531796502384,caa86f237e43056408787c677572585176b7f771bfcba7cecd40feeb7dc79e4e,2026-09-06T15:04:13.086369+00:00,1,2.5748984980018577,True,28.0,5.605000805169077e-08,5,0.22,NAA-GDP,0.03,3,10,,0,s3_p10_NAA-GDP_l5_r0,fcf8b4f93626e8cf9603afe70c3a614f6523366181d2f4df2620ee6efbb41bdb,3ea87f4a1b7b84a26ee106434a73c8c3b1666cf072e5654900cb743a0c6ff2ae,a12dcb1ba4e2a21b6a4474c284e3079c1b8e06dc282072a6d2d3a684bd02794b,1a980269c1778978c64462bf76cf00949cd95e29e33d5066107809299e5dec35,p5_10,celeba-three-workers-v1,
0.8591549295774648,,,10.983522053997149,988babfb79a4be0620cf47d259d4da35f8fc07573e92f83a2e388003c17759ba,0.8576510333863274,caa86f237e43056408787c677572585176b7f771bfcba7cecd40feeb7dc79e4e,2026-09-06T15:04:41.856112+00:00,1,4.421515169000486,True,27.0,9.82111674032326e-08,5,0.199,NAA-GDP,0.03,3,10,,1,s3_p10_NAA-GDP_l5_r1,fcf8b4f93626e8cf9603afe70c3a614f6523366181d2f4df2620ee6efbb41bdb,3ea87f4a1b7b84a26ee106434a73c8c3b1666cf072e5654900cb743a0c6ff2ae,a12dcb1ba4e2a21b6a4474c284e3079c1b8e06dc282072a6d2d3a684bd02794b,1a980269c1778978c64462bf76cf00949cd95e29e33d5066107809299e5dec35,p5_10,celeba-three-workers-v1,
0.8419014084507043,,,11.332861507999041,988babfb79a4be0620cf47d259d4da35f8fc07573e92f83a2e388003c17759ba,0.8425874403815581,caa86f237e43056408787c677572585176b7f771bfcba7cecd40feeb7dc79e4e,2026-09-06T15:05:10.673879+00:00,1,3.5657448500023747,True,28.0,6.032577448347947e-08,5,0.227,NAA-GDP,0.03,3,10,,2,s3_p10_NAA-GDP_l5_r2,fcf8b4f93626e8cf9603afe70c3a614f6523366181d2f4df2620ee6efbb41bdb,3ea87f4a1b7b84a26ee106434a73c8c3b1666cf072e5654900cb743a0c6ff2ae,a12dcb1ba4e2a21b6a4474c284e3079c1b8e06dc282072a6d2d3a684bd02794b,1a980269c1778978c64462bf76cf00949cd95e29e33d5066107809299e5dec35,p5_10,celeba-three-workers-v1,
0.8577464788732394,,,10.967476595997141,988babfb79a4be0620cf47d259d4da35f8fc07573e92f83a2e388003c17759ba,0.8574920508744037,caa86f237e43056408787c677572585176b7f771bfcba7cecd40feeb7dc79e4e,2026-09-06T15:05:39.987866+00:00,1,4.31565754300027,True,27.0,9.54436864405658e-08,5,0.263,NAA-GDP,0.03,3,10,,3,s3_p10_NAA-GDP_l5_r3,fcf8b4f93626e8cf9603afe70c3a614f6523366181d2f4df2620ee6efbb41bdb,3ea87f4a1b7b84a26ee106434a73c8c3b1666cf072e5654900cb743a0c6ff2ae,a12dcb1ba4e2a21b6a4474c284e3079c1b8e06dc282072a6d2d3a684bd02794b,1a980269c1778978c64462bf76cf00949cd95e29e33d5066107809299e5dec35,p5_10,celeba-three-workers-v1,
0.8436619718309859,,,28.34410956300053,988babfb79a4be0620cf47d259d4da35f8fc07573e92f83a2e388003c17759ba,0.8417726550079492,caa86f237e43056408787c677572585176b7f771bfcba7cecd40feeb7dc79e4e,2026-09-06T15:07:48.579848+00:00,1,3.253596918999392,True,74.0,9.592915274831129e-08,6,0.149,NAA-GDP,0.036,3,10,,0,s3_p10_NAA-GDP_l6_r0,fcf8b4f93626e8cf9603afe70c3a614f6523366181d2f4df2620ee6efbb41bdb,3ea87f4a1b7b84a26ee106434a73c8c3b1666cf072e5654900cb743a0c6ff2ae,a12dcb1ba4e2a21b6a4474c284e3079c1b8e06dc282072a6d2d3a684bd02794b,1a980269c1778978c64462bf76cf00949cd95e29e33d5066107809299e5dec35,p5_10,celeba-three-workers-v1,
0.8383802816901409,,,26.08530578999853,988babfb79a4be0620cf47d259d4da35f8fc07573e92f83a2e388003c17759ba,0.840818759936407,caa86f237e43056408787c677572585176b7f771bfcba7cecd40feeb7dc79e4e,2026-09-06T15:09:55.974920+00:00,1,3.1967614059976768,True,68.0,9.733552361022764e-08,6,0.197,NAA-GDP,0.036,3,10,,1,s3_p10_NAA-GDP_l6_r1,fcf8b4f93626e8cf9603afe70c3a614f6523366181d2f4df2620ee6efbb41bdb,3ea87f4a1b7b84a26ee106434a73c8c3b1666cf072e5654900cb743a0c6ff2ae,a12dcb1ba4e2a21b6a4474c284e3079c1b8e06dc282072a6d2d3a684bd02794b,1a980269c1778978c64462bf76cf00949cd95e29e33d5066107809299e5dec35,p5_10,celeba-three-workers-v1,
0.8559859154929578,,,27.24708520400236,988babfb79a4be0620cf47d259d4da35f8fc07573e92f83a2e388003c17759ba,0.8561009538950715,caa86f237e43056408787c677572585176b7f771bfcba7cecd40feeb7dc79e4e,2026-09-06T15:12:05.180523+00:00,1,4.544115698998212,True,71.0,9.329337441132093e-08,6,0.217,NAA-GDP,0.036,3,10,,2,s3_p10_NAA-GDP_l6_r2,fcf8b4f93626e8cf9603afe70c3a614f6523366181d2f4df2620ee6efbb41bdb,3ea87f4a1b7b84a26ee106434a73c8c3b1666cf072e5654900cb743a0c6ff2ae,a12dcb1ba4e2a21b6a4474c284e3079c1b8e06dc282072a6d2d3a684bd02794b,1a980269c1778978c64462bf76cf00949cd95e29e33d5066107809299e5dec35,p5_10,celeba-three-workers-v1,
0.8507042253521127,,,26.431203059000836,988babfb79a4be0620cf47d259d4da35f8fc07573e92f83a2e388003c17759ba,0.8496621621621621,caa86f237e43056408787c677572585176b7f771bfcba7cecd40feeb7dc79e4e,2026-09-06T15:14:12.904491+00:00,1,4.060993340997811,True,69.0,9.824384613611289e-08,6,0.193,NAA-GDP,0.036,3,10,,3,s3_p10_NAA-GDP_l6_r3,fcf8b4f93626e8cf9603afe70c3a614f6523366181d2f4df2620ee6efbb41bdb,3ea87f4a1b7b84a26ee106434a73c8c3b1666cf072e5654900cb743a0c6ff2ae,a12dcb1ba4e2a21b6a4474c284e3079c1b8e06dc282072a6d2d3a684bd02794b,1a980269c1778978c64462bf76cf00949cd95e29e33d5066107809299e5dec35,p5_10,celeba-three-workers-v1,
0.8390845070422536,,,186.04127549400073,988babfb79a4be0620cf47d259d4da35f8fc07573e92f83a2e388003c17759ba,0.8376788553259142,caa86f237e43056408787c677572585176b7f771bfcba7cecd40feeb7dc79e4e,2026-09-06T15:19:00.353736+00:00,1,3.7607145980000496,False,500.0,0.011805254216319169,7,0.207,NAA-GDP,0.042,3,10,,0,s3_p10_NAA-GDP_l7_r0,fcf8b4f93626e8cf9603afe70c3a614f6523366181d2f4df2620ee6efbb41bdb,3ea87f4a1b7b84a26ee106434a73c8c3b1666cf072e5654900cb743a0c6ff2ae,a12dcb1ba4e2a21b6a4474c284e3079c1b8e06dc282072a6d2d3a684bd02794b,1a980269c1778978c64462bf76cf00949cd95e29e33d5066107809299e5dec35,p5_10,celeba-three-workers-v1,
0.8429577464788732,,,186.0112471800021,988babfb79a4be0620cf47d259d4da35f8fc07573e92f83a2e388003c17759ba,0.84181240063593,caa86f237e43056408787c677572585176b7f771bfcba7cecd40feeb7dc79e4e,2026-09-06T15:23:48.580004+00:00,1,4.062401889001194,False,500.0,0.009302621401074322,7,0.17,NAA-GDP,0.042,3,10,,1,s3_p10_NAA-GDP_l7_r1,fcf8b4f93626e8cf9603afe70c3a614f6523366181d2f4df2620ee6efbb41bdb,3ea87f4a1b7b84a26ee106434a73c8c3b1666cf072e5654900cb743a0c6ff2ae,a12dcb1ba4e2a21b6a4474c284e3079c1b8e06dc282072a6d2d3a684bd02794b,1a980269c1778978c64462bf76cf00949cd95e29e33d5066107809299e5dec35,p5_10,celeba-three-workers-v1,
0.8482394366197183,,,186.3596376429996,988babfb79a4be0620cf47d259d4da35f8fc07573e92f83a2e388003c17759ba,0.8468799682034975,caa86f237e43056408787c677572585176b7f771bfcba7cecd40feeb7dc79e4e,2026-09-06T15:28:34.808616+00:00,1,3.0860206140023365,False,500.0,0.014077239515415394,7,0.19,NAA-GDP,0.042,3,10,,2,s3_p10_NAA-GDP_l7_r2,fcf8b4f93626e8cf9603afe70c3a614f6523366181d2f4df2620ee6efbb41bdb,3ea87f4a1b7b84a26ee106434a73c8c3b1666cf072e5654900cb743a0c6ff2ae,a12dcb1ba4e2a21b6a4474c284e3079c1b8e06dc282072a6d2d3a684bd02794b,1a980269c1778978c64462bf76cf00949cd95e29e33d5066107809299e5dec35,p5_10,celeba-three-workers-v1,
0.8397887323943662,,,186.10865848200046,988babfb79a4be0620cf47d259d4da35f8fc07573e92f83a2e388003c17759ba,0.8379670111287758,caa86f237e43056408787c677572585176b7f771bfcba7cecd40feeb7dc79e4e,2026-09-06T15:33:22.955877+00:00,1,3.8627803710005537,False,500.0,0.015183495513728574,7,0.17,NAA-GDP,0.042,3,10,,3,s3_p10_NAA-GDP_l7_r3,fcf8b4f93626e8cf9603afe70c3a614f6523366181d2f4df2620ee6efbb41bdb,3ea87f4a1b7b84a26ee106434a73c8c3b1666cf072e5654900cb743a0c6ff2ae,a12dcb1ba4e2a21b6a4474c284e3079c1b8e06dc282072a6d2d3a684bd02794b,1a980269c1778978c64462bf76cf00949cd95e29e33d5066107809299e5dec35,p5_10,celeba-three-workers-v1,
0.8309859154929577,,,186.10798759599857,988babfb79a4be0620cf47d259d4da35f8fc07573e92f83a2e388003c17759ba,0.8311903815580286,caa86f237e43056408787c677572585176b7f771bfcba7cecd40feeb7dc79e4e,2026-09-06T15:38:11.455852+00:00,1,4.479285526002059,False,500.0,0.025673558605156695,8,0.148,NAA-GDP,0.048,3,10,,0,s3_p10_NAA-GDP_l8_r0,fcf8b4f93626e8cf9603afe70c3a614f6523366181d2f4df2620ee6efbb41bdb,3ea87f4a1b7b84a26ee106434a73c8c3b1666cf072e5654900cb743a0c6ff2ae,a12dcb1ba4e2a21b6a4474c284e3079c1b8e06dc282072a6d2d3a684bd02794b,1a980269c1778978c64462bf76cf00949cd95e29e33d5066107809299e5dec35,p5_10,celeba-three-workers-v1,
0.8373239436619718,,,185.9881211489992,988babfb79a4be0620cf47d259d4da35f8fc07573e92f83a2e388003c17759ba,0.83685413354531,caa86f237e43056408787c677572585176b7f771bfcba7cecd40feeb7dc79e4e,2026-09-06T15:42:59.712652+00:00,1,4.076703015998646,False,500.0,0.026223791089015236,8,0.159,NAA-GDP,0.048,3,10,,1,s3_p10_NAA-GDP_l8_r1,fcf8b4f93626e8cf9603afe70c3a614f6523366181d2f4df2620ee6efbb41bdb,3ea87f4a1b7b84a26ee106434a73c8c3b1666cf072e5654900cb743a0c6ff2ae,a12dcb1ba4e2a21b6a4474c284e3079c1b8e06dc282072a6d2d3a684bd02794b,1a980269c1778978c64462bf76cf00949cd95e29e33d5066107809299e5dec35,p5_10,celeba-three-workers-v1,
0.8341549295774648,,,186.33481031300107,988babfb79a4be0620cf47d259d4da35f8fc07573e92f83a2e388003c17759ba,0.8348569157392687,caa86f237e43056408787c677572585176b7f771bfcba7cecd40feeb7dc79e4e,2026-09-06T15:47:47.578903+00:00,1,3.6819406489994435,False,500.0,0.015452980645325114,8,0.122,NAA-GDP,0.048,3,10,,2,s3_p10_NAA-GDP_l8_r2,fcf8b4f93626e8cf9603afe70c3a614f6523366181d2f4df2620ee6efbb41bdb,3ea87f4a1b7b84a26ee106434a73c8c3b1666cf072e5654900cb743a0c6ff2ae,a12dcb1ba4e2a21b6a4474c284e3079c1b8e06dc282072a6d2d3a684bd02794b,1a980269c1778978c64462bf76cf00949cd95e29e33d5066107809299e5dec35,p5_10,celeba-three-workers-v1,
0.8383802816901409,,,186.239006607997,988babfb79a4be0620cf47d259d4da35f8fc07573e92f83a2e388003c17759ba,0.8390003974562799,caa86f237e43056408787c677572585176b7f771bfcba7cecd40feeb7dc79e4e,2026-09-06T15:52:35.759719+00:00,1,4.376087863001885,False,500.0,0.021668906805854458,8,0.158,NAA-GDP,0.048,3,10,,3,s3_p10_NAA-GDP_l8_r3,fcf8b4f93626e8cf9603afe70c3a614f6523366181d2f4df2620ee6efbb41bdb,3ea87f4a1b7b84a26ee106434a73c8c3b1666cf072e5654900cb743a0c6ff2ae,a12dcb1ba4e2a21b6a4474c284e3079c1b8e06dc282072a6d2d3a684bd02794b,1a980269c1778978c64462bf76cf00949cd95e29e33d5066107809299e5dec35,p5_10,celeba-three-workers-v1,
0.8373239436619718,,,186.74300881399904,988babfb79a4be0620cf47d259d4da35f8fc07573e92f83a2e388003c17759ba,0.8371820349761526,caa86f237e43056408787c677572585176b7f771bfcba7cecd40feeb7dc79e4e,2026-09-06T15:57:24.407979+00:00,1,4.5207358920015395,False,500.0,0.024822450275775485,9,0.156,NAA-GDP,0.054,3,10,,0,s3_p10_NAA-GDP_l9_r0,fcf8b4f93626e8cf9603afe70c3a614f6523366181d2f4df2620ee6efbb41bdb,3ea87f4a1b7b84a26ee106434a73c8c3b1666cf072e5654900cb743a0c6ff2ae,a12dcb1ba4e2a21b6a4474c284e3079c1b8e06dc282072a6d2d3a684bd02794b,1a980269c1778978c64462bf76cf00949cd95e29e33d5066107809299e5dec35,p5_10,celeba-three-workers-v1,
0.8274647887323944,,,186.66045743999712,988babfb79a4be0620cf47d259d4da35f8fc07573e92f83a2e388003c17759ba,0.8276331478537361,caa86f237e43056408787c677572585176b7f771bfcba7cecd40feeb7dc79e4e,2026-09-06T16:02:14.565986+00:00,1,5.104392730001564,False,500.0,0.017407444561588152,9,0.137,NAA-GDP,0.054,3,10,,1,s3_p10_NAA-GDP_l9_r1,fcf8b4f93626e8cf9603afe70c3a614f6523366181d2f4df2620ee6efbb41bdb,3ea87f4a1b7b84a26ee106434a73c8c3b1666cf072e5654900cb743a0c6ff2ae,a12dcb1ba4e2a21b6a4474c284e3079c1b8e06dc282072a6d2d3a684bd02794b,1a980269c1778978c64462bf76cf00949cd95e29e33d5066107809299e5dec35,p5_10,celeba-three-workers-v1,
0.8320422535211267,,,186.8335771790007,988babfb79a4be0620cf47d259d4da35f8fc07573e92f83a2e388003c17759ba,0.8318163751987282,caa86f237e43056408787c677572585176b7f771bfcba7cecd40feeb7dc79e4e,2026-09-06T16:07:03.558941+00:00,1,3.9352444789983565,False,500.0,0.023116996495255778,9,0.101,NAA-GDP,0.054,3,10,,2,s3_p10_NAA-GDP_l9_r2,fcf8b4f93626e8cf9603afe70c3a614f6523366181d2f4df2620ee6efbb41bdb,3ea87f4a1b7b84a26ee106434a73c8c3b1666cf072e5654900cb743a0c6ff2ae,a12dcb1ba4e2a21b6a4474c284e3079c1b8e06dc282072a6d2d3a684bd02794b,1a980269c1778978c64462bf76cf00949cd95e29e33d5066107809299e5dec35,p5_10,celeba-three-workers-v1,
0.8323943661971831,,,186.60627303300134,988babfb79a4be0620cf47d259d4da35f8fc07573e92f83a2e388003c17759ba,0.8300675675675675,caa86f237e43056408787c677572585176b7f771bfcba7cecd40feeb7dc79e4e,2026-09-06T16:11:52.789381+00:00,1,4.212084686998423,False,500.0,0.018785221537989866,9,0.119,NAA-GDP,0.054,3,10,,3,s3_p10_NAA-GDP_l9_r3,fcf8b4f93626e8cf9603afe70c3a614f6523366181d2f4df2620ee6efbb41bdb,3ea87f4a1b7b84a26ee106434a73c8c3b1666cf072e5654900cb743a0c6ff2ae,a12dcb1ba4e2a21b6a4474c284e3079c1b8e06dc282072a6d2d3a684bd02794b,1a980269c1778978c64462bf76cf00949cd95e29e33d5066107809299e5dec35,p5_10,celeba-three-workers-v1,
0.828169014084507,,,186.78851878700152,988babfb79a4be0620cf47d259d4da35f8fc07573e92f83a2e388003c17759ba,0.8271760731319555,caa86f237e43056408787c677572585176b7f771bfcba7cecd40feeb7dc79e4e,2026-09-06T16:16:42.250660+00:00,1,4.153222201999597,False,500.0,0.02086079129803517,10,0.12,NAA-GDP,0.06,3,10,,0,s3_p10_NAA-GDP_l10_r0,fcf8b4f93626e8cf9603afe70c3a614f6523366181d2f4df2620ee6efbb41bdb,3ea87f4a1b7b84a26ee106434a73c8c3b1666cf072e5654900cb743a0c6ff2ae,a12dcb1ba4e2a21b6a4474c284e3079c1b8e06dc282072a6d2d3a684bd02794b,1a980269c1778978c64462bf76cf00949cd95e29e33d5066107809299e5dec35,p5_10,celeba-three-workers-v1,
0.8387323943661972,,,186.80282242799876,988babfb79a4be0620cf47d259d4da35f8fc07573e92f83a2e388003c17759ba,0.8381160572337043,caa86f237e43056408787c677572585176b7f771bfcba7cecd40feeb7dc79e4e,2026-09-06T16:21:34.831292+00:00,1,7.920620045002579,False,500.0,0.023945350375631703,10,0.159,NAA-GDP,0.06,3,10,,1,s3_p10_NAA-GDP_l10_r1,fcf8b4f93626e8cf9603afe70c3a614f6523366181d2f4df2620ee6efbb41bdb,3ea87f4a1b7b84a26ee106434a73c8c3b1666cf072e5654900cb743a0c6ff2ae,a12dcb1ba4e2a21b6a4474c284e3079c1b8e06dc282072a6d2d3a684bd02794b,1a980269c1778978c64462bf76cf00949cd95e29e33d5066107809299e5dec35,p5_10,celeba-three-workers-v1,
0.8232394366197183,,,186.904874292999,988babfb79a4be0620cf47d259d4da35f8fc07573e92f83a2e388003c17759ba,0.823489666136725,caa86f237e43056408787c677572585176b7f771bfcba7cecd40feeb7dc79e4e,2026-09-06T16:26:24.140487+00:00,1,5.063214256999345,False,500.0,0.02580999618913823,10,0.108,NAA-GDP,0.06,3,10,,2,s3_p10_NAA-GDP_l10_r2,fcf8b4f93626e8cf9603afe70c3a614f6523366181d2f4df2620ee6efbb41bdb,3ea87f4a1b7b84a26ee106434a73c8c3b1666cf072e5654900cb743a0c6ff2ae,a12dcb1ba4e2a21b6a4474c284e3079c1b8e06dc282072a6d2d3a684bd02794b,1a980269c1778978c64462bf76cf00949cd95e29e33d5066107809299e5dec35,p5_10,celeba-three-workers-v1,
0.8348591549295775,,,186.88776119600152,988babfb79a4be0620cf47d259d4da35f8fc07573e92f83a2e388003c17759ba,0.8340421303656598,caa86f237e43056408787c677572585176b7f771bfcba7cecd40feeb7dc79e4e,2026-09-06T16:31:13.699203+00:00,1,4.3641914109975914,False,500.0,0.022408208418325908,10,0.12,NAA-GDP,0.06,3,10,,3,s3_p10_NAA-GDP_l10_r3,fcf8b4f93626e8cf9603afe70c3a614f6523366181d2f4df2620ee6efbb41bdb,3ea87f4a1b7b84a26ee106434a73c8c3b1666cf072e5654900cb743a0c6ff2ae,a12dcb1ba4e2a21b6a4474c284e3079c1b8e06dc282072a6d2d3a684bd02794b,1a980269c1778978c64462bf76cf00949cd95e29e33d5066107809299e5dec35,p5_10,celeba-three-workers-v1,
0.8630281690140845,,,0.0,988babfb79a4be0620cf47d259d4da35f8fc07573e92f83a2e388003c17759ba,0.8635433227344992,caa86f237e43056408787c677572585176b7f771bfcba7cecd40feeb7dc79e4e,2026-09-06T16:31:18.014511+00:00,1,4.05515103200014,,,,1,0.59,C-GDP-private-noise,0.3,3,10,,0,s3_p10_C-GDP-private-noise_l1_r0,fcf8b4f93626e8cf9603afe70c3a614f6523366181d2f4df2620ee6efbb41bdb,3ea87f4a1b7b84a26ee106434a73c8c3b1666cf072e5654900cb743a0c6ff2ae,a12dcb1ba4e2a21b6a4474c284e3079c1b8e06dc282072a6d2d3a684bd02794b,1a980269c1778978c64462bf76cf00949cd95e29e33d5066107809299e5dec35,p5_10,celeba-three-workers-v1,
0.8623239436619718,,,0.0,988babfb79a4be0620cf47d259d4da35f8fc07573e92f83a2e388003c17759ba,0.8620329888712241,caa86f237e43056408787c677572585176b7f771bfcba7cecd40feeb7dc79e4e,2026-09-06T16:31:22.191336+00:00,1,3.9145899940012896,,,,1,0.623,C-GDP-private-noise,0.3,3,10,,1,s3_p10_C-GDP-private-noise_l1_r1,fcf8b4f93626e8cf9603afe70c3a614f6523366181d2f4df2620ee6efbb41bdb,3ea87f4a1b7b84a26ee106434a73c8c3b1666cf072e5654900cb743a0c6ff2ae,a12dcb1ba4e2a21b6a4474c284e3079c1b8e06dc282072a6d2d3a684bd02794b,1a980269c1778978c64462bf76cf00949cd95e29e33d5066107809299e5dec35,p5_10,celeba-three-workers-v1,
0.8630281690140845,,,0.0,988babfb79a4be0620cf47d259d4da35f8fc07573e92f83a2e388003c17759ba,0.8618441971383148,caa86f237e43056408787c677572585176b7f771bfcba7cecd40feeb7dc79e4e,2026-09-06T16:31:27.351103+00:00,1,4.9220868529992,,,,1,0.6,C-GDP-private-noise,0.3,3,10,,2,s3_p10_C-GDP-private-noise_l1_r2,fcf8b4f93626e8cf9603afe70c3a614f6523366181d2f4df2620ee6efbb41bdb,3ea87f4a1b7b84a26ee106434a73c8c3b1666cf072e5654900cb743a0c6ff2ae,a12dcb1ba4e2a21b6a4474c284e3079c1b8e06dc282072a6d2d3a684bd02794b,1a980269c1778978c64462bf76cf00949cd95e29e33d5066107809299e5dec35,p5_10,celeba-three-workers-v1,
0.8626760563380281,,,0.0,988babfb79a4be0620cf47d259d4da35f8fc07573e92f83a2e388003c17759ba,0.8636526232114468,caa86f237e43056408787c677572585176b7f771bfcba7cecd40feeb7dc79e4e,2026-09-06T16:31:30.491853+00:00,1,2.891442256997834,,,,1,0.621,C-GDP-private-noise,0.3,3,10,,3,s3_p10_C-GDP-private-noise_l1_r3,fcf8b4f93626e8cf9603afe70c3a614f6523366181d2f4df2620ee6efbb41bdb,3ea87f4a1b7b84a26ee106434a73c8c3b1666cf072e5654900cb743a0c6ff2ae,a12dcb1ba4e2a21b6a4474c284e3079c1b8e06dc282072a6d2d3a684bd02794b,1a980269c1778978c64462bf76cf00949cd95e29e33d5066107809299e5dec35,p5_10,celeba-three-workers-v1,
0.8144366197183098,,,0.0,988babfb79a4be0620cf47d259d4da35f8fc07573e92f83a2e388003c17759ba,0.8123310810810811,caa86f237e43056408787c677572585176b7f771bfcba7cecd40feeb7dc79e4e,2026-09-06T16:31:32.844077+00:00,1,2.091237215001456,,,,2,0.417,C-GDP-private-noise,0.6,3,10,,0,s3_p10_C-GDP-private-noise_l2_r0,fcf8b4f93626e8cf9603afe70c3a614f6523366181d2f4df2620ee6efbb41bdb,3ea87f4a1b7b84a26ee106434a73c8c3b1666cf072e5654900cb743a0c6ff2ae,a12dcb1ba4e2a21b6a4474c284e3079c1b8e06dc282072a6d2d3a684bd02794b,1a980269c1778978c64462bf76cf00949cd95e29e33d5066107809299e5dec35,p5_10,celeba-three-workers-v1,
0.8126760563380282,,,0.0,988babfb79a4be0620cf47d259d4da35f8fc07573e92f83a2e388003c17759ba,0.8143680445151034,caa86f237e43056408787c677572585176b7f771bfcba7cecd40feeb7dc79e4e,2026-09-06T16:31:36.420093+00:00,1,3.334365162998438,,,,2,0.382,C-GDP-private-noise,0.6,3,10,,1,s3_p10_C-GDP-private-noise_l2_r1,fcf8b4f93626e8cf9603afe70c3a614f6523366181d2f4df2620ee6efbb41bdb,3ea87f4a1b7b84a26ee106434a73c8c3b1666cf072e5654900cb743a0c6ff2ae,a12dcb1ba4e2a21b6a4474c284e3079c1b8e06dc282072a6d2d3a684bd02794b,1a980269c1778978c64462bf76cf00949cd95e29e33d5066107809299e5dec35,p5_10,celeba-three-workers-v1,
0.8228873239436619,,,0.0,988babfb79a4be0620cf47d259d4da35f8fc07573e92f83a2e388003c17759ba,0.8232710651828299,caa86f237e43056408787c677572585176b7f771bfcba7cecd40feeb7dc79e4e,2026-09-06T16:31:40.633045+00:00,1,3.9624401119981485,,,,2,0.435,C-GDP-private-noise,0.6,3,10,,2,s3_p10_C-GDP-private-noise_l2_r2,fcf8b4f93626e8cf9603afe70c3a614f6523366181d2f4df2620ee6efbb41bdb,3ea87f4a1b7b84a26ee106434a73c8c3b1666cf072e5654900cb743a0c6ff2ae,a12dcb1ba4e2a21b6a4474c284e3079c1b8e06dc282072a6d2d3a684bd02794b,1a980269c1778978c64462bf76cf00949cd95e29e33d5066107809299e5dec35,p5_10,celeba-three-workers-v1,
0.8338028169014085,,,0.0,988babfb79a4be0620cf47d259d4da35f8fc07573e92f83a2e388003c17759ba,0.8341613672496025,caa86f237e43056408787c677572585176b7f771bfcba7cecd40feeb7dc79e4e,2026-09-06T16:31:44.886100+00:00,1,3.974901741999929,,,,2,0.452,C-GDP-private-noise,0.6,3,10,,3,s3_p10_C-GDP-private-noise_l2_r3,fcf8b4f93626e8cf9603afe70c3a614f6523366181d2f4df2620ee6efbb41bdb,3ea87f4a1b7b84a26ee106434a73c8c3b1666cf072e5654900cb743a0c6ff2ae,a12dcb1ba4e2a21b6a4474c284e3079c1b8e06dc282072a6d2d3a684bd02794b,1a980269c1778978c64462bf76cf00949cd95e29e33d5066107809299e5dec35,p5_10,celeba-three-workers-v1,
0.7894366197183098,,,0.0,988babfb79a4be0620cf47d259d4da35f8fc07573e92f83a2e388003c17759ba,0.7900735294117647,caa86f237e43056408787c677572585176b7f771bfcba7cecd40feeb7dc79e4e,2026-09-06T16:31:48.370659+00:00,1,3.246927723997942,,,,3,0.285,C-GDP-private-noise,0.9,3,10,,0,s3_p10_C-GDP-private-noise_l3_r0,fcf8b4f93626e8cf9603afe70c3a614f6523366181d2f4df2620ee6efbb41bdb,3ea87f4a1b7b84a26ee106434a73c8c3b1666cf072e5654900cb743a0c6ff2ae,a12dcb1ba4e2a21b6a4474c284e3079c1b8e06dc282072a6d2d3a684bd02794b,1a980269c1778978c64462bf76cf00949cd95e29e33d5066107809299e5dec35,p5_10,celeba-three-workers-v1,
0.7848591549295775,,,0.0,988babfb79a4be0620cf47d259d4da35f8fc07573e92f83a2e388003c17759ba,0.7844296502384738,caa86f237e43056408787c677572585176b7f771bfcba7cecd40feeb7dc79e4e,2026-09-06T16:31:52.618545+00:00,1,4.005816030999995,,,,3,0.336,C-GDP-private-noise,0.9,3,10,,1,s3_p10_C-GDP-private-noise_l3_r1,fcf8b4f93626e8cf9603afe70c3a614f6523366181d2f4df2620ee6efbb41bdb,3ea87f4a1b7b84a26ee106434a73c8c3b1666cf072e5654900cb743a0c6ff2ae,a12dcb1ba4e2a21b6a4474c284e3079c1b8e06dc282072a6d2d3a684bd02794b,1a980269c1778978c64462bf76cf00949cd95e29e33d5066107809299e5dec35,p5_10,celeba-three-workers-v1,
0.7901408450704225,,,0.0,988babfb79a4be0620cf47d259d4da35f8fc07573e92f83a2e388003c17759ba,0.7893481717011128,caa86f237e43056408787c677572585176b7f771bfcba7cecd40feeb7dc79e4e,2026-09-06T16:31:55.900203+00:00,1,3.004649120000977,,,,3,0.306,C-GDP-private-noise,0.9,3,10,,2,s3_p10_C-GDP-private-noise_l3_r2,fcf8b4f93626e8cf9603afe70c3a614f6523366181d2f4df2620ee6efbb41bdb,3ea87f4a1b7b84a26ee106434a73c8c3b1666cf072e5654900cb743a0c6ff2ae,a12dcb1ba4e2a21b6a4474c284e3079c1b8e06dc282072a6d2d3a684bd02794b,1a980269c1778978c64462bf76cf00949cd95e29e33d5066107809299e5dec35,p5_10,celeba-three-workers-v1,
0.7876760563380282,,,0.0,988babfb79a4be0620cf47d259d4da35f8fc07573e92f83a2e388003c17759ba,0.7881160572337043,caa86f237e43056408787c677572585176b7f771bfcba7cecd40feeb7dc79e4e,2026-09-06T16:31:59.239353+00:00,1,3.097377318998042,,,,3,0.303,C-GDP-private-noise,0.9,3,10,,3,s3_p10_C-GDP-private-noise_l3_r3,fcf8b4f93626e8cf9603afe70c3a614f6523366181d2f4df2620ee6efbb41bdb,3ea87f4a1b7b84a26ee106434a73c8c3b1666cf072e5654900cb743a0c6ff2ae,a12dcb1ba4e2a21b6a4474c284e3079c1b8e06dc282072a6d2d3a684bd02794b,1a980269c1778978c64462bf76cf00949cd95e29e33d5066107809299e5dec35,p5_10,celeba-three-workers-v1,
0.7647887323943662,,,0.0,988babfb79a4be0620cf47d259d4da35f8fc07573e92f83a2e388003c17759ba,0.7630266295707473,caa86f237e43056408787c677572585176b7f771bfcba7cecd40feeb7dc79e4e,2026-09-06T16:32:02.039645+00:00,1,2.562974729000416,,,,4,0.22,C-GDP-private-noise,1.2,3,10,,0,s3_p10_C-GDP-private-noise_l4_r0,fcf8b4f93626e8cf9603afe70c3a614f6523366181d2f4df2620ee6efbb41bdb,3ea87f4a1b7b84a26ee106434a73c8c3b1666cf072e5654900cb743a0c6ff2ae,a12dcb1ba4e2a21b6a4474c284e3079c1b8e06dc282072a6d2d3a684bd02794b,1a980269c1778978c64462bf76cf00949cd95e29e33d5066107809299e5dec35,p5_10,celeba-three-workers-v1,
0.7647887323943662,,,0.0,988babfb79a4be0620cf47d259d4da35f8fc07573e92f83a2e388003c17759ba,0.7642488076311605,caa86f237e43056408787c677572585176b7f771bfcba7cecd40feeb7dc79e4e,2026-09-06T16:32:05.375686+00:00,1,3.0581046380029875,,,,4,0.229,C-GDP-private-noise,1.2,3,10,,1,s3_p10_C-GDP-private-noise_l4_r1,fcf8b4f93626e8cf9603afe70c3a614f6523366181d2f4df2620ee6efbb41bdb,3ea87f4a1b7b84a26ee106434a73c8c3b1666cf072e5654900cb743a0c6ff2ae,a12dcb1ba4e2a21b6a4474c284e3079c1b8e06dc282072a6d2d3a684bd02794b,1a980269c1778978c64462bf76cf00949cd95e29e33d5066107809299e5dec35,p5_10,celeba-three-workers-v1,
0.7746478873239436,,,0.0,988babfb79a4be0620cf47d259d4da35f8fc07573e92f83a2e388003c17759ba,0.7751987281399046,caa86f237e43056408787c677572585176b7f771bfcba7cecd40feeb7dc79e4e,2026-09-06T16:32:08.342956+00:00,1,2.7276222500004224,,,,4,0.25,C-GDP-private-noise,1.2,3,10,,2,s3_p10_C-GDP-private-noise_l4_r2,fcf8b4f93626e8cf9603afe70c3a614f6523366181d2f4df2620ee6efbb41bdb,3ea87f4a1b7b84a26ee106434a73c8c3b1666cf072e5654900cb743a0c6ff2ae,a12dcb1ba4e2a21b6a4474c284e3079c1b8e06dc282072a6d2d3a684bd02794b,1a980269c1778978c64462bf76cf00949cd95e29e33d5066107809299e5dec35,p5_10,celeba-three-workers-v1,
0.7651408450704226,,,0.0,988babfb79a4be0620cf47d259d4da35f8fc07573e92f83a2e388003c17759ba,0.7628279014308426,caa86f237e43056408787c677572585176b7f771bfcba7cecd40feeb7dc79e4e,2026-09-06T16:32:11.095481+00:00,1,2.515867910002271,,,,4,0.247,C-GDP-private-noise,1.2,3,10,,3,s3_p10_C-GDP-private-noise_l4_r3,fcf8b4f93626e8cf9603afe70c3a614f6523366181d2f4df2620ee6efbb41bdb,3ea87f4a1b7b84a26ee106434a73c8c3b1666cf072e5654900cb743a0c6ff2ae,a12dcb1ba4e2a21b6a4474c284e3079c1b8e06dc282072a6d2d3a684bd02794b,1a980269c1778978c64462bf76cf00949cd95e29e33d5066107809299e5dec35,p5_10,celeba-three-workers-v1,
0.7492957746478873,,,0.0,988babfb79a4be0620cf47d259d4da35f8fc07573e92f83a2e388003c17759ba,0.7502186009538951,caa86f237e43056408787c677572585176b7f771bfcba7cecd40feeb7dc79e4e,2026-09-06T16:32:13.898391+00:00,1,2.528193335998367,,,,5,0.172,C-GDP-private-noise,1.5,3,10,,0,s3_p10_C-GDP-private-noise_l5_r0,fcf8b4f93626e8cf9603afe70c3a614f6523366181d2f4df2620ee6efbb41bdb,3ea87f4a1b7b84a26ee106434a73c8c3b1666cf072e5654900cb743a0c6ff2ae,a12dcb1ba4e2a21b6a4474c284e3079c1b8e06dc282072a6d2d3a684bd02794b,1a980269c1778978c64462bf76cf00949cd95e29e33d5066107809299e5dec35,p5_10,celeba-three-workers-v1,
0.7330985915492958,,,0.0,988babfb79a4be0620cf47d259d4da35f8fc07573e92f83a2e388003c17759ba,0.7346482511923689,caa86f237e43056408787c677572585176b7f771bfcba7cecd40feeb7dc79e4e,2026-09-06T16:32:16.578467+00:00,1,2.4228972929995507,,,,5,0.178,C-GDP-private-noise,1.5,3,10,,1,s3_p10_C-GDP-private-noise_l5_r1,fcf8b4f93626e8cf9603afe70c3a614f6523366181d2f4df2620ee6efbb41bdb,3ea87f4a1b7b84a26ee106434a73c8c3b1666cf072e5654900cb743a0c6ff2ae,a12dcb1ba4e2a21b6a4474c284e3079c1b8e06dc282072a6d2d3a684bd02794b,1a980269c1778978c64462bf76cf00949cd95e29e33d5066107809299e5dec35,p5_10,celeba-three-workers-v1,
0.7285211267605634,,,0.0,988babfb79a4be0620cf47d259d4da35f8fc07573e92f83a2e388003c17759ba,0.7273052464228935,caa86f237e43056408787c677572585176b7f771bfcba7cecd40feeb7dc79e4e,2026-09-06T16:32:19.019581+00:00,1,2.202963285999431,,,,5,0.181,C-GDP-private-noise,1.5,3,10,,2,s3_p10_C-GDP-private-noise_l5_r2,fcf8b4f93626e8cf9603afe70c3a614f6523366181d2f4df2620ee6efbb41bdb,3ea87f4a1b7b84a26ee106434a73c8c3b1666cf072e5654900cb743a0c6ff2ae,a12dcb1ba4e2a21b6a4474c284e3079c1b8e06dc282072a6d2d3a684bd02794b,1a980269c1778978c64462bf76cf00949cd95e29e33d5066107809299e5dec35,p5_10,celeba-three-workers-v1,
0.7274647887323944,,,0.0,988babfb79a4be0620cf47d259d4da35f8fc07573e92f83a2e388003c17759ba,0.7268879173290939,caa86f237e43056408787c677572585176b7f771bfcba7cecd40feeb7dc79e4e,2026-09-06T16:32:21.494792+00:00,1,2.212758956000471,,,,5,0.231,C-GDP-private-noise,1.5,3,10,,3,s3_p10_C-GDP-private-noise_l5_r3,fcf8b4f93626e8cf9603afe70c3a614f6523366181d2f4df2620ee6efbb41bdb,3ea87f4a1b7b84a26ee106434a73c8c3b1666cf072e5654900cb743a0c6ff2ae,a12dcb1ba4e2a21b6a4474c284e3079c1b8e06dc282072a6d2d3a684bd02794b,1a980269c1778978c64462bf76cf00949cd95e29e33d5066107809299e5dec35,p5_10,celeba-three-workers-v1,
0.7214788732394366,,,0.0,988babfb79a4be0620cf47d259d4da35f8fc07573e92f83a2e388003c17759ba,0.7194157392686804,caa86f237e43056408787c677572585176b7f771bfcba7cecd40feeb7dc79e4e,2026-09-06T16:32:23.989210+00:00,1,2.24005411699909,,,,6,0.183,C-GDP-private-noise,1.8,3,10,,0,s3_p10_C-GDP-private-noise_l6_r0,fcf8b4f93626e8cf9603afe70c3a614f6523366181d2f4df2620ee6efbb41bdb,3ea87f4a1b7b84a26ee106434a73c8c3b1666cf072e5654900cb743a0c6ff2ae,a12dcb1ba4e2a21b6a4474c284e3079c1b8e06dc282072a6d2d3a684bd02794b,1a980269c1778978c64462bf76cf00949cd95e29e33d5066107809299e5dec35,p5_10,celeba-three-workers-v1,
0.704225352112676,,,0.0,988babfb79a4be0620cf47d259d4da35f8fc07573e92f83a2e388003c17759ba,0.7045310015898252,caa86f237e43056408787c677572585176b7f771bfcba7cecd40feeb7dc79e4e,2026-09-06T16:32:26.623397+00:00,1,2.389754292998987,,,,6,0.159,C-GDP-private-noise,1.8,3,10,,1,s3_p10_C-GDP-private-noise_l6_r1,fcf8b4f93626e8cf9603afe70c3a614f6523366181d2f4df2620ee6efbb41bdb,3ea87f4a1b7b84a26ee106434a73c8c3b1666cf072e5654900cb743a0c6ff2ae,a12dcb1ba4e2a21b6a4474c284e3079c1b8e06dc282072a6d2d3a684bd02794b,1a980269c1778978c64462bf76cf00949cd95e29e33d5066107809299e5dec35,p5_10,celeba-three-workers-v1,
0.7126760563380282,,,0.0,988babfb79a4be0620cf47d259d4da35f8fc07573e92f83a2e388003c17759ba,0.7099860890302068,caa86f237e43056408787c677572585176b7f771bfcba7cecd40feeb7dc79e4e,2026-09-06T16:32:29.639401+00:00,1,2.74697260800167,,,,6,0.134,C-GDP-private-noise,1.8,3,10,,2,s3_p10_C-GDP-private-noise_l6_r2,fcf8b4f93626e8cf9603afe70c3a614f6523366181d2f4df2620ee6efbb41bdb,3ea87f4a1b7b84a26ee106434a73c8c3b1666cf072e5654900cb743a0c6ff2ae,a12dcb1ba4e2a21b6a4474c284e3079c1b8e06dc282072a6d2d3a684bd02794b,1a980269c1778978c64462bf76cf00949cd95e29e33d5066107809299e5dec35,p5_10,celeba-three-workers-v1,
0.6936619718309859,,,0.0,988babfb79a4be0620cf47d259d4da35f8fc07573e92f83a2e388003c17759ba,0.6966315580286169,caa86f237e43056408787c677572585176b7f771bfcba7cecd40feeb7dc79e4e,2026-09-06T16:32:32.130749+00:00,1,2.2410082739988866,,,,6,0.203,C-GDP-private-noise,1.8,3,10,,3,s3_p10_C-GDP-private-noise_l6_r3,fcf8b4f93626e8cf9603afe70c3a614f6523366181d2f4df2620ee6efbb41bdb,3ea87f4a1b7b84a26ee106434a73c8c3b1666cf072e5654900cb743a0c6ff2ae,a12dcb1ba4e2a21b6a4474c284e3079c1b8e06dc282072a6d2d3a684bd02794b,1a980269c1778978c64462bf76cf00949cd95e29e33d5066107809299e5dec35,p5_10,celeba-three-workers-v1,
0.6904929577464789,,,0.0,988babfb79a4be0620cf47d259d4da35f8fc07573e92f83a2e388003c17759ba,0.6885532591414945,caa86f237e43056408787c677572585176b7f771bfcba7cecd40feeb7dc79e4e,2026-09-06T16:32:34.619590+00:00,1,2.2490930240019225,,,,7,0.112,C-GDP-private-noise,2.1,3,10,,0,s3_p10_C-GDP-private-noise_l7_r0,fcf8b4f93626e8cf9603afe70c3a614f6523366181d2f4df2620ee6efbb41bdb,3ea87f4a1b7b84a26ee106434a73c8c3b1666cf072e5654900cb743a0c6ff2ae,a12dcb1ba4e2a21b6a4474c284e3079c1b8e06dc282072a6d2d3a684bd02794b,1a980269c1778978c64462bf76cf00949cd95e29e33d5066107809299e5dec35,p5_10,celeba-three-workers-v1,
0.702112676056338,,,0.0,988babfb79a4be0620cf47d259d4da35f8fc07573e92f83a2e388003c17759ba,0.7014606518282989,caa86f237e43056408787c677572585176b7f771bfcba7cecd40feeb7dc79e4e,2026-09-06T16:32:37.100530+00:00,1,2.218460664000304,,,,7,0.153,C-GDP-private-noise,2.1,3,10,,1,s3_p10_C-GDP-private-noise_l7_r1,fcf8b4f93626e8cf9603afe70c3a614f6523366181d2f4df2620ee6efbb41bdb,3ea87f4a1b7b84a26ee106434a73c8c3b1666cf072e5654900cb743a0c6ff2ae,a12dcb1ba4e2a21b6a4474c284e3079c1b8e06dc282072a6d2d3a684bd02794b,1a980269c1778978c64462bf76cf00949cd95e29e33d5066107809299e5dec35,p5_10,celeba-three-workers-v1,
0.678169014084507,,,0.0,988babfb79a4be0620cf47d259d4da35f8fc07573e92f83a2e388003c17759ba,0.6802166136724961,caa86f237e43056408787c677572585176b7f771bfcba7cecd40feeb7dc79e4e,2026-09-06T16:32:39.525367+00:00,1,2.1825165879999986,,,,7,0.174,C-GDP-private-noise,2.1,3,10,,2,s3_p10_C-GDP-private-noise_l7_r2,fcf8b4f93626e8cf9603afe70c3a614f6523366181d2f4df2620ee6efbb41bdb,3ea87f4a1b7b84a26ee106434a73c8c3b1666cf072e5654900cb743a0c6ff2ae,a12dcb1ba4e2a21b6a4474c284e3079c1b8e06dc282072a6d2d3a684bd02794b,1a980269c1778978c64462bf76cf00949cd95e29e33d5066107809299e5dec35,p5_10,celeba-three-workers-v1,
0.6866197183098591,,,0.0,988babfb79a4be0620cf47d259d4da35f8fc07573e92f83a2e388003c17759ba,0.6825715421303657,caa86f237e43056408787c677572585176b7f771bfcba7cecd40feeb7dc79e4e,2026-09-06T16:32:41.910564+00:00,1,2.1282594069998595,,,,7,0.186,C-GDP-private-noise,2.1,3,10,,3,s3_p10_C-GDP-private-noise_l7_r3,fcf8b4f93626e8cf9603afe70c3a614f6523366181d2f4df2620ee6efbb41bdb,3ea87f4a1b7b84a26ee106434a73c8c3b1666cf072e5654900cb743a0c6ff2ae,a12dcb1ba4e2a21b6a4474c284e3079c1b8e06dc282072a6d2d3a684bd02794b,1a980269c1778978c64462bf76cf00949cd95e29e33d5066107809299e5dec35,p5_10,celeba-three-workers-v1,
0.6894366197183098,,,0.0,988babfb79a4be0620cf47d259d4da35f8fc07573e92f83a2e388003c17759ba,0.6900139109697934,caa86f237e43056408787c677572585176b7f771bfcba7cecd40feeb7dc79e4e,2026-09-06T16:32:44.097383+00:00,1,1.9240275420015678,,,,8,0.115,C-GDP-private-noise,2.4,3,10,,0,s3_p10_C-GDP-private-noise_l8_r0,fcf8b4f93626e8cf9603afe70c3a614f6523366181d2f4df2620ee6efbb41bdb,3ea87f4a1b7b84a26ee106434a73c8c3b1666cf072e5654900cb743a0c6ff2ae,a12dcb1ba4e2a21b6a4474c284e3079c1b8e06dc282072a6d2d3a684bd02794b,1a980269c1778978c64462bf76cf00949cd95e29e33d5066107809299e5dec35,p5_10,celeba-three-workers-v1,
0.6714788732394367,,,0.0,988babfb79a4be0620cf47d259d4da35f8fc07573e92f83a2e388003c17759ba,0.6700119236883942,caa86f237e43056408787c677572585176b7f771bfcba7cecd40feeb7dc79e4e,2026-09-06T16:32:46.382636+00:00,1,2.04661397900054,,,,8,0.16,C-GDP-private-noise,2.4,3,10,,1,s3_p10_C-GDP-private-noise_l8_r1,fcf8b4f93626e8cf9603afe70c3a614f6523366181d2f4df2620ee6efbb41bdb,3ea87f4a1b7b84a26ee106434a73c8c3b1666cf072e5654900cb743a0c6ff2ae,a12dcb1ba4e2a21b6a4474c284e3079c1b8e06dc282072a6d2d3a684bd02794b,1a980269c1778978c64462bf76cf00949cd95e29e33d5066107809299e5dec35,p5_10,celeba-three-workers-v1,
0.6806338028169014,,,0.0,988babfb79a4be0620cf47d259d4da35f8fc07573e92f83a2e388003c17759ba,0.675904213036566,caa86f237e43056408787c677572585176b7f771bfcba7cecd40feeb7dc79e4e,2026-09-06T16:32:48.805027+00:00,1,2.1670703169984336,,,,8,0.18,C-GDP-private-noise,2.4,3,10,,2,s3_p10_C-GDP-private-noise_l8_r2,fcf8b4f93626e8cf9603afe70c3a614f6523366181d2f4df2620ee6efbb41bdb,3ea87f4a1b7b84a26ee106434a73c8c3b1666cf072e5654900cb743a0c6ff2ae,a12dcb1ba4e2a21b6a4474c284e3079c1b8e06dc282072a6d2d3a684bd02794b,1a980269c1778978c64462bf76cf00949cd95e29e33d5066107809299e5dec35,p5_10,celeba-three-workers-v1,
0.672887323943662,,,0.0,988babfb79a4be0620cf47d259d4da35f8fc07573e92f83a2e388003c17759ba,0.6740162957074722,caa86f237e43056408787c677572585176b7f771bfcba7cecd40feeb7dc79e4e,2026-09-06T16:32:51.264461+00:00,1,2.1936174779984867,,,,8,0.152,C-GDP-private-noise,2.4,3,10,,3,s3_p10_C-GDP-private-noise_l8_r3,fcf8b4f93626e8cf9603afe70c3a614f6523366181d2f4df2620ee6efbb41bdb,3ea87f4a1b7b84a26ee106434a73c8c3b1666cf072e5654900cb743a0c6ff2ae,a12dcb1ba4e2a21b6a4474c284e3079c1b8e06dc282072a6d2d3a684bd02794b,1a980269c1778978c64462bf76cf00949cd95e29e33d5066107809299e5dec35,p5_10,celeba-three-workers-v1,
0.652112676056338,,,0.0,988babfb79a4be0620cf47d259d4da35f8fc07573e92f83a2e388003c17759ba,0.6538751987281399,caa86f237e43056408787c677572585176b7f771bfcba7cecd40feeb7dc79e4e,2026-09-06T16:32:53.600514+00:00,1,2.0966536840023764,,,,9,0.14,C-GDP-private-noise,2.7,3,10,,0,s3_p10_C-GDP-private-noise_l9_r0,fcf8b4f93626e8cf9603afe70c3a614f6523366181d2f4df2620ee6efbb41bdb,3ea87f4a1b7b84a26ee106434a73c8c3b1666cf072e5654900cb743a0c6ff2ae,a12dcb1ba4e2a21b6a4474c284e3079c1b8e06dc282072a6d2d3a684bd02794b,1a980269c1778978c64462bf76cf00949cd95e29e33d5066107809299e5dec35,p5_10,celeba-three-workers-v1,
0.6658450704225352,,,0.0,988babfb79a4be0620cf47d259d4da35f8fc07573e92f83a2e388003c17759ba,0.6616852146263911,caa86f237e43056408787c677572585176b7f771bfcba7cecd40feeb7dc79e4e,2026-09-06T16:32:55.986400+00:00,1,2.1337978650008154,,,,9,0.128,C-GDP-private-noise,2.7,3,10,,1,s3_p10_C-GDP-private-noise_l9_r1,fcf8b4f93626e8cf9603afe70c3a614f6523366181d2f4df2620ee6efbb41bdb,3ea87f4a1b7b84a26ee106434a73c8c3b1666cf072e5654900cb743a0c6ff2ae,a12dcb1ba4e2a21b6a4474c284e3079c1b8e06dc282072a6d2d3a684bd02794b,1a980269c1778978c64462bf76cf00949cd95e29e33d5066107809299e5dec35,p5_10,celeba-three-workers-v1,
0.6419014084507042,,,0.0,988babfb79a4be0620cf47d259d4da35f8fc07573e92f83a2e388003c17759ba,0.6462539745627981,caa86f237e43056408787c677572585176b7f771bfcba7cecd40feeb7dc79e4e,2026-09-06T16:32:58.146047+00:00,1,1.8827096620007069,,,,9,0.13,C-GDP-private-noise,2.7,3,10,,2,s3_p10_C-GDP-private-noise_l9_r2,fcf8b4f93626e8cf9603afe70c3a614f6523366181d2f4df2620ee6efbb41bdb,3ea87f4a1b7b84a26ee106434a73c8c3b1666cf072e5654900cb743a0c6ff2ae,a12dcb1ba4e2a21b6a4474c284e3079c1b8e06dc282072a6d2d3a684bd02794b,1a980269c1778978c64462bf76cf00949cd95e29e33d5066107809299e5dec35,p5_10,celeba-three-workers-v1,
0.6559859154929577,,,0.0,988babfb79a4be0620cf47d259d4da35f8fc07573e92f83a2e388003c17759ba,0.6530306041335454,caa86f237e43056408787c677572585176b7f771bfcba7cecd40feeb7dc79e4e,2026-09-06T16:33:00.471483+00:00,1,2.085210476001521,,,,9,0.131,C-GDP-private-noise,2.7,3,10,,3,s3_p10_C-GDP-private-noise_l9_r3,fcf8b4f93626e8cf9603afe70c3a614f6523366181d2f4df2620ee6efbb41bdb,3ea87f4a1b7b84a26ee106434a73c8c3b1666cf072e5654900cb743a0c6ff2ae,a12dcb1ba4e2a21b6a4474c284e3079c1b8e06dc282072a6d2d3a684bd02794b,1a980269c1778978c64462bf76cf00949cd95e29e33d5066107809299e5dec35,p5_10,celeba-three-workers-v1,
0.6514084507042254,,,0.0,988babfb79a4be0620cf47d259d4da35f8fc07573e92f83a2e388003c17759ba,0.6471780604133546,caa86f237e43056408787c677572585176b7f771bfcba7cecd40feeb7dc79e4e,2026-09-06T16:33:02.828130+00:00,1,2.1174324820021866,,,,10,0.126,C-GDP-private-noise,3.0,3,10,,0,s3_p10_C-GDP-private-noise_l10_r0,fcf8b4f93626e8cf9603afe70c3a614f6523366181d2f4df2620ee6efbb41bdb,3ea87f4a1b7b84a26ee106434a73c8c3b1666cf072e5654900cb743a0c6ff2ae,a12dcb1ba4e2a21b6a4474c284e3079c1b8e06dc282072a6d2d3a684bd02794b,1a980269c1778978c64462bf76cf00949cd95e29e33d5066107809299e5dec35,p5_10,celeba-three-workers-v1,
0.652112676056338,,,0.0,988babfb79a4be0620cf47d259d4da35f8fc07573e92f83a2e388003c17759ba,0.6494038155802861,caa86f237e43056408787c677572585176b7f771bfcba7cecd40feeb7dc79e4e,2026-09-06T16:33:05.284193+00:00,1,2.176198471999669,,,,10,0.123,C-GDP-private-noise,3.0,3,10,,1,s3_p10_C-GDP-private-noise_l10_r1,fcf8b4f93626e8cf9603afe70c3a614f6523366181d2f4df2620ee6efbb41bdb,3ea87f4a1b7b84a26ee106434a73c8c3b1666cf072e5654900cb743a0c6ff2ae,a12dcb1ba4e2a21b6a4474c284e3079c1b8e06dc282072a6d2d3a684bd02794b,1a980269c1778978c64462bf76cf00949cd95e29e33d5066107809299e5dec35,p5_10,celeba-three-workers-v1,
0.6426056338028169,,,0.0,988babfb79a4be0620cf47d259d4da35f8fc07573e92f83a2e388003c17759ba,0.6392984896661367,caa86f237e43056408787c677572585176b7f771bfcba7cecd40feeb7dc79e4e,2026-09-06T16:33:07.759486+00:00,1,2.234241476999159,,,,10,0.143,C-GDP-private-noise,3.0,3,10,,2,s3_p10_C-GDP-private-noise_l10_r2,fcf8b4f93626e8cf9603afe70c3a614f6523366181d2f4df2620ee6efbb41bdb,3ea87f4a1b7b84a26ee106434a73c8c3b1666cf072e5654900cb743a0c6ff2ae,a12dcb1ba4e2a21b6a4474c284e3079c1b8e06dc282072a6d2d3a684bd02794b,1a980269c1778978c64462bf76cf00949cd95e29e33d5066107809299e5dec35,p5_10,celeba-three-workers-v1,
0.6475352112676056,,,0.0,988babfb79a4be0620cf47d259d4da35f8fc07573e92f83a2e388003c17759ba,0.6496621621621621,caa86f237e43056408787c677572585176b7f771bfcba7cecd40feeb7dc79e4e,2026-09-06T16:33:09.979408+00:00,1,1.9742182549998688,,,,10,0.138,C-GDP-private-noise,3.0,3,10,,3,s3_p10_C-GDP-private-noise_l10_r3,fcf8b4f93626e8cf9603afe70c3a614f6523366181d2f4df2620ee6efbb41bdb,3ea87f4a1b7b84a26ee106434a73c8c3b1666cf072e5654900cb743a0c6ff2ae,a12dcb1ba4e2a21b6a4474c284e3079c1b8e06dc282072a6d2d3a684bd02794b,1a980269c1778978c64462bf76cf00949cd95e29e33d5066107809299e5dec35,p5_10,celeba-three-workers-v1,
0.8771929824561403,,,0.0,988babfb79a4be0620cf47d259d4da35f8fc07573e92f83a2e388003c17759ba,0.8737340122135233,9e6b34785c76ea03b316f0e97fd7505cbf81a983e7090ec2bd252ce085312a5b,2026-09-06T16:33:36.295098+00:00,1,4.568624315998022,,,,0,0.736,C-GDP,0.0,4,10,,0,s4_p10_C-GDP_l0_r0,fcf8b4f93626e8cf9603afe70c3a614f6523366181d2f4df2620ee6efbb41bdb,3ea87f4a1b7b84a26ee106434a73c8c3b1666cf072e5654900cb743a0c6ff2ae,a12dcb1ba4e2a21b6a4474c284e3079c1b8e06dc282072a6d2d3a684bd02794b,1a980269c1778978c64462bf76cf00949cd95e29e33d5066107809299e5dec35,p5_10,celeba-three-workers-v1,
0.8228070175438597,,,0.0,988babfb79a4be0620cf47d259d4da35f8fc07573e92f83a2e388003c17759ba,0.8204484677795245,9e6b34785c76ea03b316f0e97fd7505cbf81a983e7090ec2bd252ce085312a5b,2026-09-06T16:33:41.097707+00:00,1,4.750392426001781,,,,0,,I-GDP,0.0,4,10,,0,s4_p10_I-GDP_l0_r0,fcf8b4f93626e8cf9603afe70c3a614f6523366181d2f4df2620ee6efbb41bdb,3ea87f4a1b7b84a26ee106434a73c8c3b1666cf072e5654900cb743a0c6ff2ae,a12dcb1ba4e2a21b6a4474c284e3079c1b8e06dc282072a6d2d3a684bd02794b,1a980269c1778978c64462bf76cf00949cd95e29e33d5066107809299e5dec35,p5_10,celeba-three-workers-v1,
0.88,,,0.0,988babfb79a4be0620cf47d259d4da35f8fc07573e92f83a2e388003c17759ba,0.8778820478586834,9e6b34785c76ea03b316f0e97fd7505cbf81a983e7090ec2bd252ce085312a5b,2026-09-06T16:33:46.018030+00:00,1,4.753280511999037,,,,0,0.736,AA-GDP,0.0,4,10,,0,s4_p10_AA-GDP_l0_r0,fcf8b4f93626e8cf9603afe70c3a614f6523366181d2f4df2620ee6efbb41bdb,3ea87f4a1b7b84a26ee106434a73c8c3b1666cf072e5654900cb743a0c6ff2ae,a12dcb1ba4e2a21b6a4474c284e3079c1b8e06dc282072a6d2d3a684bd02794b,1a980269c1778978c64462bf76cf00949cd95e29e33d5066107809299e5dec35,p5_10,celeba-three-workers-v1,7.396991352770499e-11
0.883859649122807,,,3.029152928997064,988babfb79a4be0620cf47d259d4da35f8fc07573e92f83a2e388003c17759ba,0.8820942716521437,9e6b34785c76ea03b316f0e97fd7505cbf81a983e7090ec2bd252ce085312a5b,2026-09-06T16:34:00.041516+00:00,1,5.209167131000868,True,5.0,8.75427412866872e-09,1,0.655,NAA-GDP,0.006,4,10,,0,s4_p10_NAA-GDP_l1_r0,fcf8b4f93626e8cf9603afe70c3a614f6523366181d2f4df2620ee6efbb41bdb,3ea87f4a1b7b84a26ee106434a73c8c3b1666cf072e5654900cb743a0c6ff2ae,a12dcb1ba4e2a21b6a4474c284e3079c1b8e06dc282072a6d2d3a684bd02794b,1a980269c1778978c64462bf76cf00949cd95e29e33d5066107809299e5dec35,p5_10,celeba-three-workers-v1,
0.8785964912280702,,,3.0478241380005784,988babfb79a4be0620cf47d259d4da35f8fc07573e92f83a2e388003c17759ba,0.8773399048830394,9e6b34785c76ea03b316f0e97fd7505cbf81a983e7090ec2bd252ce085312a5b,2026-09-06T16:34:12.717443+00:00,1,4.622334375999344,True,5.0,8.783281285775493e-09,1,0.627,NAA-GDP,0.006,4,10,,1,s4_p10_NAA-GDP_l1_r1,fcf8b4f93626e8cf9603afe70c3a614f6523366181d2f4df2620ee6efbb41bdb,3ea87f4a1b7b84a26ee106434a73c8c3b1666cf072e5654900cb743a0c6ff2ae,a12dcb1ba4e2a21b6a4474c284e3079c1b8e06dc282072a6d2d3a684bd02794b,1a980269c1778978c64462bf76cf00949cd95e29e33d5066107809299e5dec35,p5_10,celeba-three-workers-v1,
0.8782456140350877,,,3.0304422340013843,988babfb79a4be0620cf47d259d4da35f8fc07573e92f83a2e388003c17759ba,0.8761410677747845,9e6b34785c76ea03b316f0e97fd7505cbf81a983e7090ec2bd252ce085312a5b,2026-09-06T16:34:25.415061+00:00,1,5.27914459800013,True,5.0,8.905361388995797e-09,1,0.658,NAA-GDP,0.006,4,10,,2,s4_p10_NAA-GDP_l1_r2,fcf8b4f93626e8cf9603afe70c3a614f6523366181d2f4df2620ee6efbb41bdb,3ea87f4a1b7b84a26ee106434a73c8c3b1666cf072e5654900cb743a0c6ff2ae,a12dcb1ba4e2a21b6a4474c284e3079c1b8e06dc282072a6d2d3a684bd02794b,1a980269c1778978c64462bf76cf00949cd95e29e33d5066107809299e5dec35,p5_10,celeba-three-workers-v1,
0.8768421052631579,,,3.0209169079971616,988babfb79a4be0620cf47d259d4da35f8fc07573e92f83a2e388003c17759ba,0.874661777833956,9e6b34785c76ea03b316f0e97fd7505cbf81a983e7090ec2bd252ce085312a5b,2026-09-06T16:34:38.707704+00:00,1,5.228629871999146,True,5.0,8.765422700397662e-09,1,0.636,NAA-GDP,0.006,4,10,,3,s4_p10_NAA-GDP_l1_r3,fcf8b4f93626e8cf9603afe70c3a614f6523366181d2f4df2620ee6efbb41bdb,3ea87f4a1b7b84a26ee106434a73c8c3b1666cf072e5654900cb743a0c6ff2ae,a12dcb1ba4e2a21b6a4474c284e3079c1b8e06dc282072a6d2d3a684bd02794b,1a980269c1778978c64462bf76cf00949cd95e29e33d5066107809299e5dec35,p5_10,celeba-three-workers-v1,
0.8740350877192983,,,3.681603939003253,988babfb79a4be0620cf47d259d4da35f8fc07573e92f83a2e388003c17759ba,0.8710183597854338,9e6b34785c76ea03b316f0e97fd7505cbf81a983e7090ec2bd252ce085312a5b,2026-09-06T16:34:52.221442+00:00,1,4.104512402998807,True,7.0,5.6832286452797384e-08,2,0.491,NAA-GDP,0.012,4,10,,0,s4_p10_NAA-GDP_l2_r0,fcf8b4f93626e8cf9603afe70c3a614f6523366181d2f4df2620ee6efbb41bdb,3ea87f4a1b7b84a26ee106434a73c8c3b1666cf072e5654900cb743a0c6ff2ae,a12dcb1ba4e2a21b6a4474c284e3079c1b8e06dc282072a6d2d3a684bd02794b,1a980269c1778978c64462bf76cf00949cd95e29e33d5066107809299e5dec35,p5_10,celeba-three-workers-v1,
0.8736842105263158,,,3.665821001999575,988babfb79a4be0620cf47d259d4da35f8fc07573e92f83a2e388003c17759ba,0.8729914047131876,9e6b34785c76ea03b316f0e97fd7505cbf81a983e7090ec2bd252ce085312a5b,2026-09-06T16:35:05.596442+00:00,1,3.5366422070001136,True,7.0,5.673281936739094e-08,2,0.551,NAA-GDP,0.012,4,10,,1,s4_p10_NAA-GDP_l2_r1,fcf8b4f93626e8cf9603afe70c3a614f6523366181d2f4df2620ee6efbb41bdb,3ea87f4a1b7b84a26ee106434a73c8c3b1666cf072e5654900cb743a0c6ff2ae,a12dcb1ba4e2a21b6a4474c284e3079c1b8e06dc282072a6d2d3a684bd02794b,1a980269c1778978c64462bf76cf00949cd95e29e33d5066107809299e5dec35,p5_10,celeba-three-workers-v1,
0.875438596491228,,,3.683617767001124,988babfb79a4be0620cf47d259d4da35f8fc07573e92f83a2e388003c17759ba,0.8733266643493098,9e6b34785c76ea03b316f0e97fd7505cbf81a983e7090ec2bd252ce085312a5b,2026-09-06T16:35:19.872855+00:00,1,4.202108116001909,True,7.0,5.60372735263318e-08,2,0.44,NAA-GDP,0.012,4,10,,2,s4_p10_NAA-GDP_l2_r2,fcf8b4f93626e8cf9603afe70c3a614f6523366181d2f4df2620ee6efbb41bdb,3ea87f4a1b7b84a26ee106434a73c8c3b1666cf072e5654900cb743a0c6ff2ae,a12dcb1ba4e2a21b6a4474c284e3079c1b8e06dc282072a6d2d3a684bd02794b,1a980269c1778978c64462bf76cf00949cd95e29e33d5066107809299e5dec35,p5_10,celeba-three-workers-v1,
0.8673684210526316,,,3.6780949259991758,988babfb79a4be0620cf47d259d4da35f8fc07573e92f83a2e388003c17759ba,0.8646044825052733,9e6b34785c76ea03b316f0e97fd7505cbf81a983e7090ec2bd252ce085312a5b,2026-09-06T16:35:32.625365+00:00,1,4.12573216400051,True,7.0,5.689709552942698e-08,2,0.388,NAA-GDP,0.012,4,10,,3,s4_p10_NAA-GDP_l2_r3,fcf8b4f93626e8cf9603afe70c3a614f6523366181d2f4df2620ee6efbb41bdb,3ea87f4a1b7b84a26ee106434a73c8c3b1666cf072e5654900cb743a0c6ff2ae,a12dcb1ba4e2a21b6a4474c284e3079c1b8e06dc282072a6d2d3a684bd02794b,1a980269c1778978c64462bf76cf00949cd95e29e33d5066107809299e5dec35,p5_10,celeba-three-workers-v1,
0.8656140350877193,,,5.126155564998044,988babfb79a4be0620cf47d259d4da35f8fc07573e92f83a2e388003c17759ba,0.8633320759039667,9e6b34785c76ea03b316f0e97fd7505cbf81a983e7090ec2bd252ce085312a5b,2026-09-06T16:35:47.915575+00:00,1,3.7970999399985885,True,11.0,2.1401869173171098e-08,3,0.32,NAA-GDP,0.018,4,10,,0,s4_p10_NAA-GDP_l3_r0,fcf8b4f93626e8cf9603afe70c3a614f6523366181d2f4df2620ee6efbb41bdb,3ea87f4a1b7b84a26ee106434a73c8c3b1666cf072e5654900cb743a0c6ff2ae,a12dcb1ba4e2a21b6a4474c284e3079c1b8e06dc282072a6d2d3a684bd02794b,1a980269c1778978c64462bf76cf00949cd95e29e33d5066107809299e5dec35,p5_10,celeba-three-workers-v1,
0.8673684210526316,,,5.1331521889987926,988babfb79a4be0620cf47d259d4da35f8fc07573e92f83a2e388003c17759ba,0.8652172324440477,9e6b34785c76ea03b316f0e97fd7505cbf81a983e7090ec2bd252ce085312a5b,2026-09-06T16:36:04.538945+00:00,1,4.273929767998197,True,11.0,2.1251763908370578e-08,3,0.369,NAA-GDP,0.018,4,10,,1,s4_p10_NAA-GDP_l3_r1,fcf8b4f93626e8cf9603afe70c3a614f6523366181d2f4df2620ee6efbb41bdb,3ea87f4a1b7b84a26ee106434a73c8c3b1666cf072e5654900cb743a0c6ff2ae,a12dcb1ba4e2a21b6a4474c284e3079c1b8e06dc282072a6d2d3a684bd02794b,1a980269c1778978c64462bf76cf00949cd95e29e33d5066107809299e5dec35,p5_10,celeba-three-workers-v1,
0.8624561403508771,,,5.1327266929984035,988babfb79a4be0620cf47d259d4da35f8fc07573e92f83a2e388003c17759ba,0.8607966440461049,9e6b34785c76ea03b316f0e97fd7505cbf81a983e7090ec2bd252ce085312a5b,2026-09-06T16:36:19.922815+00:00,1,4.065218546998949,True,11.0,2.116135863423393e-08,3,0.341,NAA-GDP,0.018,4,10,,2,s4_p10_NAA-GDP_l3_r2,fcf8b4f93626e8cf9603afe70c3a614f6523366181d2f4df2620ee6efbb41bdb,3ea87f4a1b7b84a26ee106434a73c8c3b1666cf072e5654900cb743a0c6ff2ae,a12dcb1ba4e2a21b6a4474c284e3079c1b8e06dc282072a6d2d3a684bd02794b,1a980269c1778978c64462bf76cf00949cd95e29e33d5066107809299e5dec35,p5_10,celeba-three-workers-v1,
0.8712280701754386,,,5.139993822998804,988babfb79a4be0620cf47d259d4da35f8fc07573e92f83a2e388003c17759ba,0.8687806621846881,9e6b34785c76ea03b316f0e97fd7505cbf81a983e7090ec2bd252ce085312a5b,2026-09-06T16:36:36.264056+00:00,1,4.011456338001153,True,11.0,2.0525839161917656e-08,3,0.275,NAA-GDP,0.018,4,10,,3,s4_p10_NAA-GDP_l3_r3,fcf8b4f93626e8cf9603afe70c3a614f6523366181d2f4df2620ee6efbb41bdb,3ea87f4a1b7b84a26ee106434a73c8c3b1666cf072e5654900cb743a0c6ff2ae,a12dcb1ba4e2a21b6a4474c284e3079c1b8e06dc282072a6d2d3a684bd02794b,1a980269c1778978c64462bf76cf00949cd95e29e33d5066107809299e5dec35,p5_10,celeba-three-workers-v1,
0.8617543859649123,,,6.947126531002141,988babfb79a4be0620cf47d259d4da35f8fc07573e92f83a2e388003c17759ba,0.8595523814790529,9e6b34785c76ea03b316f0e97fd7505cbf81a983e7090ec2bd252ce085312a5b,2026-09-06T16:36:56.347313+00:00,1,4.962797580999904,True,16.0,5.653156332328707e-08,4,0.244,NAA-GDP,0.024,4,10,,0,s4_p10_NAA-GDP_l4_r0,fcf8b4f93626e8cf9603afe70c3a614f6523366181d2f4df2620ee6efbb41bdb,3ea87f4a1b7b84a26ee106434a73c8c3b1666cf072e5654900cb743a0c6ff2ae,a12dcb1ba4e2a21b6a4474c284e3079c1b8e06dc282072a6d2d3a684bd02794b,1a980269c1778978c64462bf76cf00949cd95e29e33d5066107809299e5dec35,p5_10,celeba-three-workers-v1,
0.8596491228070176,,,6.95644368399735,988babfb79a4be0620cf47d259d4da35f8fc07573e92f83a2e388003c17759ba,0.8559277261200338,9e6b34785c76ea03b316f0e97fd7505cbf81a983e7090ec2bd252ce085312a5b,2026-09-06T16:37:14.626420+00:00,1,3.1956222510016232,True,16.0,5.9177883069868176e-08,4,0.248,NAA-GDP,0.024,4,10,,1,s4_p10_NAA-GDP_l4_r1,fcf8b4f93626e8cf9603afe70c3a614f6523366181d2f4df2620ee6efbb41bdb,3ea87f4a1b7b84a26ee106434a73c8c3b1666cf072e5654900cb743a0c6ff2ae,a12dcb1ba4e2a21b6a4474c284e3079c1b8e06dc282072a6d2d3a684bd02794b,1a980269c1778978c64462bf76cf00949cd95e29e33d5066107809299e5dec35,p5_10,celeba-three-workers-v1,
0.856140350877193,,,6.931705566003075,988babfb79a4be0620cf47d259d4da35f8fc07573e92f83a2e388003c17759ba,0.8552211627337436,9e6b34785c76ea03b316f0e97fd7505cbf81a983e7090ec2bd252ce085312a5b,2026-09-06T16:37:32.996219+00:00,1,3.224637976996746,True,16.0,5.479283917122876e-08,4,0.274,NAA-GDP,0.024,4,10,,2,s4_p10_NAA-GDP_l4_r2,fcf8b4f93626e8cf9603afe70c3a614f6523366181d2f4df2620ee6efbb41bdb,3ea87f4a1b7b84a26ee106434a73c8c3b1666cf072e5654900cb743a0c6ff2ae,a12dcb1ba4e2a21b6a4474c284e3079c1b8e06dc282072a6d2d3a684bd02794b,1a980269c1778978c64462bf76cf00949cd95e29e33d5066107809299e5dec35,p5_10,celeba-three-workers-v1,
0.8628070175438597,,,6.950226901997667,988babfb79a4be0620cf47d259d4da35f8fc07573e92f83a2e388003c17759ba,0.8588596432323967,9e6b34785c76ea03b316f0e97fd7505cbf81a983e7090ec2bd252ce085312a5b,2026-09-06T16:37:51.639980+00:00,1,3.320551715001784,True,16.0,6.047084839062498e-08,4,0.278,NAA-GDP,0.024,4,10,,3,s4_p10_NAA-GDP_l4_r3,fcf8b4f93626e8cf9603afe70c3a614f6523366181d2f4df2620ee6efbb41bdb,3ea87f4a1b7b84a26ee106434a73c8c3b1666cf072e5654900cb743a0c6ff2ae,a12dcb1ba4e2a21b6a4474c284e3079c1b8e06dc282072a6d2d3a684bd02794b,1a980269c1778978c64462bf76cf00949cd95e29e33d5066107809299e5dec35,p5_10,celeba-three-workers-v1,
0.8592982456140351,,,10.982491636001214,988babfb79a4be0620cf47d259d4da35f8fc07573e92f83a2e388003c17759ba,0.8567113152842843,9e6b34785c76ea03b316f0e97fd7505cbf81a983e7090ec2bd252ce085312a5b,2026-09-06T16:38:20.066987+00:00,1,4.140465477998077,True,27.0,8.04521500961969e-08,5,0.26,NAA-GDP,0.03,4,10,,0,s4_p10_NAA-GDP_l5_r0,fcf8b4f93626e8cf9603afe70c3a614f6523366181d2f4df2620ee6efbb41bdb,3ea87f4a1b7b84a26ee106434a73c8c3b1666cf072e5654900cb743a0c6ff2ae,a12dcb1ba4e2a21b6a4474c284e3079c1b8e06dc282072a6d2d3a684bd02794b,1a980269c1778978c64462bf76cf00949cd95e29e33d5066107809299e5dec35,p5_10,celeba-three-workers-v1,
0.8564912280701754,,,11.376349341000605,988babfb79a4be0620cf47d259d4da35f8fc07573e92f83a2e388003c17759ba,0.8541131765430832,9e6b34785c76ea03b316f0e97fd7505cbf81a983e7090ec2bd252ce085312a5b,2026-09-06T16:38:49.224730+00:00,1,3.245508519001305,True,28.0,5.6688435152316086e-08,5,0.171,NAA-GDP,0.03,4,10,,1,s4_p10_NAA-GDP_l5_r1,fcf8b4f93626e8cf9603afe70c3a614f6523366181d2f4df2620ee6efbb41bdb,3ea87f4a1b7b84a26ee106434a73c8c3b1666cf072e5654900cb743a0c6ff2ae,a12dcb1ba4e2a21b6a4474c284e3079c1b8e06dc282072a6d2d3a684bd02794b,1a980269c1778978c64462bf76cf00949cd95e29e33d5066107809299e5dec35,p5_10,celeba-three-workers-v1,
0.8487719298245614,,,10.970579003998864,988babfb79a4be0620cf47d259d4da35f8fc07573e92f83a2e388003c17759ba,0.8475990670005766,9e6b34785c76ea03b316f0e97fd7505cbf81a983e7090ec2bd252ce085312a5b,2026-09-06T16:39:18.920909+00:00,1,4.464837568997609,True,27.0,9.528825921116375e-08,5,0.185,NAA-GDP,0.03,4,10,,2,s4_p10_NAA-GDP_l5_r2,fcf8b4f93626e8cf9603afe70c3a614f6523366181d2f4df2620ee6efbb41bdb,3ea87f4a1b7b84a26ee106434a73c8c3b1666cf072e5654900cb743a0c6ff2ae,a12dcb1ba4e2a21b6a4474c284e3079c1b8e06dc282072a6d2d3a684bd02794b,1a980269c1778978c64462bf76cf00949cd95e29e33d5066107809299e5dec35,p5_10,celeba-three-workers-v1,
0.8554385964912281,,,10.991121840001142,988babfb79a4be0620cf47d259d4da35f8fc07573e92f83a2e388003c17759ba,0.853544370798145,9e6b34785c76ea03b316f0e97fd7505cbf81a983e7090ec2bd252ce085312a5b,2026-09-06T16:39:48.402285+00:00,1,4.2618468460023,True,27.0,8.190363143966152e-08,5,0.232,NAA-GDP,0.03,4,10,,3,s4_p10_NAA-GDP_l5_r3,fcf8b4f93626e8cf9603afe70c3a614f6523366181d2f4df2620ee6efbb41bdb,3ea87f4a1b7b84a26ee106434a73c8c3b1666cf072e5654900cb743a0c6ff2ae,a12dcb1ba4e2a21b6a4474c284e3079c1b8e06dc282072a6d2d3a684bd02794b,1a980269c1778978c64462bf76cf00949cd95e29e33d5066107809299e5dec35,p5_10,celeba-three-workers-v1,
0.8473684210526315,,,26.52067541299766,988babfb79a4be0620cf47d259d4da35f8fc07573e92f83a2e388003c17759ba,0.844137350787243,9e6b34785c76ea03b316f0e97fd7505cbf81a983e7090ec2bd252ce085312a5b,2026-09-06T16:41:56.193496+00:00,1,3.458284383999853,True,69.0,8.504864787795265e-08,6,0.17,NAA-GDP,0.036,4,10,,0,s4_p10_NAA-GDP_l6_r0,fcf8b4f93626e8cf9603afe70c3a614f6523366181d2f4df2620ee6efbb41bdb,3ea87f4a1b7b84a26ee106434a73c8c3b1666cf072e5654900cb743a0c6ff2ae,a12dcb1ba4e2a21b6a4474c284e3079c1b8e06dc282072a6d2d3a684bd02794b,1a980269c1778978c64462bf76cf00949cd95e29e33d5066107809299e5dec35,p5_10,celeba-three-workers-v1,
0.8389473684210527,,,26.81466711699977,988babfb79a4be0620cf47d259d4da35f8fc07573e92f83a2e388003c17759ba,0.8348651258877715,9e6b34785c76ea03b316f0e97fd7505cbf81a983e7090ec2bd252ce085312a5b,2026-09-06T16:44:05.831466+00:00,1,5.024437308002234,True,70.0,8.205911072700558e-08,6,0.221,NAA-GDP,0.036,4,10,,1,s4_p10_NAA-GDP_l6_r1,fcf8b4f93626e8cf9603afe70c3a614f6523366181d2f4df2620ee6efbb41bdb,3ea87f4a1b7b84a26ee106434a73c8c3b1666cf072e5654900cb743a0c6ff2ae,a12dcb1ba4e2a21b6a4474c284e3079c1b8e06dc282072a6d2d3a684bd02794b,1a980269c1778978c64462bf76cf00949cd95e29e33d5066107809299e5dec35,p5_10,celeba-three-workers-v1,
0.8501754385964913,,,28.021886929000175,988babfb79a4be0620cf47d259d4da35f8fc07573e92f83a2e388003c17759ba,0.8485376952307218,9e6b34785c76ea03b316f0e97fd7505cbf81a983e7090ec2bd252ce085312a5b,2026-09-06T16:46:15.690377+00:00,1,4.572441485001036,True,73.0,8.483817129387445e-08,6,0.164,NAA-GDP,0.036,4,10,,2,s4_p10_NAA-GDP_l6_r2,fcf8b4f93626e8cf9603afe70c3a614f6523366181d2f4df2620ee6efbb41bdb,3ea87f4a1b7b84a26ee106434a73c8c3b1666cf072e5654900cb743a0c6ff2ae,a12dcb1ba4e2a21b6a4474c284e3079c1b8e06dc282072a6d2d3a684bd02794b,1a980269c1778978c64462bf76cf00949cd95e29e33d5066107809299e5dec35,p5_10,celeba-three-workers-v1,
0.8526315789473684,,,26.87070750899875,988babfb79a4be0620cf47d259d4da35f8fc07573e92f83a2e388003c17759ba,0.8508741438288526,9e6b34785c76ea03b316f0e97fd7505cbf81a983e7090ec2bd252ce085312a5b,2026-09-06T16:48:23.729941+00:00,1,4.545067967999785,True,70.0,9.005806195083449e-08,6,0.219,NAA-GDP,0.036,4,10,,3,s4_p10_NAA-GDP_l6_r3,fcf8b4f93626e8cf9603afe70c3a614f6523366181d2f4df2620ee6efbb41bdb,3ea87f4a1b7b84a26ee106434a73c8c3b1666cf072e5654900cb743a0c6ff2ae,a12dcb1ba4e2a21b6a4474c284e3079c1b8e06dc282072a6d2d3a684bd02794b,1a980269c1778978c64462bf76cf00949cd95e29e33d5066107809299e5dec35,p5_10,celeba-three-workers-v1,
0.848421052631579,,,185.7369215559993,988babfb79a4be0620cf47d259d4da35f8fc07573e92f83a2e388003c17759ba,0.8465444063485041,9e6b34785c76ea03b316f0e97fd7505cbf81a983e7090ec2bd252ce085312a5b,2026-09-06T16:53:12.253272+00:00,1,5.332011300997692,False,500.0,0.010024837712291266,7,0.183,NAA-GDP,0.042,4,10,,0,s4_p10_NAA-GDP_l7_r0,fcf8b4f93626e8cf9603afe70c3a614f6523366181d2f4df2620ee6efbb41bdb,3ea87f4a1b7b84a26ee106434a73c8c3b1666cf072e5654900cb743a0c6ff2ae,a12dcb1ba4e2a21b6a4474c284e3079c1b8e06dc282072a6d2d3a684bd02794b,1a980269c1778978c64462bf76cf00949cd95e29e33d5066107809299e5dec35,p5_10,celeba-three-workers-v1,
0.8242105263157895,,,185.85295580800084,988babfb79a4be0620cf47d259d4da35f8fc07573e92f83a2e388003c17759ba,0.8239822722209494,9e6b34785c76ea03b316f0e97fd7505cbf81a983e7090ec2bd252ce085312a5b,2026-09-06T16:58:01.501701+00:00,1,5.382019097000011,False,500.0,0.015376363670922247,7,0.154,NAA-GDP,0.042,4,10,,1,s4_p10_NAA-GDP_l7_r1,fcf8b4f93626e8cf9603afe70c3a614f6523366181d2f4df2620ee6efbb41bdb,3ea87f4a1b7b84a26ee106434a73c8c3b1666cf072e5654900cb743a0c6ff2ae,a12dcb1ba4e2a21b6a4474c284e3079c1b8e06dc282072a6d2d3a684bd02794b,1a980269c1778978c64462bf76cf00949cd95e29e33d5066107809299e5dec35,p5_10,celeba-three-workers-v1,
0.8161403508771929,,,186.24564894099967,988babfb79a4be0620cf47d259d4da35f8fc07573e92f83a2e388003c17759ba,0.8114394142880843,9e6b34785c76ea03b316f0e97fd7505cbf81a983e7090ec2bd252ce085312a5b,2026-09-06T17:02:48.525214+00:00,1,3.246304127998883,False,500.0,0.005033743831976497,7,0.168,NAA-GDP,0.042,4,10,,2,s4_p10_NAA-GDP_l7_r2,fcf8b4f93626e8cf9603afe70c3a614f6523366181d2f4df2620ee6efbb41bdb,3ea87f4a1b7b84a26ee106434a73c8c3b1666cf072e5654900cb743a0c6ff2ae,a12dcb1ba4e2a21b6a4474c284e3079c1b8e06dc282072a6d2d3a684bd02794b,1a980269c1778978c64462bf76cf00949cd95e29e33d5066107809299e5dec35,p5_10,celeba-three-workers-v1,
0.8298245614035088,,,185.89170874800038,988babfb79a4be0620cf47d259d4da35f8fc07573e92f83a2e388003c17759ba,0.8260066676673434,9e6b34785c76ea03b316f0e97fd7505cbf81a983e7090ec2bd252ce085312a5b,2026-09-06T17:07:35.641730+00:00,1,3.79334782099977,False,500.0,0.012618985212353207,7,0.169,NAA-GDP,0.042,4,10,,3,s4_p10_NAA-GDP_l7_r3,fcf8b4f93626e8cf9603afe70c3a614f6523366181d2f4df2620ee6efbb41bdb,3ea87f4a1b7b84a26ee106434a73c8c3b1666cf072e5654900cb743a0c6ff2ae,a12dcb1ba4e2a21b6a4474c284e3079c1b8e06dc282072a6d2d3a684bd02794b,1a980269c1778978c64462bf76cf00949cd95e29e33d5066107809299e5dec35,p5_10,celeba-three-workers-v1,
0.840701754385965,,,186.3914173259982,988babfb79a4be0620cf47d259d4da35f8fc07573e92f83a2e388003c17759ba,0.8383362234458568,9e6b34785c76ea03b316f0e97fd7505cbf81a983e7090ec2bd252ce085312a5b,2026-09-06T17:12:24.064003+00:00,1,4.402718633999029,False,500.0,0.017362409634139927,8,0.152,NAA-GDP,0.048,4,10,,0,s4_p10_NAA-GDP_l8_r0,fcf8b4f93626e8cf9603afe70c3a614f6523366181d2f4df2620ee6efbb41bdb,3ea87f4a1b7b84a26ee106434a73c8c3b1666cf072e5654900cb743a0c6ff2ae,a12dcb1ba4e2a21b6a4474c284e3079c1b8e06dc282072a6d2d3a684bd02794b,1a980269c1778978c64462bf76cf00949cd95e29e33d5066107809299e5dec35,p5_10,celeba-three-workers-v1,
0.8287719298245614,,,186.07188508000036,988babfb79a4be0620cf47d259d4da35f8fc07573e92f83a2e388003c17759ba,0.8266273176859087,9e6b34785c76ea03b316f0e97fd7505cbf81a983e7090ec2bd252ce085312a5b,2026-09-06T17:17:12.774252+00:00,1,4.885052658999484,False,500.0,0.02101889940078245,8,0.16,NAA-GDP,0.048,4,10,,1,s4_p10_NAA-GDP_l8_r1,fcf8b4f93626e8cf9603afe70c3a614f6523366181d2f4df2620ee6efbb41bdb,3ea87f4a1b7b84a26ee106434a73c8c3b1666cf072e5654900cb743a0c6ff2ae,a12dcb1ba4e2a21b6a4474c284e3079c1b8e06dc282072a6d2d3a684bd02794b,1a980269c1778978c64462bf76cf00949cd95e29e33d5066107809299e5dec35,p5_10,celeba-three-workers-v1,
0.84,,,186.0732725859998,988babfb79a4be0620cf47d259d4da35f8fc07573e92f83a2e388003c17759ba,0.8370198726507138,9e6b34785c76ea03b316f0e97fd7505cbf81a983e7090ec2bd252ce085312a5b,2026-09-06T17:22:01.221159+00:00,1,4.712538448999112,False,500.0,0.01910067298662028,8,0.151,NAA-GDP,0.048,4,10,,2,s4_p10_NAA-GDP_l8_r2,fcf8b4f93626e8cf9603afe70c3a614f6523366181d2f4df2620ee6efbb41bdb,3ea87f4a1b7b84a26ee106434a73c8c3b1666cf072e5654900cb743a0c6ff2ae,a12dcb1ba4e2a21b6a4474c284e3079c1b8e06dc282072a6d2d3a684bd02794b,1a980269c1778978c64462bf76cf00949cd95e29e33d5066107809299e5dec35,p5_10,celeba-three-workers-v1,
0.8364912280701754,,,186.268333177999,988babfb79a4be0620cf47d259d4da35f8fc07573e92f83a2e388003c17759ba,0.8345471476761915,9e6b34785c76ea03b316f0e97fd7505cbf81a983e7090ec2bd252ce085312a5b,2026-09-06T17:26:49.381613+00:00,1,4.761825319001218,False,500.0,0.020116994548586804,8,0.138,NAA-GDP,0.048,4,10,,3,s4_p10_NAA-GDP_l8_r3,fcf8b4f93626e8cf9603afe70c3a614f6523366181d2f4df2620ee6efbb41bdb,3ea87f4a1b7b84a26ee106434a73c8c3b1666cf072e5654900cb743a0c6ff2ae,a12dcb1ba4e2a21b6a4474c284e3079c1b8e06dc282072a6d2d3a684bd02794b,1a980269c1778978c64462bf76cf00949cd95e29e33d5066107809299e5dec35,p5_10,celeba-three-workers-v1,
0.8305263157894737,,,186.7009266069981,988babfb79a4be0620cf47d259d4da35f8fc07573e92f83a2e388003c17759ba,0.8272509302343953,9e6b34785c76ea03b316f0e97fd7505cbf81a983e7090ec2bd252ce085312a5b,2026-09-06T17:31:39.288565+00:00,1,5.463685372000327,False,500.0,0.0269309434632058,9,0.152,NAA-GDP,0.054,4,10,,0,s4_p10_NAA-GDP_l9_r0,fcf8b4f93626e8cf9603afe70c3a614f6523366181d2f4df2620ee6efbb41bdb,3ea87f4a1b7b84a26ee106434a73c8c3b1666cf072e5654900cb743a0c6ff2ae,a12dcb1ba4e2a21b6a4474c284e3079c1b8e06dc282072a6d2d3a684bd02794b,1a980269c1778978c64462bf76cf00949cd95e29e33d5066107809299e5dec35,p5_10,celeba-three-workers-v1,
0.8280701754385965,,,186.4293675379995,988babfb79a4be0620cf47d259d4da35f8fc07573e92f83a2e388003c17759ba,0.8253830551188567,9e6b34785c76ea03b316f0e97fd7505cbf81a983e7090ec2bd252ce085312a5b,2026-09-06T17:36:28.165010+00:00,1,4.364929380997637,False,500.0,0.02347180845145585,9,0.132,NAA-GDP,0.054,4,10,,1,s4_p10_NAA-GDP_l9_r1,fcf8b4f93626e8cf9603afe70c3a614f6523366181d2f4df2620ee6efbb41bdb,3ea87f4a1b7b84a26ee106434a73c8c3b1666cf072e5654900cb743a0c6ff2ae,a12dcb1ba4e2a21b6a4474c284e3079c1b8e06dc282072a6d2d3a684bd02794b,1a980269c1778978c64462bf76cf00949cd95e29e33d5066107809299e5dec35,p5_10,celeba-three-workers-v1,
0.8287719298245614,,,186.59024951099855,988babfb79a4be0620cf47d259d4da35f8fc07573e92f83a2e388003c17759ba,0.8259785236330888,9e6b34785c76ea03b316f0e97fd7505cbf81a983e7090ec2bd252ce085312a5b,2026-09-06T17:41:17.053793+00:00,1,4.662088327000674,False,500.0,0.027566146042338893,9,0.137,NAA-GDP,0.054,4,10,,2,s4_p10_NAA-GDP_l9_r2,fcf8b4f93626e8cf9603afe70c3a614f6523366181d2f4df2620ee6efbb41bdb,3ea87f4a1b7b84a26ee106434a73c8c3b1666cf072e5654900cb743a0c6ff2ae,a12dcb1ba4e2a21b6a4474c284e3079c1b8e06dc282072a6d2d3a684bd02794b,1a980269c1778978c64462bf76cf00949cd95e29e33d5066107809299e5dec35,p5_10,celeba-three-workers-v1,
0.8231578947368421,,,186.55732458000057,988babfb79a4be0620cf47d259d4da35f8fc07573e92f83a2e388003c17759ba,0.8205659814664128,9e6b34785c76ea03b316f0e97fd7505cbf81a983e7090ec2bd252ce085312a5b,2026-09-06T17:46:05.970313+00:00,1,5.024238244997832,False,500.0,0.02265157188981624,9,0.114,NAA-GDP,0.054,4,10,,3,s4_p10_NAA-GDP_l9_r3,fcf8b4f93626e8cf9603afe70c3a614f6523366181d2f4df2620ee6efbb41bdb,3ea87f4a1b7b84a26ee106434a73c8c3b1666cf072e5654900cb743a0c6ff2ae,a12dcb1ba4e2a21b6a4474c284e3079c1b8e06dc282072a6d2d3a684bd02794b,1a980269c1778978c64462bf76cf00949cd95e29e33d5066107809299e5dec35,p5_10,celeba-three-workers-v1,
0.8238596491228071,,,186.90328991299975,988babfb79a4be0620cf47d259d4da35f8fc07573e92f83a2e388003c17759ba,0.8224950822003302,9e6b34785c76ea03b316f0e97fd7505cbf81a983e7090ec2bd252ce085312a5b,2026-09-06T17:50:55.885223+00:00,1,4.908277015001659,False,500.0,0.022484040985452293,10,0.132,NAA-GDP,0.06,4,10,,0,s4_p10_NAA-GDP_l10_r0,fcf8b4f93626e8cf9603afe70c3a614f6523366181d2f4df2620ee6efbb41bdb,3ea87f4a1b7b84a26ee106434a73c8c3b1666cf072e5654900cb743a0c6ff2ae,a12dcb1ba4e2a21b6a4474c284e3079c1b8e06dc282072a6d2d3a684bd02794b,1a980269c1778978c64462bf76cf00949cd95e29e33d5066107809299e5dec35,p5_10,celeba-three-workers-v1,
0.8280701754385965,,,186.76522115999978,988babfb79a4be0620cf47d259d4da35f8fc07573e92f83a2e388003c17759ba,0.8263922903121321,9e6b34785c76ea03b316f0e97fd7505cbf81a983e7090ec2bd252ce085312a5b,2026-09-06T17:55:45.997599+00:00,1,5.063830581999355,False,500.0,0.030638063424626164,10,0.152,NAA-GDP,0.06,4,10,,1,s4_p10_NAA-GDP_l10_r1,fcf8b4f93626e8cf9603afe70c3a614f6523366181d2f4df2620ee6efbb41bdb,3ea87f4a1b7b84a26ee106434a73c8c3b1666cf072e5654900cb743a0c6ff2ae,a12dcb1ba4e2a21b6a4474c284e3079c1b8e06dc282072a6d2d3a684bd02794b,1a980269c1778978c64462bf76cf00949cd95e29e33d5066107809299e5dec35,p5_10,celeba-three-workers-v1,
0.8343859649122807,,,186.918401146002,988babfb79a4be0620cf47d259d4da35f8fc07573e92f83a2e388003c17759ba,0.8325444774492222,9e6b34785c76ea03b316f0e97fd7505cbf81a983e7090ec2bd252ce085312a5b,2026-09-06T18:00:36.338464+00:00,1,4.992074411999056,False,500.0,0.02562145793589128,10,0.137,NAA-GDP,0.06,4,10,,2,s4_p10_NAA-GDP_l10_r2,fcf8b4f93626e8cf9603afe70c3a614f6523366181d2f4df2620ee6efbb41bdb,3ea87f4a1b7b84a26ee106434a73c8c3b1666cf072e5654900cb743a0c6ff2ae,a12dcb1ba4e2a21b6a4474c284e3079c1b8e06dc282072a6d2d3a684bd02794b,1a980269c1778978c64462bf76cf00949cd95e29e33d5066107809299e5dec35,p5_10,celeba-three-workers-v1,
0.828421052631579,,,186.74978380599714,988babfb79a4be0620cf47d259d4da35f8fc07573e92f83a2e388003c17759ba,0.8261493628585649,9e6b34785c76ea03b316f0e97fd7505cbf81a983e7090ec2bd252ce085312a5b,2026-09-06T18:05:25.058929+00:00,1,4.860739645002468,False,500.0,0.02709543021773642,10,0.159,NAA-GDP,0.06,4,10,,3,s4_p10_NAA-GDP_l10_r3,fcf8b4f93626e8cf9603afe70c3a614f6523366181d2f4df2620ee6efbb41bdb,3ea87f4a1b7b84a26ee106434a73c8c3b1666cf072e5654900cb743a0c6ff2ae,a12dcb1ba4e2a21b6a4474c284e3079c1b8e06dc282072a6d2d3a684bd02794b,1a980269c1778978c64462bf76cf00949cd95e29e33d5066107809299e5dec35,p5_10,celeba-three-workers-v1,
0.8624561403508771,,,0.0,988babfb79a4be0620cf47d259d4da35f8fc07573e92f83a2e388003c17759ba,0.8594269677123739,9e6b34785c76ea03b316f0e97fd7505cbf81a983e7090ec2bd252ce085312a5b,2026-09-06T18:05:30.079865+00:00,1,4.758319142998516,,,,1,0.578,C-GDP-private-noise,0.3,4,10,,0,s4_p10_C-GDP-private-noise_l1_r0,fcf8b4f93626e8cf9603afe70c3a614f6523366181d2f4df2620ee6efbb41bdb,3ea87f4a1b7b84a26ee106434a73c8c3b1666cf072e5654900cb743a0c6ff2ae,a12dcb1ba4e2a21b6a4474c284e3079c1b8e06dc282072a6d2d3a684bd02794b,1a980269c1778978c64462bf76cf00949cd95e29e33d5066107809299e5dec35,p5_10,celeba-three-workers-v1,
0.8614035087719298,,,0.0,988babfb79a4be0620cf47d259d4da35f8fc07573e92f83a2e388003c17759ba,0.8585698090550715,9e6b34785c76ea03b316f0e97fd7505cbf81a983e7090ec2bd252ce085312a5b,2026-09-06T18:05:34.416391+00:00,1,4.0612735959985,,,,1,0.535,C-GDP-private-noise,0.3,4,10,,1,s4_p10_C-GDP-private-noise_l1_r1,fcf8b4f93626e8cf9603afe70c3a614f6523366181d2f4df2620ee6efbb41bdb,3ea87f4a1b7b84a26ee106434a73c8c3b1666cf072e5654900cb743a0c6ff2ae,a12dcb1ba4e2a21b6a4474c284e3079c1b8e06dc282072a6d2d3a684bd02794b,1a980269c1778978c64462bf76cf00949cd95e29e33d5066107809299e5dec35,p5_10,celeba-three-workers-v1,
0.8550877192982456,,,0.0,988babfb79a4be0620cf47d259d4da35f8fc07573e92f83a2e388003c17759ba,0.8527420189443913,9e6b34785c76ea03b316f0e97fd7505cbf81a983e7090ec2bd252ce085312a5b,2026-09-06T18:05:38.880270+00:00,1,4.223040263997973,,,,1,0.606,C-GDP-private-noise,0.3,4,10,,2,s4_p10_C-GDP-private-noise_l1_r2,fcf8b4f93626e8cf9603afe70c3a614f6523366181d2f4df2620ee6efbb41bdb,3ea87f4a1b7b84a26ee106434a73c8c3b1666cf072e5654900cb743a0c6ff2ae,a12dcb1ba4e2a21b6a4474c284e3079c1b8e06dc282072a6d2d3a684bd02794b,1a980269c1778978c64462bf76cf00949cd95e29e33d5066107809299e5dec35,p5_10,celeba-three-workers-v1,
0.8614035087719298,,,0.0,988babfb79a4be0620cf47d259d4da35f8fc07573e92f83a2e388003c17759ba,0.8602278383011668,9e6b34785c76ea03b316f0e97fd7505cbf81a983e7090ec2bd252ce085312a5b,2026-09-06T18:05:43.480240+00:00,1,4.336724349999713,,,,1,0.581,C-GDP-private-noise,0.3,4,10,,3,s4_p10_C-GDP-private-noise_l1_r3,fcf8b4f93626e8cf9603afe70c3a614f6523366181d2f4df2620ee6efbb41bdb,3ea87f4a1b7b84a26ee106434a73c8c3b1666cf072e5654900cb743a0c6ff2ae,a12dcb1ba4e2a21b6a4474c284e3079c1b8e06dc282072a6d2d3a684bd02794b,1a980269c1778978c64462bf76cf00949cd95e29e33d5066107809299e5dec35,p5_10,celeba-three-workers-v1,
0.8333333333333334,,,0.0,988babfb79a4be0620cf47d259d4da35f8fc07573e92f83a2e388003c17759ba,0.8307141277126899,9e6b34785c76ea03b316f0e97fd7505cbf81a983e7090ec2bd252ce085312a5b,2026-09-06T18:05:46.441161+00:00,1,2.694649650999054,,,,2,0.391,C-GDP-private-noise,0.6,4,10,,0,s4_p10_C-GDP-private-noise_l2_r0,fcf8b4f93626e8cf9603afe70c3a614f6523366181d2f4df2620ee6efbb41bdb,3ea87f4a1b7b84a26ee106434a73c8c3b1666cf072e5654900cb743a0c6ff2ae,a12dcb1ba4e2a21b6a4474c284e3079c1b8e06dc282072a6d2d3a684bd02794b,1a980269c1778978c64462bf76cf00949cd95e29e33d5066107809299e5dec35,p5_10,celeba-three-workers-v1,
0.8214035087719298,,,0.0,988babfb79a4be0620cf47d259d4da35f8fc07573e92f83a2e388003c17759ba,0.8171669721364185,9e6b34785c76ea03b316f0e97fd7505cbf81a983e7090ec2bd252ce085312a5b,2026-09-06T18:05:50.537420+00:00,1,3.854688782001176,,,,2,0.373,C-GDP-private-noise,0.6,4,10,,1,s4_p10_C-GDP-private-noise_l2_r1,fcf8b4f93626e8cf9603afe70c3a614f6523366181d2f4df2620ee6efbb41bdb,3ea87f4a1b7b84a26ee106434a73c8c3b1666cf072e5654900cb743a0c6ff2ae,a12dcb1ba4e2a21b6a4474c284e3079c1b8e06dc282072a6d2d3a684bd02794b,1a980269c1778978c64462bf76cf00949cd95e29e33d5066107809299e5dec35,p5_10,celeba-three-workers-v1,
0.8319298245614035,,,0.0,988babfb79a4be0620cf47d259d4da35f8fc07573e92f83a2e388003c17759ba,0.8290185730875881,9e6b34785c76ea03b316f0e97fd7505cbf81a983e7090ec2bd252ce085312a5b,2026-09-06T18:05:54.976355+00:00,1,4.185833991999971,,,,2,0.408,C-GDP-private-noise,0.6,4,10,,2,s4_p10_C-GDP-private-noise_l2_r2,fcf8b4f93626e8cf9603afe70c3a614f6523366181d2f4df2620ee6efbb41bdb,3ea87f4a1b7b84a26ee106434a73c8c3b1666cf072e5654900cb743a0c6ff2ae,a12dcb1ba4e2a21b6a4474c284e3079c1b8e06dc282072a6d2d3a684bd02794b,1a980269c1778978c64462bf76cf00949cd95e29e33d5066107809299e5dec35,p5_10,celeba-three-workers-v1,
0.8371929824561404,,,0.0,988babfb79a4be0620cf47d259d4da35f8fc07573e92f83a2e388003c17759ba,0.8355751455589702,9e6b34785c76ea03b316f0e97fd7505cbf81a983e7090ec2bd252ce085312a5b,2026-09-06T18:05:57.968992+00:00,1,2.7404782169978716,,,,2,0.417,C-GDP-private-noise,0.6,4,10,,3,s4_p10_C-GDP-private-noise_l2_r3,fcf8b4f93626e8cf9603afe70c3a614f6523366181d2f4df2620ee6efbb41bdb,3ea87f4a1b7b84a26ee106434a73c8c3b1666cf072e5654900cb743a0c6ff2ae,a12dcb1ba4e2a21b6a4474c284e3079c1b8e06dc282072a6d2d3a684bd02794b,1a980269c1778978c64462bf76cf00949cd95e29e33d5066107809299e5dec35,p5_10,celeba-three-workers-v1,
0.7954385964912281,,,0.0,988babfb79a4be0620cf47d259d4da35f8fc07573e92f83a2e388003c17759ba,0.7934045196356483,9e6b34785c76ea03b316f0e97fd7505cbf81a983e7090ec2bd252ce085312a5b,2026-09-06T18:06:01.052702+00:00,1,2.843072840998502,,,,3,0.254,C-GDP-private-noise,0.9,4,10,,0,s4_p10_C-GDP-private-noise_l3_r0,fcf8b4f93626e8cf9603afe70c3a614f6523366181d2f4df2620ee6efbb41bdb,3ea87f4a1b7b84a26ee106434a73c8c3b1666cf072e5654900cb743a0c6ff2ae,a12dcb1ba4e2a21b6a4474c284e3079c1b8e06dc282072a6d2d3a684bd02794b,1a980269c1778978c64462bf76cf00949cd95e29e33d5066107809299e5dec35,p5_10,celeba-three-workers-v1,
0.7796491228070176,,,0.0,988babfb79a4be0620cf47d259d4da35f8fc07573e92f83a2e388003c17759ba,0.7766904195732377,9e6b34785c76ea03b316f0e97fd7505cbf81a983e7090ec2bd252ce085312a5b,2026-09-06T18:06:03.992135+00:00,1,2.696980489999987,,,,3,0.269,C-GDP-private-noise,0.9,4,10,,1,s4_p10_C-GDP-private-noise_l3_r1,fcf8b4f93626e8cf9603afe70c3a614f6523366181d2f4df2620ee6efbb41bdb,3ea87f4a1b7b84a26ee106434a73c8c3b1666cf072e5654900cb743a0c6ff2ae,a12dcb1ba4e2a21b6a4474c284e3079c1b8e06dc282072a6d2d3a684bd02794b,1a980269c1778978c64462bf76cf00949cd95e29e33d5066107809299e5dec35,p5_10,celeba-three-workers-v1,
0.7933333333333333,,,0.0,988babfb79a4be0620cf47d259d4da35f8fc07573e92f83a2e388003c17759ba,0.790356570101358,9e6b34785c76ea03b316f0e97fd7505cbf81a983e7090ec2bd252ce085312a5b,2026-09-06T18:06:07.169150+00:00,1,2.921236055000918,,,,3,0.277,C-GDP-private-noise,0.9,4,10,,2,s4_p10_C-GDP-private-noise_l3_r2,fcf8b4f93626e8cf9603afe70c3a614f6523366181d2f4df2620ee6efbb41bdb,3ea87f4a1b7b84a26ee106434a73c8c3b1666cf072e5654900cb743a0c6ff2ae,a12dcb1ba4e2a21b6a4474c284e3079c1b8e06dc282072a6d2d3a684bd02794b,1a980269c1778978c64462bf76cf00949cd95e29e33d5066107809299e5dec35,p5_10,celeba-three-workers-v1,
0.7929824561403509,,,0.0,988babfb79a4be0620cf47d259d4da35f8fc07573e92f83a2e388003c17759ba,0.7903832328706519,9e6b34785c76ea03b316f0e97fd7505cbf81a983e7090ec2bd252ce085312a5b,2026-09-06T18:06:10.284687+00:00,1,2.871194382001704,,,,3,0.272,C-GDP-private-noise,0.9,4,10,,3,s4_p10_C-GDP-private-noise_l3_r3,fcf8b4f93626e8cf9603afe70c3a614f6523366181d2f4df2620ee6efbb41bdb,3ea87f4a1b7b84a26ee106434a73c8c3b1666cf072e5654900cb743a0c6ff2ae,a12dcb1ba4e2a21b6a4474c284e3079c1b8e06dc282072a6d2d3a684bd02794b,1a980269c1778978c64462bf76cf00949cd95e29e33d5066107809299e5dec35,p5_10,celeba-three-workers-v1,
0.7729824561403509,,,0.0,988babfb79a4be0620cf47d259d4da35f8fc07573e92f83a2e388003c17759ba,0.7694475276700294,9e6b34785c76ea03b316f0e97fd7505cbf81a983e7090ec2bd252ce085312a5b,2026-09-06T18:06:13.441561+00:00,1,2.9165934060001746,,,,4,0.223,C-GDP-private-noise,1.2,4,10,,0,s4_p10_C-GDP-private-noise_l4_r0,fcf8b4f93626e8cf9603afe70c3a614f6523366181d2f4df2620ee6efbb41bdb,3ea87f4a1b7b84a26ee106434a73c8c3b1666cf072e5654900cb743a0c6ff2ae,a12dcb1ba4e2a21b6a4474c284e3079c1b8e06dc282072a6d2d3a684bd02794b,1a980269c1778978c64462bf76cf00949cd95e29e33d5066107809299e5dec35,p5_10,celeba-three-workers-v1,
0.7596491228070176,,,0.0,988babfb79a4be0620cf47d259d4da35f8fc07573e92f83a2e388003c17759ba,0.7562953760832984,9e6b34785c76ea03b316f0e97fd7505cbf81a983e7090ec2bd252ce085312a5b,2026-09-06T18:06:16.295162+00:00,1,2.5922888530003547,,,,4,0.239,C-GDP-private-noise,1.2,4,10,,1,s4_p10_C-GDP-private-noise_l4_r1,fcf8b4f93626e8cf9603afe70c3a614f6523366181d2f4df2620ee6efbb41bdb,3ea87f4a1b7b84a26ee106434a73c8c3b1666cf072e5654900cb743a0c6ff2ae,a12dcb1ba4e2a21b6a4474c284e3079c1b8e06dc282072a6d2d3a684bd02794b,1a980269c1778978c64462bf76cf00949cd95e29e33d5066107809299e5dec35,p5_10,celeba-three-workers-v1,
0.7596491228070176,,,0.0,988babfb79a4be0620cf47d259d4da35f8fc07573e92f83a2e388003c17759ba,0.7586382434962593,9e6b34785c76ea03b316f0e97fd7505cbf81a983e7090ec2bd252ce085312a5b,2026-09-06T18:06:19.457609+00:00,1,2.9226975300007325,,,,4,0.23,C-GDP-private-noise,1.2,4,10,,2,s4_p10_C-GDP-private-noise_l4_r2,fcf8b4f93626e8cf9603afe70c3a614f6523366181d2f4df2620ee6efbb41bdb,3ea87f4a1b7b84a26ee106434a73c8c3b1666cf072e5654900cb743a0c6ff2ae,a12dcb1ba4e2a21b6a4474c284e3079c1b8e06dc282072a6d2d3a684bd02794b,1a980269c1778978c64462bf76cf00949cd95e29e33d5066107809299e5dec35,p5_10,celeba-three-workers-v1,
0.7719298245614035,,,0.0,988babfb79a4be0620cf47d259d4da35f8fc07573e92f83a2e388003c17759ba,0.7715820304785078,9e6b34785c76ea03b316f0e97fd7505cbf81a983e7090ec2bd252ce085312a5b,2026-09-06T18:06:22.620949+00:00,1,2.91783424499954,,,,4,0.274,C-GDP-private-noise,1.2,4,10,,3,s4_p10_C-GDP-private-noise_l4_r3,fcf8b4f93626e8cf9603afe70c3a614f6523366181d2f4df2620ee6efbb41bdb,3ea87f4a1b7b84a26ee106434a73c8c3b1666cf072e5654900cb743a0c6ff2ae,a12dcb1ba4e2a21b6a4474c284e3079c1b8e06dc282072a6d2d3a684bd02794b,1a980269c1778978c64462bf76cf00949cd95e29e33d5066107809299e5dec35,p5_10,celeba-three-workers-v1,
0.7242105263157895,,,0.0,988babfb79a4be0620cf47d259d4da35f8fc07573e92f83a2e388003c17759ba,0.7178619816560148,9e6b34785c76ea03b316f0e97fd7505cbf81a983e7090ec2bd252ce085312a5b,2026-09-06T18:06:24.981882+00:00,1,2.103605678999884,,,,5,0.209,C-GDP-private-noise,1.5,4,10,,0,s4_p10_C-GDP-private-noise_l5_r0,fcf8b4f93626e8cf9603afe70c3a614f6523366181d2f4df2620ee6efbb41bdb,3ea87f4a1b7b84a26ee106434a73c8c3b1666cf072e5654900cb743a0c6ff2ae,a12dcb1ba4e2a21b6a4474c284e3079c1b8e06dc282072a6d2d3a684bd02794b,1a980269c1778978c64462bf76cf00949cd95e29e33d5066107809299e5dec35,p5_10,celeba-three-workers-v1,
0.756140350877193,,,0.0,988babfb79a4be0620cf47d259d4da35f8fc07573e92f83a2e388003c17759ba,0.7555527685829626,9e6b34785c76ea03b316f0e97fd7505cbf81a983e7090ec2bd252ce085312a5b,2026-09-06T18:06:27.603092+00:00,1,2.368338865999249,,,,5,0.172,C-GDP-private-noise,1.5,4,10,,1,s4_p10_C-GDP-private-noise_l5_r1,fcf8b4f93626e8cf9603afe70c3a614f6523366181d2f4df2620ee6efbb41bdb,3ea87f4a1b7b84a26ee106434a73c8c3b1666cf072e5654900cb743a0c6ff2ae,a12dcb1ba4e2a21b6a4474c284e3079c1b8e06dc282072a6d2d3a684bd02794b,1a980269c1778978c64462bf76cf00949cd95e29e33d5066107809299e5dec35,p5_10,celeba-three-workers-v1,
0.7403508771929824,,,0.0,988babfb79a4be0620cf47d259d4da35f8fc07573e92f83a2e388003c17759ba,0.7390549332048253,9e6b34785c76ea03b316f0e97fd7505cbf81a983e7090ec2bd252ce085312a5b,2026-09-06T18:06:30.366039+00:00,1,2.5204336579990922,,,,5,0.151,C-GDP-private-noise,1.5,4,10,,2,s4_p10_C-GDP-private-noise_l5_r2,fcf8b4f93626e8cf9603afe70c3a614f6523366181d2f4df2620ee6efbb41bdb,3ea87f4a1b7b84a26ee106434a73c8c3b1666cf072e5654900cb743a0c6ff2ae,a12dcb1ba4e2a21b6a4474c284e3079c1b8e06dc282072a6d2d3a684bd02794b,1a980269c1778978c64462bf76cf00949cd95e29e33d5066107809299e5dec35,p5_10,celeba-three-workers-v1,
0.7371929824561404,,,0.0,988babfb79a4be0620cf47d259d4da35f8fc07573e92f83a2e388003c17759ba,0.7381775305930589,9e6b34785c76ea03b316f0e97fd7505cbf81a983e7090ec2bd252ce085312a5b,2026-09-06T18:06:33.390982+00:00,1,2.7788182979966223,,,,5,0.174,C-GDP-private-noise,1.5,4,10,,3,s4_p10_C-GDP-private-noise_l5_r3,fcf8b4f93626e8cf9603afe70c3a614f6523366181d2f4df2620ee6efbb41bdb,3ea87f4a1b7b84a26ee106434a73c8c3b1666cf072e5654900cb743a0c6ff2ae,a12dcb1ba4e2a21b6a4474c284e3079c1b8e06dc282072a6d2d3a684bd02794b,1a980269c1778978c64462bf76cf00949cd95e29e33d5066107809299e5dec35,p5_10,celeba-three-workers-v1,
0.7150877192982457,,,0.0,988babfb79a4be0620cf47d259d4da35f8fc07573e92f83a2e388003c17759ba,0.7130765083227341,9e6b34785c76ea03b316f0e97fd7505cbf81a983e7090ec2bd252ce085312a5b,2026-09-06T18:06:35.739468+00:00,1,2.088095596001949,,,,6,0.171,C-GDP-private-noise,1.8,4,10,,0,s4_p10_C-GDP-private-noise_l6_r0,fcf8b4f93626e8cf9603afe70c3a614f6523366181d2f4df2620ee6efbb41bdb,3ea87f4a1b7b84a26ee106434a73c8c3b1666cf072e5654900cb743a0c6ff2ae,a12dcb1ba4e2a21b6a4474c284e3079c1b8e06dc282072a6d2d3a684bd02794b,1a980269c1778978c64462bf76cf00949cd95e29e33d5066107809299e5dec35,p5_10,celeba-three-workers-v1,
0.7014035087719298,,,0.0,988babfb79a4be0620cf47d259d4da35f8fc07573e92f83a2e388003c17759ba,0.7016811369794835,9e6b34785c76ea03b316f0e97fd7505cbf81a983e7090ec2bd252ce085312a5b,2026-09-06T18:06:38.303307+00:00,1,2.3216393460024847,,,,6,0.157,C-GDP-private-noise,1.8,4,10,,1,s4_p10_C-GDP-private-noise_l6_r1,fcf8b4f93626e8cf9603afe70c3a614f6523366181d2f4df2620ee6efbb41bdb,3ea87f4a1b7b84a26ee106434a73c8c3b1666cf072e5654900cb743a0c6ff2ae,a12dcb1ba4e2a21b6a4474c284e3079c1b8e06dc282072a6d2d3a684bd02794b,1a980269c1778978c64462bf76cf00949cd95e29e33d5066107809299e5dec35,p5_10,celeba-three-workers-v1,
0.7252631578947368,,,0.0,988babfb79a4be0620cf47d259d4da35f8fc07573e92f83a2e388003c17759ba,0.7231165222268745,9e6b34785c76ea03b316f0e97fd7505cbf81a983e7090ec2bd252ce085312a5b,2026-09-06T18:06:40.767600+00:00,1,2.2221267239983717,,,,6,0.181,C-GDP-private-noise,1.8,4,10,,2,s4_p10_C-GDP-private-noise_l6_r2,fcf8b4f93626e8cf9603afe70c3a614f6523366181d2f4df2620ee6efbb41bdb,3ea87f4a1b7b84a26ee106434a73c8c3b1666cf072e5654900cb743a0c6ff2ae,a12dcb1ba4e2a21b6a4474c284e3079c1b8e06dc282072a6d2d3a684bd02794b,1a980269c1778978c64462bf76cf00949cd95e29e33d5066107809299e5dec35,p5_10,celeba-three-workers-v1,
0.7217543859649123,,,0.0,988babfb79a4be0620cf47d259d4da35f8fc07573e92f83a2e388003c17759ba,0.7231668852355408,9e6b34785c76ea03b316f0e97fd7505cbf81a983e7090ec2bd252ce085312a5b,2026-09-06T18:06:43.515090+00:00,1,2.479304984997725,,,,6,0.175,C-GDP-private-noise,1.8,4,10,,3,s4_p10_C-GDP-private-noise_l6_r3,fcf8b4f93626e8cf9603afe70c3a614f6523366181d2f4df2620ee6efbb41bdb,3ea87f4a1b7b84a26ee106434a73c8c3b1666cf072e5654900cb743a0c6ff2ae,a12dcb1ba4e2a21b6a4474c284e3079c1b8e06dc282072a6d2d3a684bd02794b,1a980269c1778978c64462bf76cf00949cd95e29e33d5066107809299e5dec35,p5_10,celeba-three-workers-v1,
0.7045614035087719,,,0.0,988babfb79a4be0620cf47d259d4da35f8fc07573e92f83a2e388003c17759ba,0.705117671688484,9e6b34785c76ea03b316f0e97fd7505cbf81a983e7090ec2bd252ce085312a5b,2026-09-06T18:06:46.016584+00:00,1,2.2548327280019294,,,,7,0.181,C-GDP-private-noise,2.1,4,10,,0,s4_p10_C-GDP-private-noise_l7_r0,fcf8b4f93626e8cf9603afe70c3a614f6523366181d2f4df2620ee6efbb41bdb,3ea87f4a1b7b84a26ee106434a73c8c3b1666cf072e5654900cb743a0c6ff2ae,a12dcb1ba4e2a21b6a4474c284e3079c1b8e06dc282072a6d2d3a684bd02794b,1a980269c1778978c64462bf76cf00949cd95e29e33d5066107809299e5dec35,p5_10,celeba-three-workers-v1,
0.6778947368421052,,,0.0,988babfb79a4be0620cf47d259d4da35f8fc07573e92f83a2e388003c17759ba,0.6769390745846533,9e6b34785c76ea03b316f0e97fd7505cbf81a983e7090ec2bd252ce085312a5b,2026-09-06T18:06:48.426667+00:00,1,2.1675908970028104,,,,7,0.193,C-GDP-private-noise,2.1,4,10,,1,s4_p10_C-GDP-private-noise_l7_r1,fcf8b4f93626e8cf9603afe70c3a614f6523366181d2f4df2620ee6efbb41bdb,3ea87f4a1b7b84a26ee106434a73c8c3b1666cf072e5654900cb743a0c6ff2ae,a12dcb1ba4e2a21b6a4474c284e3079c1b8e06dc282072a6d2d3a684bd02794b,1a980269c1778978c64462bf76cf00949cd95e29e33d5066107809299e5dec35,p5_10,celeba-three-workers-v1,
0.6814035087719298,,,0.0,988babfb79a4be0620cf47d259d4da35f8fc07573e92f83a2e388003c17759ba,0.67937575544513,9e6b34785c76ea03b316f0e97fd7505cbf81a983e7090ec2bd252ce085312a5b,2026-09-06T18:06:50.747356+00:00,1,2.0644884840003215,,,,7,0.124,C-GDP-private-noise,2.1,4,10,,2,s4_p10_C-GDP-private-noise_l7_r2,fcf8b4f93626e8cf9603afe70c3a614f6523366181d2f4df2620ee6efbb41bdb,3ea87f4a1b7b84a26ee106434a73c8c3b1666cf072e5654900cb743a0c6ff2ae,a12dcb1ba4e2a21b6a4474c284e3079c1b8e06dc282072a6d2d3a684bd02794b,1a980269c1778978c64462bf76cf00949cd95e29e33d5066107809299e5dec35,p5_10,celeba-three-workers-v1,
0.6912280701754386,,,0.0,988babfb79a4be0620cf47d259d4da35f8fc07573e92f83a2e388003c17759ba,0.6886494616095622,9e6b34785c76ea03b316f0e97fd7505cbf81a983e7090ec2bd252ce085312a5b,2026-09-06T18:06:53.376299+00:00,1,2.3897535649994097,,,,7,0.154,C-GDP-private-noise,2.1,4,10,,3,s4_p10_C-GDP-private-noise_l7_r3,fcf8b4f93626e8cf9603afe70c3a614f6523366181d2f4df2620ee6efbb41bdb,3ea87f4a1b7b84a26ee106434a73c8c3b1666cf072e5654900cb743a0c6ff2ae,a12dcb1ba4e2a21b6a4474c284e3079c1b8e06dc282072a6d2d3a684bd02794b,1a980269c1778978c64462bf76cf00949cd95e29e33d5066107809299e5dec35,p5_10,celeba-three-workers-v1,
0.6705263157894736,,,0.0,988babfb79a4be0620cf47d259d4da35f8fc07573e92f83a2e388003c17759ba,0.6716958903784929,9e6b34785c76ea03b316f0e97fd7505cbf81a983e7090ec2bd252ce085312a5b,2026-09-06T18:06:55.697537+00:00,1,2.075695256997278,,,,8,0.125,C-GDP-private-noise,2.4,4,10,,0,s4_p10_C-GDP-private-noise_l8_r0,fcf8b4f93626e8cf9603afe70c3a614f6523366181d2f4df2620ee6efbb41bdb,3ea87f4a1b7b84a26ee106434a73c8c3b1666cf072e5654900cb743a0c6ff2ae,a12dcb1ba4e2a21b6a4474c284e3079c1b8e06dc282072a6d2d3a684bd02794b,1a980269c1778978c64462bf76cf00949cd95e29e33d5066107809299e5dec35,p5_10,celeba-three-workers-v1,
0.663859649122807,,,0.0,988babfb79a4be0620cf47d259d4da35f8fc07573e92f83a2e388003c17759ba,0.6660389394932889,9e6b34785c76ea03b316f0e97fd7505cbf81a983e7090ec2bd252ce085312a5b,2026-09-06T18:06:58.429678+00:00,1,2.4825383730021713,,,,8,0.135,C-GDP-private-noise,2.4,4,10,,1,s4_p10_C-GDP-private-noise_l8_r1,fcf8b4f93626e8cf9603afe70c3a614f6523366181d2f4df2620ee6efbb41bdb,3ea87f4a1b7b84a26ee106434a73c8c3b1666cf072e5654900cb743a0c6ff2ae,a12dcb1ba4e2a21b6a4474c284e3079c1b8e06dc282072a6d2d3a684bd02794b,1a980269c1778978c64462bf76cf00949cd95e29e33d5066107809299e5dec35,p5_10,celeba-three-workers-v1,
0.6684210526315789,,,0.0,988babfb79a4be0620cf47d259d4da35f8fc07573e92f83a2e388003c17759ba,0.665079573553693,9e6b34785c76ea03b316f0e97fd7505cbf81a983e7090ec2bd252ce085312a5b,2026-09-06T18:07:00.657108+00:00,1,1.9715029539984243,,,,8,0.152,C-GDP-private-noise,2.4,4,10,,2,s4_p10_C-GDP-private-noise_l8_r2,fcf8b4f93626e8cf9603afe70c3a614f6523366181d2f4df2620ee6efbb41bdb,3ea87f4a1b7b84a26ee106434a73c8c3b1666cf072e5654900cb743a0c6ff2ae,a12dcb1ba4e2a21b6a4474c284e3079c1b8e06dc282072a6d2d3a684bd02794b,1a980269c1778978c64462bf76cf00949cd95e29e33d5066107809299e5dec35,p5_10,celeba-three-workers-v1,
0.6621052631578948,,,0.0,988babfb79a4be0620cf47d259d4da35f8fc07573e92f83a2e388003c17759ba,0.6582785923637828,9e6b34785c76ea03b316f0e97fd7505cbf81a983e7090ec2bd252ce085312a5b,2026-09-06T18:07:02.782269+00:00,1,1.8794240400020499,,,,8,0.14,C-GDP-private-noise,2.4,4,10,,3,s4_p10_C-GDP-private-noise_l8_r3,fcf8b4f93626e8cf9603afe70c3a614f6523366181d2f4df2620ee6efbb41bdb,3ea87f4a1b7b84a26ee106434a73c8c3b1666cf072e5654900cb743a0c6ff2ae,a12dcb1ba4e2a21b6a4474c284e3079c1b8e06dc282072a6d2d3a684bd02794b,1a980269c1778978c64462bf76cf00949cd95e29e33d5066107809299e5dec35,p5_10,celeba-three-workers-v1,
0.6582456140350877,,,0.0,988babfb79a4be0620cf47d259d4da35f8fc07573e92f83a2e388003c17759ba,0.6582114416855611,9e6b34785c76ea03b316f0e97fd7505cbf81a983e7090ec2bd252ce085312a5b,2026-09-06T18:07:05.093289+00:00,1,2.065014963998692,,,,9,0.109,C-GDP-private-noise,2.7,4,10,,0,s4_p10_C-GDP-private-noise_l9_r0,fcf8b4f93626e8cf9603afe70c3a614f6523366181d2f4df2620ee6efbb41bdb,3ea87f4a1b7b84a26ee106434a73c8c3b1666cf072e5654900cb743a0c6ff2ae,a12dcb1ba4e2a21b6a4474c284e3079c1b8e06dc282072a6d2d3a684bd02794b,1a980269c1778978c64462bf76cf00949cd95e29e33d5066107809299e5dec35,p5_10,celeba-three-workers-v1,
0.6578947368421053,,,0.0,988babfb79a4be0620cf47d259d4da35f8fc07573e92f83a2e388003c17759ba,0.6581299721127183,9e6b34785c76ea03b316f0e97fd7505cbf81a983e7090ec2bd252ce085312a5b,2026-09-06T18:07:07.465994+00:00,1,2.115974651002034,,,,9,0.107,C-GDP-private-noise,2.7,4,10,,1,s4_p10_C-GDP-private-noise_l9_r1,fcf8b4f93626e8cf9603afe70c3a614f6523366181d2f4df2620ee6efbb41bdb,3ea87f4a1b7b84a26ee106434a73c8c3b1666cf072e5654900cb743a0c6ff2ae,a12dcb1ba4e2a21b6a4474c284e3079c1b8e06dc282072a6d2d3a684bd02794b,1a980269c1778978c64462bf76cf00949cd95e29e33d5066107809299e5dec35,p5_10,celeba-three-workers-v1,
0.6649122807017543,,,0.0,988babfb79a4be0620cf47d259d4da35f8fc07573e92f83a2e388003c17759ba,0.6635800396584006,9e6b34785c76ea03b316f0e97fd7505cbf81a983e7090ec2bd252ce085312a5b,2026-09-06T18:07:09.937553+00:00,1,2.230157506000978,,,,9,0.123,C-GDP-private-noise,2.7,4,10,,2,s4_p10_C-GDP-private-noise_l9_r2,fcf8b4f93626e8cf9603afe70c3a614f6523366181d2f4df2620ee6efbb41bdb,3ea87f4a1b7b84a26ee106434a73c8c3b1666cf072e5654900cb743a0c6ff2ae,a12dcb1ba4e2a21b6a4474c284e3079c1b8e06dc282072a6d2d3a684bd02794b,1a980269c1778978c64462bf76cf00949cd95e29e33d5066107809299e5dec35,p5_10,celeba-three-workers-v1,
0.6582456140350877,,,0.0,988babfb79a4be0620cf47d259d4da35f8fc07573e92f83a2e388003c17759ba,0.6573103388344222,9e6b34785c76ea03b316f0e97fd7505cbf81a983e7090ec2bd252ce085312a5b,2026-09-06T18:07:12.384142+00:00,1,2.18064408400096,,,,9,0.157,C-GDP-private-noise,2.7,4,10,,3,s4_p10_C-GDP-private-noise_l9_r3,fcf8b4f93626e8cf9603afe70c3a614f6523366181d2f4df2620ee6efbb41bdb,3ea87f4a1b7b84a26ee106434a73c8c3b1666cf072e5654900cb743a0c6ff2ae,a12dcb1ba4e2a21b6a4474c284e3079c1b8e06dc282072a6d2d3a684bd02794b,1a980269c1778978c64462bf76cf00949cd95e29e33d5066107809299e5dec35,p5_10,celeba-three-workers-v1,
0.6571929824561403,,,0.0,988babfb79a4be0620cf47d259d4da35f8fc07573e92f83a2e388003c17759ba,0.6534975628253845,9e6b34785c76ea03b316f0e97fd7505cbf81a983e7090ec2bd252ce085312a5b,2026-09-06T18:07:14.524250+00:00,1,1.8813971199997468,,,,10,0.141,C-GDP-private-noise,3.0,4,10,,0,s4_p10_C-GDP-private-noise_l10_r0,fcf8b4f93626e8cf9603afe70c3a614f6523366181d2f4df2620ee6efbb41bdb,3ea87f4a1b7b84a26ee106434a73c8c3b1666cf072e5654900cb743a0c6ff2ae,a12dcb1ba4e2a21b6a4474c284e3079c1b8e06dc282072a6d2d3a684bd02794b,1a980269c1778978c64462bf76cf00949cd95e29e33d5066107809299e5dec35,p5_10,celeba-three-workers-v1,
0.6417543859649123,,,0.0,988babfb79a4be0620cf47d259d4da35f8fc07573e92f83a2e388003c17759ba,0.6405414319684628,9e6b34785c76ea03b316f0e97fd7505cbf81a983e7090ec2bd252ce085312a5b,2026-09-06T18:07:16.637729+00:00,1,1.8685058420014684,,,,10,0.153,C-GDP-private-noise,3.0,4,10,,1,s4_p10_C-GDP-private-noise_l10_r1,fcf8b4f93626e8cf9603afe70c3a614f6523366181d2f4df2620ee6efbb41bdb,3ea87f4a1b7b84a26ee106434a73c8c3b1666cf072e5654900cb743a0c6ff2ae,a12dcb1ba4e2a21b6a4474c284e3079c1b8e06dc282072a6d2d3a684bd02794b,1a980269c1778978c64462bf76cf00949cd95e29e33d5066107809299e5dec35,p5_10,celeba-three-workers-v1,
0.6589473684210526,,,0.0,988babfb79a4be0620cf47d259d4da35f8fc07573e92f83a2e388003c17759ba,0.6564279986727866,9e6b34785c76ea03b316f0e97fd7505cbf81a983e7090ec2bd252ce085312a5b,2026-09-06T18:07:18.756673+00:00,1,1.8789387039978465,,,,10,0.123,C-GDP-private-noise,3.0,4,10,,2,s4_p10_C-GDP-private-noise_l10_r2,fcf8b4f93626e8cf9603afe70c3a614f6523366181d2f4df2620ee6efbb41bdb,3ea87f4a1b7b84a26ee106434a73c8c3b1666cf072e5654900cb743a0c6ff2ae,a12dcb1ba4e2a21b6a4474c284e3079c1b8e06dc282072a6d2d3a684bd02794b,1a980269c1778978c64462bf76cf00949cd95e29e33d5066107809299e5dec35,p5_10,celeba-three-workers-v1,
0.6484210526315789,,,0.0,988babfb79a4be0620cf47d259d4da35f8fc07573e92f83a2e388003c17759ba,0.6472797062750334,9e6b34785c76ea03b316f0e97fd7505cbf81a983e7090ec2bd252ce085312a5b,2026-09-06T18:07:21.131906+00:00,1,2.1305041240011633,,,,10,0.11,C-GDP-private-noise,3.0,4,10,,3,s4_p10_C-GDP-private-noise_l10_r3,fcf8b4f93626e8cf9603afe70c3a614f6523366181d2f4df2620ee6efbb41bdb,3ea87f4a1b7b84a26ee106434a73c8c3b1666cf072e5654900cb743a0c6ff2ae,a12dcb1ba4e2a21b6a4474c284e3079c1b8e06dc282072a6d2d3a684bd02794b,1a980269c1778978c64462bf76cf00949cd95e29e33d5066107809299e5dec35,p5_10,celeba-three-workers-v1,
