run_id,method,outer_seed,participant_count,noise_scale,realization,attack,balanced_accuracy,linkage_rate
s0_p50_NAA-GDP_l1_r0,NAA-GDP,0,50,0.006,0,OP,0.882483474984848,0.664
s0_p50_NAA-GDP_l1_r0,NAA-GDP,0,50,0.006,0,MP,0.882483474984848,0.584
s0_p50_NAA-GDP_l1_r0,NAA-GDP,0,50,0.006,0,AM,0.882483474984848,0.555
s0_p50_NAA-GDP_l1_r1,NAA-GDP,0,50,0.006,1,OP,0.88342742045485,0.661
s0_p50_NAA-GDP_l1_r1,NAA-GDP,0,50,0.006,1,MP,0.88342742045485,0.607
s0_p50_NAA-GDP_l1_r1,NAA-GDP,0,50,0.006,1,AM,0.88342742045485,0.613
s0_p50_NAA-GDP_l1_r2,NAA-GDP,0,50,0.006,2,OP,0.880403846053973,0.643
s0_p50_NAA-GDP_l1_r2,NAA-GDP,0,50,0.006,2,MP,0.880403846053973,0.556
s0_p50_NAA-GDP_l1_r2,NAA-GDP,0,50,0.006,2,AM,0.880403846053973,0.57
s0_p50_NAA-GDP_l1_r3,NAA-GDP,0,50,0.006,3,OP,0.8763060434417878,0.655
s0_p50_NAA-GDP_l1_r3,NAA-GDP,0,50,0.006,3,MP,0.8763060434417878,0.614
s0_p50_NAA-GDP_l1_r3,NAA-GDP,0,50,0.006,3,AM,0.8763060434417878,0.585
s0_p50_NAA-GDP_l2_r0,NAA-GDP,0,50,0.012,0,OP,0.8712310158048336,0.579
s0_p50_NAA-GDP_l2_r0,NAA-GDP,0,50,0.012,0,MP,0.8712310158048336,0.454
s0_p50_NAA-GDP_l2_r0,NAA-GDP,0,50,0.012,0,AM,0.8712310158048336,0.405
s0_p50_NAA-GDP_l2_r1,NAA-GDP,0,50,0.012,1,OP,0.8729787744492055,0.464
s0_p50_NAA-GDP_l2_r1,NAA-GDP,0,50,0.012,1,MP,0.8729787744492055,0.361
s0_p50_NAA-GDP_l2_r1,NAA-GDP,0,50,0.012,1,AM,0.8729787744492055,0.317
s0_p50_NAA-GDP_l2_r2,NAA-GDP,0,50,0.012,2,OP,0.8720390075780082,0.505
s0_p50_NAA-GDP_l2_r2,NAA-GDP,0,50,0.012,2,MP,0.8720390075780082,0.376
s0_p50_NAA-GDP_l2_r2,NAA-GDP,0,50,0.012,2,AM,0.8720390075780082,0.325
s0_p50_NAA-GDP_l2_r3,NAA-GDP,0,50,0.012,3,OP,0.8770176588182432,0.467
s0_p50_NAA-GDP_l2_r3,NAA-GDP,0,50,0.012,3,MP,0.8770176588182432,0.38
s0_p50_NAA-GDP_l2_r3,NAA-GDP,0,50,0.012,3,AM,0.8770176588182432,0.39
s0_p50_NAA-GDP_l3_r0,NAA-GDP,0,50,0.018,0,OP,0.8691242558288618,0.339
s0_p50_NAA-GDP_l3_r0,NAA-GDP,0,50,0.018,0,MP,0.8691242558288618,0.302
s0_p50_NAA-GDP_l3_r0,NAA-GDP,0,50,0.018,0,AM,0.8691242558288618,0.267
s0_p50_NAA-GDP_l3_r1,NAA-GDP,0,50,0.018,1,OP,0.8707454327765828,0.417
s0_p50_NAA-GDP_l3_r1,NAA-GDP,0,50,0.018,1,MP,0.8707454327765828,0.234
s0_p50_NAA-GDP_l3_r1,NAA-GDP,0,50,0.018,1,AM,0.8707454327765828,0.213
s0_p50_NAA-GDP_l3_r2,NAA-GDP,0,50,0.018,2,OP,0.8697228401076479,0.322
s0_p50_NAA-GDP_l3_r2,NAA-GDP,0,50,0.018,2,MP,0.8697228401076479,0.29
s0_p50_NAA-GDP_l3_r2,NAA-GDP,0,50,0.018,2,AM,0.8697228401076479,0.226
s0_p50_NAA-GDP_l3_r3,NAA-GDP,0,50,0.018,3,OP,0.8667507818606071,0.385
s0_p50_NAA-GDP_l3_r3,NAA-GDP,0,50,0.018,3,MP,0.8667507818606071,0.275
s0_p50_NAA-GDP_l3_r3,NAA-GDP,0,50,0.018,3,AM,0.8667507818606071,0.241
s0_p50_NAA-GDP_l4_r0,NAA-GDP,0,50,0.024,0,OP,0.8602468226680866,0.259
s0_p50_NAA-GDP_l4_r0,NAA-GDP,0,50,0.024,0,MP,0.8602468226680866,0.23
s0_p50_NAA-GDP_l4_r0,NAA-GDP,0,50,0.024,0,AM,0.8602468226680866,0.214
s0_p50_NAA-GDP_l4_r1,NAA-GDP,0,50,0.024,1,OP,0.864433629434814,0.287
s0_p50_NAA-GDP_l4_r1,NAA-GDP,0,50,0.024,1,MP,0.864433629434814,0.214
s0_p50_NAA-GDP_l4_r1,NAA-GDP,0,50,0.024,1,AM,0.864433629434814,0.219
s0_p50_NAA-GDP_l4_r2,NAA-GDP,0,50,0.024,2,OP,0.8659714731835139,0.339
s0_p50_NAA-GDP_l4_r2,NAA-GDP,0,50,0.024,2,MP,0.8659714731835139,0.222
s0_p50_NAA-GDP_l4_r2,NAA-GDP,0,50,0.024,2,AM,0.8659714731835139,0.225
s0_p50_NAA-GDP_l4_r3,NAA-GDP,0,50,0.024,3,OP,0.8640153516944546,0.34
s0_p50_NAA-GDP_l4_r3,NAA-GDP,0,50,0.024,3,MP,0.8640153516944546,0.235
s0_p50_NAA-GDP_l4_r3,NAA-GDP,0,50,0.024,3,AM,0.8640153516944546,0.153
s0_p50_NAA-GDP_l5_r0,NAA-GDP,0,50,0.03,0,OP,0.8576185735612771,0.23
s0_p50_NAA-GDP_l5_r0,NAA-GDP,0,50,0.03,0,MP,0.8576185735612771,0.153
s0_p50_NAA-GDP_l5_r0,NAA-GDP,0,50,0.03,0,AM,0.8576185735612771,0.145
s0_p50_NAA-GDP_l5_r1,NAA-GDP,0,50,0.03,1,OP,0.858273956936674,0.236
s0_p50_NAA-GDP_l5_r1,NAA-GDP,0,50,0.03,1,MP,0.858273956936674,0.149
s0_p50_NAA-GDP_l5_r1,NAA-GDP,0,50,0.03,1,AM,0.858273956936674,0.18
s0_p50_NAA-GDP_l5_r2,NAA-GDP,0,50,0.03,2,OP,0.8575925170130158,0.222
s0_p50_NAA-GDP_l5_r2,NAA-GDP,0,50,0.03,2,MP,0.8575925170130158,0.125
s0_p50_NAA-GDP_l5_r2,NAA-GDP,0,50,0.03,2,AM,0.8575925170130158,0.162
s0_p50_NAA-GDP_l5_r3,NAA-GDP,0,50,0.03,3,OP,0.8550748216917272,0.26
s0_p50_NAA-GDP_l5_r3,NAA-GDP,0,50,0.03,3,MP,0.8550748216917272,0.156
s0_p50_NAA-GDP_l5_r3,NAA-GDP,0,50,0.03,3,AM,0.8550748216917272,0.183
s0_p50_NAA-GDP_l6_r0,NAA-GDP,0,50,0.036,0,OP,0.8476283795387866,0.216
s0_p50_NAA-GDP_l6_r0,NAA-GDP,0,50,0.036,0,MP,0.8476283795387866,0.108
s0_p50_NAA-GDP_l6_r0,NAA-GDP,0,50,0.036,0,AM,0.8476283795387866,0.169
s0_p50_NAA-GDP_l6_r1,NAA-GDP,0,50,0.036,1,OP,0.8539511367788507,0.186
s0_p50_NAA-GDP_l6_r1,NAA-GDP,0,50,0.036,1,MP,0.8539511367788507,0.118
s0_p50_NAA-GDP_l6_r1,NAA-GDP,0,50,0.036,1,AM,0.8539511367788507,0.144
s0_p50_NAA-GDP_l6_r2,NAA-GDP,0,50,0.036,2,OP,0.8476039347357786,0.186
s0_p50_NAA-GDP_l6_r2,NAA-GDP,0,50,0.036,2,MP,0.8476039347357786,0.13
s0_p50_NAA-GDP_l6_r2,NAA-GDP,0,50,0.036,2,AM,0.8476039347357786,0.174
s0_p50_NAA-GDP_l6_r3,NAA-GDP,0,50,0.036,3,OP,0.8487458562477246,0.199
s0_p50_NAA-GDP_l6_r3,NAA-GDP,0,50,0.036,3,MP,0.8487458562477246,0.117
s0_p50_NAA-GDP_l6_r3,NAA-GDP,0,50,0.036,3,AM,0.8487458562477246,0.144
s0_p50_NAA-GDP_l7_r0,NAA-GDP,0,50,0.042,0,OP,0.8438025738616586,0.212
s0_p50_NAA-GDP_l7_r0,NAA-GDP,0,50,0.042,0,MP,0.8438025738616586,0.12
s0_p50_NAA-GDP_l7_r0,NAA-GDP,0,50,0.042,0,AM,0.8438025738616586,0.124
s0_p50_NAA-GDP_l7_r1,NAA-GDP,0,50,0.042,1,OP,0.8403772570328354,0.183
s0_p50_NAA-GDP_l7_r1,NAA-GDP,0,50,0.042,1,MP,0.8403772570328354,0.111
s0_p50_NAA-GDP_l7_r1,NAA-GDP,0,50,0.042,1,AM,0.8403772570328354,0.154
s0_p50_NAA-GDP_l7_r2,NAA-GDP,0,50,0.042,2,OP,0.836611384401422,0.179
s0_p50_NAA-GDP_l7_r2,NAA-GDP,0,50,0.042,2,MP,0.836611384401422,0.095
s0_p50_NAA-GDP_l7_r2,NAA-GDP,0,50,0.042,2,AM,0.836611384401422,0.149
s0_p50_NAA-GDP_l7_r3,NAA-GDP,0,50,0.042,3,OP,0.8401610742389563,0.15
s0_p50_NAA-GDP_l7_r3,NAA-GDP,0,50,0.042,3,MP,0.8401610742389563,0.09
s0_p50_NAA-GDP_l7_r3,NAA-GDP,0,50,0.042,3,AM,0.8401610742389563,0.103
s0_p50_NAA-GDP_l8_r0,NAA-GDP,0,50,0.048,0,OP,0.8302907463078946,0.124
s0_p50_NAA-GDP_l8_r0,NAA-GDP,0,50,0.048,0,MP,0.8302907463078946,0.099
s0_p50_NAA-GDP_l8_r0,NAA-GDP,0,50,0.048,0,AM,0.8302907463078946,0.13
s0_p50_NAA-GDP_l8_r1,NAA-GDP,0,50,0.048,1,OP,0.8336643679000757,0.132
s0_p50_NAA-GDP_l8_r1,NAA-GDP,0,50,0.048,1,MP,0.8336643679000757,0.109
s0_p50_NAA-GDP_l8_r1,NAA-GDP,0,50,0.048,1,AM,0.8336643679000757,0.128
s0_p50_NAA-GDP_l8_r2,NAA-GDP,0,50,0.048,2,OP,0.8335909439496486,0.146
s0_p50_NAA-GDP_l8_r2,NAA-GDP,0,50,0.048,2,MP,0.8335909439496486,0.097
s0_p50_NAA-GDP_l8_r2,NAA-GDP,0,50,0.048,2,AM,0.8335909439496486,0.114
s0_p50_NAA-GDP_l8_r3,NAA-GDP,0,50,0.048,3,OP,0.8347271049646708,0.093
s0_p50_NAA-GDP_l8_r3,NAA-GDP,0,50,0.048,3,MP,0.8347271049646708,0.106
s0_p50_NAA-GDP_l8_r3,NAA-GDP,0,50,0.048,3,AM,0.8347271049646708,0.131
s0_p50_NAA-GDP_l9_r0,NAA-GDP,0,50,0.054,0,OP,0.8230245211519776,0.117
s0_p50_NAA-GDP_l9_r0,NAA-GDP,0,50,0.054,0,MP,0.8230245211519776,0.082
s0_p50_NAA-GDP_l9_r0,NAA-GDP,0,50,0.054,0,AM,0.8230245211519776,0.101
s0_p50_NAA-GDP_l9_r1,NAA-GDP,0,50,0.054,1,OP,0.821241333959168,0.156
s0_p50_NAA-GDP_l9_r1,NAA-GDP,0,50,0.054,1,MP,0.821241333959168,0.11
s0_p50_NAA-GDP_l9_r1,NAA-GDP,0,50,0.054,1,AM,0.821241333959168,0.135
s0_p50_NAA-GDP_l9_r2,NAA-GDP,0,50,0.054,2,OP,0.8212705244565329,0.13
s0_p50_NAA-GDP_l9_r2,NAA-GDP,0,50,0.054,2,MP,0.8212705244565329,0.105
s0_p50_NAA-GDP_l9_r2,NAA-GDP,0,50,0.054,2,AM,0.8212705244565329,0.117
s0_p50_NAA-GDP_l9_r3,NAA-GDP,0,50,0.054,3,OP,0.8234219954397161,0.119
s0_p50_NAA-GDP_l9_r3,NAA-GDP,0,50,0.054,3,MP,0.8234219954397161,0.101
s0_p50_NAA-GDP_l9_r3,NAA-GDP,0,50,0.054,3,AM,0.8234219954397161,0.083
s0_p50_NAA-GDP_l10_r0,NAA-GDP,0,50,0.06,0,OP,0.8179046332721407,0.124
s0_p50_NAA-GDP_l10_r0,NAA-GDP,0,50,0.06,0,MP,0.8179046332721407,0.097
s0_p50_NAA-GDP_l10_r0,NAA-GDP,0,50,0.06,0,AM,0.8179046332721407,0.119
s0_p50_NAA-GDP_l10_r1,NAA-GDP,0,50,0.06,1,OP,0.817233132444211,0.152
s0_p50_NAA-GDP_l10_r1,NAA-GDP,0,50,0.06,1,MP,0.817233132444211,0.093
s0_p50_NAA-GDP_l10_r1,NAA-GDP,0,50,0.06,1,AM,0.817233132444211,0.107
s0_p50_NAA-GDP_l10_r2,NAA-GDP,0,50,0.06,2,OP,0.8262257456963268,0.162
s0_p50_NAA-GDP_l10_r2,NAA-GDP,0,50,0.06,2,MP,0.8262257456963268,0.08
s0_p50_NAA-GDP_l10_r2,NAA-GDP,0,50,0.06,2,AM,0.8262257456963268,0.125
s0_p50_NAA-GDP_l10_r3,NAA-GDP,0,50,0.06,3,OP,0.8111025907491672,0.097
s0_p50_NAA-GDP_l10_r3,NAA-GDP,0,50,0.06,3,MP,0.8111025907491672,0.091
s0_p50_NAA-GDP_l10_r3,NAA-GDP,0,50,0.06,3,AM,0.8111025907491672,0.124
s1_p50_NAA-GDP_l1_r0,NAA-GDP,1,50,0.006,0,OP,0.880485297744181,0.653
s1_p50_NAA-GDP_l1_r0,NAA-GDP,1,50,0.006,0,MP,0.880485297744181,0.569
s1_p50_NAA-GDP_l1_r0,NAA-GDP,1,50,0.006,0,AM,0.880485297744181,0.55
s1_p50_NAA-GDP_l1_r1,NAA-GDP,1,50,0.006,1,OP,0.8797085185917672,0.614
s1_p50_NAA-GDP_l1_r1,NAA-GDP,1,50,0.006,1,MP,0.8797085185917672,0.467
s1_p50_NAA-GDP_l1_r1,NAA-GDP,1,50,0.006,1,AM,0.8797085185917672,0.535
s1_p50_NAA-GDP_l1_r2,NAA-GDP,1,50,0.006,2,OP,0.8794290499874255,0.603
s1_p50_NAA-GDP_l1_r2,NAA-GDP,1,50,0.006,2,MP,0.8794290499874255,0.558
s1_p50_NAA-GDP_l1_r2,NAA-GDP,1,50,0.006,2,AM,0.8794290499874255,0.57
s1_p50_NAA-GDP_l1_r3,NAA-GDP,1,50,0.006,3,OP,0.8821118606905409,0.616
s1_p50_NAA-GDP_l1_r3,NAA-GDP,1,50,0.006,3,MP,0.8821118606905409,0.545
s1_p50_NAA-GDP_l1_r3,NAA-GDP,1,50,0.006,3,AM,0.8821118606905409,0.519
s1_p50_NAA-GDP_l2_r0,NAA-GDP,1,50,0.012,0,OP,0.8787297680698696,0.446
s1_p50_NAA-GDP_l2_r0,NAA-GDP,1,50,0.012,0,MP,0.8787297680698696,0.376
s1_p50_NAA-GDP_l2_r0,NAA-GDP,1,50,0.012,0,AM,0.8787297680698696,0.337
s1_p50_NAA-GDP_l2_r1,NAA-GDP,1,50,0.012,1,OP,0.8722849476148968,0.486
s1_p50_NAA-GDP_l2_r1,NAA-GDP,1,50,0.012,1,MP,0.8722849476148968,0.358
s1_p50_NAA-GDP_l2_r1,NAA-GDP,1,50,0.012,1,AM,0.8722849476148968,0.35
s1_p50_NAA-GDP_l2_r2,NAA-GDP,1,50,0.012,2,OP,0.8699390814111627,0.463
s1_p50_NAA-GDP_l2_r2,NAA-GDP,1,50,0.012,2,MP,0.8699390814111627,0.341
s1_p50_NAA-GDP_l2_r2,NAA-GDP,1,50,0.012,2,AM,0.8699390814111627,0.375
s1_p50_NAA-GDP_l2_r3,NAA-GDP,1,50,0.012,3,OP,0.8780249192431934,0.459
s1_p50_NAA-GDP_l2_r3,NAA-GDP,1,50,0.012,3,MP,0.8780249192431934,0.354
s1_p50_NAA-GDP_l2_r3,NAA-GDP,1,50,0.012,3,AM,0.8780249192431934,0.305
s1_p50_NAA-GDP_l3_r0,NAA-GDP,1,50,0.018,0,OP,0.867348857196573,0.346
s1_p50_NAA-GDP_l3_r0,NAA-GDP,1,50,0.018,0,MP,0.867348857196573,0.249
s1_p50_NAA-GDP_l3_r0,NAA-GDP,1,50,0.018,0,AM,0.867348857196573,0.233
s1_p50_NAA-GDP_l3_r1,NAA-GDP,1,50,0.018,1,OP,0.8652202469461352,0.397
s1_p50_NAA-GDP_l3_r1,NAA-GDP,1,50,0.018,1,MP,0.8652202469461352,0.264
s1_p50_NAA-GDP_l3_r1,NAA-GDP,1,50,0.018,1,AM,0.8652202469461352,0.252
s1_p50_NAA-GDP_l3_r2,NAA-GDP,1,50,0.018,2,OP,0.868903343319587,0.322
s1_p50_NAA-GDP_l3_r2,NAA-GDP,1,50,0.018,2,MP,0.868903343319587,0.198
s1_p50_NAA-GDP_l3_r2,NAA-GDP,1,50,0.018,2,AM,0.868903343319587,0.237
s1_p50_NAA-GDP_l3_r3,NAA-GDP,1,50,0.018,3,OP,0.8731613451410405,0.246
s1_p50_NAA-GDP_l3_r3,NAA-GDP,1,50,0.018,3,MP,0.8731613451410405,0.212
s1_p50_NAA-GDP_l3_r3,NAA-GDP,1,50,0.018,3,AM,0.8731613451410405,0.236
s1_p50_NAA-GDP_l4_r0,NAA-GDP,1,50,0.024,0,OP,0.8603302544419296,0.261
s1_p50_NAA-GDP_l4_r0,NAA-GDP,1,50,0.024,0,MP,0.8603302544419296,0.179
s1_p50_NAA-GDP_l4_r0,NAA-GDP,1,50,0.024,0,AM,0.8603302544419296,0.168
s1_p50_NAA-GDP_l4_r1,NAA-GDP,1,50,0.024,1,OP,0.8616615270422378,0.215
s1_p50_NAA-GDP_l4_r1,NAA-GDP,1,50,0.024,1,MP,0.8616615270422378,0.176
s1_p50_NAA-GDP_l4_r1,NAA-GDP,1,50,0.024,1,AM,0.8616615270422378,0.15
s1_p50_NAA-GDP_l4_r2,NAA-GDP,1,50,0.024,2,OP,0.8640965126244313,0.277
s1_p50_NAA-GDP_l4_r2,NAA-GDP,1,50,0.024,2,MP,0.8640965126244313,0.237
s1_p50_NAA-GDP_l4_r2,NAA-GDP,1,50,0.024,2,AM,0.8640965126244313,0.201
s1_p50_NAA-GDP_l4_r3,NAA-GDP,1,50,0.024,3,OP,0.8624285885199592,0.234
s1_p50_NAA-GDP_l4_r3,NAA-GDP,1,50,0.024,3,MP,0.8624285885199592,0.18
s1_p50_NAA-GDP_l4_r3,NAA-GDP,1,50,0.024,3,AM,0.8624285885199592,0.175
s1_p50_NAA-GDP_l5_r0,NAA-GDP,1,50,0.03,0,OP,0.8568086960980362,0.243
s1_p50_NAA-GDP_l5_r0,NAA-GDP,1,50,0.03,0,MP,0.8568086960980362,0.172
s1_p50_NAA-GDP_l5_r0,NAA-GDP,1,50,0.03,0,AM,0.8568086960980362,0.145
s1_p50_NAA-GDP_l5_r1,NAA-GDP,1,50,0.03,1,OP,0.8565279578477548,0.211
s1_p50_NAA-GDP_l5_r1,NAA-GDP,1,50,0.03,1,MP,0.8565279578477548,0.131
s1_p50_NAA-GDP_l5_r1,NAA-GDP,1,50,0.03,1,AM,0.8565279578477548,0.128
s1_p50_NAA-GDP_l5_r2,NAA-GDP,1,50,0.03,2,OP,0.8499910880621541,0.24
s1_p50_NAA-GDP_l5_r2,NAA-GDP,1,50,0.03,2,MP,0.8499910880621541,0.142
s1_p50_NAA-GDP_l5_r2,NAA-GDP,1,50,0.03,2,AM,0.8499910880621541,0.142
s1_p50_NAA-GDP_l5_r3,NAA-GDP,1,50,0.03,3,OP,0.8497742716016827,0.187
s1_p50_NAA-GDP_l5_r3,NAA-GDP,1,50,0.03,3,MP,0.8497742716016827,0.139
s1_p50_NAA-GDP_l5_r3,NAA-GDP,1,50,0.03,3,AM,0.8497742716016827,0.179
s1_p50_NAA-GDP_l6_r0,NAA-GDP,1,50,0.036,0,OP,0.8470024880177165,0.155
s1_p50_NAA-GDP_l6_r0,NAA-GDP,1,50,0.036,0,MP,0.8470024880177165,0.166
s1_p50_NAA-GDP_l6_r0,NAA-GDP,1,50,0.036,0,AM,0.8470024880177165,0.143
s1_p50_NAA-GDP_l6_r1,NAA-GDP,1,50,0.036,1,OP,0.8404758242321695,0.202
s1_p50_NAA-GDP_l6_r1,NAA-GDP,1,50,0.036,1,MP,0.8404758242321695,0.13
s1_p50_NAA-GDP_l6_r1,NAA-GDP,1,50,0.036,1,AM,0.8404758242321695,0.122
s1_p50_NAA-GDP_l6_r2,NAA-GDP,1,50,0.036,2,OP,0.8495515952368744,0.168
s1_p50_NAA-GDP_l6_r2,NAA-GDP,1,50,0.036,2,MP,0.8495515952368744,0.163
s1_p50_NAA-GDP_l6_r2,NAA-GDP,1,50,0.036,2,AM,0.8495515952368744,0.162
s1_p50_NAA-GDP_l6_r3,NAA-GDP,1,50,0.036,3,OP,0.8471321384011739,0.181
s1_p50_NAA-GDP_l6_r3,NAA-GDP,1,50,0.036,3,MP,0.8471321384011739,0.151
s1_p50_NAA-GDP_l6_r3,NAA-GDP,1,50,0.036,3,AM,0.8471321384011739,0.117
s1_p50_NAA-GDP_l7_r0,NAA-GDP,1,50,0.042,0,OP,0.8405748077829296,0.187
s1_p50_NAA-GDP_l7_r0,NAA-GDP,1,50,0.042,0,MP,0.8405748077829296,0.133
s1_p50_NAA-GDP_l7_r0,NAA-GDP,1,50,0.042,0,AM,0.8405748077829296,0.134
s1_p50_NAA-GDP_l7_r1,NAA-GDP,1,50,0.042,1,OP,0.8352703247119491,0.169
s1_p50_NAA-GDP_l7_r1,NAA-GDP,1,50,0.042,1,MP,0.8352703247119491,0.103
s1_p50_NAA-GDP_l7_r1,NAA-GDP,1,50,0.042,1,AM,0.8352703247119491,0.138
s1_p50_NAA-GDP_l7_r2,NAA-GDP,1,50,0.042,2,OP,0.8430408020255736,0.158
s1_p50_NAA-GDP_l7_r2,NAA-GDP,1,50,0.042,2,MP,0.8430408020255736,0.126
s1_p50_NAA-GDP_l7_r2,NAA-GDP,1,50,0.042,2,AM,0.8430408020255736,0.128
s1_p50_NAA-GDP_l7_r3,NAA-GDP,1,50,0.042,3,OP,0.8393105822547446,0.118
s1_p50_NAA-GDP_l7_r3,NAA-GDP,1,50,0.042,3,MP,0.8393105822547446,0.114
s1_p50_NAA-GDP_l7_r3,NAA-GDP,1,50,0.042,3,AM,0.8393105822547446,0.128
s1_p50_NAA-GDP_l8_r0,NAA-GDP,1,50,0.048,0,OP,0.8233454682185646,0.115
s1_p50_NAA-GDP_l8_r0,NAA-GDP,1,50,0.048,0,MP,0.8233454682185646,0.106
s1_p50_NAA-GDP_l8_r0,NAA-GDP,1,50,0.048,0,AM,0.8233454682185646,0.155
s1_p50_NAA-GDP_l8_r1,NAA-GDP,1,50,0.048,1,OP,0.82496841755725,0.116
s1_p50_NAA-GDP_l8_r1,NAA-GDP,1,50,0.048,1,MP,0.82496841755725,0.107
s1_p50_NAA-GDP_l8_r1,NAA-GDP,1,50,0.048,1,AM,0.82496841755725,0.099
s1_p50_NAA-GDP_l8_r2,NAA-GDP,1,50,0.048,2,OP,0.8309816560577983,0.135
s1_p50_NAA-GDP_l8_r2,NAA-GDP,1,50,0.048,2,MP,0.8309816560577983,0.116
s1_p50_NAA-GDP_l8_r2,NAA-GDP,1,50,0.048,2,AM,0.8309816560577983,0.089
s1_p50_NAA-GDP_l8_r3,NAA-GDP,1,50,0.048,3,OP,0.8284178014127253,0.179
s1_p50_NAA-GDP_l8_r3,NAA-GDP,1,50,0.048,3,MP,0.8284178014127253,0.093
s1_p50_NAA-GDP_l8_r3,NAA-GDP,1,50,0.048,3,AM,0.8284178014127253,0.138
s1_p50_NAA-GDP_l9_r0,NAA-GDP,1,50,0.054,0,OP,0.8177162487822387,0.134
s1_p50_NAA-GDP_l9_r0,NAA-GDP,1,50,0.054,0,MP,0.8177162487822387,0.123
s1_p50_NAA-GDP_l9_r0,NAA-GDP,1,50,0.054,0,AM,0.8177162487822387,0.114
s1_p50_NAA-GDP_l9_r1,NAA-GDP,1,50,0.054,1,OP,0.8202122262020739,0.161
s1_p50_NAA-GDP_l9_r1,NAA-GDP,1,50,0.054,1,MP,0.8202122262020739,0.059
s1_p50_NAA-GDP_l9_r1,NAA-GDP,1,50,0.054,1,AM,0.8202122262020739,0.128
s1_p50_NAA-GDP_l9_r2,NAA-GDP,1,50,0.054,2,OP,0.8217504022580164,0.122
s1_p50_NAA-GDP_l9_r2,NAA-GDP,1,50,0.054,2,MP,0.8217504022580164,0.107
s1_p50_NAA-GDP_l9_r2,NAA-GDP,1,50,0.054,2,AM,0.8217504022580164,0.115
s1_p50_NAA-GDP_l9_r3,NAA-GDP,1,50,0.054,3,OP,0.8194254363797511,0.171
s1_p50_NAA-GDP_l9_r3,NAA-GDP,1,50,0.054,3,MP,0.8194254363797511,0.094
s1_p50_NAA-GDP_l9_r3,NAA-GDP,1,50,0.054,3,AM,0.8194254363797511,0.093
s1_p50_NAA-GDP_l10_r0,NAA-GDP,1,50,0.06,0,OP,0.8070076642665476,0.15
s1_p50_NAA-GDP_l10_r0,NAA-GDP,1,50,0.06,0,MP,0.8070076642665476,0.102
s1_p50_NAA-GDP_l10_r0,NAA-GDP,1,50,0.06,0,AM,0.8070076642665476,0.131
s1_p50_NAA-GDP_l10_r1,NAA-GDP,1,50,0.06,1,OP,0.8098113354966148,0.076
s1_p50_NAA-GDP_l10_r1,NAA-GDP,1,50,0.06,1,MP,0.8098113354966148,0.059
s1_p50_NAA-GDP_l10_r1,NAA-GDP,1,50,0.06,1,AM,0.8098113354966148,0.116
s1_p50_NAA-GDP_l10_r2,NAA-GDP,1,50,0.06,2,OP,0.8090090169277986,0.127
s1_p50_NAA-GDP_l10_r2,NAA-GDP,1,50,0.06,2,MP,0.8090090169277986,0.074
s1_p50_NAA-GDP_l10_r2,NAA-GDP,1,50,0.06,2,AM,0.8090090169277986,0.102
s1_p50_NAA-GDP_l10_r3,NAA-GDP,1,50,0.06,3,OP,0.8137059744166344,0.119
s1_p50_NAA-GDP_l10_r3,NAA-GDP,1,50,0.06,3,MP,0.8137059744166344,0.093
s1_p50_NAA-GDP_l10_r3,NAA-GDP,1,50,0.06,3,AM,0.8137059744166344,0.114
s2_p50_NAA-GDP_l1_r0,NAA-GDP,2,50,0.006,0,OP,0.8803175605836083,0.67
s2_p50_NAA-GDP_l1_r0,NAA-GDP,2,50,0.006,0,MP,0.8803175605836083,0.523
s2_p50_NAA-GDP_l1_r0,NAA-GDP,2,50,0.006,0,AM,0.8803175605836083,0.58
s2_p50_NAA-GDP_l1_r1,NAA-GDP,2,50,0.006,1,OP,0.8820855915274152,0.618
s2_p50_NAA-GDP_l1_r1,NAA-GDP,2,50,0.006,1,MP,0.8820855915274152,0.534
s2_p50_NAA-GDP_l1_r1,NAA-GDP,2,50,0.006,1,AM,0.8820855915274152,0.538
s2_p50_NAA-GDP_l1_r2,NAA-GDP,2,50,0.006,2,OP,0.880237566715979,0.617
s2_p50_NAA-GDP_l1_r2,NAA-GDP,2,50,0.006,2,MP,0.880237566715979,0.565
s2_p50_NAA-GDP_l1_r2,NAA-GDP,2,50,0.006,2,AM,0.880237566715979,0.554
s2_p50_NAA-GDP_l1_r3,NAA-GDP,2,50,0.006,3,OP,0.8822285777338561,0.641
s2_p50_NAA-GDP_l1_r3,NAA-GDP,2,50,0.006,3,MP,0.8822285777338561,0.556
s2_p50_NAA-GDP_l1_r3,NAA-GDP,2,50,0.006,3,AM,0.8822285777338561,0.584
s2_p50_NAA-GDP_l2_r0,NAA-GDP,2,50,0.012,0,OP,0.8725682223774753,0.486
s2_p50_NAA-GDP_l2_r0,NAA-GDP,2,50,0.012,0,MP,0.8725682223774753,0.324
s2_p50_NAA-GDP_l2_r0,NAA-GDP,2,50,0.012,0,AM,0.8725682223774753,0.327
s2_p50_NAA-GDP_l2_r1,NAA-GDP,2,50,0.012,1,OP,0.8719035768635868,0.476
s2_p50_NAA-GDP_l2_r1,NAA-GDP,2,50,0.012,1,MP,0.8719035768635868,0.432
s2_p50_NAA-GDP_l2_r1,NAA-GDP,2,50,0.012,1,AM,0.8719035768635868,0.339
s2_p50_NAA-GDP_l2_r2,NAA-GDP,2,50,0.012,2,OP,0.8718289119803666,0.491
s2_p50_NAA-GDP_l2_r2,NAA-GDP,2,50,0.012,2,MP,0.8718289119803666,0.363
s2_p50_NAA-GDP_l2_r2,NAA-GDP,2,50,0.012,2,AM,0.8718289119803666,0.429
s2_p50_NAA-GDP_l2_r3,NAA-GDP,2,50,0.012,3,OP,0.8729569919831388,0.485
s2_p50_NAA-GDP_l2_r3,NAA-GDP,2,50,0.012,3,MP,0.8729569919831388,0.359
s2_p50_NAA-GDP_l2_r3,NAA-GDP,2,50,0.012,3,AM,0.8729569919831388,0.395
s2_p50_NAA-GDP_l3_r0,NAA-GDP,2,50,0.018,0,OP,0.8684567976278867,0.327
s2_p50_NAA-GDP_l3_r0,NAA-GDP,2,50,0.018,0,MP,0.8684567976278867,0.294
s2_p50_NAA-GDP_l3_r0,NAA-GDP,2,50,0.018,0,AM,0.8684567976278867,0.314
s2_p50_NAA-GDP_l3_r1,NAA-GDP,2,50,0.018,1,OP,0.8724262704471211,0.283
s2_p50_NAA-GDP_l3_r1,NAA-GDP,2,50,0.018,1,MP,0.8724262704471211,0.2
s2_p50_NAA-GDP_l3_r1,NAA-GDP,2,50,0.018,1,AM,0.8724262704471211,0.244
s2_p50_NAA-GDP_l3_r2,NAA-GDP,2,50,0.018,2,OP,0.8657423548133958,0.336
s2_p50_NAA-GDP_l3_r2,NAA-GDP,2,50,0.018,2,MP,0.8657423548133958,0.241
s2_p50_NAA-GDP_l3_r2,NAA-GDP,2,50,0.018,2,AM,0.8657423548133958,0.237
s2_p50_NAA-GDP_l3_r3,NAA-GDP,2,50,0.018,3,OP,0.8707086826256057,0.315
s2_p50_NAA-GDP_l3_r3,NAA-GDP,2,50,0.018,3,MP,0.8707086826256057,0.228
s2_p50_NAA-GDP_l3_r3,NAA-GDP,2,50,0.018,3,AM,0.8707086826256057,0.234
s2_p50_NAA-GDP_l4_r0,NAA-GDP,2,50,0.024,0,OP,0.8574851870486333,0.251
s2_p50_NAA-GDP_l4_r0,NAA-GDP,2,50,0.024,0,MP,0.8574851870486333,0.246
s2_p50_NAA-GDP_l4_r0,NAA-GDP,2,50,0.024,0,AM,0.8574851870486333,0.151
s2_p50_NAA-GDP_l4_r1,NAA-GDP,2,50,0.024,1,OP,0.8618631989221621,0.268
s2_p50_NAA-GDP_l4_r1,NAA-GDP,2,50,0.024,1,MP,0.8618631989221621,0.174
s2_p50_NAA-GDP_l4_r1,NAA-GDP,2,50,0.024,1,AM,0.8618631989221621,0.217
s2_p50_NAA-GDP_l4_r2,NAA-GDP,2,50,0.024,2,OP,0.8621459995550446,0.255
s2_p50_NAA-GDP_l4_r2,NAA-GDP,2,50,0.024,2,MP,0.8621459995550446,0.224
s2_p50_NAA-GDP_l4_r2,NAA-GDP,2,50,0.024,2,AM,0.8621459995550446,0.197
s2_p50_NAA-GDP_l4_r3,NAA-GDP,2,50,0.024,3,OP,0.8611736125792085,0.286
s2_p50_NAA-GDP_l4_r3,NAA-GDP,2,50,0.024,3,MP,0.8611736125792085,0.226
s2_p50_NAA-GDP_l4_r3,NAA-GDP,2,50,0.024,3,AM,0.8611736125792085,0.236
s2_p50_NAA-GDP_l5_r0,NAA-GDP,2,50,0.03,0,OP,0.8511828010879638,0.249
s2_p50_NAA-GDP_l5_r0,NAA-GDP,2,50,0.03,0,MP,0.8511828010879638,0.195
s2_p50_NAA-GDP_l5_r0,NAA-GDP,2,50,0.03,0,AM,0.8511828010879638,0.181
s2_p50_NAA-GDP_l5_r1,NAA-GDP,2,50,0.03,1,OP,0.8539290208039414,0.212
s2_p50_NAA-GDP_l5_r1,NAA-GDP,2,50,0.03,1,MP,0.8539290208039414,0.158
s2_p50_NAA-GDP_l5_r1,NAA-GDP,2,50,0.03,1,AM,0.8539290208039414,0.18
s2_p50_NAA-GDP_l5_r2,NAA-GDP,2,50,0.03,2,OP,0.8535817207442351,0.233
s2_p50_NAA-GDP_l5_r2,NAA-GDP,2,50,0.03,2,MP,0.8535817207442351,0.168
s2_p50_NAA-GDP_l5_r2,NAA-GDP,2,50,0.03,2,AM,0.8535817207442351,0.164
s2_p50_NAA-GDP_l5_r3,NAA-GDP,2,50,0.03,3,OP,0.8573637236350466,0.222
s2_p50_NAA-GDP_l5_r3,NAA-GDP,2,50,0.03,3,MP,0.8573637236350466,0.162
s2_p50_NAA-GDP_l5_r3,NAA-GDP,2,50,0.03,3,AM,0.8573637236350466,0.154
s2_p50_NAA-GDP_l6_r0,NAA-GDP,2,50,0.036,0,OP,0.8443480288992893,0.148
s2_p50_NAA-GDP_l6_r0,NAA-GDP,2,50,0.036,0,MP,0.8443480288992893,0.137
s2_p50_NAA-GDP_l6_r0,NAA-GDP,2,50,0.036,0,AM,0.8443480288992893,0.117
s2_p50_NAA-GDP_l6_r1,NAA-GDP,2,50,0.036,1,OP,0.8458144353854335,0.214
s2_p50_NAA-GDP_l6_r1,NAA-GDP,2,50,0.036,1,MP,0.8458144353854335,0.126
s2_p50_NAA-GDP_l6_r1,NAA-GDP,2,50,0.036,1,AM,0.8458144353854335,0.132
s2_p50_NAA-GDP_l6_r2,NAA-GDP,2,50,0.036,2,OP,0.8379237953653438,0.178
s2_p50_NAA-GDP_l6_r2,NAA-GDP,2,50,0.036,2,MP,0.8379237953653438,0.107
s2_p50_NAA-GDP_l6_r2,NAA-GDP,2,50,0.036,2,AM,0.8379237953653438,0.169
s2_p50_NAA-GDP_l6_r3,NAA-GDP,2,50,0.036,3,OP,0.8485258640239002,0.206
s2_p50_NAA-GDP_l6_r3,NAA-GDP,2,50,0.036,3,MP,0.8485258640239002,0.153
s2_p50_NAA-GDP_l6_r3,NAA-GDP,2,50,0.036,3,AM,0.8485258640239002,0.138
s2_p50_NAA-GDP_l7_r0,NAA-GDP,2,50,0.042,0,OP,0.8391096273747545,0.178
s2_p50_NAA-GDP_l7_r0,NAA-GDP,2,50,0.042,0,MP,0.8391096273747545,0.119
s2_p50_NAA-GDP_l7_r0,NAA-GDP,2,50,0.042,0,AM,0.8391096273747545,0.122
s2_p50_NAA-GDP_l7_r1,NAA-GDP,2,50,0.042,1,OP,0.8387290433255494,0.163
s2_p50_NAA-GDP_l7_r1,NAA-GDP,2,50,0.042,1,MP,0.8387290433255494,0.107
s2_p50_NAA-GDP_l7_r1,NAA-GDP,2,50,0.042,1,AM,0.8387290433255494,0.112
s2_p50_NAA-GDP_l7_r2,NAA-GDP,2,50,0.042,2,OP,0.8369771372384486,0.182
s2_p50_NAA-GDP_l7_r2,NAA-GDP,2,50,0.042,2,MP,0.8369771372384486,0.083
s2_p50_NAA-GDP_l7_r2,NAA-GDP,2,50,0.042,2,AM,0.8369771372384486,0.097
s2_p50_NAA-GDP_l7_r3,NAA-GDP,2,50,0.042,3,OP,0.8356997077687393,0.193
s2_p50_NAA-GDP_l7_r3,NAA-GDP,2,50,0.042,3,MP,0.8356997077687393,0.124
s2_p50_NAA-GDP_l7_r3,NAA-GDP,2,50,0.042,3,AM,0.8356997077687393,0.11
s2_p50_NAA-GDP_l8_r0,NAA-GDP,2,50,0.048,0,OP,0.826088849910799,0.154
s2_p50_NAA-GDP_l8_r0,NAA-GDP,2,50,0.048,0,MP,0.826088849910799,0.106
s2_p50_NAA-GDP_l8_r0,NAA-GDP,2,50,0.048,0,AM,0.826088849910799,0.113
s2_p50_NAA-GDP_l8_r1,NAA-GDP,2,50,0.048,1,OP,0.8291295428040675,0.125
s2_p50_NAA-GDP_l8_r1,NAA-GDP,2,50,0.048,1,MP,0.8291295428040675,0.085
s2_p50_NAA-GDP_l8_r1,NAA-GDP,2,50,0.048,1,AM,0.8291295428040675,0.107
s2_p50_NAA-GDP_l8_r2,NAA-GDP,2,50,0.048,2,OP,0.8236471112245334,0.157
s2_p50_NAA-GDP_l8_r2,NAA-GDP,2,50,0.048,2,MP,0.8236471112245334,0.084
s2_p50_NAA-GDP_l8_r2,NAA-GDP,2,50,0.048,2,AM,0.8236471112245334,0.105
s2_p50_NAA-GDP_l8_r3,NAA-GDP,2,50,0.048,3,OP,0.8312693418247203,0.131
s2_p50_NAA-GDP_l8_r3,NAA-GDP,2,50,0.048,3,MP,0.8312693418247203,0.106
s2_p50_NAA-GDP_l8_r3,NAA-GDP,2,50,0.048,3,AM,0.8312693418247203,0.129
s2_p50_NAA-GDP_l9_r0,NAA-GDP,2,50,0.054,0,OP,0.8154005817280925,0.129
s2_p50_NAA-GDP_l9_r0,NAA-GDP,2,50,0.054,0,MP,0.8154005817280925,0.087
s2_p50_NAA-GDP_l9_r0,NAA-GDP,2,50,0.054,0,AM,0.8154005817280925,0.085
s2_p50_NAA-GDP_l9_r1,NAA-GDP,2,50,0.054,1,OP,0.8173303537513814,0.111
s2_p50_NAA-GDP_l9_r1,NAA-GDP,2,50,0.054,1,MP,0.8173303537513814,0.122
s2_p50_NAA-GDP_l9_r1,NAA-GDP,2,50,0.054,1,AM,0.8173303537513814,0.108
s2_p50_NAA-GDP_l9_r2,NAA-GDP,2,50,0.054,2,OP,0.818078253565135,0.149
s2_p50_NAA-GDP_l9_r2,NAA-GDP,2,50,0.054,2,MP,0.818078253565135,0.102
s2_p50_NAA-GDP_l9_r2,NAA-GDP,2,50,0.054,2,AM,0.818078253565135,0.117
s2_p50_NAA-GDP_l9_r3,NAA-GDP,2,50,0.054,3,OP,0.8218968698294199,0.135
s2_p50_NAA-GDP_l9_r3,NAA-GDP,2,50,0.054,3,MP,0.8218968698294199,0.111
s2_p50_NAA-GDP_l9_r3,NAA-GDP,2,50,0.054,3,AM,0.8218968698294199,0.105
s2_p50_NAA-GDP_l10_r0,NAA-GDP,2,50,0.06,0,OP,0.8081234250314632,0.114
s2_p50_NAA-GDP_l10_r0,NAA-GDP,2,50,0.06,0,MP,0.8081234250314632,0.09
s2_p50_NAA-GDP_l10_r0,NAA-GDP,2,50,0.06,0,AM,0.8081234250314632,0.121
s2_p50_NAA-GDP_l10_r1,NAA-GDP,2,50,0.06,1,OP,0.8106429314292094,0.105
s2_p50_NAA-GDP_l10_r1,NAA-GDP,2,50,0.06,1,MP,0.8106429314292094,0.07
s2_p50_NAA-GDP_l10_r1,NAA-GDP,2,50,0.06,1,AM,0.8106429314292094,0.112
s2_p50_NAA-GDP_l10_r2,NAA-GDP,2,50,0.06,2,OP,0.8066203165196093,0.098
s2_p50_NAA-GDP_l10_r2,NAA-GDP,2,50,0.06,2,MP,0.8066203165196093,0.083
s2_p50_NAA-GDP_l10_r2,NAA-GDP,2,50,0.06,2,AM,0.8066203165196093,0.114
s2_p50_NAA-GDP_l10_r3,NAA-GDP,2,50,0.06,3,OP,0.8123416954259446,0.115
s2_p50_NAA-GDP_l10_r3,NAA-GDP,2,50,0.06,3,MP,0.8123416954259446,0.112
s2_p50_NAA-GDP_l10_r3,NAA-GDP,2,50,0.06,3,AM,0.8123416954259446,0.122
s3_p50_NAA-GDP_l1_r0,NAA-GDP,3,50,0.006,0,OP,0.8835104954829609,0.65
s3_p50_NAA-GDP_l1_r0,NAA-GDP,3,50,0.006,0,MP,0.8835104954829609,0.553
s3_p50_NAA-GDP_l1_r0,NAA-GDP,3,50,0.006,0,AM,0.8835104954829609,0.615
s3_p50_NAA-GDP_l1_r1,NAA-GDP,3,50,0.006,1,OP,0.8841339927666724,0.601
s3_p50_NAA-GDP_l1_r1,NAA-GDP,3,50,0.006,1,MP,0.8841339927666724,0.559
s3_p50_NAA-GDP_l1_r1,NAA-GDP,3,50,0.006,1,AM,0.8841339927666724,0.549
s3_p50_NAA-GDP_l1_r2,NAA-GDP,3,50,0.006,2,OP,0.8837831010426478,0.64
s3_p50_NAA-GDP_l1_r2,NAA-GDP,3,50,0.006,2,MP,0.8837831010426478,0.559
s3_p50_NAA-GDP_l1_r2,NAA-GDP,3,50,0.006,2,AM,0.8837831010426478,0.565
s3_p50_NAA-GDP_l1_r3,NAA-GDP,3,50,0.006,3,OP,0.8869928039723387,0.617
s3_p50_NAA-GDP_l1_r3,NAA-GDP,3,50,0.006,3,MP,0.8869928039723387,0.59
s3_p50_NAA-GDP_l1_r3,NAA-GDP,3,50,0.006,3,AM,0.8869928039723387,0.541
s3_p50_NAA-GDP_l2_r0,NAA-GDP,3,50,0.012,0,OP,0.8732576608809491,0.435
s3_p50_NAA-GDP_l2_r0,NAA-GDP,3,50,0.012,0,MP,0.8732576608809491,0.406
s3_p50_NAA-GDP_l2_r0,NAA-GDP,3,50,0.012,0,AM,0.8732576608809491,0.302
s3_p50_NAA-GDP_l2_r1,NAA-GDP,3,50,0.012,1,OP,0.875326605525626,0.483
s3_p50_NAA-GDP_l2_r1,NAA-GDP,3,50,0.012,1,MP,0.875326605525626,0.41
s3_p50_NAA-GDP_l2_r1,NAA-GDP,3,50,0.012,1,AM,0.875326605525626,0.404
s3_p50_NAA-GDP_l2_r2,NAA-GDP,3,50,0.012,2,OP,0.878813812489305,0.51
s3_p50_NAA-GDP_l2_r2,NAA-GDP,3,50,0.012,2,MP,0.878813812489305,0.418
s3_p50_NAA-GDP_l2_r2,NAA-GDP,3,50,0.012,2,AM,0.878813812489305,0.482
s3_p50_NAA-GDP_l2_r3,NAA-GDP,3,50,0.012,3,OP,0.8779918723481046,0.436
s3_p50_NAA-GDP_l2_r3,NAA-GDP,3,50,0.012,3,MP,0.8779918723481046,0.337
s3_p50_NAA-GDP_l2_r3,NAA-GDP,3,50,0.012,3,AM,0.8779918723481046,0.417
s3_p50_NAA-GDP_l3_r0,NAA-GDP,3,50,0.018,0,OP,0.8689497359106316,0.355
s3_p50_NAA-GDP_l3_r0,NAA-GDP,3,50,0.018,0,MP,0.8689497359106316,0.283
s3_p50_NAA-GDP_l3_r0,NAA-GDP,3,50,0.018,0,AM,0.8689497359106316,0.294
s3_p50_NAA-GDP_l3_r1,NAA-GDP,3,50,0.018,1,OP,0.8724974136949935,0.348
s3_p50_NAA-GDP_l3_r1,NAA-GDP,3,50,0.018,1,MP,0.8724974136949935,0.233
s3_p50_NAA-GDP_l3_r1,NAA-GDP,3,50,0.018,1,AM,0.8724974136949935,0.202
s3_p50_NAA-GDP_l3_r2,NAA-GDP,3,50,0.018,2,OP,0.8725231381371144,0.408
s3_p50_NAA-GDP_l3_r2,NAA-GDP,3,50,0.018,2,MP,0.8725231381371144,0.325
s3_p50_NAA-GDP_l3_r2,NAA-GDP,3,50,0.018,2,AM,0.8725231381371144,0.321
s3_p50_NAA-GDP_l3_r3,NAA-GDP,3,50,0.018,3,OP,0.8726427384112779,0.33
s3_p50_NAA-GDP_l3_r3,NAA-GDP,3,50,0.018,3,MP,0.8726427384112779,0.261
s3_p50_NAA-GDP_l3_r3,NAA-GDP,3,50,0.018,3,AM,0.8726427384112779,0.218
s3_p50_NAA-GDP_l4_r0,NAA-GDP,3,50,0.024,0,OP,0.8636253228745376,0.254
s3_p50_NAA-GDP_l4_r0,NAA-GDP,3,50,0.024,0,MP,0.8636253228745376,0.222
s3_p50_NAA-GDP_l4_r0,NAA-GDP,3,50,0.024,0,AM,0.8636253228745376,0.192
s3_p50_NAA-GDP_l4_r1,NAA-GDP,3,50,0.024,1,OP,0.8682603129129486,0.262
s3_p50_NAA-GDP_l4_r1,NAA-GDP,3,50,0.024,1,MP,0.8682603129129486,0.211
s3_p50_NAA-GDP_l4_r1,NAA-GDP,3,50,0.024,1,AM,0.8682603129129486,0.216
s3_p50_NAA-GDP_l4_r2,NAA-GDP,3,50,0.024,2,OP,0.866415207678121,0.33
s3_p50_NAA-GDP_l4_r2,NAA-GDP,3,50,0.024,2,MP,0.866415207678121,0.253
s3_p50_NAA-GDP_l4_r2,NAA-GDP,3,50,0.024,2,AM,0.866415207678121,0.235
s3_p50_NAA-GDP_l4_r3,NAA-GDP,3,50,0.024,3,OP,0.8657141992422328,0.235
s3_p50_NAA-GDP_l4_r3,NAA-GDP,3,50,0.024,3,MP,0.8657141992422328,0.18
s3_p50_NAA-GDP_l4_r3,NAA-GDP,3,50,0.024,3,AM,0.8657141992422328,0.186
s3_p50_NAA-GDP_l5_r0,NAA-GDP,3,50,0.03,0,OP,0.8583408925171205,0.22
s3_p50_NAA-GDP_l5_r0,NAA-GDP,3,50,0.03,0,MP,0.8583408925171205,0.183
s3_p50_NAA-GDP_l5_r0,NAA-GDP,3,50,0.03,0,AM,0.8583408925171205,0.163
s3_p50_NAA-GDP_l5_r1,NAA-GDP,3,50,0.03,1,OP,0.8516999921564795,0.199
s3_p50_NAA-GDP_l5_r1,NAA-GDP,3,50,0.03,1,MP,0.8516999921564795,0.165
s3_p50_NAA-GDP_l5_r1,NAA-GDP,3,50,0.03,1,AM,0.8516999921564795,0.128
s3_p50_NAA-GDP_l5_r2,NAA-GDP,3,50,0.03,2,OP,0.8567853139408332,0.227
s3_p50_NAA-GDP_l5_r2,NAA-GDP,3,50,0.03,2,MP,0.8567853139408332,0.172
s3_p50_NAA-GDP_l5_r2,NAA-GDP,3,50,0.03,2,AM,0.8567853139408332,0.152
s3_p50_NAA-GDP_l5_r3,NAA-GDP,3,50,0.03,3,OP,0.8546417694076112,0.263
s3_p50_NAA-GDP_l5_r3,NAA-GDP,3,50,0.03,3,MP,0.8546417694076112,0.173
s3_p50_NAA-GDP_l5_r3,NAA-GDP,3,50,0.03,3,AM,0.8546417694076112,0.194
s3_p50_NAA-GDP_l6_r0,NAA-GDP,3,50,0.036,0,OP,0.8529955442166197,0.149
s3_p50_NAA-GDP_l6_r0,NAA-GDP,3,50,0.036,0,MP,0.8529955442166197,0.123
s3_p50_NAA-GDP_l6_r0,NAA-GDP,3,50,0.036,0,AM,0.8529955442166197,0.157
s3_p50_NAA-GDP_l6_r1,NAA-GDP,3,50,0.036,1,OP,0.8513694792778739,0.197
s3_p50_NAA-GDP_l6_r1,NAA-GDP,3,50,0.036,1,MP,0.8513694792778739,0.146
s3_p50_NAA-GDP_l6_r1,NAA-GDP,3,50,0.036,1,AM,0.8513694792778739,0.139
s3_p50_NAA-GDP_l6_r2,NAA-GDP,3,50,0.036,2,OP,0.8498881826364248,0.217
s3_p50_NAA-GDP_l6_r2,NAA-GDP,3,50,0.036,2,MP,0.8498881826364248,0.132
s3_p50_NAA-GDP_l6_r2,NAA-GDP,3,50,0.036,2,AM,0.8498881826364248,0.163
s3_p50_NAA-GDP_l6_r3,NAA-GDP,3,50,0.036,3,OP,0.8488965247679678,0.193
s3_p50_NAA-GDP_l6_r3,NAA-GDP,3,50,0.036,3,MP,0.8488965247679678,0.137
s3_p50_NAA-GDP_l6_r3,NAA-GDP,3,50,0.036,3,AM,0.8488965247679678,0.146
s3_p50_NAA-GDP_l7_r0,NAA-GDP,3,50,0.042,0,OP,0.840424996002229,0.207
s3_p50_NAA-GDP_l7_r0,NAA-GDP,3,50,0.042,0,MP,0.840424996002229,0.1
s3_p50_NAA-GDP_l7_r0,NAA-GDP,3,50,0.042,0,AM,0.840424996002229,0.137
s3_p50_NAA-GDP_l7_r1,NAA-GDP,3,50,0.042,1,OP,0.8380018211196021,0.17
s3_p50_NAA-GDP_l7_r1,NAA-GDP,3,50,0.042,1,MP,0.8380018211196021,0.118
s3_p50_NAA-GDP_l7_r1,NAA-GDP,3,50,0.042,1,AM,0.8380018211196021,0.105
s3_p50_NAA-GDP_l7_r2,NAA-GDP,3,50,0.042,2,OP,0.8442226748249084,0.19
s3_p50_NAA-GDP_l7_r2,NAA-GDP,3,50,0.042,2,MP,0.8442226748249084,0.117
s3_p50_NAA-GDP_l7_r2,NAA-GDP,3,50,0.042,2,AM,0.8442226748249084,0.129
s3_p50_NAA-GDP_l7_r3,NAA-GDP,3,50,0.042,3,OP,0.8478517586943597,0.17
s3_p50_NAA-GDP_l7_r3,NAA-GDP,3,50,0.042,3,MP,0.8478517586943597,0.128
s3_p50_NAA-GDP_l7_r3,NAA-GDP,3,50,0.042,3,AM,0.8478517586943597,0.105
s3_p50_NAA-GDP_l8_r0,NAA-GDP,3,50,0.048,0,OP,0.8315858730067855,0.148
s3_p50_NAA-GDP_l8_r0,NAA-GDP,3,50,0.048,0,MP,0.8315858730067855,0.126
s3_p50_NAA-GDP_l8_r0,NAA-GDP,3,50,0.048,0,AM,0.8315858730067855,0.106
s3_p50_NAA-GDP_l8_r1,NAA-GDP,3,50,0.048,1,OP,0.8251499832348972,0.159
s3_p50_NAA-GDP_l8_r1,NAA-GDP,3,50,0.048,1,MP,0.8251499832348972,0.118
s3_p50_NAA-GDP_l8_r1,NAA-GDP,3,50,0.048,1,AM,0.8251499832348972,0.146
s3_p50_NAA-GDP_l8_r2,NAA-GDP,3,50,0.048,2,OP,0.8314262900539451,0.122
s3_p50_NAA-GDP_l8_r2,NAA-GDP,3,50,0.048,2,MP,0.8314262900539451,0.117
s3_p50_NAA-GDP_l8_r2,NAA-GDP,3,50,0.048,2,AM,0.8314262900539451,0.134
s3_p50_NAA-GDP_l8_r3,NAA-GDP,3,50,0.048,3,OP,0.8361191874112748,0.158
s3_p50_NAA-GDP_l8_r3,NAA-GDP,3,50,0.048,3,MP,0.8361191874112748,0.102
s3_p50_NAA-GDP_l8_r3,NAA-GDP,3,50,0.048,3,AM,0.8361191874112748,0.119
s3_p50_NAA-GDP_l9_r0,NAA-GDP,3,50,0.054,0,OP,0.8244075513925966,0.156
s3_p50_NAA-GDP_l9_r0,NAA-GDP,3,50,0.054,0,MP,0.8244075513925966,0.091
s3_p50_NAA-GDP_l9_r0,NAA-GDP,3,50,0.054,0,AM,0.8244075513925966,0.105
s3_p50_NAA-GDP_l9_r1,NAA-GDP,3,50,0.054,1,OP,0.8281258312129629,0.137
s3_p50_NAA-GDP_l9_r1,NAA-GDP,3,50,0.054,1,MP,0.8281258312129629,0.096
s3_p50_NAA-GDP_l9_r1,NAA-GDP,3,50,0.054,1,AM,0.8281258312129629,0.084
s3_p50_NAA-GDP_l9_r2,NAA-GDP,3,50,0.054,2,OP,0.8169308997765998,0.101
s3_p50_NAA-GDP_l9_r2,NAA-GDP,3,50,0.054,2,MP,0.8169308997765998,0.118
s3_p50_NAA-GDP_l9_r2,NAA-GDP,3,50,0.054,2,AM,0.8169308997765998,0.137
s3_p50_NAA-GDP_l9_r3,NAA-GDP,3,50,0.054,3,OP,0.8211402789698006,0.119
s3_p50_NAA-GDP_l9_r3,NAA-GDP,3,50,0.054,3,MP,0.8211402789698006,0.1
s3_p50_NAA-GDP_l9_r3,NAA-GDP,3,50,0.054,3,AM,0.8211402789698006,0.133
s3_p50_NAA-GDP_l10_r0,NAA-GDP,3,50,0.06,0,OP,0.8096974628744831,0.12
s3_p50_NAA-GDP_l10_r0,NAA-GDP,3,50,0.06,0,MP,0.8096974628744831,0.098
s3_p50_NAA-GDP_l10_r0,NAA-GDP,3,50,0.06,0,AM,0.8096974628744831,0.078
s3_p50_NAA-GDP_l10_r1,NAA-GDP,3,50,0.06,1,OP,0.8124351138456102,0.159
s3_p50_NAA-GDP_l10_r1,NAA-GDP,3,50,0.06,1,MP,0.8124351138456102,0.105
s3_p50_NAA-GDP_l10_r1,NAA-GDP,3,50,0.06,1,AM,0.8124351138456102,0.113
s3_p50_NAA-GDP_l10_r2,NAA-GDP,3,50,0.06,2,OP,0.8121331075040632,0.108
s3_p50_NAA-GDP_l10_r2,NAA-GDP,3,50,0.06,2,MP,0.8121331075040632,0.143
s3_p50_NAA-GDP_l10_r2,NAA-GDP,3,50,0.06,2,AM,0.8121331075040632,0.106
s3_p50_NAA-GDP_l10_r3,NAA-GDP,3,50,0.06,3,OP,0.8126793221648252,0.12
s3_p50_NAA-GDP_l10_r3,NAA-GDP,3,50,0.06,3,MP,0.8126793221648252,0.098
s3_p50_NAA-GDP_l10_r3,NAA-GDP,3,50,0.06,3,AM,0.8126793221648252,0.132
s4_p50_NAA-GDP_l1_r0,NAA-GDP,4,50,0.006,0,OP,0.881565231629634,0.655
s4_p50_NAA-GDP_l1_r0,NAA-GDP,4,50,0.006,0,MP,0.881565231629634,0.575
s4_p50_NAA-GDP_l1_r0,NAA-GDP,4,50,0.006,0,AM,0.881565231629634,0.618
s4_p50_NAA-GDP_l1_r1,NAA-GDP,4,50,0.006,1,OP,0.8848252768072425,0.627
s4_p50_NAA-GDP_l1_r1,NAA-GDP,4,50,0.006,1,MP,0.8848252768072425,0.581
s4_p50_NAA-GDP_l1_r1,NAA-GDP,4,50,0.006,1,AM,0.8848252768072425,0.574
s4_p50_NAA-GDP_l1_r2,NAA-GDP,4,50,0.006,2,OP,0.88134868779094,0.658
s4_p50_NAA-GDP_l1_r2,NAA-GDP,4,50,0.006,2,MP,0.88134868779094,0.629
s4_p50_NAA-GDP_l1_r2,NAA-GDP,4,50,0.006,2,AM,0.88134868779094,0.604
s4_p50_NAA-GDP_l1_r3,NAA-GDP,4,50,0.006,3,OP,0.8807150907082907,0.636
s4_p50_NAA-GDP_l1_r3,NAA-GDP,4,50,0.006,3,MP,0.8807150907082907,0.625
s4_p50_NAA-GDP_l1_r3,NAA-GDP,4,50,0.006,3,AM,0.8807150907082907,0.511
s4_p50_NAA-GDP_l2_r0,NAA-GDP,4,50,0.012,0,OP,0.8771063360972062,0.491
s4_p50_NAA-GDP_l2_r0,NAA-GDP,4,50,0.012,0,MP,0.8771063360972062,0.327
s4_p50_NAA-GDP_l2_r0,NAA-GDP,4,50,0.012,0,AM,0.8771063360972062,0.364
s4_p50_NAA-GDP_l2_r1,NAA-GDP,4,50,0.012,1,OP,0.8775287012409072,0.551
s4_p50_NAA-GDP_l2_r1,NAA-GDP,4,50,0.012,1,MP,0.8775287012409072,0.393
s4_p50_NAA-GDP_l2_r1,NAA-GDP,4,50,0.012,1,AM,0.8775287012409072,0.393
s4_p50_NAA-GDP_l2_r2,NAA-GDP,4,50,0.012,2,OP,0.8787956979378139,0.44
s4_p50_NAA-GDP_l2_r2,NAA-GDP,4,50,0.012,2,MP,0.8787956979378139,0.364
s4_p50_NAA-GDP_l2_r2,NAA-GDP,4,50,0.012,2,AM,0.8787956979378139,0.309
s4_p50_NAA-GDP_l2_r3,NAA-GDP,4,50,0.012,3,OP,0.879114787112486,0.388
s4_p50_NAA-GDP_l2_r3,NAA-GDP,4,50,0.012,3,MP,0.879114787112486,0.347
s4_p50_NAA-GDP_l2_r3,NAA-GDP,4,50,0.012,3,AM,0.879114787112486,0.317
s4_p50_NAA-GDP_l3_r0,NAA-GDP,4,50,0.018,0,OP,0.8691428702773262,0.32
s4_p50_NAA-GDP_l3_r0,NAA-GDP,4,50,0.018,0,MP,0.8691428702773262,0.213
s4_p50_NAA-GDP_l3_r0,NAA-GDP,4,50,0.018,0,AM,0.8691428702773262,0.215
s4_p50_NAA-GDP_l3_r1,NAA-GDP,4,50,0.018,1,OP,0.8684366443200903,0.369
s4_p50_NAA-GDP_l3_r1,NAA-GDP,4,50,0.018,1,MP,0.8684366443200903,0.285
s4_p50_NAA-GDP_l3_r1,NAA-GDP,4,50,0.018,1,AM,0.8684366443200903,0.259
s4_p50_NAA-GDP_l3_r2,NAA-GDP,4,50,0.018,2,OP,0.8670482045620885,0.341
s4_p50_NAA-GDP_l3_r2,NAA-GDP,4,50,0.018,2,MP,0.8670482045620885,0.221
s4_p50_NAA-GDP_l3_r2,NAA-GDP,4,50,0.018,2,AM,0.8670482045620885,0.238
s4_p50_NAA-GDP_l3_r3,NAA-GDP,4,50,0.018,3,OP,0.8730777834315173,0.275
s4_p50_NAA-GDP_l3_r3,NAA-GDP,4,50,0.018,3,MP,0.8730777834315173,0.25
s4_p50_NAA-GDP_l3_r3,NAA-GDP,4,50,0.018,3,AM,0.8730777834315173,0.226
s4_p50_NAA-GDP_l4_r0,NAA-GDP,4,50,0.024,0,OP,0.8631252184987758,0.244
s4_p50_NAA-GDP_l4_r0,NAA-GDP,4,50,0.024,0,MP,0.8631252184987758,0.204
s4_p50_NAA-GDP_l4_r0,NAA-GDP,4,50,0.024,0,AM,0.8631252184987758,0.232
s4_p50_NAA-GDP_l4_r1,NAA-GDP,4,50,0.024,1,OP,0.8648748476926292,0.248
s4_p50_NAA-GDP_l4_r1,NAA-GDP,4,50,0.024,1,MP,0.8648748476926292,0.146
s4_p50_NAA-GDP_l4_r1,NAA-GDP,4,50,0.024,1,AM,0.8648748476926292,0.177
s4_p50_NAA-GDP_l4_r2,NAA-GDP,4,50,0.024,2,OP,0.8592071888921028,0.274
s4_p50_NAA-GDP_l4_r2,NAA-GDP,4,50,0.024,2,MP,0.8592071888921028,0.219
s4_p50_NAA-GDP_l4_r2,NAA-GDP,4,50,0.024,2,AM,0.8592071888921028,0.273
s4_p50_NAA-GDP_l4_r3,NAA-GDP,4,50,0.024,3,OP,0.8618484076227855,0.278
s4_p50_NAA-GDP_l4_r3,NAA-GDP,4,50,0.024,3,MP,0.8618484076227855,0.225
s4_p50_NAA-GDP_l4_r3,NAA-GDP,4,50,0.024,3,AM,0.8618484076227855,0.193
s4_p50_NAA-GDP_l5_r0,NAA-GDP,4,50,0.03,0,OP,0.8480400946142155,0.26
s4_p50_NAA-GDP_l5_r0,NAA-GDP,4,50,0.03,0,MP,0.8480400946142155,0.171
s4_p50_NAA-GDP_l5_r0,NAA-GDP,4,50,0.03,0,AM,0.8480400946142155,0.171
s4_p50_NAA-GDP_l5_r1,NAA-GDP,4,50,0.03,1,OP,0.852735715255002,0.171
s4_p50_NAA-GDP_l5_r1,NAA-GDP,4,50,0.03,1,MP,0.852735715255002,0.132
s4_p50_NAA-GDP_l5_r1,NAA-GDP,4,50,0.03,1,AM,0.852735715255002,0.175
s4_p50_NAA-GDP_l5_r2,NAA-GDP,4,50,0.03,2,OP,0.8556386980861521,0.185
s4_p50_NAA-GDP_l5_r2,NAA-GDP,4,50,0.03,2,MP,0.8556386980861521,0.189
s4_p50_NAA-GDP_l5_r2,NAA-GDP,4,50,0.03,2,AM,0.8556386980861521,0.164
s4_p50_NAA-GDP_l5_r3,NAA-GDP,4,50,0.03,3,OP,0.8491157641860898,0.232
s4_p50_NAA-GDP_l5_r3,NAA-GDP,4,50,0.03,3,MP,0.8491157641860898,0.227
s4_p50_NAA-GDP_l5_r3,NAA-GDP,4,50,0.03,3,AM,0.8491157641860898,0.157
s4_p50_NAA-GDP_l6_r0,NAA-GDP,4,50,0.036,0,OP,0.8455572652807756,0.17
s4_p50_NAA-GDP_l6_r0,NAA-GDP,4,50,0.036,0,MP,0.8455572652807756,0.154
s4_p50_NAA-GDP_l6_r0,NAA-GDP,4,50,0.036,0,AM,0.8455572652807756,0.133
s4_p50_NAA-GDP_l6_r1,NAA-GDP,4,50,0.036,1,OP,0.8434393970294751,0.221
s4_p50_NAA-GDP_l6_r1,NAA-GDP,4,50,0.036,1,MP,0.8434393970294751,0.149
s4_p50_NAA-GDP_l6_r1,NAA-GDP,4,50,0.036,1,AM,0.8434393970294751,0.143
s4_p50_NAA-GDP_l6_r2,NAA-GDP,4,50,0.036,2,OP,0.8452944940915088,0.164
s4_p50_NAA-GDP_l6_r2,NAA-GDP,4,50,0.036,2,MP,0.8452944940915088,0.114
s4_p50_NAA-GDP_l6_r2,NAA-GDP,4,50,0.036,2,AM,0.8452944940915088,0.158
s4_p50_NAA-GDP_l6_r3,NAA-GDP,4,50,0.036,3,OP,0.8453590662557007,0.219
s4_p50_NAA-GDP_l6_r3,NAA-GDP,4,50,0.036,3,MP,0.8453590662557007,0.152
s4_p50_NAA-GDP_l6_r3,NAA-GDP,4,50,0.036,3,AM,0.8453590662557007,0.108
s4_p50_NAA-GDP_l7_r0,NAA-GDP,4,50,0.042,0,OP,0.8384925571003552,0.183
s4_p50_NAA-GDP_l7_r0,NAA-GDP,4,50,0.042,0,MP,0.8384925571003552,0.132
s4_p50_NAA-GDP_l7_r0,NAA-GDP,4,50,0.042,0,AM,0.8384925571003552,0.144
s4_p50_NAA-GDP_l7_r1,NAA-GDP,4,50,0.042,1,OP,0.8392610645884356,0.154
s4_p50_NAA-GDP_l7_r1,NAA-GDP,4,50,0.042,1,MP,0.8392610645884356,0.115
s4_p50_NAA-GDP_l7_r1,NAA-GDP,4,50,0.042,1,AM,0.8392610645884356,0.116
s4_p50_NAA-GDP_l7_r2,NAA-GDP,4,50,0.042,2,OP,0.8403022561790625,0.168
s4_p50_NAA-GDP_l7_r2,NAA-GDP,4,50,0.042,2,MP,0.8403022561790625,0.126
s4_p50_NAA-GDP_l7_r2,NAA-GDP,4,50,0.042,2,AM,0.8403022561790625,0.128
s4_p50_NAA-GDP_l7_r3,NAA-GDP,4,50,0.042,3,OP,0.8348959073017018,0.169
s4_p50_NAA-GDP_l7_r3,NAA-GDP,4,50,0.042,3,MP,0.8348959073017018,0.107
s4_p50_NAA-GDP_l7_r3,NAA-GDP,4,50,0.042,3,AM,0.8348959073017018,0.107
s4_p50_NAA-GDP_l8_r0,NAA-GDP,4,50,0.048,0,OP,0.8360356948604665,0.152
s4_p50_NAA-GDP_l8_r0,NAA-GDP,4,50,0.048,0,MP,0.8360356948604665,0.103
s4_p50_NAA-GDP_l8_r0,NAA-GDP,4,50,0.048,0,AM,0.8360356948604665,0.119
s4_p50_NAA-GDP_l8_r1,NAA-GDP,4,50,0.048,1,OP,0.8289244828737243,0.16
s4_p50_NAA-GDP_l8_r1,NAA-GDP,4,50,0.048,1,MP,0.8289244828737243,0.088
s4_p50_NAA-GDP_l8_r1,NAA-GDP,4,50,0.048,1,AM,0.8289244828737243,0.122
s4_p50_NAA-GDP_l8_r2,NAA-GDP,4,50,0.048,2,OP,0.8276488568080862,0.151
s4_p50_NAA-GDP_l8_r2,NAA-GDP,4,50,0.048,2,MP,0.8276488568080862,0.11
s4_p50_NAA-GDP_l8_r2,NAA-GDP,4,50,0.048,2,AM,0.8276488568080862,0.112
s4_p50_NAA-GDP_l8_r3,NAA-GDP,4,50,0.048,3,OP,0.8251829110221643,0.138
s4_p50_NAA-GDP_l8_r3,NAA-GDP,4,50,0.048,3,MP,0.8251829110221643,0.092
s4_p50_NAA-GDP_l8_r3,NAA-GDP,4,50,0.048,3,AM,0.8251829110221643,0.107
s4_p50_NAA-GDP_l9_r0,NAA-GDP,4,50,0.054,0,OP,0.8201189525897348,0.152
s4_p50_NAA-GDP_l9_r0,NAA-GDP,4,50,0.054,0,MP,0.8201189525897348,0.087
s4_p50_NAA-GDP_l9_r0,NAA-GDP,4,50,0.054,0,AM,0.8201189525897348,0.09
s4_p50_NAA-GDP_l9_r1,NAA-GDP,4,50,0.054,1,OP,0.8141408339832676,0.132
s4_p50_NAA-GDP_l9_r1,NAA-GDP,4,50,0.054,1,MP,0.8141408339832676,0.092
s4_p50_NAA-GDP_l9_r1,NAA-GDP,4,50,0.054,1,AM,0.8141408339832676,0.12
s4_p50_NAA-GDP_l9_r2,NAA-GDP,4,50,0.054,2,OP,0.8236709350381122,0.137
s4_p50_NAA-GDP_l9_r2,NAA-GDP,4,50,0.054,2,MP,0.8236709350381122,0.106
s4_p50_NAA-GDP_l9_r2,NAA-GDP,4,50,0.054,2,AM,0.8236709350381122,0.129
s4_p50_NAA-GDP_l9_r3,NAA-GDP,4,50,0.054,3,OP,0.8138382531661688,0.114
s4_p50_NAA-GDP_l9_r3,NAA-GDP,4,50,0.054,3,MP,0.8138382531661688,0.105
s4_p50_NAA-GDP_l9_r3,NAA-GDP,4,50,0.054,3,AM,0.8138382531661688,0.102
s4_p50_NAA-GDP_l10_r0,NAA-GDP,4,50,0.06,0,OP,0.8114505443571669,0.132
s4_p50_NAA-GDP_l10_r0,NAA-GDP,4,50,0.06,0,MP,0.8114505443571669,0.113
s4_p50_NAA-GDP_l10_r0,NAA-GDP,4,50,0.06,0,AM,0.8114505443571669,0.075
s4_p50_NAA-GDP_l10_r1,NAA-GDP,4,50,0.06,1,OP,0.8170293226344432,0.152
s4_p50_NAA-GDP_l10_r1,NAA-GDP,4,50,0.06,1,MP,0.8170293226344432,0.091
s4_p50_NAA-GDP_l10_r1,NAA-GDP,4,50,0.06,1,AM,0.8170293226344432,0.13
s4_p50_NAA-GDP_l10_r2,NAA-GDP,4,50,0.06,2,OP,0.8168493696887914,0.137
s4_p50_NAA-GDP_l10_r2,NAA-GDP,4,50,0.06,2,MP,0.8168493696887914,0.089
s4_p50_NAA-GDP_l10_r2,NAA-GDP,4,50,0.06,2,AM,0.8168493696887914,0.097
s4_p50_NAA-GDP_l10_r3,NAA-GDP,4,50,0.06,3,OP,0.8122247389349376,0.159
s4_p50_NAA-GDP_l10_r3,NAA-GDP,4,50,0.06,3,MP,0.8122247389349376,0.09
s4_p50_NAA-GDP_l10_r3,NAA-GDP,4,50,0.06,3,AM,0.8122247389349376,0.105
s0_p2_NAA-GDP_l1_r0,NAA-GDP,0,2,0.006,0,OP,0.8478266306522608,0.664
s0_p2_NAA-GDP_l1_r0,NAA-GDP,0,2,0.006,0,MP,0.8478266306522608,0.584
s0_p2_NAA-GDP_l1_r0,NAA-GDP,0,2,0.006,0,AM,0.8478266306522608,0.557
s0_p20_NAA-GDP_l1_r0,NAA-GDP,0,20,0.006,0,OP,0.8852743931189417,0.664
s0_p20_NAA-GDP_l1_r0,NAA-GDP,0,20,0.006,0,MP,0.8852743931189417,0.584
s0_p20_NAA-GDP_l1_r0,NAA-GDP,0,20,0.006,0,AM,0.8852743931189417,0.554
s0_p2_NAA-GDP_l1_r1,NAA-GDP,0,2,0.006,1,OP,0.8491146458583434,0.661
s0_p2_NAA-GDP_l1_r1,NAA-GDP,0,2,0.006,1,MP,0.8491146458583434,0.607
s0_p2_NAA-GDP_l1_r1,NAA-GDP,0,2,0.006,1,AM,0.8491146458583434,0.613
s0_p20_NAA-GDP_l1_r1,NAA-GDP,0,20,0.006,1,OP,0.8807808370819548,0.661
s0_p20_NAA-GDP_l1_r1,NAA-GDP,0,20,0.006,1,MP,0.8807808370819548,0.607
s0_p20_NAA-GDP_l1_r1,NAA-GDP,0,20,0.006,1,AM,0.8807808370819548,0.611
s0_p2_NAA-GDP_l1_r2,NAA-GDP,0,2,0.006,2,OP,0.8577556022408963,0.643
s0_p2_NAA-GDP_l1_r2,NAA-GDP,0,2,0.006,2,MP,0.8577556022408963,0.556
s0_p2_NAA-GDP_l1_r2,NAA-GDP,0,2,0.006,2,AM,0.8577556022408963,0.556
s0_p20_NAA-GDP_l1_r2,NAA-GDP,0,20,0.006,2,OP,0.8815043320122029,0.643
s0_p20_NAA-GDP_l1_r2,NAA-GDP,0,20,0.006,2,MP,0.8815043320122029,0.556
s0_p20_NAA-GDP_l1_r2,NAA-GDP,0,20,0.006,2,AM,0.8815043320122029,0.569
s0_p2_NAA-GDP_l1_r3,NAA-GDP,0,2,0.006,3,OP,0.8489270708283314,0.655
s0_p2_NAA-GDP_l1_r3,NAA-GDP,0,2,0.006,3,MP,0.8489270708283314,0.614
s0_p2_NAA-GDP_l1_r3,NAA-GDP,0,2,0.006,3,AM,0.8489270708283314,0.578
s0_p20_NAA-GDP_l1_r3,NAA-GDP,0,20,0.006,3,OP,0.8853043132514712,0.655
s0_p20_NAA-GDP_l1_r3,NAA-GDP,0,20,0.006,3,MP,0.8853043132514712,0.614
s0_p20_NAA-GDP_l1_r3,NAA-GDP,0,20,0.006,3,AM,0.8853043132514712,0.579
s0_p2_NAA-GDP_l2_r0,NAA-GDP,0,2,0.012,0,OP,0.858030712284914,0.579
s0_p2_NAA-GDP_l2_r0,NAA-GDP,0,2,0.012,0,MP,0.858030712284914,0.454
s0_p2_NAA-GDP_l2_r0,NAA-GDP,0,2,0.012,0,AM,0.858030712284914,0.386
s0_p20_NAA-GDP_l2_r0,NAA-GDP,0,20,0.012,0,OP,0.8769858943681229,0.579
s0_p20_NAA-GDP_l2_r0,NAA-GDP,0,20,0.012,0,MP,0.8769858943681229,0.454
s0_p20_NAA-GDP_l2_r0,NAA-GDP,0,20,0.012,0,AM,0.8769858943681229,0.413
s0_p2_NAA-GDP_l2_r1,NAA-GDP,0,2,0.012,1,OP,0.841624149659864,0.464
s0_p2_NAA-GDP_l2_r1,NAA-GDP,0,2,0.012,1,MP,0.841624149659864,0.361
s0_p2_NAA-GDP_l2_r1,NAA-GDP,0,2,0.012,1,AM,0.841624149659864,0.338
s0_p20_NAA-GDP_l2_r1,NAA-GDP,0,20,0.012,1,OP,0.8713008825754852,0.464
s0_p20_NAA-GDP_l2_r1,NAA-GDP,0,20,0.012,1,MP,0.8713008825754852,0.361
s0_p20_NAA-GDP_l2_r1,NAA-GDP,0,20,0.012,1,AM,0.8713008825754852,0.312
s0_p2_NAA-GDP_l2_r2,NAA-GDP,0,2,0.012,2,OP,0.8389105642256903,0.505
s0_p2_NAA-GDP_l2_r2,NAA-GDP,0,2,0.012,2,MP,0.8389105642256903,0.376
s0_p2_NAA-GDP_l2_r2,NAA-GDP,0,2,0.012,2,AM,0.8389105642256903,0.309
s0_p20_NAA-GDP_l2_r2,NAA-GDP,0,20,0.012,2,OP,0.8761311489604588,0.505
s0_p20_NAA-GDP_l2_r2,NAA-GDP,0,20,0.012,2,MP,0.8761311489604588,0.376
s0_p20_NAA-GDP_l2_r2,NAA-GDP,0,20,0.012,2,AM,0.8761311489604588,0.336
s0_p2_NAA-GDP_l2_r3,NAA-GDP,0,2,0.012,3,OP,0.8475515206082433,0.467
s0_p2_NAA-GDP_l2_r3,NAA-GDP,0,2,0.012,3,MP,0.8475515206082433,0.38
s0_p2_NAA-GDP_l2_r3,NAA-GDP,0,2,0.012,3,AM,0.8475515206082433,0.38
s0_p20_NAA-GDP_l2_r3,NAA-GDP,0,20,0.012,3,OP,0.8746360131902375,0.467
s0_p20_NAA-GDP_l2_r3,NAA-GDP,0,20,0.012,3,MP,0.8746360131902375,0.38
s0_p20_NAA-GDP_l2_r3,NAA-GDP,0,20,0.012,3,AM,0.8746360131902375,0.38
s0_p2_NAA-GDP_l3_r0,NAA-GDP,0,2,0.018,0,OP,0.8273684473789515,0.339
s0_p2_NAA-GDP_l3_r0,NAA-GDP,0,2,0.018,0,MP,0.8273684473789515,0.302
s0_p2_NAA-GDP_l3_r0,NAA-GDP,0,2,0.018,0,AM,0.8273684473789515,0.217
s0_p20_NAA-GDP_l3_r0,NAA-GDP,0,20,0.018,0,OP,0.866758745200649,0.339
s0_p20_NAA-GDP_l3_r0,NAA-GDP,0,20,0.018,0,MP,0.866758745200649,0.302
s0_p20_NAA-GDP_l3_r0,NAA-GDP,0,20,0.018,0,AM,0.866758745200649,0.252
s0_p2_NAA-GDP_l3_r1,NAA-GDP,0,2,0.018,1,OP,0.8551795718287314,0.417
s0_p2_NAA-GDP_l3_r1,NAA-GDP,0,2,0.018,1,MP,0.8551795718287314,0.234
s0_p2_NAA-GDP_l3_r1,NAA-GDP,0,2,0.018,1,AM,0.8551795718287314,0.229
s0_p20_NAA-GDP_l3_r1,NAA-GDP,0,20,0.018,1,OP,0.8700057327222743,0.417
s0_p20_NAA-GDP_l3_r1,NAA-GDP,0,20,0.018,1,MP,0.8700057327222743,0.234
s0_p20_NAA-GDP_l3_r1,NAA-GDP,0,20,0.018,1,AM,0.8700057327222743,0.217
s0_p2_NAA-GDP_l3_r2,NAA-GDP,0,2,0.018,2,OP,0.8519657863145258,0.322
s0_p2_NAA-GDP_l3_r2,NAA-GDP,0,2,0.018,2,MP,0.8519657863145258,0.29
s0_p2_NAA-GDP_l3_r2,NAA-GDP,0,2,0.018,2,AM,0.8519657863145258,0.247
s0_p20_NAA-GDP_l3_r2,NAA-GDP,0,20,0.018,2,OP,0.8725610737707304,0.322
s0_p20_NAA-GDP_l3_r2,NAA-GDP,0,20,0.018,2,MP,0.8725610737707304,0.29
s0_p20_NAA-GDP_l3_r2,NAA-GDP,0,20,0.018,2,AM,0.8725610737707304,0.227
s0_p2_NAA-GDP_l3_r3,NAA-GDP,0,2,0.018,3,OP,0.845438175270108,0.385
s0_p2_NAA-GDP_l3_r3,NAA-GDP,0,2,0.018,3,MP,0.845438175270108,0.275
s0_p2_NAA-GDP_l3_r3,NAA-GDP,0,2,0.018,3,AM,0.845438175270108,0.227
s0_p20_NAA-GDP_l3_r3,NAA-GDP,0,20,0.018,3,OP,0.8638515782278972,0.385
s0_p20_NAA-GDP_l3_r3,NAA-GDP,0,20,0.018,3,MP,0.8638515782278972,0.275
s0_p20_NAA-GDP_l3_r3,NAA-GDP,0,20,0.018,3,AM,0.8638515782278972,0.239
s0_p2_NAA-GDP_l4_r0,NAA-GDP,0,2,0.024,0,OP,0.8318327330932374,0.259
s0_p2_NAA-GDP_l4_r0,NAA-GDP,0,2,0.024,0,MP,0.8318327330932374,0.23
s0_p2_NAA-GDP_l4_r0,NAA-GDP,0,2,0.024,0,AM,0.8318327330932374,0.253
s0_p20_NAA-GDP_l4_r0,NAA-GDP,0,20,0.024,0,OP,0.8691366181865141,0.259
s0_p20_NAA-GDP_l4_r0,NAA-GDP,0,20,0.024,0,MP,0.8691366181865141,0.23
s0_p20_NAA-GDP_l4_r0,NAA-GDP,0,20,0.024,0,AM,0.8691366181865141,0.223
s0_p2_NAA-GDP_l4_r1,NAA-GDP,0,2,0.024,1,OP,0.8278811524609844,0.287
s0_p2_NAA-GDP_l4_r1,NAA-GDP,0,2,0.024,1,MP,0.8278811524609844,0.214
s0_p2_NAA-GDP_l4_r1,NAA-GDP,0,2,0.024,1,AM,0.8278811524609844,0.173
s0_p20_NAA-GDP_l4_r1,NAA-GDP,0,20,0.024,1,OP,0.8653859647333078,0.287
s0_p20_NAA-GDP_l4_r1,NAA-GDP,0,20,0.024,1,MP,0.8653859647333078,0.214
s0_p20_NAA-GDP_l4_r1,NAA-GDP,0,20,0.024,1,AM,0.8653859647333078,0.21
s0_p2_NAA-GDP_l4_r2,NAA-GDP,0,2,0.024,2,OP,0.8388605442176871,0.339
s0_p2_NAA-GDP_l4_r2,NAA-GDP,0,2,0.024,2,MP,0.8388605442176871,0.222
s0_p2_NAA-GDP_l4_r2,NAA-GDP,0,2,0.024,2,AM,0.8388605442176871,0.167
s0_p20_NAA-GDP_l4_r2,NAA-GDP,0,20,0.024,2,OP,0.8637226915031551,0.339
s0_p20_NAA-GDP_l4_r2,NAA-GDP,0,20,0.024,2,MP,0.8637226915031551,0.222
s0_p20_NAA-GDP_l4_r2,NAA-GDP,0,20,0.024,2,AM,0.8637226915031551,0.188
s0_p2_NAA-GDP_l4_r3,NAA-GDP,0,2,0.024,3,OP,0.8394607843137255,0.34
s0_p2_NAA-GDP_l4_r3,NAA-GDP,0,2,0.024,3,MP,0.8394607843137255,0.235
s0_p2_NAA-GDP_l4_r3,NAA-GDP,0,2,0.024,3,AM,0.8394607843137255,0.176
s0_p20_NAA-GDP_l4_r3,NAA-GDP,0,20,0.024,3,OP,0.8665754921644087,0.34
s0_p20_NAA-GDP_l4_r3,NAA-GDP,0,20,0.024,3,MP,0.8665754921644087,0.235
s0_p20_NAA-GDP_l4_r3,NAA-GDP,0,20,0.024,3,AM,0.8665754921644087,0.176
s0_p2_NAA-GDP_l5_r0,NAA-GDP,0,2,0.03,0,OP,0.8127125850340136,0.23
s0_p2_NAA-GDP_l5_r0,NAA-GDP,0,2,0.03,0,MP,0.8127125850340136,0.153
s0_p2_NAA-GDP_l5_r0,NAA-GDP,0,2,0.03,0,AM,0.8127125850340136,0.115
s0_p20_NAA-GDP_l5_r0,NAA-GDP,0,20,0.03,0,OP,0.8598496827470687,0.23
s0_p20_NAA-GDP_l5_r0,NAA-GDP,0,20,0.03,0,MP,0.8598496827470687,0.153
s0_p20_NAA-GDP_l5_r0,NAA-GDP,0,20,0.03,0,AM,0.8598496827470687,0.129
s0_p2_NAA-GDP_l5_r1,NAA-GDP,0,2,0.03,1,OP,0.835921868747499,0.236
s0_p2_NAA-GDP_l5_r1,NAA-GDP,0,2,0.03,1,MP,0.835921868747499,0.149
s0_p2_NAA-GDP_l5_r1,NAA-GDP,0,2,0.03,1,AM,0.835921868747499,0.12
s0_p20_NAA-GDP_l5_r1,NAA-GDP,0,20,0.03,1,OP,0.86057199580098,0.236
s0_p20_NAA-GDP_l5_r1,NAA-GDP,0,20,0.03,1,MP,0.86057199580098,0.149
s0_p20_NAA-GDP_l5_r1,NAA-GDP,0,20,0.03,1,AM,0.86057199580098,0.165
s0_p2_NAA-GDP_l5_r2,NAA-GDP,0,2,0.03,2,OP,0.8118872549019608,0.222
s0_p2_NAA-GDP_l5_r2,NAA-GDP,0,2,0.03,2,MP,0.8118872549019608,0.125
s0_p2_NAA-GDP_l5_r2,NAA-GDP,0,2,0.03,2,AM,0.8118872549019608,0.166
s0_p20_NAA-GDP_l5_r2,NAA-GDP,0,20,0.03,2,OP,0.8559196329067216,0.222
s0_p20_NAA-GDP_l5_r2,NAA-GDP,0,20,0.03,2,MP,0.8559196329067216,0.125
s0_p20_NAA-GDP_l5_r2,NAA-GDP,0,20,0.03,2,AM,0.8559196329067216,0.153
s0_p2_NAA-GDP_l5_r3,NAA-GDP,0,2,0.03,3,OP,0.8465886354541816,0.26
s0_p2_NAA-GDP_l5_r3,NAA-GDP,0,2,0.03,3,MP,0.8465886354541816,0.156
s0_p2_NAA-GDP_l5_r3,NAA-GDP,0,2,0.03,3,AM,0.8465886354541816,0.159
s0_p20_NAA-GDP_l5_r3,NAA-GDP,0,20,0.03,3,OP,0.8517599880369233,0.26
s0_p20_NAA-GDP_l5_r3,NAA-GDP,0,20,0.03,3,MP,0.8517599880369233,0.156
s0_p20_NAA-GDP_l5_r3,NAA-GDP,0,20,0.03,3,AM,0.8517599880369233,0.192
s0_p2_NAA-GDP_l6_r0,NAA-GDP,0,2,0.036,0,OP,0.8334458783513405,0.216
s0_p2_NAA-GDP_l6_r0,NAA-GDP,0,2,0.036,0,MP,0.8334458783513405,0.108
s0_p2_NAA-GDP_l6_r0,NAA-GDP,0,2,0.036,0,AM,0.8334458783513405,0.096
s0_p20_NAA-GDP_l6_r0,NAA-GDP,0,20,0.036,0,OP,0.8581553075080498,0.216
s0_p20_NAA-GDP_l6_r0,NAA-GDP,0,20,0.036,0,MP,0.8581553075080498,0.108
s0_p20_NAA-GDP_l6_r0,NAA-GDP,0,20,0.036,0,AM,0.8581553075080498,0.18
s0_p2_NAA-GDP_l6_r1,NAA-GDP,0,2,0.036,1,OP,0.8591811724689875,0.186
s0_p2_NAA-GDP_l6_r1,NAA-GDP,0,2,0.036,1,MP,0.8591811724689875,0.118
s0_p2_NAA-GDP_l6_r1,NAA-GDP,0,2,0.036,1,AM,0.8591811724689875,0.097
s0_p20_NAA-GDP_l6_r1,NAA-GDP,0,20,0.036,1,OP,0.84408668702148,0.186
s0_p20_NAA-GDP_l6_r1,NAA-GDP,0,20,0.036,1,MP,0.84408668702148,0.118
s0_p20_NAA-GDP_l6_r1,NAA-GDP,0,20,0.036,1,AM,0.84408668702148,0.137
s0_p2_NAA-GDP_l6_r2,NAA-GDP,0,2,0.036,2,OP,0.824154661864746,0.186
s0_p2_NAA-GDP_l6_r2,NAA-GDP,0,2,0.036,2,MP,0.824154661864746,0.13
s0_p2_NAA-GDP_l6_r2,NAA-GDP,0,2,0.036,2,AM,0.824154661864746,0.119
s0_p20_NAA-GDP_l6_r2,NAA-GDP,0,20,0.036,2,OP,0.850175527297238,0.186
s0_p20_NAA-GDP_l6_r2,NAA-GDP,0,20,0.036,2,MP,0.850175527297238,0.13
s0_p20_NAA-GDP_l6_r2,NAA-GDP,0,20,0.036,2,AM,0.850175527297238,0.168
s0_p2_NAA-GDP_l6_r3,NAA-GDP,0,2,0.036,3,OP,0.8620323129251701,0.199
s0_p2_NAA-GDP_l6_r3,NAA-GDP,0,2,0.036,3,MP,0.8620323129251701,0.117
s0_p2_NAA-GDP_l6_r3,NAA-GDP,0,2,0.036,3,AM,0.8620323129251701,0.129
s0_p20_NAA-GDP_l6_r3,NAA-GDP,0,20,0.036,3,OP,0.8517142058798721,0.199
s0_p20_NAA-GDP_l6_r3,NAA-GDP,0,20,0.036,3,MP,0.8517142058798721,0.117
s0_p20_NAA-GDP_l6_r3,NAA-GDP,0,20,0.036,3,AM,0.8517142058798721,0.121
s0_p2_NAA-GDP_l7_r0,NAA-GDP,0,2,0.042,0,OP,0.8400610244097639,0.212
s0_p2_NAA-GDP_l7_r0,NAA-GDP,0,2,0.042,0,MP,0.8400610244097639,0.12
s0_p2_NAA-GDP_l7_r0,NAA-GDP,0,2,0.042,0,AM,0.8400610244097639,0.117
s0_p20_NAA-GDP_l7_r0,NAA-GDP,0,20,0.042,0,OP,0.8397045383802522,0.212
s0_p20_NAA-GDP_l7_r0,NAA-GDP,0,20,0.042,0,MP,0.8397045383802522,0.12
s0_p20_NAA-GDP_l7_r0,NAA-GDP,0,20,0.042,0,AM,0.8397045383802522,0.112
s0_p2_NAA-GDP_l7_r1,NAA-GDP,0,2,0.042,1,OP,0.8236044417767108,0.183
s0_p2_NAA-GDP_l7_r1,NAA-GDP,0,2,0.042,1,MP,0.8236044417767108,0.111
s0_p2_NAA-GDP_l7_r1,NAA-GDP,0,2,0.042,1,AM,0.8236044417767108,0.108
s0_p20_NAA-GDP_l7_r1,NAA-GDP,0,20,0.042,1,OP,0.840708449022439,0.183
s0_p20_NAA-GDP_l7_r1,NAA-GDP,0,20,0.042,1,MP,0.840708449022439,0.111
s0_p20_NAA-GDP_l7_r1,NAA-GDP,0,20,0.042,1,AM,0.840708449022439,0.149
s0_p2_NAA-GDP_l7_r2,NAA-GDP,0,2,0.042,2,OP,0.8509028611444578,0.179
s0_p2_NAA-GDP_l7_r2,NAA-GDP,0,2,0.042,2,MP,0.8509028611444578,0.095
s0_p2_NAA-GDP_l7_r2,NAA-GDP,0,2,0.042,2,AM,0.8509028611444578,0.16
s0_p20_NAA-GDP_l7_r2,NAA-GDP,0,20,0.042,2,OP,0.8417519214199037,0.179
s0_p20_NAA-GDP_l7_r2,NAA-GDP,0,20,0.042,2,MP,0.8417519214199037,0.095
s0_p20_NAA-GDP_l7_r2,NAA-GDP,0,20,0.042,2,AM,0.8417519214199037,0.145
s0_p2_NAA-GDP_l7_r3,NAA-GDP,0,2,0.042,3,OP,0.811749699879952,0.15
s0_p2_NAA-GDP_l7_r3,NAA-GDP,0,2,0.042,3,MP,0.811749699879952,0.09
s0_p2_NAA-GDP_l7_r3,NAA-GDP,0,2,0.042,3,AM,0.811749699879952,0.082
s0_p20_NAA-GDP_l7_r3,NAA-GDP,0,20,0.042,3,OP,0.8365519143535274,0.15
s0_p20_NAA-GDP_l7_r3,NAA-GDP,0,20,0.042,3,MP,0.8365519143535274,0.09
s0_p20_NAA-GDP_l7_r3,NAA-GDP,0,20,0.042,3,AM,0.8365519143535274,0.138
s0_p2_NAA-GDP_l8_r0,NAA-GDP,0,2,0.048,0,OP,0.8304071628651462,0.124
s0_p2_NAA-GDP_l8_r0,NAA-GDP,0,2,0.048,0,MP,0.8304071628651462,0.099
s0_p2_NAA-GDP_l8_r0,NAA-GDP,0,2,0.048,0,AM,0.8304071628651462,0.099
s0_p20_NAA-GDP_l8_r0,NAA-GDP,0,20,0.048,0,OP,0.835179133886186,0.124
s0_p20_NAA-GDP_l8_r0,NAA-GDP,0,20,0.048,0,MP,0.835179133886186,0.099
s0_p20_NAA-GDP_l8_r0,NAA-GDP,0,20,0.048,0,AM,0.835179133886186,0.114
s0_p2_NAA-GDP_l8_r1,NAA-GDP,0,2,0.048,1,OP,0.8209408763505402,0.132
s0_p2_NAA-GDP_l8_r1,NAA-GDP,0,2,0.048,1,MP,0.8209408763505402,0.109
s0_p2_NAA-GDP_l8_r1,NAA-GDP,0,2,0.048,1,AM,0.8209408763505402,0.135
s0_p20_NAA-GDP_l8_r1,NAA-GDP,0,20,0.048,1,OP,0.8379426095779756,0.132
s0_p20_NAA-GDP_l8_r1,NAA-GDP,0,20,0.048,1,MP,0.8379426095779756,0.109
s0_p20_NAA-GDP_l8_r1,NAA-GDP,0,20,0.048,1,AM,0.8379426095779756,0.155
s0_p2_NAA-GDP_l8_r2,NAA-GDP,0,2,0.048,2,OP,0.8258553421368547,0.146
s0_p2_NAA-GDP_l8_r2,NAA-GDP,0,2,0.048,2,MP,0.8258553421368547,0.097
s0_p2_NAA-GDP_l8_r2,NAA-GDP,0,2,0.048,2,AM,0.8258553421368547,0.119
s0_p20_NAA-GDP_l8_r2,NAA-GDP,0,20,0.048,2,OP,0.8341344796123844,0.146
s0_p20_NAA-GDP_l8_r2,NAA-GDP,0,20,0.048,2,MP,0.8341344796123844,0.097
s0_p20_NAA-GDP_l8_r2,NAA-GDP,0,20,0.048,2,AM,0.8341344796123844,0.11
s0_p2_NAA-GDP_l8_r3,NAA-GDP,0,2,0.048,3,OP,0.8319702881152461,0.093
s0_p2_NAA-GDP_l8_r3,NAA-GDP,0,2,0.048,3,MP,0.8319702881152461,0.106
s0_p2_NAA-GDP_l8_r3,NAA-GDP,0,2,0.048,3,AM,0.8319702881152461,0.097
s0_p20_NAA-GDP_l8_r3,NAA-GDP,0,20,0.048,3,OP,0.8310199244445119,0.093
s0_p20_NAA-GDP_l8_r3,NAA-GDP,0,20,0.048,3,MP,0.8310199244445119,0.106
s0_p20_NAA-GDP_l8_r3,NAA-GDP,0,20,0.048,3,AM,0.8310199244445119,0.117
s0_p2_NAA-GDP_l9_r0,NAA-GDP,0,2,0.054,0,OP,0.8129876950780313,0.117
s0_p2_NAA-GDP_l9_r0,NAA-GDP,0,2,0.054,0,MP,0.8129876950780313,0.082
s0_p2_NAA-GDP_l9_r0,NAA-GDP,0,2,0.054,0,AM,0.8129876950780313,0.064
s0_p20_NAA-GDP_l9_r0,NAA-GDP,0,20,0.054,0,OP,0.8254211274204517,0.117
s0_p20_NAA-GDP_l9_r0,NAA-GDP,0,20,0.054,0,MP,0.8254211274204517,0.082
s0_p20_NAA-GDP_l9_r0,NAA-GDP,0,20,0.054,0,AM,0.8254211274204517,0.098
s0_p2_NAA-GDP_l9_r1,NAA-GDP,0,2,0.054,1,OP,0.837484993997599,0.156
s0_p2_NAA-GDP_l9_r1,NAA-GDP,0,2,0.054,1,MP,0.837484993997599,0.11
s0_p2_NAA-GDP_l9_r1,NAA-GDP,0,2,0.054,1,AM,0.837484993997599,0.119
s0_p20_NAA-GDP_l9_r1,NAA-GDP,0,20,0.054,1,OP,0.8219997820371219,0.156
s0_p20_NAA-GDP_l9_r1,NAA-GDP,0,20,0.054,1,MP,0.8219997820371219,0.11
s0_p20_NAA-GDP_l9_r1,NAA-GDP,0,20,0.054,1,AM,0.8219997820371219,0.136
s0_p2_NAA-GDP_l9_r2,NAA-GDP,0,2,0.054,2,OP,0.8251675670268107,0.13
s0_p2_NAA-GDP_l9_r2,NAA-GDP,0,2,0.054,2,MP,0.8251675670268107,0.105
s0_p2_NAA-GDP_l9_r2,NAA-GDP,0,2,0.054,2,AM,0.8251675670268107,0.1
s0_p20_NAA-GDP_l9_r2,NAA-GDP,0,20,0.054,2,OP,0.8309574094066906,0.13
s0_p20_NAA-GDP_l9_r2,NAA-GDP,0,20,0.054,2,MP,0.8309574094066906,0.105
s0_p20_NAA-GDP_l9_r2,NAA-GDP,0,20,0.054,2,AM,0.8309574094066906,0.075
s0_p2_NAA-GDP_l9_r3,NAA-GDP,0,2,0.054,3,OP,0.8253051220488196,0.119
s0_p2_NAA-GDP_l9_r3,NAA-GDP,0,2,0.054,3,MP,0.8253051220488196,0.101
s0_p2_NAA-GDP_l9_r3,NAA-GDP,0,2,0.054,3,AM,0.8253051220488196,0.087
s0_p20_NAA-GDP_l9_r3,NAA-GDP,0,20,0.054,3,OP,0.8225947012627166,0.119
s0_p20_NAA-GDP_l9_r3,NAA-GDP,0,20,0.054,3,MP,0.8225947012627166,0.101
s0_p20_NAA-GDP_l9_r3,NAA-GDP,0,20,0.054,3,AM,0.8225947012627166,0.119
s0_p2_NAA-GDP_l10_r0,NAA-GDP,0,2,0.06,0,OP,0.8386354541816726,0.124
s0_p2_NAA-GDP_l10_r0,NAA-GDP,0,2,0.06,0,MP,0.8386354541816726,0.097
s0_p2_NAA-GDP_l10_r0,NAA-GDP,0,2,0.06,0,AM,0.8386354541816726,0.086
s0_p20_NAA-GDP_l10_r0,NAA-GDP,0,20,0.06,0,OP,0.8227683126762084,0.124
s0_p20_NAA-GDP_l10_r0,NAA-GDP,0,20,0.06,0,MP,0.8227683126762084,0.097
s0_p20_NAA-GDP_l10_r0,NAA-GDP,0,20,0.06,0,AM,0.8227683126762084,0.097
s0_p2_NAA-GDP_l10_r1,NAA-GDP,0,2,0.06,1,OP,0.8271433573429372,0.152
s0_p2_NAA-GDP_l10_r1,NAA-GDP,0,2,0.06,1,MP,0.8271433573429372,0.093
s0_p2_NAA-GDP_l10_r1,NAA-GDP,0,2,0.06,1,AM,0.8271433573429372,0.108
s0_p20_NAA-GDP_l10_r1,NAA-GDP,0,20,0.06,1,OP,0.8205889327109281,0.152
s0_p20_NAA-GDP_l10_r1,NAA-GDP,0,20,0.06,1,MP,0.8205889327109281,0.093
s0_p20_NAA-GDP_l10_r1,NAA-GDP,0,20,0.06,1,AM,0.8205889327109281,0.12
s0_p2_NAA-GDP_l10_r2,NAA-GDP,0,2,0.06,2,OP,0.8113370348139256,0.162
s0_p2_NAA-GDP_l10_r2,NAA-GDP,0,2,0.06,2,MP,0.8113370348139256,0.08
s0_p2_NAA-GDP_l10_r2,NAA-GDP,0,2,0.06,2,AM,0.8113370348139256,0.104
s0_p20_NAA-GDP_l10_r2,NAA-GDP,0,20,0.06,2,OP,0.8177318399724511,0.162
s0_p20_NAA-GDP_l10_r2,NAA-GDP,0,20,0.06,2,MP,0.8177318399724511,0.08
s0_p20_NAA-GDP_l10_r2,NAA-GDP,0,20,0.06,2,AM,0.8177318399724511,0.098
s0_p2_NAA-GDP_l10_r3,NAA-GDP,0,2,0.06,3,OP,0.8249799919967987,0.097
s0_p2_NAA-GDP_l10_r3,NAA-GDP,0,2,0.06,3,MP,0.8249799919967987,0.091
s0_p2_NAA-GDP_l10_r3,NAA-GDP,0,2,0.06,3,AM,0.8249799919967987,0.118
s0_p20_NAA-GDP_l10_r3,NAA-GDP,0,20,0.06,3,OP,0.8213368738201453,0.097
s0_p20_NAA-GDP_l10_r3,NAA-GDP,0,20,0.06,3,MP,0.8213368738201453,0.091
s0_p20_NAA-GDP_l10_r3,NAA-GDP,0,20,0.06,3,AM,0.8213368738201453,0.103
s1_p2_NAA-GDP_l1_r0,NAA-GDP,1,2,0.006,0,OP,0.8351311775472849,0.653
s1_p2_NAA-GDP_l1_r0,NAA-GDP,1,2,0.006,0,MP,0.8351311775472849,0.569
s1_p2_NAA-GDP_l1_r0,NAA-GDP,1,2,0.006,0,AM,0.8351311775472849,0.549
s1_p20_NAA-GDP_l1_r0,NAA-GDP,1,20,0.006,0,OP,0.8792516390151345,0.653
s1_p20_NAA-GDP_l1_r0,NAA-GDP,1,20,0.006,0,MP,0.8792516390151345,0.569
s1_p20_NAA-GDP_l1_r0,NAA-GDP,1,20,0.006,0,AM,0.8792516390151345,0.55
s1_p2_NAA-GDP_l1_r1,NAA-GDP,1,2,0.006,1,OP,0.8520500305064063,0.614
s1_p2_NAA-GDP_l1_r1,NAA-GDP,1,2,0.006,1,MP,0.8520500305064063,0.467
s1_p2_NAA-GDP_l1_r1,NAA-GDP,1,2,0.006,1,AM,0.8520500305064063,0.518
s1_p20_NAA-GDP_l1_r1,NAA-GDP,1,20,0.006,1,OP,0.8779052909841685,0.614
s1_p20_NAA-GDP_l1_r1,NAA-GDP,1,20,0.006,1,MP,0.8779052909841685,0.467
s1_p20_NAA-GDP_l1_r1,NAA-GDP,1,20,0.006,1,AM,0.8779052909841685,0.534
s1_p2_NAA-GDP_l1_r2,NAA-GDP,1,2,0.006,2,OP,0.858901769371568,0.603
s1_p2_NAA-GDP_l1_r2,NAA-GDP,1,2,0.006,2,MP,0.858901769371568,0.558
s1_p2_NAA-GDP_l1_r2,NAA-GDP,1,2,0.006,2,AM,0.858901769371568,0.562
s1_p20_NAA-GDP_l1_r2,NAA-GDP,1,20,0.006,2,OP,0.8777409041847763,0.603
s1_p20_NAA-GDP_l1_r2,NAA-GDP,1,20,0.006,2,MP,0.8777409041847763,0.558
s1_p20_NAA-GDP_l1_r2,NAA-GDP,1,20,0.006,2,AM,0.8777409041847763,0.563
s1_p2_NAA-GDP_l1_r3,NAA-GDP,1,2,0.006,3,OP,0.8351311775472849,0.616
s1_p2_NAA-GDP_l1_r3,NAA-GDP,1,2,0.006,3,MP,0.8351311775472849,0.545
s1_p2_NAA-GDP_l1_r3,NAA-GDP,1,2,0.006,3,AM,0.8351311775472849,0.522
s1_p20_NAA-GDP_l1_r3,NAA-GDP,1,20,0.006,3,OP,0.8795113738207094,0.616
s1_p20_NAA-GDP_l1_r3,NAA-GDP,1,20,0.006,3,MP,0.8795113738207094,0.545
s1_p20_NAA-GDP_l1_r3,NAA-GDP,1,20,0.006,3,AM,0.8795113738207094,0.525
s1_p2_NAA-GDP_l2_r0,NAA-GDP,1,2,0.012,0,OP,0.861555826723612,0.446
s1_p2_NAA-GDP_l2_r0,NAA-GDP,1,2,0.012,0,MP,0.861555826723612,0.376
s1_p2_NAA-GDP_l2_r0,NAA-GDP,1,2,0.012,0,AM,0.861555826723612,0.327
s1_p20_NAA-GDP_l2_r0,NAA-GDP,1,20,0.012,0,OP,0.8765613236012442,0.446
s1_p20_NAA-GDP_l2_r0,NAA-GDP,1,20,0.012,0,MP,0.8765613236012442,0.376
s1_p20_NAA-GDP_l2_r0,NAA-GDP,1,20,0.012,0,AM,0.8765613236012442,0.341
s1_p2_NAA-GDP_l2_r1,NAA-GDP,1,2,0.012,1,OP,0.8242281879194631,0.486
s1_p2_NAA-GDP_l2_r1,NAA-GDP,1,2,0.012,1,MP,0.8242281879194631,0.358
s1_p2_NAA-GDP_l2_r1,NAA-GDP,1,2,0.012,1,AM,0.8242281879194631,0.316
s1_p20_NAA-GDP_l2_r1,NAA-GDP,1,20,0.012,1,OP,0.875221079796026,0.486
s1_p20_NAA-GDP_l2_r1,NAA-GDP,1,20,0.012,1,MP,0.875221079796026,0.358
s1_p20_NAA-GDP_l2_r1,NAA-GDP,1,20,0.012,1,AM,0.875221079796026,0.335
s1_p2_NAA-GDP_l2_r2,NAA-GDP,1,2,0.012,2,OP,0.8198901769371567,0.463
s1_p2_NAA-GDP_l2_r2,NAA-GDP,1,2,0.012,2,MP,0.8198901769371567,0.341
s1_p2_NAA-GDP_l2_r2,NAA-GDP,1,2,0.012,2,AM,0.8198901769371567,0.367
s1_p20_NAA-GDP_l2_r2,NAA-GDP,1,20,0.012,2,OP,0.8723354902004592,0.463
s1_p20_NAA-GDP_l2_r2,NAA-GDP,1,20,0.012,2,MP,0.8723354902004592,0.341
s1_p20_NAA-GDP_l2_r2,NAA-GDP,1,20,0.012,2,AM,0.8723354902004592,0.373
s1_p2_NAA-GDP_l2_r3,NAA-GDP,1,2,0.012,3,OP,0.8566564978645516,0.459
s1_p2_NAA-GDP_l2_r3,NAA-GDP,1,2,0.012,3,MP,0.8566564978645516,0.354
s1_p2_NAA-GDP_l2_r3,NAA-GDP,1,2,0.012,3,AM,0.8566564978645516,0.318
s1_p20_NAA-GDP_l2_r3,NAA-GDP,1,20,0.012,3,OP,0.8761901256335118,0.459
s1_p20_NAA-GDP_l2_r3,NAA-GDP,1,20,0.012,3,MP,0.8761901256335118,0.354
s1_p20_NAA-GDP_l2_r3,NAA-GDP,1,20,0.012,3,AM,0.8761901256335118,0.309
s1_p2_NAA-GDP_l3_r0,NAA-GDP,1,2,0.018,0,OP,0.8502257474069554,0.346
s1_p2_NAA-GDP_l3_r0,NAA-GDP,1,2,0.018,0,MP,0.8502257474069554,0.249
s1_p2_NAA-GDP_l3_r0,NAA-GDP,1,2,0.018,0,AM,0.8502257474069554,0.234
s1_p20_NAA-GDP_l3_r0,NAA-GDP,1,20,0.018,0,OP,0.8659503479835973,0.346
s1_p20_NAA-GDP_l3_r0,NAA-GDP,1,20,0.018,0,MP,0.8659503479835973,0.249
s1_p20_NAA-GDP_l3_r0,NAA-GDP,1,20,0.018,0,AM,0.8659503479835973,0.225
s1_p2_NAA-GDP_l3_r1,NAA-GDP,1,2,0.018,1,OP,0.8344234289200732,0.397
s1_p2_NAA-GDP_l3_r1,NAA-GDP,1,2,0.018,1,MP,0.8344234289200732,0.264
s1_p2_NAA-GDP_l3_r1,NAA-GDP,1,2,0.018,1,AM,0.8344234289200732,0.203
s1_p20_NAA-GDP_l3_r1,NAA-GDP,1,20,0.018,1,OP,0.8725137946345565,0.397
s1_p20_NAA-GDP_l3_r1,NAA-GDP,1,20,0.018,1,MP,0.8725137946345565,0.264
s1_p20_NAA-GDP_l3_r1,NAA-GDP,1,20,0.018,1,AM,0.8725137946345565,0.248
s1_p2_NAA-GDP_l3_r2,NAA-GDP,1,2,0.018,2,OP,0.8493898718730933,0.322
s1_p2_NAA-GDP_l3_r2,NAA-GDP,1,2,0.018,2,MP,0.8493898718730933,0.198
s1_p2_NAA-GDP_l3_r2,NAA-GDP,1,2,0.018,2,AM,0.8493898718730933,0.205
s1_p20_NAA-GDP_l3_r2,NAA-GDP,1,20,0.018,2,OP,0.8709745530699555,0.322
s1_p20_NAA-GDP_l3_r2,NAA-GDP,1,20,0.018,2,MP,0.8709745530699555,0.198
s1_p20_NAA-GDP_l3_r2,NAA-GDP,1,20,0.018,2,AM,0.8709745530699555,0.229
s1_p2_NAA-GDP_l3_r3,NAA-GDP,1,2,0.018,3,OP,0.8287004270896888,0.246
s1_p2_NAA-GDP_l3_r3,NAA-GDP,1,2,0.018,3,MP,0.8287004270896888,0.212
s1_p2_NAA-GDP_l3_r3,NAA-GDP,1,2,0.018,3,AM,0.8287004270896888,0.236
s1_p20_NAA-GDP_l3_r3,NAA-GDP,1,20,0.018,3,OP,0.8703305572535477,0.246
s1_p20_NAA-GDP_l3_r3,NAA-GDP,1,20,0.018,3,MP,0.8703305572535477,0.212
s1_p20_NAA-GDP_l3_r3,NAA-GDP,1,20,0.018,3,AM,0.8703305572535477,0.244
s1_p2_NAA-GDP_l4_r0,NAA-GDP,1,2,0.024,0,OP,0.8161134838316046,0.261
s1_p2_NAA-GDP_l4_r0,NAA-GDP,1,2,0.024,0,MP,0.8161134838316046,0.179
s1_p2_NAA-GDP_l4_r0,NAA-GDP,1,2,0.024,0,AM,0.8161134838316046,0.16
s1_p20_NAA-GDP_l4_r0,NAA-GDP,1,20,0.024,0,OP,0.8539792898270514,0.261
s1_p20_NAA-GDP_l4_r0,NAA-GDP,1,20,0.024,0,MP,0.8539792898270514,0.179
s1_p20_NAA-GDP_l4_r0,NAA-GDP,1,20,0.024,0,AM,0.8539792898270514,0.168
s1_p2_NAA-GDP_l4_r1,NAA-GDP,1,2,0.024,1,OP,0.8513422818791947,0.215
s1_p2_NAA-GDP_l4_r1,NAA-GDP,1,2,0.024,1,MP,0.8513422818791947,0.176
s1_p2_NAA-GDP_l4_r1,NAA-GDP,1,2,0.024,1,AM,0.8513422818791947,0.148
s1_p20_NAA-GDP_l4_r1,NAA-GDP,1,20,0.024,1,OP,0.8609775404780367,0.215
s1_p20_NAA-GDP_l4_r1,NAA-GDP,1,20,0.024,1,MP,0.8609775404780367,0.176
s1_p20_NAA-GDP_l4_r1,NAA-GDP,1,20,0.024,1,AM,0.8609775404780367,0.151
s1_p2_NAA-GDP_l4_r2,NAA-GDP,1,2,0.024,2,OP,0.8270164734594265,0.277
s1_p2_NAA-GDP_l4_r2,NAA-GDP,1,2,0.024,2,MP,0.8270164734594265,0.237
s1_p2_NAA-GDP_l4_r2,NAA-GDP,1,2,0.024,2,AM,0.8270164734594265,0.189
s1_p20_NAA-GDP_l4_r2,NAA-GDP,1,20,0.024,2,OP,0.8564007140967449,0.277
s1_p20_NAA-GDP_l4_r2,NAA-GDP,1,20,0.024,2,MP,0.8564007140967449,0.237
s1_p20_NAA-GDP_l4_r2,NAA-GDP,1,20,0.024,2,AM,0.8564007140967449,0.184
s1_p2_NAA-GDP_l4_r3,NAA-GDP,1,2,0.024,3,OP,0.8281330079316657,0.234
s1_p2_NAA-GDP_l4_r3,NAA-GDP,1,2,0.024,3,MP,0.8281330079316657,0.18
s1_p2_NAA-GDP_l4_r3,NAA-GDP,1,2,0.024,3,AM,0.8281330079316657,0.183
s1_p20_NAA-GDP_l4_r3,NAA-GDP,1,20,0.024,3,OP,0.8557674006753959,0.234
s1_p20_NAA-GDP_l4_r3,NAA-GDP,1,20,0.024,3,MP,0.8557674006753959,0.18
s1_p20_NAA-GDP_l4_r3,NAA-GDP,1,20,0.024,3,AM,0.8557674006753959,0.198
s1_p2_NAA-GDP_l5_r0,NAA-GDP,1,2,0.03,0,OP,0.8226845637583893,0.243
s1_p2_NAA-GDP_l5_r0,NAA-GDP,1,2,0.03,0,MP,0.8226845637583893,0.172
s1_p2_NAA-GDP_l5_r0,NAA-GDP,1,2,0.03,0,AM,0.8226845637583893,0.095
s1_p20_NAA-GDP_l5_r0,NAA-GDP,1,20,0.03,0,OP,0.8601245359720192,0.243
s1_p20_NAA-GDP_l5_r0,NAA-GDP,1,20,0.03,0,MP,0.8601245359720192,0.172
s1_p20_NAA-GDP_l5_r0,NAA-GDP,1,20,0.03,0,AM,0.8601245359720192,0.139
s1_p2_NAA-GDP_l5_r1,NAA-GDP,1,2,0.03,1,OP,0.847156802928615,0.211
s1_p2_NAA-GDP_l5_r1,NAA-GDP,1,2,0.03,1,MP,0.847156802928615,0.131
s1_p2_NAA-GDP_l5_r1,NAA-GDP,1,2,0.03,1,AM,0.847156802928615,0.132
s1_p20_NAA-GDP_l5_r1,NAA-GDP,1,20,0.03,1,OP,0.855051313952905,0.211
s1_p20_NAA-GDP_l5_r1,NAA-GDP,1,20,0.03,1,MP,0.855051313952905,0.131
s1_p20_NAA-GDP_l5_r1,NAA-GDP,1,20,0.03,1,AM,0.855051313952905,0.125
s1_p2_NAA-GDP_l5_r2,NAA-GDP,1,2,0.03,2,OP,0.8307931665649786,0.24
s1_p2_NAA-GDP_l5_r2,NAA-GDP,1,2,0.03,2,MP,0.8307931665649786,0.142
s1_p2_NAA-GDP_l5_r2,NAA-GDP,1,2,0.03,2,AM,0.8307931665649786,0.144
s1_p20_NAA-GDP_l5_r2,NAA-GDP,1,20,0.03,2,OP,0.8513103392032789,0.24
s1_p20_NAA-GDP_l5_r2,NAA-GDP,1,20,0.03,2,MP,0.8513103392032789,0.142
s1_p20_NAA-GDP_l5_r2,NAA-GDP,1,20,0.03,2,AM,0.8513103392032789,0.171
s1_p2_NAA-GDP_l5_r3,NAA-GDP,1,2,0.03,3,OP,0.8513422818791947,0.187
s1_p2_NAA-GDP_l5_r3,NAA-GDP,1,2,0.03,3,MP,0.8513422818791947,0.139
s1_p2_NAA-GDP_l5_r3,NAA-GDP,1,2,0.03,3,AM,0.8513422818791947,0.164
s1_p20_NAA-GDP_l5_r3,NAA-GDP,1,20,0.03,3,OP,0.8586076969159132,0.187
s1_p20_NAA-GDP_l5_r3,NAA-GDP,1,20,0.03,3,MP,0.8586076969159132,0.139
s1_p20_NAA-GDP_l5_r3,NAA-GDP,1,20,0.03,3,AM,0.8586076969159132,0.174
s1_p2_NAA-GDP_l6_r0,NAA-GDP,1,2,0.036,0,OP,0.8370835875533862,0.155
s1_p2_NAA-GDP_l6_r0,NAA-GDP,1,2,0.036,0,MP,0.8370835875533862,0.166
s1_p2_NAA-GDP_l6_r0,NAA-GDP,1,2,0.036,0,AM,0.8370835875533862,0.145
s1_p20_NAA-GDP_l6_r0,NAA-GDP,1,20,0.036,0,OP,0.843767164319775,0.155
s1_p20_NAA-GDP_l6_r0,NAA-GDP,1,20,0.036,0,MP,0.843767164319775,0.166
s1_p20_NAA-GDP_l6_r0,NAA-GDP,1,20,0.036,0,AM,0.843767164319775,0.142
s1_p2_NAA-GDP_l6_r1,NAA-GDP,1,2,0.036,1,OP,0.8439353264185478,0.202
s1_p2_NAA-GDP_l6_r1,NAA-GDP,1,2,0.036,1,MP,0.8439353264185478,0.13
s1_p2_NAA-GDP_l6_r1,NAA-GDP,1,2,0.036,1,AM,0.8439353264185478,0.113
s1_p20_NAA-GDP_l6_r1,NAA-GDP,1,20,0.036,1,OP,0.8394453114479749,0.202
s1_p20_NAA-GDP_l6_r1,NAA-GDP,1,20,0.036,1,MP,0.8394453114479749,0.13
s1_p20_NAA-GDP_l6_r1,NAA-GDP,1,20,0.036,1,AM,0.8394453114479749,0.142
s1_p2_NAA-GDP_l6_r2,NAA-GDP,1,2,0.036,2,OP,0.832196461256864,0.168
s1_p2_NAA-GDP_l6_r2,NAA-GDP,1,2,0.036,2,MP,0.832196461256864,0.163
s1_p2_NAA-GDP_l6_r2,NAA-GDP,1,2,0.036,2,AM,0.832196461256864,0.144
s1_p20_NAA-GDP_l6_r2,NAA-GDP,1,20,0.036,2,OP,0.8435858077728037,0.168
s1_p20_NAA-GDP_l6_r2,NAA-GDP,1,20,0.036,2,MP,0.8435858077728037,0.163
s1_p20_NAA-GDP_l6_r2,NAA-GDP,1,20,0.036,2,AM,0.8435858077728037,0.175
s1_p2_NAA-GDP_l6_r3,NAA-GDP,1,2,0.036,3,OP,0.8503660768761441,0.181
s1_p2_NAA-GDP_l6_r3,NAA-GDP,1,2,0.036,3,MP,0.8503660768761441,0.151
s1_p2_NAA-GDP_l6_r3,NAA-GDP,1,2,0.036,3,AM,0.8503660768761441,0.092
s1_p20_NAA-GDP_l6_r3,NAA-GDP,1,20,0.036,3,OP,0.8401637788185076,0.181
s1_p20_NAA-GDP_l6_r3,NAA-GDP,1,20,0.036,3,MP,0.8401637788185076,0.151
s1_p20_NAA-GDP_l6_r3,NAA-GDP,1,20,0.036,3,AM,0.8401637788185076,0.143
s1_p2_NAA-GDP_l7_r0,NAA-GDP,1,2,0.042,0,OP,0.8372300183038438,0.187
s1_p2_NAA-GDP_l7_r0,NAA-GDP,1,2,0.042,0,MP,0.8372300183038438,0.133
s1_p2_NAA-GDP_l7_r0,NAA-GDP,1,2,0.042,0,AM,0.8372300183038438,0.113
s1_p20_NAA-GDP_l7_r0,NAA-GDP,1,20,0.042,0,OP,0.8395352266932421,0.187
s1_p20_NAA-GDP_l7_r0,NAA-GDP,1,20,0.042,0,MP,0.8395352266932421,0.133
s1_p20_NAA-GDP_l7_r0,NAA-GDP,1,20,0.042,0,AM,0.8395352266932421,0.09
s1_p2_NAA-GDP_l7_r1,NAA-GDP,1,2,0.042,1,OP,0.8355460646735815,0.169
s1_p2_NAA-GDP_l7_r1,NAA-GDP,1,2,0.042,1,MP,0.8355460646735815,0.103
s1_p2_NAA-GDP_l7_r1,NAA-GDP,1,2,0.042,1,AM,0.8355460646735815,0.112
s1_p20_NAA-GDP_l7_r1,NAA-GDP,1,20,0.042,1,OP,0.8292209774892025,0.169
s1_p20_NAA-GDP_l7_r1,NAA-GDP,1,20,0.042,1,MP,0.8292209774892025,0.103
s1_p20_NAA-GDP_l7_r1,NAA-GDP,1,20,0.042,1,AM,0.8292209774892025,0.12
s1_p2_NAA-GDP_l7_r2,NAA-GDP,1,2,0.042,2,OP,0.8275777913361806,0.158
s1_p2_NAA-GDP_l7_r2,NAA-GDP,1,2,0.042,2,MP,0.8275777913361806,0.126
s1_p2_NAA-GDP_l7_r2,NAA-GDP,1,2,0.042,2,AM,0.8275777913361806,0.132
s1_p20_NAA-GDP_l7_r2,NAA-GDP,1,20,0.042,2,OP,0.8440599840289038,0.158
s1_p20_NAA-GDP_l7_r2,NAA-GDP,1,20,0.042,2,MP,0.8440599840289038,0.126
s1_p20_NAA-GDP_l7_r2,NAA-GDP,1,20,0.042,2,AM,0.8440599840289038,0.109
s1_p2_NAA-GDP_l7_r3,NAA-GDP,1,2,0.042,3,OP,0.8418364856619891,0.118
s1_p2_NAA-GDP_l7_r3,NAA-GDP,1,2,0.042,3,MP,0.8418364856619891,0.114
s1_p2_NAA-GDP_l7_r3,NAA-GDP,1,2,0.042,3,AM,0.8418364856619891,0.146
s1_p20_NAA-GDP_l7_r3,NAA-GDP,1,20,0.042,3,OP,0.8317022842134834,0.118
s1_p20_NAA-GDP_l7_r3,NAA-GDP,1,20,0.042,3,MP,0.8317022842134834,0.114
s1_p20_NAA-GDP_l7_r3,NAA-GDP,1,20,0.042,3,AM,0.8317022842134834,0.111
s1_p2_NAA-GDP_l8_r0,NAA-GDP,1,2,0.048,0,OP,0.8264551555826724,0.115
s1_p2_NAA-GDP_l8_r0,NAA-GDP,1,2,0.048,0,MP,0.8264551555826724,0.106
s1_p2_NAA-GDP_l8_r0,NAA-GDP,1,2,0.048,0,AM,0.8264551555826724,0.146
s1_p20_NAA-GDP_l8_r0,NAA-GDP,1,20,0.048,0,OP,0.8355730348025106,0.115
s1_p20_NAA-GDP_l8_r0,NAA-GDP,1,20,0.048,0,MP,0.8355730348025106,0.106
s1_p20_NAA-GDP_l8_r0,NAA-GDP,1,20,0.048,0,AM,0.8355730348025106,0.129
s1_p2_NAA-GDP_l8_r1,NAA-GDP,1,2,0.048,1,OP,0.8230994508846858,0.116
s1_p2_NAA-GDP_l8_r1,NAA-GDP,1,2,0.048,1,MP,0.8230994508846858,0.107
s1_p2_NAA-GDP_l8_r1,NAA-GDP,1,2,0.048,1,AM,0.8230994508846858,0.106
s1_p20_NAA-GDP_l8_r1,NAA-GDP,1,20,0.048,1,OP,0.8201538216054676,0.116
s1_p20_NAA-GDP_l8_r1,NAA-GDP,1,20,0.048,1,MP,0.8201538216054676,0.107
s1_p20_NAA-GDP_l8_r1,NAA-GDP,1,20,0.048,1,AM,0.8201538216054676,0.107
s1_p2_NAA-GDP_l8_r2,NAA-GDP,1,2,0.048,2,OP,0.8130323367907261,0.135
s1_p2_NAA-GDP_l8_r2,NAA-GDP,1,2,0.048,2,MP,0.8130323367907261,0.116
s1_p2_NAA-GDP_l8_r2,NAA-GDP,1,2,0.048,2,AM,0.8130323367907261,0.13
s1_p20_NAA-GDP_l8_r2,NAA-GDP,1,20,0.048,2,OP,0.8197442891000382,0.135
s1_p20_NAA-GDP_l8_r2,NAA-GDP,1,20,0.048,2,MP,0.8197442891000382,0.116
s1_p20_NAA-GDP_l8_r2,NAA-GDP,1,20,0.048,2,AM,0.8197442891000382,0.107
s1_p2_NAA-GDP_l8_r3,NAA-GDP,1,2,0.048,3,OP,0.8358267236119585,0.179
s1_p2_NAA-GDP_l8_r3,NAA-GDP,1,2,0.048,3,MP,0.8358267236119585,0.093
s1_p2_NAA-GDP_l8_r3,NAA-GDP,1,2,0.048,3,AM,0.8358267236119585,0.131
s1_p20_NAA-GDP_l8_r3,NAA-GDP,1,20,0.048,3,OP,0.8301493081409494,0.179
s1_p20_NAA-GDP_l8_r3,NAA-GDP,1,20,0.048,3,MP,0.8301493081409494,0.093
s1_p20_NAA-GDP_l8_r3,NAA-GDP,1,20,0.048,3,AM,0.8301493081409494,0.108
s1_p2_NAA-GDP_l9_r0,NAA-GDP,1,2,0.054,0,OP,0.8198840756558877,0.134
s1_p2_NAA-GDP_l9_r0,NAA-GDP,1,2,0.054,0,MP,0.8198840756558877,0.123
s1_p2_NAA-GDP_l9_r0,NAA-GDP,1,2,0.054,0,AM,0.8198840756558877,0.111
s1_p20_NAA-GDP_l9_r0,NAA-GDP,1,20,0.054,0,OP,0.8192685867875011,0.134
s1_p20_NAA-GDP_l9_r0,NAA-GDP,1,20,0.054,0,MP,0.8192685867875011,0.123
s1_p20_NAA-GDP_l9_r0,NAA-GDP,1,20,0.054,0,AM,0.8192685867875011,0.085
s1_p2_NAA-GDP_l9_r1,NAA-GDP,1,2,0.054,1,OP,0.8349908480780963,0.161
s1_p2_NAA-GDP_l9_r1,NAA-GDP,1,2,0.054,1,MP,0.8349908480780963,0.059
s1_p2_NAA-GDP_l9_r1,NAA-GDP,1,2,0.054,1,AM,0.8349908480780963,0.067
s1_p20_NAA-GDP_l9_r1,NAA-GDP,1,20,0.054,1,OP,0.8165850470641909,0.161
s1_p20_NAA-GDP_l9_r1,NAA-GDP,1,20,0.054,1,MP,0.8165850470641909,0.059
s1_p20_NAA-GDP_l9_r1,NAA-GDP,1,20,0.054,1,AM,0.8165850470641909,0.113
s1_p2_NAA-GDP_l9_r2,NAA-GDP,1,2,0.054,2,OP,0.8208663819402073,0.122
s1_p2_NAA-GDP_l9_r2,NAA-GDP,1,2,0.054,2,MP,0.8208663819402073,0.107
s1_p2_NAA-GDP_l9_r2,NAA-GDP,1,2,0.054,2,AM,0.8208663819402073,0.101
s1_p20_NAA-GDP_l9_r2,NAA-GDP,1,20,0.054,2,OP,0.8191342327787888,0.122
s1_p20_NAA-GDP_l9_r2,NAA-GDP,1,20,0.054,2,MP,0.8191342327787888,0.107
s1_p20_NAA-GDP_l9_r2,NAA-GDP,1,20,0.054,2,AM,0.8191342327787888,0.101
s1_p2_NAA-GDP_l9_r3,NAA-GDP,1,2,0.054,3,OP,0.804228187919463,0.171
s1_p2_NAA-GDP_l9_r3,NAA-GDP,1,2,0.054,3,MP,0.804228187919463,0.094
s1_p2_NAA-GDP_l9_r3,NAA-GDP,1,2,0.054,3,AM,0.804228187919463,0.118
s1_p20_NAA-GDP_l9_r3,NAA-GDP,1,20,0.054,3,OP,0.8202998957276157,0.171
s1_p20_NAA-GDP_l9_r3,NAA-GDP,1,20,0.054,3,MP,0.8202998957276157,0.094
s1_p20_NAA-GDP_l9_r3,NAA-GDP,1,20,0.054,3,AM,0.8202998957276157,0.11
s1_p2_NAA-GDP_l10_r0,NAA-GDP,1,2,0.06,0,OP,0.8372300183038438,0.15
s1_p2_NAA-GDP_l10_r0,NAA-GDP,1,2,0.06,0,MP,0.8372300183038438,0.102
s1_p2_NAA-GDP_l10_r0,NAA-GDP,1,2,0.06,0,AM,0.8372300183038438,0.135
s1_p20_NAA-GDP_l10_r0,NAA-GDP,1,20,0.06,0,OP,0.8186838019608482,0.15
s1_p20_NAA-GDP_l10_r0,NAA-GDP,1,20,0.06,0,MP,0.8186838019608482,0.102
s1_p20_NAA-GDP_l10_r0,NAA-GDP,1,20,0.06,0,AM,0.8186838019608482,0.097
s1_p2_NAA-GDP_l10_r1,NAA-GDP,1,2,0.06,1,OP,0.8179255643685174,0.076
s1_p2_NAA-GDP_l10_r1,NAA-GDP,1,2,0.06,1,MP,0.8179255643685174,0.059
s1_p2_NAA-GDP_l10_r1,NAA-GDP,1,2,0.06,1,AM,0.8179255643685174,0.14
s1_p20_NAA-GDP_l10_r1,NAA-GDP,1,20,0.06,1,OP,0.8126474552032237,0.076
s1_p20_NAA-GDP_l10_r1,NAA-GDP,1,20,0.06,1,MP,0.8126474552032237,0.059
s1_p20_NAA-GDP_l10_r1,NAA-GDP,1,20,0.06,1,AM,0.8126474552032237,0.119
s1_p2_NAA-GDP_l10_r2,NAA-GDP,1,2,0.06,2,OP,0.8411348383160464,0.127
s1_p2_NAA-GDP_l10_r2,NAA-GDP,1,2,0.06,2,MP,0.8411348383160464,0.074
s1_p2_NAA-GDP_l10_r2,NAA-GDP,1,2,0.06,2,AM,0.8411348383160464,0.09
s1_p20_NAA-GDP_l10_r2,NAA-GDP,1,20,0.06,2,OP,0.8176786191069347,0.127
s1_p20_NAA-GDP_l10_r2,NAA-GDP,1,20,0.06,2,MP,0.8176786191069347,0.074
s1_p20_NAA-GDP_l10_r2,NAA-GDP,1,20,0.06,2,AM,0.8176786191069347,0.101
s1_p2_NAA-GDP_l10_r3,NAA-GDP,1,2,0.06,3,OP,0.8383404514948138,0.119
s1_p2_NAA-GDP_l10_r3,NAA-GDP,1,2,0.06,3,MP,0.8383404514948138,0.093
s1_p2_NAA-GDP_l10_r3,NAA-GDP,1,2,0.06,3,AM,0.8383404514948138,0.112
s1_p20_NAA-GDP_l10_r3,NAA-GDP,1,20,0.06,3,OP,0.820203021664996,0.119
s1_p20_NAA-GDP_l10_r3,NAA-GDP,1,20,0.06,3,MP,0.820203021664996,0.093
s1_p20_NAA-GDP_l10_r3,NAA-GDP,1,20,0.06,3,AM,0.820203021664996,0.105
s2_p2_NAA-GDP_l1_r0,NAA-GDP,2,2,0.006,0,OP,0.8375346687211094,0.67
s2_p2_NAA-GDP_l1_r0,NAA-GDP,2,2,0.006,0,MP,0.8375346687211094,0.523
s2_p2_NAA-GDP_l1_r0,NAA-GDP,2,2,0.006,0,AM,0.8375346687211094,0.569
s2_p20_NAA-GDP_l1_r0,NAA-GDP,2,20,0.006,0,OP,0.8724025901690315,0.67
s2_p20_NAA-GDP_l1_r0,NAA-GDP,2,20,0.006,0,MP,0.8724025901690315,0.523
s2_p20_NAA-GDP_l1_r0,NAA-GDP,2,20,0.006,0,AM,0.8724025901690315,0.583
s2_p2_NAA-GDP_l1_r1,NAA-GDP,2,2,0.006,1,OP,0.8387365177195686,0.618
s2_p2_NAA-GDP_l1_r1,NAA-GDP,2,2,0.006,1,MP,0.8387365177195686,0.534
s2_p2_NAA-GDP_l1_r1,NAA-GDP,2,2,0.006,1,AM,0.8387365177195686,0.516
s2_p20_NAA-GDP_l1_r1,NAA-GDP,2,20,0.006,1,OP,0.885248192938962,0.618
s2_p20_NAA-GDP_l1_r1,NAA-GDP,2,20,0.006,1,MP,0.885248192938962,0.534
s2_p20_NAA-GDP_l1_r1,NAA-GDP,2,20,0.006,1,AM,0.885248192938962,0.537
s2_p2_NAA-GDP_l1_r2,NAA-GDP,2,2,0.006,2,OP,0.8350077041602466,0.617
s2_p2_NAA-GDP_l1_r2,NAA-GDP,2,2,0.006,2,MP,0.8350077041602466,0.565
s2_p2_NAA-GDP_l1_r2,NAA-GDP,2,2,0.006,2,AM,0.8350077041602466,0.553
s2_p20_NAA-GDP_l1_r2,NAA-GDP,2,20,0.006,2,OP,0.8744212745702511,0.617
s2_p20_NAA-GDP_l1_r2,NAA-GDP,2,20,0.006,2,MP,0.8744212745702511,0.565
s2_p20_NAA-GDP_l1_r2,NAA-GDP,2,20,0.006,2,AM,0.8744212745702511,0.558
s2_p2_NAA-GDP_l1_r3,NAA-GDP,2,2,0.006,3,OP,0.8446841294298921,0.641
s2_p2_NAA-GDP_l1_r3,NAA-GDP,2,2,0.006,3,MP,0.8446841294298921,0.556
s2_p2_NAA-GDP_l1_r3,NAA-GDP,2,2,0.006,3,AM,0.8446841294298921,0.599
s2_p20_NAA-GDP_l1_r3,NAA-GDP,2,20,0.006,3,OP,0.8830380412459073,0.641
s2_p20_NAA-GDP_l1_r3,NAA-GDP,2,20,0.006,3,MP,0.8830380412459073,0.556
s2_p20_NAA-GDP_l1_r3,NAA-GDP,2,20,0.006,3,AM,0.8830380412459073,0.583
s2_p2_NAA-GDP_l2_r0,NAA-GDP,2,2,0.012,0,OP,0.8202465331278891,0.486
s2_p2_NAA-GDP_l2_r0,NAA-GDP,2,2,0.012,0,MP,0.8202465331278891,0.324
s2_p2_NAA-GDP_l2_r0,NAA-GDP,2,2,0.012,0,AM,0.8202465331278891,0.299
s2_p20_NAA-GDP_l2_r0,NAA-GDP,2,20,0.012,0,OP,0.8711230642939903,0.486
s2_p20_NAA-GDP_l2_r0,NAA-GDP,2,20,0.012,0,MP,0.8711230642939903,0.324
s2_p20_NAA-GDP_l2_r0,NAA-GDP,2,20,0.012,0,AM,0.8711230642939903,0.33
s2_p2_NAA-GDP_l2_r1,NAA-GDP,2,2,0.012,1,OP,0.8289368258859784,0.476
s2_p2_NAA-GDP_l2_r1,NAA-GDP,2,2,0.012,1,MP,0.8289368258859784,0.432
s2_p2_NAA-GDP_l2_r1,NAA-GDP,2,2,0.012,1,AM,0.8289368258859784,0.331
s2_p20_NAA-GDP_l2_r1,NAA-GDP,2,20,0.012,1,OP,0.8694078595507713,0.476
s2_p20_NAA-GDP_l2_r1,NAA-GDP,2,20,0.012,1,MP,0.8694078595507713,0.432
s2_p20_NAA-GDP_l2_r1,NAA-GDP,2,20,0.012,1,AM,0.8694078595507713,0.341
s2_p2_NAA-GDP_l2_r2,NAA-GDP,2,2,0.012,2,OP,0.8541140215716487,0.491
s2_p2_NAA-GDP_l2_r2,NAA-GDP,2,2,0.012,2,MP,0.8541140215716487,0.363
s2_p2_NAA-GDP_l2_r2,NAA-GDP,2,2,0.012,2,AM,0.8541140215716487,0.382
s2_p20_NAA-GDP_l2_r2,NAA-GDP,2,20,0.012,2,OP,0.8693631161495614,0.491
s2_p20_NAA-GDP_l2_r2,NAA-GDP,2,20,0.012,2,MP,0.8693631161495614,0.363
s2_p20_NAA-GDP_l2_r2,NAA-GDP,2,20,0.012,2,AM,0.8693631161495614,0.427
s2_p2_NAA-GDP_l2_r3,NAA-GDP,2,2,0.012,3,OP,0.8444375963020031,0.485
s2_p2_NAA-GDP_l2_r3,NAA-GDP,2,2,0.012,3,MP,0.8444375963020031,0.359
s2_p2_NAA-GDP_l2_r3,NAA-GDP,2,2,0.012,3,AM,0.8444375963020031,0.396
s2_p20_NAA-GDP_l2_r3,NAA-GDP,2,20,0.012,3,OP,0.8710058821263098,0.485
s2_p20_NAA-GDP_l2_r3,NAA-GDP,2,20,0.012,3,MP,0.8710058821263098,0.359
s2_p20_NAA-GDP_l2_r3,NAA-GDP,2,20,0.012,3,AM,0.8710058821263098,0.399
s2_p2_NAA-GDP_l3_r0,NAA-GDP,2,2,0.018,0,OP,0.8479506933744222,0.327
s2_p2_NAA-GDP_l3_r0,NAA-GDP,2,2,0.018,0,MP,0.8479506933744222,0.294
s2_p2_NAA-GDP_l3_r0,NAA-GDP,2,2,0.018,0,AM,0.8479506933744222,0.283
s2_p20_NAA-GDP_l3_r0,NAA-GDP,2,20,0.018,0,OP,0.8646503497062998,0.327
s2_p20_NAA-GDP_l3_r0,NAA-GDP,2,20,0.018,0,MP,0.8646503497062998,0.294
s2_p20_NAA-GDP_l3_r0,NAA-GDP,2,20,0.018,0,AM,0.8646503497062998,0.334
s2_p2_NAA-GDP_l3_r1,NAA-GDP,2,2,0.018,1,OP,0.8364252696456087,0.283
s2_p2_NAA-GDP_l3_r1,NAA-GDP,2,2,0.018,1,MP,0.8364252696456087,0.2
s2_p2_NAA-GDP_l3_r1,NAA-GDP,2,2,0.018,1,AM,0.8364252696456087,0.245
s2_p20_NAA-GDP_l3_r1,NAA-GDP,2,20,0.018,1,OP,0.8652462924214526,0.283
s2_p20_NAA-GDP_l3_r1,NAA-GDP,2,20,0.018,1,MP,0.8652462924214526,0.2
s2_p20_NAA-GDP_l3_r1,NAA-GDP,2,20,0.018,1,AM,0.8652462924214526,0.257
s2_p2_NAA-GDP_l3_r2,NAA-GDP,2,2,0.018,2,OP,0.8522958397534668,0.336
s2_p2_NAA-GDP_l3_r2,NAA-GDP,2,2,0.018,2,MP,0.8522958397534668,0.241
s2_p2_NAA-GDP_l3_r2,NAA-GDP,2,2,0.018,2,AM,0.8522958397534668,0.229
s2_p20_NAA-GDP_l3_r2,NAA-GDP,2,20,0.018,2,OP,0.8626124631851664,0.336
s2_p20_NAA-GDP_l3_r2,NAA-GDP,2,20,0.018,2,MP,0.8626124631851664,0.241
s2_p20_NAA-GDP_l3_r2,NAA-GDP,2,20,0.018,2,AM,0.8626124631851664,0.247
s2_p2_NAA-GDP_l3_r3,NAA-GDP,2,2,0.018,3,OP,0.8423728813559322,0.315
s2_p2_NAA-GDP_l3_r3,NAA-GDP,2,2,0.018,3,MP,0.8423728813559322,0.228
s2_p2_NAA-GDP_l3_r3,NAA-GDP,2,2,0.018,3,AM,0.8423728813559322,0.267
s2_p20_NAA-GDP_l3_r3,NAA-GDP,2,20,0.018,3,OP,0.8632524723037116,0.315
s2_p20_NAA-GDP_l3_r3,NAA-GDP,2,20,0.018,3,MP,0.8632524723037116,0.228
s2_p20_NAA-GDP_l3_r3,NAA-GDP,2,20,0.018,3,AM,0.8632524723037116,0.237
s2_p2_NAA-GDP_l4_r0,NAA-GDP,2,2,0.024,0,OP,0.8323266563944529,0.251
s2_p2_NAA-GDP_l4_r0,NAA-GDP,2,2,0.024,0,MP,0.8323266563944529,0.246
s2_p2_NAA-GDP_l4_r0,NAA-GDP,2,2,0.024,0,AM,0.8323266563944529,0.163
s2_p20_NAA-GDP_l4_r0,NAA-GDP,2,20,0.024,0,OP,0.8560764800741694,0.251
s2_p20_NAA-GDP_l4_r0,NAA-GDP,2,20,0.024,0,MP,0.8560764800741694,0.246
s2_p20_NAA-GDP_l4_r0,NAA-GDP,2,20,0.024,0,AM,0.8560764800741694,0.149
s2_p2_NAA-GDP_l4_r1,NAA-GDP,2,2,0.024,1,OP,0.8279506933744222,0.268
s2_p2_NAA-GDP_l4_r1,NAA-GDP,2,2,0.024,1,MP,0.8279506933744222,0.174
s2_p2_NAA-GDP_l4_r1,NAA-GDP,2,2,0.024,1,AM,0.8279506933744222,0.177
s2_p20_NAA-GDP_l4_r1,NAA-GDP,2,20,0.024,1,OP,0.8558983681029155,0.268
s2_p20_NAA-GDP_l4_r1,NAA-GDP,2,20,0.024,1,MP,0.8558983681029155,0.174
s2_p20_NAA-GDP_l4_r1,NAA-GDP,2,20,0.024,1,AM,0.8558983681029155,0.202
s2_p2_NAA-GDP_l4_r2,NAA-GDP,2,2,0.024,2,OP,0.8348536209553159,0.255
s2_p2_NAA-GDP_l4_r2,NAA-GDP,2,2,0.024,2,MP,0.8348536209553159,0.224
s2_p2_NAA-GDP_l4_r2,NAA-GDP,2,2,0.024,2,AM,0.8348536209553159,0.171
s2_p20_NAA-GDP_l4_r2,NAA-GDP,2,20,0.024,2,OP,0.8613823581508013,0.255
s2_p20_NAA-GDP_l4_r2,NAA-GDP,2,20,0.024,2,MP,0.8613823581508013,0.224
s2_p20_NAA-GDP_l4_r2,NAA-GDP,2,20,0.024,2,AM,0.8613823581508013,0.208
s2_p2_NAA-GDP_l4_r3,NAA-GDP,2,2,0.024,3,OP,0.8352234206471494,0.286
s2_p2_NAA-GDP_l4_r3,NAA-GDP,2,2,0.024,3,MP,0.8352234206471494,0.226
s2_p2_NAA-GDP_l4_r3,NAA-GDP,2,2,0.024,3,AM,0.8352234206471494,0.195
s2_p20_NAA-GDP_l4_r3,NAA-GDP,2,20,0.024,3,OP,0.8580400814711482,0.286
s2_p20_NAA-GDP_l4_r3,NAA-GDP,2,20,0.024,3,MP,0.8580400814711482,0.226
s2_p20_NAA-GDP_l4_r3,NAA-GDP,2,20,0.024,3,AM,0.8580400814711482,0.238
s2_p2_NAA-GDP_l5_r0,NAA-GDP,2,2,0.03,0,OP,0.8205855161787365,0.249
s2_p2_NAA-GDP_l5_r0,NAA-GDP,2,2,0.03,0,MP,0.8205855161787365,0.195
s2_p2_NAA-GDP_l5_r0,NAA-GDP,2,2,0.03,0,AM,0.8205855161787365,0.123
s2_p20_NAA-GDP_l5_r0,NAA-GDP,2,20,0.03,0,OP,0.8436822502127312,0.249
s2_p20_NAA-GDP_l5_r0,NAA-GDP,2,20,0.03,0,MP,0.8436822502127312,0.195
s2_p20_NAA-GDP_l5_r0,NAA-GDP,2,20,0.03,0,AM,0.8436822502127312,0.188
s2_p2_NAA-GDP_l5_r1,NAA-GDP,2,2,0.03,1,OP,0.8290292758089368,0.212
s2_p2_NAA-GDP_l5_r1,NAA-GDP,2,2,0.03,1,MP,0.8290292758089368,0.158
s2_p2_NAA-GDP_l5_r1,NAA-GDP,2,2,0.03,1,AM,0.8290292758089368,0.126
s2_p20_NAA-GDP_l5_r1,NAA-GDP,2,20,0.03,1,OP,0.8542213829637562,0.212
s2_p20_NAA-GDP_l5_r1,NAA-GDP,2,20,0.03,1,MP,0.8542213829637562,0.158
s2_p20_NAA-GDP_l5_r1,NAA-GDP,2,20,0.03,1,AM,0.8542213829637562,0.194
s2_p2_NAA-GDP_l5_r2,NAA-GDP,2,2,0.03,2,OP,0.8509707241910631,0.233
s2_p2_NAA-GDP_l5_r2,NAA-GDP,2,2,0.03,2,MP,0.8509707241910631,0.168
s2_p2_NAA-GDP_l5_r2,NAA-GDP,2,2,0.03,2,AM,0.8509707241910631,0.102
s2_p20_NAA-GDP_l5_r2,NAA-GDP,2,20,0.03,2,OP,0.8492381866650386,0.233
s2_p20_NAA-GDP_l5_r2,NAA-GDP,2,20,0.03,2,MP,0.8492381866650386,0.168
s2_p20_NAA-GDP_l5_r2,NAA-GDP,2,20,0.03,2,AM,0.8492381866650386,0.161
s2_p2_NAA-GDP_l5_r3,NAA-GDP,2,2,0.03,3,OP,0.8492758089368259,0.222
s2_p2_NAA-GDP_l5_r3,NAA-GDP,2,2,0.03,3,MP,0.8492758089368259,0.162
s2_p2_NAA-GDP_l5_r3,NAA-GDP,2,2,0.03,3,AM,0.8492758089368259,0.127
s2_p20_NAA-GDP_l5_r3,NAA-GDP,2,20,0.03,3,OP,0.8517640039768082,0.222
s2_p20_NAA-GDP_l5_r3,NAA-GDP,2,20,0.03,3,MP,0.8517640039768082,0.162
s2_p20_NAA-GDP_l5_r3,NAA-GDP,2,20,0.03,3,AM,0.8517640039768082,0.178
s2_p2_NAA-GDP_l6_r0,NAA-GDP,2,2,0.036,0,OP,0.8401848998459167,0.148
s2_p2_NAA-GDP_l6_r0,NAA-GDP,2,2,0.036,0,MP,0.8401848998459167,0.137
s2_p2_NAA-GDP_l6_r0,NAA-GDP,2,2,0.036,0,AM,0.8401848998459167,0.102
s2_p20_NAA-GDP_l6_r0,NAA-GDP,2,20,0.036,0,OP,0.8438104489812599,0.148
s2_p20_NAA-GDP_l6_r0,NAA-GDP,2,20,0.036,0,MP,0.8438104489812599,0.137
s2_p20_NAA-GDP_l6_r0,NAA-GDP,2,20,0.036,0,AM,0.8438104489812599,0.108
s2_p2_NAA-GDP_l6_r1,NAA-GDP,2,2,0.036,1,OP,0.831617873651772,0.214
s2_p2_NAA-GDP_l6_r1,NAA-GDP,2,2,0.036,1,MP,0.831617873651772,0.126
s2_p2_NAA-GDP_l6_r1,NAA-GDP,2,2,0.036,1,AM,0.831617873651772,0.139
s2_p20_NAA-GDP_l6_r1,NAA-GDP,2,20,0.036,1,OP,0.8462155760457493,0.214
s2_p20_NAA-GDP_l6_r1,NAA-GDP,2,20,0.036,1,MP,0.8462155760457493,0.126
s2_p20_NAA-GDP_l6_r1,NAA-GDP,2,20,0.036,1,AM,0.8462155760457493,0.132
s2_p2_NAA-GDP_l6_r2,NAA-GDP,2,2,0.036,2,OP,0.8224036979969183,0.178
s2_p2_NAA-GDP_l6_r2,NAA-GDP,2,2,0.036,2,MP,0.8224036979969183,0.107
s2_p2_NAA-GDP_l6_r2,NAA-GDP,2,2,0.036,2,AM,0.8224036979969183,0.124
s2_p20_NAA-GDP_l6_r2,NAA-GDP,2,20,0.036,2,OP,0.8365306299046185,0.178
s2_p20_NAA-GDP_l6_r2,NAA-GDP,2,20,0.036,2,MP,0.8365306299046185,0.107
s2_p20_NAA-GDP_l6_r2,NAA-GDP,2,20,0.036,2,AM,0.8365306299046185,0.145
s2_p2_NAA-GDP_l6_r3,NAA-GDP,2,2,0.036,3,OP,0.8334052388289677,0.206
s2_p2_NAA-GDP_l6_r3,NAA-GDP,2,2,0.036,3,MP,0.8334052388289677,0.153
s2_p2_NAA-GDP_l6_r3,NAA-GDP,2,2,0.036,3,AM,0.8334052388289677,0.104
s2_p20_NAA-GDP_l6_r3,NAA-GDP,2,20,0.036,3,OP,0.8400840683580698,0.206
s2_p20_NAA-GDP_l6_r3,NAA-GDP,2,20,0.036,3,MP,0.8400840683580698,0.153
s2_p20_NAA-GDP_l6_r3,NAA-GDP,2,20,0.036,3,AM,0.8400840683580698,0.111
s2_p2_NAA-GDP_l7_r0,NAA-GDP,2,2,0.042,0,OP,0.8149768875192605,0.178
s2_p2_NAA-GDP_l7_r0,NAA-GDP,2,2,0.042,0,MP,0.8149768875192605,0.119
s2_p2_NAA-GDP_l7_r0,NAA-GDP,2,2,0.042,0,AM,0.8149768875192605,0.112
s2_p20_NAA-GDP_l7_r0,NAA-GDP,2,20,0.042,0,OP,0.8401426594419101,0.178
s2_p20_NAA-GDP_l7_r0,NAA-GDP,2,20,0.042,0,MP,0.8401426594419101,0.119
s2_p20_NAA-GDP_l7_r0,NAA-GDP,2,20,0.042,0,AM,0.8401426594419101,0.134
s2_p2_NAA-GDP_l7_r1,NAA-GDP,2,2,0.042,1,OP,0.8510939907550077,0.163
s2_p2_NAA-GDP_l7_r1,NAA-GDP,2,2,0.042,1,MP,0.8510939907550077,0.107
s2_p2_NAA-GDP_l7_r1,NAA-GDP,2,2,0.042,1,AM,0.8510939907550077,0.113
s2_p20_NAA-GDP_l7_r1,NAA-GDP,2,20,0.042,1,OP,0.8341161479611965,0.163
s2_p20_NAA-GDP_l7_r1,NAA-GDP,2,20,0.042,1,MP,0.8341161479611965,0.107
s2_p20_NAA-GDP_l7_r1,NAA-GDP,2,20,0.042,1,AM,0.8341161479611965,0.106
s2_p2_NAA-GDP_l7_r2,NAA-GDP,2,2,0.042,2,OP,0.8216640986132511,0.182
s2_p2_NAA-GDP_l7_r2,NAA-GDP,2,2,0.042,2,MP,0.8216640986132511,0.083
s2_p2_NAA-GDP_l7_r2,NAA-GDP,2,2,0.042,2,AM,0.8216640986132511,0.104
s2_p20_NAA-GDP_l7_r2,NAA-GDP,2,20,0.042,2,OP,0.8405082382633504,0.182
s2_p20_NAA-GDP_l7_r2,NAA-GDP,2,20,0.042,2,MP,0.8405082382633504,0.083
s2_p20_NAA-GDP_l7_r2,NAA-GDP,2,20,0.042,2,AM,0.8405082382633504,0.102
s2_p2_NAA-GDP_l7_r3,NAA-GDP,2,2,0.042,3,OP,0.8117719568567026,0.193
s2_p2_NAA-GDP_l7_r3,NAA-GDP,2,2,0.042,3,MP,0.8117719568567026,0.124
s2_p2_NAA-GDP_l7_r3,NAA-GDP,2,2,0.042,3,AM,0.8117719568567026,0.131
s2_p20_NAA-GDP_l7_r3,NAA-GDP,2,20,0.042,3,OP,0.832590748787897,0.193
s2_p20_NAA-GDP_l7_r3,NAA-GDP,2,20,0.042,3,MP,0.832590748787897,0.124
s2_p20_NAA-GDP_l7_r3,NAA-GDP,2,20,0.042,3,AM,0.832590748787897,0.128
s2_p2_NAA-GDP_l8_r0,NAA-GDP,2,2,0.048,0,OP,0.8222496147919877,0.154
s2_p2_NAA-GDP_l8_r0,NAA-GDP,2,2,0.048,0,MP,0.8222496147919877,0.106
s2_p2_NAA-GDP_l8_r0,NAA-GDP,2,2,0.048,0,AM,0.8222496147919877,0.12
s2_p20_NAA-GDP_l8_r0,NAA-GDP,2,20,0.048,0,OP,0.8315160455252721,0.154
s2_p20_NAA-GDP_l8_r0,NAA-GDP,2,20,0.048,0,MP,0.8315160455252721,0.106
s2_p20_NAA-GDP_l8_r0,NAA-GDP,2,20,0.048,0,AM,0.8315160455252721,0.18
s2_p2_NAA-GDP_l8_r1,NAA-GDP,2,2,0.048,1,OP,0.8134052388289676,0.125
s2_p2_NAA-GDP_l8_r1,NAA-GDP,2,2,0.048,1,MP,0.8134052388289676,0.085
s2_p2_NAA-GDP_l8_r1,NAA-GDP,2,2,0.048,1,AM,0.8134052388289676,0.097
s2_p20_NAA-GDP_l8_r1,NAA-GDP,2,20,0.048,1,OP,0.8271815362262147,0.125
s2_p20_NAA-GDP_l8_r1,NAA-GDP,2,20,0.048,1,MP,0.8271815362262147,0.085
s2_p20_NAA-GDP_l8_r1,NAA-GDP,2,20,0.048,1,AM,0.8271815362262147,0.108
s2_p2_NAA-GDP_l8_r2,NAA-GDP,2,2,0.048,2,OP,0.7935901386748845,0.157
s2_p2_NAA-GDP_l8_r2,NAA-GDP,2,2,0.048,2,MP,0.7935901386748845,0.084
s2_p2_NAA-GDP_l8_r2,NAA-GDP,2,2,0.048,2,AM,0.7935901386748845,0.114
s2_p20_NAA-GDP_l8_r2,NAA-GDP,2,20,0.048,2,OP,0.8220561088405698,0.157
s2_p20_NAA-GDP_l8_r2,NAA-GDP,2,20,0.048,2,MP,0.8220561088405698,0.084
s2_p20_NAA-GDP_l8_r2,NAA-GDP,2,20,0.048,2,AM,0.8220561088405698,0.13
s2_p2_NAA-GDP_l8_r3,NAA-GDP,2,2,0.048,3,OP,0.8250539291217257,0.131
s2_p2_NAA-GDP_l8_r3,NAA-GDP,2,2,0.048,3,MP,0.8250539291217257,0.106
s2_p2_NAA-GDP_l8_r3,NAA-GDP,2,2,0.048,3,AM,0.8250539291217257,0.096
s2_p20_NAA-GDP_l8_r3,NAA-GDP,2,20,0.048,3,OP,0.8265647296692324,0.131
s2_p20_NAA-GDP_l8_r3,NAA-GDP,2,20,0.048,3,MP,0.8265647296692324,0.106
s2_p20_NAA-GDP_l8_r3,NAA-GDP,2,20,0.048,3,AM,0.8265647296692324,0.119
s2_p2_NAA-GDP_l9_r0,NAA-GDP,2,2,0.054,0,OP,0.838366718027735,0.129
s2_p2_NAA-GDP_l9_r0,NAA-GDP,2,2,0.054,0,MP,0.838366718027735,0.087
s2_p2_NAA-GDP_l9_r0,NAA-GDP,2,2,0.054,0,AM,0.838366718027735,0.121
s2_p20_NAA-GDP_l9_r0,NAA-GDP,2,20,0.054,0,OP,0.819634795373717,0.129
s2_p20_NAA-GDP_l9_r0,NAA-GDP,2,20,0.054,0,MP,0.819634795373717,0.087
s2_p20_NAA-GDP_l9_r0,NAA-GDP,2,20,0.054,0,AM,0.819634795373717,0.101
s2_p2_NAA-GDP_l9_r1,NAA-GDP,2,2,0.054,1,OP,0.8412942989214176,0.111
s2_p2_NAA-GDP_l9_r1,NAA-GDP,2,2,0.054,1,MP,0.8412942989214176,0.122
s2_p2_NAA-GDP_l9_r1,NAA-GDP,2,2,0.054,1,AM,0.8412942989214176,0.115
s2_p20_NAA-GDP_l9_r1,NAA-GDP,2,20,0.054,1,OP,0.8165976600739798,0.111
s2_p20_NAA-GDP_l9_r1,NAA-GDP,2,20,0.054,1,MP,0.8165976600739798,0.122
s2_p20_NAA-GDP_l9_r1,NAA-GDP,2,20,0.054,1,AM,0.8165976600739798,0.111
s2_p2_NAA-GDP_l9_r2,NAA-GDP,2,2,0.054,2,OP,0.8334052388289677,0.149
s2_p2_NAA-GDP_l9_r2,NAA-GDP,2,2,0.054,2,MP,0.8334052388289677,0.102
s2_p2_NAA-GDP_l9_r2,NAA-GDP,2,2,0.054,2,AM,0.8334052388289677,0.089
s2_p20_NAA-GDP_l9_r2,NAA-GDP,2,20,0.054,2,OP,0.8149851128179935,0.149
s2_p20_NAA-GDP_l9_r2,NAA-GDP,2,20,0.054,2,MP,0.8149851128179935,0.102
s2_p20_NAA-GDP_l9_r2,NAA-GDP,2,20,0.054,2,AM,0.8149851128179935,0.136
s2_p2_NAA-GDP_l9_r3,NAA-GDP,2,2,0.054,3,OP,0.8338983050847457,0.135
s2_p2_NAA-GDP_l9_r3,NAA-GDP,2,2,0.054,3,MP,0.8338983050847457,0.111
s2_p2_NAA-GDP_l9_r3,NAA-GDP,2,2,0.054,3,AM,0.8338983050847457,0.116
s2_p20_NAA-GDP_l9_r3,NAA-GDP,2,20,0.054,3,OP,0.824160094966792,0.135
s2_p20_NAA-GDP_l9_r3,NAA-GDP,2,20,0.054,3,MP,0.824160094966792,0.111
s2_p20_NAA-GDP_l9_r3,NAA-GDP,2,20,0.054,3,AM,0.824160094966792,0.095
s2_p2_NAA-GDP_l10_r0,NAA-GDP,2,2,0.06,0,OP,0.8105392912172573,0.114
s2_p2_NAA-GDP_l10_r0,NAA-GDP,2,2,0.06,0,MP,0.8105392912172573,0.09
s2_p2_NAA-GDP_l10_r0,NAA-GDP,2,2,0.06,0,AM,0.8105392912172573,0.087
s2_p20_NAA-GDP_l10_r0,NAA-GDP,2,20,0.06,0,OP,0.8140463014809143,0.114
s2_p20_NAA-GDP_l10_r0,NAA-GDP,2,20,0.06,0,MP,0.8140463014809143,0.09
s2_p20_NAA-GDP_l10_r0,NAA-GDP,2,20,0.06,0,AM,0.8140463014809143,0.11
s2_p2_NAA-GDP_l10_r1,NAA-GDP,2,2,0.06,1,OP,0.8268721109399075,0.105
s2_p2_NAA-GDP_l10_r1,NAA-GDP,2,2,0.06,1,MP,0.8268721109399075,0.07
s2_p2_NAA-GDP_l10_r1,NAA-GDP,2,2,0.06,1,AM,0.8268721109399075,0.098
s2_p20_NAA-GDP_l10_r1,NAA-GDP,2,20,0.06,1,OP,0.8193997540405384,0.105
s2_p20_NAA-GDP_l10_r1,NAA-GDP,2,20,0.06,1,MP,0.8193997540405384,0.07
s2_p20_NAA-GDP_l10_r1,NAA-GDP,2,20,0.06,1,AM,0.8193997540405384,0.114
s2_p2_NAA-GDP_l10_r2,NAA-GDP,2,2,0.06,2,OP,0.8323266563944529,0.098
s2_p2_NAA-GDP_l10_r2,NAA-GDP,2,2,0.06,2,MP,0.8323266563944529,0.083
s2_p2_NAA-GDP_l10_r2,NAA-GDP,2,2,0.06,2,AM,0.8323266563944529,0.098
s2_p20_NAA-GDP_l10_r2,NAA-GDP,2,20,0.06,2,OP,0.8149544017351824,0.098
s2_p20_NAA-GDP_l10_r2,NAA-GDP,2,20,0.06,2,MP,0.8149544017351824,0.083
s2_p20_NAA-GDP_l10_r2,NAA-GDP,2,20,0.06,2,AM,0.8149544017351824,0.119
s2_p2_NAA-GDP_l10_r3,NAA-GDP,2,2,0.06,3,OP,0.8336517719568567,0.115
s2_p2_NAA-GDP_l10_r3,NAA-GDP,2,2,0.06,3,MP,0.8336517719568567,0.112
s2_p2_NAA-GDP_l10_r3,NAA-GDP,2,2,0.06,3,AM,0.8336517719568567,0.096
s2_p20_NAA-GDP_l10_r3,NAA-GDP,2,20,0.06,3,OP,0.8162257420911576,0.115
s2_p20_NAA-GDP_l10_r3,NAA-GDP,2,20,0.06,3,MP,0.8162257420911576,0.112
s2_p20_NAA-GDP_l10_r3,NAA-GDP,2,20,0.06,3,AM,0.8162257420911576,0.101
s3_p2_NAA-GDP_l1_r0,NAA-GDP,3,2,0.006,0,OP,0.854133545310016,0.65
s3_p2_NAA-GDP_l1_r0,NAA-GDP,3,2,0.006,0,MP,0.854133545310016,0.553
s3_p2_NAA-GDP_l1_r0,NAA-GDP,3,2,0.006,0,AM,0.854133545310016,0.621
s3_p20_NAA-GDP_l1_r0,NAA-GDP,3,20,0.006,0,OP,0.8865438698725583,0.65
s3_p20_NAA-GDP_l1_r0,NAA-GDP,3,20,0.006,0,MP,0.8865438698725583,0.553
s3_p20_NAA-GDP_l1_r0,NAA-GDP,3,20,0.006,0,AM,0.8865438698725583,0.606
s3_p2_NAA-GDP_l1_r1,NAA-GDP,3,2,0.006,1,OP,0.8631756756756757,0.601
s3_p2_NAA-GDP_l1_r1,NAA-GDP,3,2,0.006,1,MP,0.8631756756756757,0.559
s3_p2_NAA-GDP_l1_r1,NAA-GDP,3,2,0.006,1,AM,0.8631756756756757,0.539
s3_p20_NAA-GDP_l1_r1,NAA-GDP,3,20,0.006,1,OP,0.8790634397111856,0.601
s3_p20_NAA-GDP_l1_r1,NAA-GDP,3,20,0.006,1,MP,0.8790634397111856,0.559
s3_p20_NAA-GDP_l1_r1,NAA-GDP,3,20,0.006,1,AM,0.8790634397111856,0.549
s3_p2_NAA-GDP_l1_r2,NAA-GDP,3,2,0.006,2,OP,0.8465321939586645,0.64
s3_p2_NAA-GDP_l1_r2,NAA-GDP,3,2,0.006,2,MP,0.8465321939586645,0.559
s3_p2_NAA-GDP_l1_r2,NAA-GDP,3,2,0.006,2,AM,0.8465321939586645,0.56
s3_p20_NAA-GDP_l1_r2,NAA-GDP,3,20,0.006,2,OP,0.8808905127330011,0.64
s3_p20_NAA-GDP_l1_r2,NAA-GDP,3,20,0.006,2,MP,0.8808905127330011,0.559
s3_p20_NAA-GDP_l1_r2,NAA-GDP,3,20,0.006,2,AM,0.8808905127330011,0.571
s3_p2_NAA-GDP_l1_r3,NAA-GDP,3,2,0.006,3,OP,0.8580087440381559,0.617
s3_p2_NAA-GDP_l1_r3,NAA-GDP,3,2,0.006,3,MP,0.8580087440381559,0.59
s3_p2_NAA-GDP_l1_r3,NAA-GDP,3,2,0.006,3,AM,0.8580087440381559,0.536
s3_p20_NAA-GDP_l1_r3,NAA-GDP,3,20,0.006,3,OP,0.8804039059693907,0.617
s3_p20_NAA-GDP_l1_r3,NAA-GDP,3,20,0.006,3,MP,0.8804039059693907,0.59
s3_p20_NAA-GDP_l1_r3,NAA-GDP,3,20,0.006,3,AM,0.8804039059693907,0.541
s3_p2_NAA-GDP_l2_r0,NAA-GDP,3,2,0.012,0,OP,0.8537360890302067,0.435
s3_p2_NAA-GDP_l2_r0,NAA-GDP,3,2,0.012,0,MP,0.8537360890302067,0.406
s3_p2_NAA-GDP_l2_r0,NAA-GDP,3,2,0.012,0,AM,0.8537360890302067,0.315
s3_p20_NAA-GDP_l2_r0,NAA-GDP,3,20,0.012,0,OP,0.8775421415367434,0.435
s3_p20_NAA-GDP_l2_r0,NAA-GDP,3,20,0.012,0,MP,0.8775421415367434,0.406
s3_p20_NAA-GDP_l2_r0,NAA-GDP,3,20,0.012,0,AM,0.8775421415367434,0.304
s3_p2_NAA-GDP_l2_r1,NAA-GDP,3,2,0.012,1,OP,0.8613871224165341,0.483
s3_p2_NAA-GDP_l2_r1,NAA-GDP,3,2,0.012,1,MP,0.8613871224165341,0.41
s3_p2_NAA-GDP_l2_r1,NAA-GDP,3,2,0.012,1,AM,0.8613871224165341,0.361
s3_p20_NAA-GDP_l2_r1,NAA-GDP,3,20,0.012,1,OP,0.8742640662639679,0.483
s3_p20_NAA-GDP_l2_r1,NAA-GDP,3,20,0.012,1,MP,0.8742640662639679,0.41
s3_p20_NAA-GDP_l2_r1,NAA-GDP,3,20,0.012,1,AM,0.8742640662639679,0.398
s3_p2_NAA-GDP_l2_r2,NAA-GDP,3,2,0.012,2,OP,0.8480226550079492,0.51
s3_p2_NAA-GDP_l2_r2,NAA-GDP,3,2,0.012,2,MP,0.8480226550079492,0.418
s3_p2_NAA-GDP_l2_r2,NAA-GDP,3,2,0.012,2,AM,0.8480226550079492,0.404
s3_p20_NAA-GDP_l2_r2,NAA-GDP,3,20,0.012,2,OP,0.8729811035615442,0.51
s3_p20_NAA-GDP_l2_r2,NAA-GDP,3,20,0.012,2,MP,0.8729811035615442,0.418
s3_p20_NAA-GDP_l2_r2,NAA-GDP,3,20,0.012,2,AM,0.8729811035615442,0.498
s3_p2_NAA-GDP_l2_r3,NAA-GDP,3,2,0.012,3,OP,0.8391295707472177,0.436
s3_p2_NAA-GDP_l2_r3,NAA-GDP,3,2,0.012,3,MP,0.8391295707472177,0.337
s3_p2_NAA-GDP_l2_r3,NAA-GDP,3,2,0.012,3,AM,0.8391295707472177,0.424
s3_p20_NAA-GDP_l2_r3,NAA-GDP,3,20,0.012,3,OP,0.8749245498701139,0.436
s3_p20_NAA-GDP_l2_r3,NAA-GDP,3,20,0.012,3,MP,0.8749245498701139,0.337
s3_p20_NAA-GDP_l2_r3,NAA-GDP,3,20,0.012,3,AM,0.8749245498701139,0.417
s3_p2_NAA-GDP_l3_r0,NAA-GDP,3,2,0.018,0,OP,0.8575119236883944,0.355
s3_p2_NAA-GDP_l3_r0,NAA-GDP,3,2,0.018,0,MP,0.8575119236883944,0.283
s3_p2_NAA-GDP_l3_r0,NAA-GDP,3,2,0.018,0,AM,0.8575119236883944,0.303
s3_p20_NAA-GDP_l3_r0,NAA-GDP,3,20,0.018,0,OP,0.8768953196825109,0.355
s3_p20_NAA-GDP_l3_r0,NAA-GDP,3,20,0.018,0,MP,0.8768953196825109,0.283
s3_p20_NAA-GDP_l3_r0,NAA-GDP,3,20,0.018,0,AM,0.8768953196825109,0.326
s3_p2_NAA-GDP_l3_r1,NAA-GDP,3,2,0.018,1,OP,0.840818759936407,0.348
s3_p2_NAA-GDP_l3_r1,NAA-GDP,3,2,0.018,1,MP,0.840818759936407,0.233
s3_p2_NAA-GDP_l3_r1,NAA-GDP,3,2,0.018,1,AM,0.840818759936407,0.225
s3_p20_NAA-GDP_l3_r1,NAA-GDP,3,20,0.018,1,OP,0.8747799836953201,0.348
s3_p20_NAA-GDP_l3_r1,NAA-GDP,3,20,0.018,1,MP,0.8747799836953201,0.233
s3_p20_NAA-GDP_l3_r1,NAA-GDP,3,20,0.018,1,AM,0.8747799836953201,0.205
s3_p2_NAA-GDP_l3_r2,NAA-GDP,3,2,0.018,2,OP,0.8480226550079492,0.408
s3_p2_NAA-GDP_l3_r2,NAA-GDP,3,2,0.018,2,MP,0.8480226550079492,0.325
s3_p2_NAA-GDP_l3_r2,NAA-GDP,3,2,0.018,2,AM,0.8480226550079492,0.266
s3_p20_NAA-GDP_l3_r2,NAA-GDP,3,20,0.018,2,OP,0.8712322751188697,0.408
s3_p20_NAA-GDP_l3_r2,NAA-GDP,3,20,0.018,2,MP,0.8712322751188697,0.325
s3_p20_NAA-GDP_l3_r2,NAA-GDP,3,20,0.018,2,AM,0.8712322751188697,0.322
s3_p2_NAA-GDP_l3_r3,NAA-GDP,3,2,0.018,3,OP,0.8265600158982512,0.33
s3_p2_NAA-GDP_l3_r3,NAA-GDP,3,2,0.018,3,MP,0.8265600158982512,0.261
s3_p2_NAA-GDP_l3_r3,NAA-GDP,3,2,0.018,3,AM,0.8265600158982512,0.243
s3_p20_NAA-GDP_l3_r3,NAA-GDP,3,20,0.018,3,OP,0.8702785606375617,0.33
s3_p20_NAA-GDP_l3_r3,NAA-GDP,3,20,0.018,3,MP,0.8702785606375617,0.261
s3_p20_NAA-GDP_l3_r3,NAA-GDP,3,20,0.018,3,AM,0.8702785606375617,0.227
s3_p2_NAA-GDP_l4_r0,NAA-GDP,3,2,0.024,0,OP,0.8413155802861685,0.254
s3_p2_NAA-GDP_l4_r0,NAA-GDP,3,2,0.024,0,MP,0.8413155802861685,0.222
s3_p2_NAA-GDP_l4_r0,NAA-GDP,3,2,0.024,0,AM,0.8413155802861685,0.209
s3_p20_NAA-GDP_l4_r0,NAA-GDP,3,20,0.024,0,OP,0.858975820686277,0.254
s3_p20_NAA-GDP_l4_r0,NAA-GDP,3,20,0.024,0,MP,0.858975820686277,0.222
s3_p20_NAA-GDP_l4_r0,NAA-GDP,3,20,0.024,0,AM,0.858975820686277,0.183
s3_p2_NAA-GDP_l4_r1,NAA-GDP,3,2,0.024,1,OP,0.8311307631160573,0.262
s3_p2_NAA-GDP_l4_r1,NAA-GDP,3,2,0.024,1,MP,0.8311307631160573,0.211
s3_p2_NAA-GDP_l4_r1,NAA-GDP,3,2,0.024,1,AM,0.8311307631160573,0.181
s3_p20_NAA-GDP_l4_r1,NAA-GDP,3,20,0.024,1,OP,0.8683508874425647,0.262
s3_p20_NAA-GDP_l4_r1,NAA-GDP,3,20,0.024,1,MP,0.8683508874425647,0.211
s3_p20_NAA-GDP_l4_r1,NAA-GDP,3,20,0.024,1,AM,0.8683508874425647,0.191
s3_p2_NAA-GDP_l4_r2,NAA-GDP,3,2,0.024,2,OP,0.8569654213036566,0.33
s3_p2_NAA-GDP_l4_r2,NAA-GDP,3,2,0.024,2,MP,0.8569654213036566,0.253
s3_p2_NAA-GDP_l4_r2,NAA-GDP,3,2,0.024,2,AM,0.8569654213036566,0.225
s3_p20_NAA-GDP_l4_r2,NAA-GDP,3,20,0.024,2,OP,0.8698467250793499,0.33
s3_p20_NAA-GDP_l4_r2,NAA-GDP,3,20,0.024,2,MP,0.8698467250793499,0.253
s3_p20_NAA-GDP_l4_r2,NAA-GDP,3,20,0.024,2,AM,0.8698467250793499,0.262
s3_p2_NAA-GDP_l4_r3,NAA-GDP,3,2,0.024,3,OP,0.8587539745627981,0.235
s3_p2_NAA-GDP_l4_r3,NAA-GDP,3,2,0.024,3,MP,0.8587539745627981,0.18
s3_p2_NAA-GDP_l4_r3,NAA-GDP,3,2,0.024,3,AM,0.8587539745627981,0.191
s3_p20_NAA-GDP_l4_r3,NAA-GDP,3,20,0.024,3,OP,0.8581179868638529,0.235
s3_p20_NAA-GDP_l4_r3,NAA-GDP,3,20,0.024,3,MP,0.8581179868638529,0.18
s3_p20_NAA-GDP_l4_r3,NAA-GDP,3,20,0.024,3,AM,0.8581179868638529,0.18
s3_p2_NAA-GDP_l5_r0,NAA-GDP,3,2,0.03,0,OP,0.8536367249602543,0.22
s3_p2_NAA-GDP_l5_r0,NAA-GDP,3,2,0.03,0,MP,0.8536367249602543,0.183
s3_p2_NAA-GDP_l5_r0,NAA-GDP,3,2,0.03,0,AM,0.8536367249602543,0.14
s3_p20_NAA-GDP_l5_r0,NAA-GDP,3,20,0.03,0,OP,0.8571848892081599,0.22
s3_p20_NAA-GDP_l5_r0,NAA-GDP,3,20,0.03,0,MP,0.8571848892081599,0.183
s3_p20_NAA-GDP_l5_r0,NAA-GDP,3,20,0.03,0,AM,0.8571848892081599,0.171
s3_p2_NAA-GDP_l5_r1,NAA-GDP,3,2,0.03,1,OP,0.8298887122416534,0.199
s3_p2_NAA-GDP_l5_r1,NAA-GDP,3,2,0.03,1,MP,0.8298887122416534,0.165
s3_p2_NAA-GDP_l5_r1,NAA-GDP,3,2,0.03,1,AM,0.8298887122416534,0.122
s3_p20_NAA-GDP_l5_r1,NAA-GDP,3,20,0.03,1,OP,0.8540974574734502,0.199
s3_p20_NAA-GDP_l5_r1,NAA-GDP,3,20,0.03,1,MP,0.8540974574734502,0.165
s3_p20_NAA-GDP_l5_r1,NAA-GDP,3,20,0.03,1,AM,0.8540974574734502,0.097
s3_p2_NAA-GDP_l5_r2,NAA-GDP,3,2,0.03,2,OP,0.8263612877583466,0.227
s3_p2_NAA-GDP_l5_r2,NAA-GDP,3,2,0.03,2,MP,0.8263612877583466,0.172
s3_p2_NAA-GDP_l5_r2,NAA-GDP,3,2,0.03,2,AM,0.8263612877583466,0.114
s3_p20_NAA-GDP_l5_r2,NAA-GDP,3,20,0.03,2,OP,0.8606398220693431,0.227
s3_p20_NAA-GDP_l5_r2,NAA-GDP,3,20,0.03,2,MP,0.8606398220693431,0.172
s3_p20_NAA-GDP_l5_r2,NAA-GDP,3,20,0.03,2,AM,0.8606398220693431,0.148
s3_p2_NAA-GDP_l5_r3,NAA-GDP,3,2,0.03,3,OP,0.830087440381558,0.263
s3_p2_NAA-GDP_l5_r3,NAA-GDP,3,2,0.03,3,MP,0.830087440381558,0.173
s3_p2_NAA-GDP_l5_r3,NAA-GDP,3,2,0.03,3,AM,0.830087440381558,0.106
s3_p20_NAA-GDP_l5_r3,NAA-GDP,3,20,0.03,3,OP,0.8564481481867874,0.263
s3_p20_NAA-GDP_l5_r3,NAA-GDP,3,20,0.03,3,MP,0.8564481481867874,0.173
s3_p20_NAA-GDP_l5_r3,NAA-GDP,3,20,0.03,3,AM,0.8564481481867874,0.184
s3_p2_NAA-GDP_l6_r0,NAA-GDP,3,2,0.036,0,OP,0.825516693163752,0.149
s3_p2_NAA-GDP_l6_r0,NAA-GDP,3,2,0.036,0,MP,0.825516693163752,0.123
s3_p2_NAA-GDP_l6_r0,NAA-GDP,3,2,0.036,0,AM,0.825516693163752,0.12
s3_p20_NAA-GDP_l6_r0,NAA-GDP,3,20,0.036,0,OP,0.8457355959181666,0.149
s3_p20_NAA-GDP_l6_r0,NAA-GDP,3,20,0.036,0,MP,0.8457355959181666,0.123
s3_p20_NAA-GDP_l6_r0,NAA-GDP,3,20,0.036,0,AM,0.8457355959181666,0.165
s3_p2_NAA-GDP_l6_r1,NAA-GDP,3,2,0.036,1,OP,0.8334161367249602,0.197
s3_p2_NAA-GDP_l6_r1,NAA-GDP,3,2,0.036,1,MP,0.8334161367249602,0.146
s3_p2_NAA-GDP_l6_r1,NAA-GDP,3,2,0.036,1,AM,0.8334161367249602,0.134
s3_p20_NAA-GDP_l6_r1,NAA-GDP,3,20,0.036,1,OP,0.8512628923468852,0.197
s3_p20_NAA-GDP_l6_r1,NAA-GDP,3,20,0.036,1,MP,0.8512628923468852,0.146
s3_p20_NAA-GDP_l6_r1,NAA-GDP,3,20,0.036,1,AM,0.8512628923468852,0.13
s3_p2_NAA-GDP_l6_r2,NAA-GDP,3,2,0.036,2,OP,0.8415639904610492,0.217
s3_p2_NAA-GDP_l6_r2,NAA-GDP,3,2,0.036,2,MP,0.8415639904610492,0.132
s3_p2_NAA-GDP_l6_r2,NAA-GDP,3,2,0.036,2,AM,0.8415639904610492,0.132
s3_p20_NAA-GDP_l6_r2,NAA-GDP,3,20,0.036,2,OP,0.8481831608723451,0.217
s3_p20_NAA-GDP_l6_r2,NAA-GDP,3,20,0.036,2,MP,0.8481831608723451,0.132
s3_p20_NAA-GDP_l6_r2,NAA-GDP,3,20,0.036,2,AM,0.8481831608723451,0.164
s3_p2_NAA-GDP_l6_r3,NAA-GDP,3,2,0.036,3,OP,0.8361983306836248,0.193
s3_p2_NAA-GDP_l6_r3,NAA-GDP,3,2,0.036,3,MP,0.8361983306836248,0.137
s3_p2_NAA-GDP_l6_r3,NAA-GDP,3,2,0.036,3,AM,0.8361983306836248,0.127
s3_p20_NAA-GDP_l6_r3,NAA-GDP,3,20,0.036,3,OP,0.8550783712608405,0.193
s3_p20_NAA-GDP_l6_r3,NAA-GDP,3,20,0.036,3,MP,0.8550783712608405,0.137
s3_p20_NAA-GDP_l6_r3,NAA-GDP,3,20,0.036,3,AM,0.8550783712608405,0.133
s3_p2_NAA-GDP_l7_r0,NAA-GDP,3,2,0.042,0,OP,0.833664546899841,0.207
s3_p2_NAA-GDP_l7_r0,NAA-GDP,3,2,0.042,0,MP,0.833664546899841,0.1
s3_p2_NAA-GDP_l7_r0,NAA-GDP,3,2,0.042,0,AM,0.833664546899841,0.103
s3_p20_NAA-GDP_l7_r0,NAA-GDP,3,20,0.042,0,OP,0.8417638762414186,0.207
s3_p20_NAA-GDP_l7_r0,NAA-GDP,3,20,0.042,0,MP,0.8417638762414186,0.1
s3_p20_NAA-GDP_l7_r0,NAA-GDP,3,20,0.042,0,AM,0.8417638762414186,0.142
s3_p2_NAA-GDP_l7_r1,NAA-GDP,3,2,0.042,1,OP,0.8141891891891893,0.17
s3_p2_NAA-GDP_l7_r1,NAA-GDP,3,2,0.042,1,MP,0.8141891891891893,0.118
s3_p2_NAA-GDP_l7_r1,NAA-GDP,3,2,0.042,1,AM,0.8141891891891893,0.094
s3_p20_NAA-GDP_l7_r1,NAA-GDP,3,20,0.042,1,OP,0.8390866696573483,0.17
s3_p20_NAA-GDP_l7_r1,NAA-GDP,3,20,0.042,1,MP,0.8390866696573483,0.118
s3_p20_NAA-GDP_l7_r1,NAA-GDP,3,20,0.042,1,AM,0.8390866696573483,0.134
s3_p2_NAA-GDP_l7_r2,NAA-GDP,3,2,0.042,2,OP,0.8281001589825119,0.19
s3_p2_NAA-GDP_l7_r2,NAA-GDP,3,2,0.042,2,MP,0.8281001589825119,0.117
s3_p2_NAA-GDP_l7_r2,NAA-GDP,3,2,0.042,2,AM,0.8281001589825119,0.12
s3_p20_NAA-GDP_l7_r2,NAA-GDP,3,20,0.042,2,OP,0.8424458460573923,0.19
s3_p20_NAA-GDP_l7_r2,NAA-GDP,3,20,0.042,2,MP,0.8424458460573923,0.117
s3_p20_NAA-GDP_l7_r2,NAA-GDP,3,20,0.042,2,AM,0.8424458460573923,0.124
s3_p2_NAA-GDP_l7_r3,NAA-GDP,3,2,0.042,3,OP,0.8126490461049285,0.17
s3_p2_NAA-GDP_l7_r3,NAA-GDP,3,2,0.042,3,MP,0.8126490461049285,0.128
s3_p2_NAA-GDP_l7_r3,NAA-GDP,3,2,0.042,3,AM,0.8126490461049285,0.073
s3_p20_NAA-GDP_l7_r3,NAA-GDP,3,20,0.042,3,OP,0.8339775470349279,0.17
s3_p20_NAA-GDP_l7_r3,NAA-GDP,3,20,0.042,3,MP,0.8339775470349279,0.128
s3_p20_NAA-GDP_l7_r3,NAA-GDP,3,20,0.042,3,AM,0.8339775470349279,0.103
s3_p2_NAA-GDP_l8_r0,NAA-GDP,3,2,0.048,0,OP,0.8303855325914149,0.148
s3_p2_NAA-GDP_l8_r0,NAA-GDP,3,2,0.048,0,MP,0.8303855325914149,0.126
s3_p2_NAA-GDP_l8_r0,NAA-GDP,3,2,0.048,0,AM,0.8303855325914149,0.095
s3_p20_NAA-GDP_l8_r0,NAA-GDP,3,20,0.048,0,OP,0.8289525062856478,0.148
s3_p20_NAA-GDP_l8_r0,NAA-GDP,3,20,0.048,0,MP,0.8289525062856478,0.126
s3_p20_NAA-GDP_l8_r0,NAA-GDP,3,20,0.048,0,AM,0.8289525062856478,0.118
s3_p2_NAA-GDP_l8_r1,NAA-GDP,3,2,0.048,1,OP,0.8251192368839427,0.159
s3_p2_NAA-GDP_l8_r1,NAA-GDP,3,2,0.048,1,MP,0.8251192368839427,0.118
s3_p2_NAA-GDP_l8_r1,NAA-GDP,3,2,0.048,1,AM,0.8251192368839427,0.1
s3_p20_NAA-GDP_l8_r1,NAA-GDP,3,20,0.048,1,OP,0.8332457739233421,0.159
s3_p20_NAA-GDP_l8_r1,NAA-GDP,3,20,0.048,1,MP,0.8332457739233421,0.118
s3_p20_NAA-GDP_l8_r1,NAA-GDP,3,20,0.048,1,AM,0.8332457739233421,0.114
s3_p2_NAA-GDP_l8_r2,NAA-GDP,3,2,0.048,2,OP,0.838831478537361,0.122
s3_p2_NAA-GDP_l8_r2,NAA-GDP,3,2,0.048,2,MP,0.838831478537361,0.117
s3_p2_NAA-GDP_l8_r2,NAA-GDP,3,2,0.048,2,AM,0.838831478537361,0.133
s3_p20_NAA-GDP_l8_r2,NAA-GDP,3,20,0.048,2,OP,0.837004494467984,0.122
s3_p20_NAA-GDP_l8_r2,NAA-GDP,3,20,0.048,2,MP,0.837004494467984,0.117
s3_p20_NAA-GDP_l8_r2,NAA-GDP,3,20,0.048,2,AM,0.837004494467984,0.105
s3_p2_NAA-GDP_l8_r3,NAA-GDP,3,2,0.048,3,OP,0.8063394276629571,0.158
s3_p2_NAA-GDP_l8_r3,NAA-GDP,3,2,0.048,3,MP,0.8063394276629571,0.102
s3_p2_NAA-GDP_l8_r3,NAA-GDP,3,2,0.048,3,AM,0.8063394276629571,0.101
s3_p20_NAA-GDP_l8_r3,NAA-GDP,3,20,0.048,3,OP,0.8274839921526898,0.158
s3_p20_NAA-GDP_l8_r3,NAA-GDP,3,20,0.048,3,MP,0.8274839921526898,0.102
s3_p20_NAA-GDP_l8_r3,NAA-GDP,3,20,0.048,3,AM,0.8274839921526898,0.103
s3_p2_NAA-GDP_l9_r0,NAA-GDP,3,2,0.054,0,OP,0.8351053259141494,0.156
s3_p2_NAA-GDP_l9_r0,NAA-GDP,3,2,0.054,0,MP,0.8351053259141494,0.091
s3_p2_NAA-GDP_l9_r0,NAA-GDP,3,2,0.054,0,AM,0.8351053259141494,0.092
s3_p20_NAA-GDP_l9_r0,NAA-GDP,3,20,0.054,0,OP,0.8237291217381325,0.156
s3_p20_NAA-GDP_l9_r0,NAA-GDP,3,20,0.054,0,MP,0.8237291217381325,0.091
s3_p20_NAA-GDP_l9_r0,NAA-GDP,3,20,0.054,0,AM,0.8237291217381325,0.103
s3_p2_NAA-GDP_l9_r1,NAA-GDP,3,2,0.054,1,OP,0.8051470588235294,0.137
s3_p2_NAA-GDP_l9_r1,NAA-GDP,3,2,0.054,1,MP,0.8051470588235294,0.096
s3_p2_NAA-GDP_l9_r1,NAA-GDP,3,2,0.054,1,AM,0.8051470588235294,0.094
s3_p20_NAA-GDP_l9_r1,NAA-GDP,3,20,0.054,1,OP,0.831743974794813,0.137
s3_p20_NAA-GDP_l9_r1,NAA-GDP,3,20,0.054,1,MP,0.831743974794813,0.096
s3_p20_NAA-GDP_l9_r1,NAA-GDP,3,20,0.054,1,AM,0.831743974794813,0.092
s3_p2_NAA-GDP_l9_r2,NAA-GDP,3,2,0.054,2,OP,0.8338135930047694,0.101
s3_p2_NAA-GDP_l9_r2,NAA-GDP,3,2,0.054,2,MP,0.8338135930047694,0.118
s3_p2_NAA-GDP_l9_r2,NAA-GDP,3,2,0.054,2,AM,0.8338135930047694,0.091
s3_p20_NAA-GDP_l9_r2,NAA-GDP,3,20,0.054,2,OP,0.8175070631257393,0.101
s3_p20_NAA-GDP_l9_r2,NAA-GDP,3,20,0.054,2,MP,0.8175070631257393,0.118
s3_p20_NAA-GDP_l9_r2,NAA-GDP,3,20,0.054,2,AM,0.8175070631257393,0.121
s3_p2_NAA-GDP_l9_r3,NAA-GDP,3,2,0.054,3,OP,0.8209459459459459,0.119
s3_p2_NAA-GDP_l9_r3,NAA-GDP,3,2,0.054,3,MP,0.8209459459459459,0.1
s3_p2_NAA-GDP_l9_r3,NAA-GDP,3,2,0.054,3,AM,0.8209459459459459,0.095
s3_p20_NAA-GDP_l9_r3,NAA-GDP,3,20,0.054,3,OP,0.8246515383877842,0.119
s3_p20_NAA-GDP_l9_r3,NAA-GDP,3,20,0.054,3,MP,0.8246515383877842,0.1
s3_p20_NAA-GDP_l9_r3,NAA-GDP,3,20,0.054,3,AM,0.8246515383877842,0.139
s3_p2_NAA-GDP_l10_r0,NAA-GDP,3,2,0.06,0,OP,0.8220886327503975,0.12
s3_p2_NAA-GDP_l10_r0,NAA-GDP,3,2,0.06,0,MP,0.8220886327503975,0.098
s3_p2_NAA-GDP_l10_r0,NAA-GDP,3,2,0.06,0,AM,0.8220886327503975,0.079
s3_p20_NAA-GDP_l10_r0,NAA-GDP,3,20,0.06,0,OP,0.820250715503207,0.12
s3_p20_NAA-GDP_l10_r0,NAA-GDP,3,20,0.06,0,MP,0.820250715503207,0.098
s3_p20_NAA-GDP_l10_r0,NAA-GDP,3,20,0.06,0,AM,0.820250715503207,0.12
s3_p2_NAA-GDP_l10_r1,NAA-GDP,3,2,0.06,1,OP,0.84633346581876,0.159
s3_p2_NAA-GDP_l10_r1,NAA-GDP,3,2,0.06,1,MP,0.84633346581876,0.105
s3_p2_NAA-GDP_l10_r1,NAA-GDP,3,2,0.06,1,AM,0.84633346581876,0.079
s3_p20_NAA-GDP_l10_r1,NAA-GDP,3,20,0.06,1,OP,0.8130204195995964,0.159
s3_p20_NAA-GDP_l10_r1,NAA-GDP,3,20,0.06,1,MP,0.8130204195995964,0.105
s3_p20_NAA-GDP_l10_r1,NAA-GDP,3,20,0.06,1,AM,0.8130204195995964,0.094
s3_p2_NAA-GDP_l10_r2,NAA-GDP,3,2,0.06,2,OP,0.8189586645468998,0.108
s3_p2_NAA-GDP_l10_r2,NAA-GDP,3,2,0.06,2,MP,0.8189586645468998,0.143
s3_p2_NAA-GDP_l10_r2,NAA-GDP,3,2,0.06,2,AM,0.8189586645468998,0.084
s3_p20_NAA-GDP_l10_r2,NAA-GDP,3,20,0.06,2,OP,0.8238726943309691,0.108
s3_p20_NAA-GDP_l10_r2,NAA-GDP,3,20,0.06,2,MP,0.8238726943309691,0.143
s3_p20_NAA-GDP_l10_r2,NAA-GDP,3,20,0.06,2,AM,0.8238726943309691,0.103
s3_p2_NAA-GDP_l10_r3,NAA-GDP,3,2,0.06,3,OP,0.8360492845786964,0.12
s3_p2_NAA-GDP_l10_r3,NAA-GDP,3,2,0.06,3,MP,0.8360492845786964,0.098
s3_p2_NAA-GDP_l10_r3,NAA-GDP,3,2,0.06,3,AM,0.8360492845786964,0.092
s3_p20_NAA-GDP_l10_r3,NAA-GDP,3,20,0.06,3,OP,0.8151387363326592,0.12
s3_p20_NAA-GDP_l10_r3,NAA-GDP,3,20,0.06,3,MP,0.8151387363326592,0.098
s3_p20_NAA-GDP_l10_r3,NAA-GDP,3,20,0.06,3,AM,0.8151387363326592,0.138
s4_p2_NAA-GDP_l1_r0,NAA-GDP,4,2,0.006,0,OP,0.8357407407407407,0.655
s4_p2_NAA-GDP_l1_r0,NAA-GDP,4,2,0.006,0,MP,0.8357407407407407,0.575
s4_p2_NAA-GDP_l1_r0,NAA-GDP,4,2,0.006,0,AM,0.8357407407407407,0.622
s4_p20_NAA-GDP_l1_r0,NAA-GDP,4,20,0.006,0,OP,0.8777344045074629,0.655
s4_p20_NAA-GDP_l1_r0,NAA-GDP,4,20,0.006,0,MP,0.8777344045074629,0.575
s4_p20_NAA-GDP_l1_r0,NAA-GDP,4,20,0.006,0,AM,0.8777344045074629,0.61
s4_p2_NAA-GDP_l1_r1,NAA-GDP,4,2,0.006,1,OP,0.8362962962962963,0.627
s4_p2_NAA-GDP_l1_r1,NAA-GDP,4,2,0.006,1,MP,0.8362962962962963,0.581
s4_p2_NAA-GDP_l1_r1,NAA-GDP,4,2,0.006,1,AM,0.8362962962962963,0.59
s4_p20_NAA-GDP_l1_r1,NAA-GDP,4,20,0.006,1,OP,0.876253245589479,0.627
s4_p20_NAA-GDP_l1_r1,NAA-GDP,4,20,0.006,1,MP,0.876253245589479,0.581
s4_p20_NAA-GDP_l1_r1,NAA-GDP,4,20,0.006,1,AM,0.876253245589479,0.577
s4_p2_NAA-GDP_l1_r2,NAA-GDP,4,2,0.006,2,OP,0.8351851851851853,0.658
s4_p2_NAA-GDP_l1_r2,NAA-GDP,4,2,0.006,2,MP,0.8351851851851853,0.629
s4_p2_NAA-GDP_l1_r2,NAA-GDP,4,2,0.006,2,AM,0.8351851851851853,0.612
s4_p20_NAA-GDP_l1_r2,NAA-GDP,4,20,0.006,2,OP,0.872784371403561,0.658
s4_p20_NAA-GDP_l1_r2,NAA-GDP,4,20,0.006,2,MP,0.872784371403561,0.629
s4_p20_NAA-GDP_l1_r2,NAA-GDP,4,20,0.006,2,AM,0.872784371403561,0.609
s4_p2_NAA-GDP_l1_r3,NAA-GDP,4,2,0.006,3,OP,0.8433333333333333,0.636
s4_p2_NAA-GDP_l1_r3,NAA-GDP,4,2,0.006,3,MP,0.8433333333333333,0.625
s4_p2_NAA-GDP_l1_r3,NAA-GDP,4,2,0.006,3,AM,0.8433333333333333,0.508
s4_p20_NAA-GDP_l1_r3,NAA-GDP,4,20,0.006,3,OP,0.8763598890315738,0.636
s4_p20_NAA-GDP_l1_r3,NAA-GDP,4,20,0.006,3,MP,0.8763598890315738,0.625
s4_p20_NAA-GDP_l1_r3,NAA-GDP,4,20,0.006,3,AM,0.8763598890315738,0.509
s4_p2_NAA-GDP_l2_r0,NAA-GDP,4,2,0.012,0,OP,0.8338888888888889,0.491
s4_p2_NAA-GDP_l2_r0,NAA-GDP,4,2,0.012,0,MP,0.8338888888888889,0.327
s4_p2_NAA-GDP_l2_r0,NAA-GDP,4,2,0.012,0,AM,0.8338888888888889,0.345
s4_p20_NAA-GDP_l2_r0,NAA-GDP,4,20,0.012,0,OP,0.8740963079151651,0.491
s4_p20_NAA-GDP_l2_r0,NAA-GDP,4,20,0.012,0,MP,0.8740963079151651,0.327
s4_p20_NAA-GDP_l2_r0,NAA-GDP,4,20,0.012,0,AM,0.8740963079151651,0.363
s4_p2_NAA-GDP_l2_r1,NAA-GDP,4,2,0.012,1,OP,0.8387037037037037,0.551
s4_p2_NAA-GDP_l2_r1,NAA-GDP,4,2,0.012,1,MP,0.8387037037037037,0.393
s4_p2_NAA-GDP_l2_r1,NAA-GDP,4,2,0.012,1,AM,0.8387037037037037,0.375
s4_p20_NAA-GDP_l2_r1,NAA-GDP,4,20,0.012,1,OP,0.8746395229483357,0.551
s4_p20_NAA-GDP_l2_r1,NAA-GDP,4,20,0.012,1,MP,0.8746395229483357,0.393
s4_p20_NAA-GDP_l2_r1,NAA-GDP,4,20,0.012,1,AM,0.8746395229483357,0.395
s4_p2_NAA-GDP_l2_r2,NAA-GDP,4,2,0.012,2,OP,0.8287037037037037,0.44
s4_p2_NAA-GDP_l2_r2,NAA-GDP,4,2,0.012,2,MP,0.8287037037037037,0.364
s4_p2_NAA-GDP_l2_r2,NAA-GDP,4,2,0.012,2,AM,0.8287037037037037,0.268
s4_p20_NAA-GDP_l2_r2,NAA-GDP,4,20,0.012,2,OP,0.8793551626534666,0.44
s4_p20_NAA-GDP_l2_r2,NAA-GDP,4,20,0.012,2,MP,0.8793551626534666,0.364
s4_p20_NAA-GDP_l2_r2,NAA-GDP,4,20,0.012,2,AM,0.8793551626534666,0.302
s4_p2_NAA-GDP_l2_r3,NAA-GDP,4,2,0.012,3,OP,0.837037037037037,0.388
s4_p2_NAA-GDP_l2_r3,NAA-GDP,4,2,0.012,3,MP,0.837037037037037,0.347
s4_p2_NAA-GDP_l2_r3,NAA-GDP,4,2,0.012,3,AM,0.837037037037037,0.352
s4_p20_NAA-GDP_l2_r3,NAA-GDP,4,20,0.012,3,OP,0.8726318120350087,0.388
s4_p20_NAA-GDP_l2_r3,NAA-GDP,4,20,0.012,3,MP,0.8726318120350087,0.347
s4_p20_NAA-GDP_l2_r3,NAA-GDP,4,20,0.012,3,AM,0.8726318120350087,0.324
s4_p2_NAA-GDP_l3_r0,NAA-GDP,4,2,0.018,0,OP,0.8337037037037036,0.32
s4_p2_NAA-GDP_l3_r0,NAA-GDP,4,2,0.018,0,MP,0.8337037037037036,0.213
s4_p2_NAA-GDP_l3_r0,NAA-GDP,4,2,0.018,0,AM,0.8337037037037036,0.168
s4_p20_NAA-GDP_l3_r0,NAA-GDP,4,20,0.018,0,OP,0.8671741117119679,0.32
s4_p20_NAA-GDP_l3_r0,NAA-GDP,4,20,0.018,0,MP,0.8671741117119679,0.213
s4_p20_NAA-GDP_l3_r0,NAA-GDP,4,20,0.018,0,AM,0.8671741117119679,0.206
s4_p2_NAA-GDP_l3_r1,NAA-GDP,4,2,0.018,1,OP,0.835,0.369
s4_p2_NAA-GDP_l3_r1,NAA-GDP,4,2,0.018,1,MP,0.835,0.285
s4_p2_NAA-GDP_l3_r1,NAA-GDP,4,2,0.018,1,AM,0.835,0.255
s4_p20_NAA-GDP_l3_r1,NAA-GDP,4,20,0.018,1,OP,0.8626654639656253,0.369
s4_p20_NAA-GDP_l3_r1,NAA-GDP,4,20,0.018,1,MP,0.8626654639656253,0.285
s4_p20_NAA-GDP_l3_r1,NAA-GDP,4,20,0.018,1,AM,0.8626654639656253,0.261
s4_p2_NAA-GDP_l3_r2,NAA-GDP,4,2,0.018,2,OP,0.8435185185185186,0.341
s4_p2_NAA-GDP_l3_r2,NAA-GDP,4,2,0.018,2,MP,0.8435185185185186,0.221
s4_p2_NAA-GDP_l3_r2,NAA-GDP,4,2,0.018,2,AM,0.8435185185185186,0.22
s4_p20_NAA-GDP_l3_r2,NAA-GDP,4,20,0.018,2,OP,0.8641647670803544,0.341
s4_p20_NAA-GDP_l3_r2,NAA-GDP,4,20,0.018,2,MP,0.8641647670803544,0.221
s4_p20_NAA-GDP_l3_r2,NAA-GDP,4,20,0.018,2,AM,0.8641647670803544,0.248
s4_p2_NAA-GDP_l3_r3,NAA-GDP,4,2,0.018,3,OP,0.8368518518518518,0.275
s4_p2_NAA-GDP_l3_r3,NAA-GDP,4,2,0.018,3,MP,0.8368518518518518,0.25
s4_p2_NAA-GDP_l3_r3,NAA-GDP,4,2,0.018,3,AM,0.8368518518518518,0.207
s4_p20_NAA-GDP_l3_r3,NAA-GDP,4,20,0.018,3,OP,0.8663357757643891,0.275
s4_p20_NAA-GDP_l3_r3,NAA-GDP,4,20,0.018,3,MP,0.8663357757643891,0.25
s4_p20_NAA-GDP_l3_r3,NAA-GDP,4,20,0.018,3,AM,0.8663357757643891,0.236
s4_p2_NAA-GDP_l4_r0,NAA-GDP,4,2,0.024,0,OP,0.8418518518518519,0.244
s4_p2_NAA-GDP_l4_r0,NAA-GDP,4,2,0.024,0,MP,0.8418518518518519,0.204
s4_p2_NAA-GDP_l4_r0,NAA-GDP,4,2,0.024,0,AM,0.8418518518518519,0.197
s4_p20_NAA-GDP_l4_r0,NAA-GDP,4,20,0.024,0,OP,0.8621826061583625,0.244
s4_p20_NAA-GDP_l4_r0,NAA-GDP,4,20,0.024,0,MP,0.8621826061583625,0.204
s4_p20_NAA-GDP_l4_r0,NAA-GDP,4,20,0.024,0,AM,0.8621826061583625,0.213
s4_p2_NAA-GDP_l4_r1,NAA-GDP,4,2,0.024,1,OP,0.8396296296296297,0.248
s4_p2_NAA-GDP_l4_r1,NAA-GDP,4,2,0.024,1,MP,0.8396296296296297,0.146
s4_p2_NAA-GDP_l4_r1,NAA-GDP,4,2,0.024,1,AM,0.8396296296296297,0.191
s4_p20_NAA-GDP_l4_r1,NAA-GDP,4,20,0.024,1,OP,0.8685530706646108,0.248
s4_p20_NAA-GDP_l4_r1,NAA-GDP,4,20,0.024,1,MP,0.8685530706646108,0.146
s4_p20_NAA-GDP_l4_r1,NAA-GDP,4,20,0.024,1,AM,0.8685530706646108,0.177
s4_p2_NAA-GDP_l4_r2,NAA-GDP,4,2,0.024,2,OP,0.832037037037037,0.274
s4_p2_NAA-GDP_l4_r2,NAA-GDP,4,2,0.024,2,MP,0.832037037037037,0.219
s4_p2_NAA-GDP_l4_r2,NAA-GDP,4,2,0.024,2,AM,0.832037037037037,0.225
s4_p20_NAA-GDP_l4_r2,NAA-GDP,4,20,0.024,2,OP,0.858251980679763,0.274
s4_p20_NAA-GDP_l4_r2,NAA-GDP,4,20,0.024,2,MP,0.858251980679763,0.219
s4_p20_NAA-GDP_l4_r2,NAA-GDP,4,20,0.024,2,AM,0.858251980679763,0.275
s4_p2_NAA-GDP_l4_r3,NAA-GDP,4,2,0.024,3,OP,0.8140740740740741,0.278
s4_p2_NAA-GDP_l4_r3,NAA-GDP,4,2,0.024,3,MP,0.8140740740740741,0.225
s4_p2_NAA-GDP_l4_r3,NAA-GDP,4,2,0.024,3,AM,0.8140740740740741,0.169
s4_p20_NAA-GDP_l4_r3,NAA-GDP,4,20,0.024,3,OP,0.8589240565387982,0.278
s4_p20_NAA-GDP_l4_r3,NAA-GDP,4,20,0.024,3,MP,0.8589240565387982,0.225
s4_p20_NAA-GDP_l4_r3,NAA-GDP,4,20,0.024,3,AM,0.8589240565387982,0.206
s4_p2_NAA-GDP_l5_r0,NAA-GDP,4,2,0.03,0,OP,0.8422222222222222,0.26
s4_p2_NAA-GDP_l5_r0,NAA-GDP,4,2,0.03,0,MP,0.8422222222222222,0.171
s4_p2_NAA-GDP_l5_r0,NAA-GDP,4,2,0.03,0,AM,0.8422222222222222,0.144
s4_p20_NAA-GDP_l5_r0,NAA-GDP,4,20,0.03,0,OP,0.8499952602914624,0.26
s4_p20_NAA-GDP_l5_r0,NAA-GDP,4,20,0.03,0,MP,0.8499952602914624,0.171
s4_p20_NAA-GDP_l5_r0,NAA-GDP,4,20,0.03,0,AM,0.8499952602914624,0.201
s4_p2_NAA-GDP_l5_r1,NAA-GDP,4,2,0.03,1,OP,0.815,0.171
s4_p2_NAA-GDP_l5_r1,NAA-GDP,4,2,0.03,1,MP,0.815,0.132
s4_p2_NAA-GDP_l5_r1,NAA-GDP,4,2,0.03,1,AM,0.815,0.115
s4_p20_NAA-GDP_l5_r1,NAA-GDP,4,20,0.03,1,OP,0.8530856983738356,0.171
s4_p20_NAA-GDP_l5_r1,NAA-GDP,4,20,0.03,1,MP,0.8530856983738356,0.132
s4_p20_NAA-GDP_l5_r1,NAA-GDP,4,20,0.03,1,AM,0.8530856983738356,0.173
s4_p2_NAA-GDP_l5_r2,NAA-GDP,4,2,0.03,2,OP,0.8274074074074074,0.185
s4_p2_NAA-GDP_l5_r2,NAA-GDP,4,2,0.03,2,MP,0.8274074074074074,0.189
s4_p2_NAA-GDP_l5_r2,NAA-GDP,4,2,0.03,2,AM,0.8274074074074074,0.134
s4_p20_NAA-GDP_l5_r2,NAA-GDP,4,20,0.03,2,OP,0.8534234026071359,0.185
s4_p20_NAA-GDP_l5_r2,NAA-GDP,4,20,0.03,2,MP,0.8534234026071359,0.189
s4_p20_NAA-GDP_l5_r2,NAA-GDP,4,20,0.03,2,AM,0.8534234026071359,0.152
s4_p2_NAA-GDP_l5_r3,NAA-GDP,4,2,0.03,3,OP,0.8164814814814815,0.232
s4_p2_NAA-GDP_l5_r3,NAA-GDP,4,2,0.03,3,MP,0.8164814814814815,0.227
s4_p2_NAA-GDP_l5_r3,NAA-GDP,4,2,0.03,3,AM,0.8164814814814815,0.151
s4_p20_NAA-GDP_l5_r3,NAA-GDP,4,20,0.03,3,OP,0.8497882683326743,0.232
s4_p20_NAA-GDP_l5_r3,NAA-GDP,4,20,0.03,3,MP,0.8497882683326743,0.227
s4_p20_NAA-GDP_l5_r3,NAA-GDP,4,20,0.03,3,AM,0.8497882683326743,0.167
s4_p2_NAA-GDP_l6_r0,NAA-GDP,4,2,0.036,0,OP,0.8390740740740741,0.17
s4_p2_NAA-GDP_l6_r0,NAA-GDP,4,2,0.036,0,MP,0.8390740740740741,0.154
s4_p2_NAA-GDP_l6_r0,NAA-GDP,4,2,0.036,0,AM,0.8390740740740741,0.14
s4_p20_NAA-GDP_l6_r0,NAA-GDP,4,20,0.036,0,OP,0.8475357959081504,0.17
s4_p20_NAA-GDP_l6_r0,NAA-GDP,4,20,0.036,0,MP,0.8475357959081504,0.154
s4_p20_NAA-GDP_l6_r0,NAA-GDP,4,20,0.036,0,AM,0.8475357959081504,0.148
s4_p2_NAA-GDP_l6_r1,NAA-GDP,4,2,0.036,1,OP,0.8266666666666667,0.221
s4_p2_NAA-GDP_l6_r1,NAA-GDP,4,2,0.036,1,MP,0.8266666666666667,0.149
s4_p2_NAA-GDP_l6_r1,NAA-GDP,4,2,0.036,1,AM,0.8266666666666667,0.135
s4_p20_NAA-GDP_l6_r1,NAA-GDP,4,20,0.036,1,OP,0.8515823220720822,0.221
s4_p20_NAA-GDP_l6_r1,NAA-GDP,4,20,0.036,1,MP,0.8515823220720822,0.149
s4_p20_NAA-GDP_l6_r1,NAA-GDP,4,20,0.036,1,AM,0.8515823220720822,0.11
s4_p2_NAA-GDP_l6_r2,NAA-GDP,4,2,0.036,2,OP,0.8190740740740741,0.164
s4_p2_NAA-GDP_l6_r2,NAA-GDP,4,2,0.036,2,MP,0.8190740740740741,0.114
s4_p2_NAA-GDP_l6_r2,NAA-GDP,4,2,0.036,2,AM,0.8190740740740741,0.086
s4_p20_NAA-GDP_l6_r2,NAA-GDP,4,20,0.036,2,OP,0.8389184133233207,0.164
s4_p20_NAA-GDP_l6_r2,NAA-GDP,4,20,0.036,2,MP,0.8389184133233207,0.114
s4_p20_NAA-GDP_l6_r2,NAA-GDP,4,20,0.036,2,AM,0.8389184133233207,0.139
s4_p2_NAA-GDP_l6_r3,NAA-GDP,4,2,0.036,3,OP,0.8172222222222223,0.219
s4_p2_NAA-GDP_l6_r3,NAA-GDP,4,2,0.036,3,MP,0.8172222222222223,0.152
s4_p2_NAA-GDP_l6_r3,NAA-GDP,4,2,0.036,3,AM,0.8172222222222223,0.116
s4_p20_NAA-GDP_l6_r3,NAA-GDP,4,20,0.036,3,OP,0.8512949772419932,0.219
s4_p20_NAA-GDP_l6_r3,NAA-GDP,4,20,0.036,3,MP,0.8512949772419932,0.152
s4_p20_NAA-GDP_l6_r3,NAA-GDP,4,20,0.036,3,AM,0.8512949772419932,0.12
s4_p2_NAA-GDP_l7_r0,NAA-GDP,4,2,0.042,0,OP,0.8233333333333334,0.183
s4_p2_NAA-GDP_l7_r0,NAA-GDP,4,2,0.042,0,MP,0.8233333333333334,0.132
s4_p2_NAA-GDP_l7_r0,NAA-GDP,4,2,0.042,0,AM,0.8233333333333334,0.129
s4_p20_NAA-GDP_l7_r0,NAA-GDP,4,20,0.042,0,OP,0.8350770276695297,0.183
s4_p20_NAA-GDP_l7_r0,NAA-GDP,4,20,0.042,0,MP,0.8350770276695297,0.132
s4_p20_NAA-GDP_l7_r0,NAA-GDP,4,20,0.042,0,AM,0.8350770276695297,0.153
s4_p2_NAA-GDP_l7_r1,NAA-GDP,4,2,0.042,1,OP,0.8075925925925926,0.154
s4_p2_NAA-GDP_l7_r1,NAA-GDP,4,2,0.042,1,MP,0.8075925925925926,0.115
s4_p2_NAA-GDP_l7_r1,NAA-GDP,4,2,0.042,1,AM,0.8075925925925926,0.104
s4_p20_NAA-GDP_l7_r1,NAA-GDP,4,20,0.042,1,OP,0.8381256230124698,0.154
s4_p20_NAA-GDP_l7_r1,NAA-GDP,4,20,0.042,1,MP,0.8381256230124698,0.115
s4_p20_NAA-GDP_l7_r1,NAA-GDP,4,20,0.042,1,AM,0.8381256230124698,0.142
s4_p2_NAA-GDP_l7_r2,NAA-GDP,4,2,0.042,2,OP,0.7837037037037037,0.168
s4_p2_NAA-GDP_l7_r2,NAA-GDP,4,2,0.042,2,MP,0.7837037037037037,0.126
s4_p2_NAA-GDP_l7_r2,NAA-GDP,4,2,0.042,2,AM,0.7837037037037037,0.098
s4_p20_NAA-GDP_l7_r2,NAA-GDP,4,20,0.042,2,OP,0.8255820584257947,0.168
s4_p20_NAA-GDP_l7_r2,NAA-GDP,4,20,0.042,2,MP,0.8255820584257947,0.126
s4_p20_NAA-GDP_l7_r2,NAA-GDP,4,20,0.042,2,AM,0.8255820584257947,0.134
s4_p2_NAA-GDP_l7_r3,NAA-GDP,4,2,0.042,3,OP,0.7951851851851852,0.169
s4_p2_NAA-GDP_l7_r3,NAA-GDP,4,2,0.042,3,MP,0.7951851851851852,0.107
s4_p2_NAA-GDP_l7_r3,NAA-GDP,4,2,0.042,3,AM,0.7951851851851852,0.12
s4_p20_NAA-GDP_l7_r3,NAA-GDP,4,20,0.042,3,OP,0.8306239233826115,0.169
s4_p20_NAA-GDP_l7_r3,NAA-GDP,4,20,0.042,3,MP,0.8306239233826115,0.107
s4_p20_NAA-GDP_l7_r3,NAA-GDP,4,20,0.042,3,AM,0.8306239233826115,0.135
s4_p2_NAA-GDP_l8_r0,NAA-GDP,4,2,0.048,0,OP,0.8301851851851851,0.152
s4_p2_NAA-GDP_l8_r0,NAA-GDP,4,2,0.048,0,MP,0.8301851851851851,0.103
s4_p2_NAA-GDP_l8_r0,NAA-GDP,4,2,0.048,0,AM,0.8301851851851851,0.123
s4_p20_NAA-GDP_l8_r0,NAA-GDP,4,20,0.048,0,OP,0.8269402811535858,0.152
s4_p20_NAA-GDP_l8_r0,NAA-GDP,4,20,0.048,0,MP,0.8269402811535858,0.103
s4_p20_NAA-GDP_l8_r0,NAA-GDP,4,20,0.048,0,AM,0.8269402811535858,0.104
s4_p2_NAA-GDP_l8_r1,NAA-GDP,4,2,0.048,1,OP,0.8305555555555555,0.16
s4_p2_NAA-GDP_l8_r1,NAA-GDP,4,2,0.048,1,MP,0.8305555555555555,0.088
s4_p2_NAA-GDP_l8_r1,NAA-GDP,4,2,0.048,1,AM,0.8305555555555555,0.094
s4_p20_NAA-GDP_l8_r1,NAA-GDP,4,20,0.048,1,OP,0.8304658096681168,0.16
s4_p20_NAA-GDP_l8_r1,NAA-GDP,4,20,0.048,1,MP,0.8304658096681168,0.088
s4_p20_NAA-GDP_l8_r1,NAA-GDP,4,20,0.048,1,AM,0.8304658096681168,0.129
s4_p2_NAA-GDP_l8_r2,NAA-GDP,4,2,0.048,2,OP,0.8387037037037037,0.151
s4_p2_NAA-GDP_l8_r2,NAA-GDP,4,2,0.048,2,MP,0.8387037037037037,0.11
s4_p2_NAA-GDP_l8_r2,NAA-GDP,4,2,0.048,2,AM,0.8387037037037037,0.103
s4_p20_NAA-GDP_l8_r2,NAA-GDP,4,20,0.048,2,OP,0.8273420455100889,0.151
s4_p20_NAA-GDP_l8_r2,NAA-GDP,4,20,0.048,2,MP,0.8273420455100889,0.11
s4_p20_NAA-GDP_l8_r2,NAA-GDP,4,20,0.048,2,AM,0.8273420455100889,0.107
s4_p2_NAA-GDP_l8_r3,NAA-GDP,4,2,0.048,3,OP,0.8225925925925925,0.138
s4_p2_NAA-GDP_l8_r3,NAA-GDP,4,2,0.048,3,MP,0.8225925925925925,0.092
s4_p2_NAA-GDP_l8_r3,NAA-GDP,4,2,0.048,3,AM,0.8225925925925925,0.102
s4_p20_NAA-GDP_l8_r3,NAA-GDP,4,20,0.048,3,OP,0.8303699046281772,0.138
s4_p20_NAA-GDP_l8_r3,NAA-GDP,4,20,0.048,3,MP,0.8303699046281772,0.092
s4_p20_NAA-GDP_l8_r3,NAA-GDP,4,20,0.048,3,AM,0.8303699046281772,0.101
s4_p2_NAA-GDP_l9_r0,NAA-GDP,4,2,0.054,0,OP,0.820925925925926,0.152
s4_p2_NAA-GDP_l9_r0,NAA-GDP,4,2,0.054,0,MP,0.820925925925926,0.087
s4_p2_NAA-GDP_l9_r0,NAA-GDP,4,2,0.054,0,AM,0.820925925925926,0.111
s4_p20_NAA-GDP_l9_r0,NAA-GDP,4,20,0.054,0,OP,0.8180399972154212,0.152
s4_p20_NAA-GDP_l9_r0,NAA-GDP,4,20,0.054,0,MP,0.8180399972154212,0.087
s4_p20_NAA-GDP_l9_r0,NAA-GDP,4,20,0.054,0,AM,0.8180399972154212,0.092
s4_p2_NAA-GDP_l9_r1,NAA-GDP,4,2,0.054,1,OP,0.837037037037037,0.132
s4_p2_NAA-GDP_l9_r1,NAA-GDP,4,2,0.054,1,MP,0.837037037037037,0.092
s4_p2_NAA-GDP_l9_r1,NAA-GDP,4,2,0.054,1,AM,0.837037037037037,0.142
s4_p20_NAA-GDP_l9_r1,NAA-GDP,4,20,0.054,1,OP,0.8180822102445837,0.132
s4_p20_NAA-GDP_l9_r1,NAA-GDP,4,20,0.054,1,MP,0.8180822102445837,0.092
s4_p20_NAA-GDP_l9_r1,NAA-GDP,4,20,0.054,1,AM,0.8180822102445837,0.09
s4_p2_NAA-GDP_l9_r2,NAA-GDP,4,2,0.054,2,OP,0.8383333333333334,0.137
s4_p2_NAA-GDP_l9_r2,NAA-GDP,4,2,0.054,2,MP,0.8383333333333334,0.106
s4_p2_NAA-GDP_l9_r2,NAA-GDP,4,2,0.054,2,AM,0.8383333333333334,0.106
s4_p20_NAA-GDP_l9_r2,NAA-GDP,4,20,0.054,2,OP,0.8186113542680336,0.137
s4_p20_NAA-GDP_l9_r2,NAA-GDP,4,20,0.054,2,MP,0.8186113542680336,0.106
s4_p20_NAA-GDP_l9_r2,NAA-GDP,4,20,0.054,2,AM,0.8186113542680336,0.112
s4_p2_NAA-GDP_l9_r3,NAA-GDP,4,2,0.054,3,OP,0.8103703703703704,0.114
s4_p2_NAA-GDP_l9_r3,NAA-GDP,4,2,0.054,3,MP,0.8103703703703704,0.105
s4_p2_NAA-GDP_l9_r3,NAA-GDP,4,2,0.054,3,AM,0.8103703703703704,0.078
s4_p20_NAA-GDP_l9_r3,NAA-GDP,4,20,0.054,3,OP,0.8145603846273478,0.114
s4_p20_NAA-GDP_l9_r3,NAA-GDP,4,20,0.054,3,MP,0.8145603846273478,0.105
s4_p20_NAA-GDP_l9_r3,NAA-GDP,4,20,0.054,3,AM,0.8145603846273478,0.117
s4_p2_NAA-GDP_l10_r0,NAA-GDP,4,2,0.06,0,OP,0.8240740740740741,0.132
s4_p2_NAA-GDP_l10_r0,NAA-GDP,4,2,0.06,0,MP,0.8240740740740741,0.113
s4_p2_NAA-GDP_l10_r0,NAA-GDP,4,2,0.06,0,AM,0.8240740740740741,0.117
s4_p20_NAA-GDP_l10_r0,NAA-GDP,4,20,0.06,0,OP,0.8176193480827139,0.132
s4_p20_NAA-GDP_l10_r0,NAA-GDP,4,20,0.06,0,MP,0.8176193480827139,0.113
s4_p20_NAA-GDP_l10_r0,NAA-GDP,4,20,0.06,0,AM,0.8176193480827139,0.124
s4_p2_NAA-GDP_l10_r1,NAA-GDP,4,2,0.06,1,OP,0.8320370370370371,0.152
s4_p2_NAA-GDP_l10_r1,NAA-GDP,4,2,0.06,1,MP,0.8320370370370371,0.091
s4_p2_NAA-GDP_l10_r1,NAA-GDP,4,2,0.06,1,AM,0.8320370370370371,0.097
s4_p20_NAA-GDP_l10_r1,NAA-GDP,4,20,0.06,1,OP,0.8272065194690934,0.152
s4_p20_NAA-GDP_l10_r1,NAA-GDP,4,20,0.06,1,MP,0.8272065194690934,0.091
s4_p20_NAA-GDP_l10_r1,NAA-GDP,4,20,0.06,1,AM,0.8272065194690934,0.1
s4_p2_NAA-GDP_l10_r2,NAA-GDP,4,2,0.06,2,OP,0.826111111111111,0.137
s4_p2_NAA-GDP_l10_r2,NAA-GDP,4,2,0.06,2,MP,0.826111111111111,0.089
s4_p2_NAA-GDP_l10_r2,NAA-GDP,4,2,0.06,2,AM,0.826111111111111,0.078
s4_p20_NAA-GDP_l10_r2,NAA-GDP,4,20,0.06,2,OP,0.8195348568533964,0.137
s4_p20_NAA-GDP_l10_r2,NAA-GDP,4,20,0.06,2,MP,0.8195348568533964,0.089
s4_p20_NAA-GDP_l10_r2,NAA-GDP,4,20,0.06,2,AM,0.8195348568533964,0.108
s4_p2_NAA-GDP_l10_r3,NAA-GDP,4,2,0.06,3,OP,0.827962962962963,0.159
s4_p2_NAA-GDP_l10_r3,NAA-GDP,4,2,0.06,3,MP,0.827962962962963,0.09
s4_p2_NAA-GDP_l10_r3,NAA-GDP,4,2,0.06,3,AM,0.827962962962963,0.073
s4_p20_NAA-GDP_l10_r3,NAA-GDP,4,20,0.06,3,OP,0.8184758282270379,0.159
s4_p20_NAA-GDP_l10_r3,NAA-GDP,4,20,0.06,3,MP,0.8184758282270379,0.09
s4_p20_NAA-GDP_l10_r3,NAA-GDP,4,20,0.06,3,AM,0.8184758282270379,0.097
s0_p5_NAA-GDP_l1_r0,NAA-GDP,0,5,0.006,0,OP,0.8726073409409665,0.664
s0_p5_NAA-GDP_l1_r0,NAA-GDP,0,5,0.006,0,MP,0.8726073409409665,0.584
s0_p5_NAA-GDP_l1_r0,NAA-GDP,0,5,0.006,0,AM,0.8726073409409665,0.558
s0_p10_NAA-GDP_l1_r0,NAA-GDP,0,10,0.006,0,OP,0.8829043782690648,0.664
s0_p10_NAA-GDP_l1_r0,NAA-GDP,0,10,0.006,0,MP,0.8829043782690648,0.584
s0_p10_NAA-GDP_l1_r0,NAA-GDP,0,10,0.006,0,AM,0.8829043782690648,0.558
s0_p5_NAA-GDP_l1_r1,NAA-GDP,0,5,0.006,1,OP,0.8773428534999362,0.661
s0_p5_NAA-GDP_l1_r1,NAA-GDP,0,5,0.006,1,MP,0.8773428534999362,0.607
s0_p5_NAA-GDP_l1_r1,NAA-GDP,0,5,0.006,1,AM,0.8773428534999362,0.609
s0_p10_NAA-GDP_l1_r1,NAA-GDP,0,10,0.006,1,OP,0.8857197692723595,0.661
s0_p10_NAA-GDP_l1_r1,NAA-GDP,0,10,0.006,1,MP,0.8857197692723595,0.607
s0_p10_NAA-GDP_l1_r1,NAA-GDP,0,10,0.006,1,AM,0.8857197692723595,0.613
s0_p5_NAA-GDP_l1_r2,NAA-GDP,0,5,0.006,2,OP,0.886570827489481,0.643
s0_p5_NAA-GDP_l1_r2,NAA-GDP,0,5,0.006,2,MP,0.886570827489481,0.556
s0_p5_NAA-GDP_l1_r2,NAA-GDP,0,5,0.006,2,AM,0.886570827489481,0.564
s0_p10_NAA-GDP_l1_r2,NAA-GDP,0,10,0.006,2,OP,0.8857292285878438,0.643
s0_p10_NAA-GDP_l1_r2,NAA-GDP,0,10,0.006,2,MP,0.8857292285878438,0.556
s0_p10_NAA-GDP_l1_r2,NAA-GDP,0,10,0.006,2,AM,0.8857292285878438,0.57
s0_p5_NAA-GDP_l1_r3,NAA-GDP,0,5,0.006,3,OP,0.86869262399592,0.655
s0_p5_NAA-GDP_l1_r3,NAA-GDP,0,5,0.006,3,MP,0.86869262399592,0.614
s0_p5_NAA-GDP_l1_r3,NAA-GDP,0,5,0.006,3,AM,0.86869262399592,0.579
s0_p10_NAA-GDP_l1_r3,NAA-GDP,0,10,0.006,3,OP,0.887077678903038,0.655
s0_p10_NAA-GDP_l1_r3,NAA-GDP,0,10,0.006,3,MP,0.887077678903038,0.614
s0_p10_NAA-GDP_l1_r3,NAA-GDP,0,10,0.006,3,AM,0.887077678903038,0.581
s0_p5_NAA-GDP_l2_r0,NAA-GDP,0,5,0.012,0,OP,0.8714299375239067,0.579
s0_p5_NAA-GDP_l2_r0,NAA-GDP,0,5,0.012,0,MP,0.8714299375239067,0.454
s0_p5_NAA-GDP_l2_r0,NAA-GDP,0,5,0.012,0,AM,0.8714299375239067,0.398
s0_p10_NAA-GDP_l2_r0,NAA-GDP,0,10,0.012,0,OP,0.8884480350014587,0.579
s0_p10_NAA-GDP_l2_r0,NAA-GDP,0,10,0.012,0,MP,0.8884480350014587,0.454
s0_p10_NAA-GDP_l2_r0,NAA-GDP,0,10,0.012,0,AM,0.8884480350014587,0.412
s0_p5_NAA-GDP_l2_r1,NAA-GDP,0,5,0.012,1,OP,0.8604328700752264,0.464
s0_p5_NAA-GDP_l2_r1,NAA-GDP,0,5,0.012,1,MP,0.8604328700752264,0.361
s0_p5_NAA-GDP_l2_r1,NAA-GDP,0,5,0.012,1,AM,0.8604328700752264,0.34
s0_p10_NAA-GDP_l2_r1,NAA-GDP,0,10,0.012,1,OP,0.8867737361607725,0.464
s0_p10_NAA-GDP_l2_r1,NAA-GDP,0,10,0.012,1,MP,0.8867737361607725,0.361
s0_p10_NAA-GDP_l2_r1,NAA-GDP,0,10,0.012,1,AM,0.8867737361607725,0.333
s0_p5_NAA-GDP_l2_r2,NAA-GDP,0,5,0.012,2,OP,0.8766296378936631,0.505
s0_p5_NAA-GDP_l2_r2,NAA-GDP,0,5,0.012,2,MP,0.8766296378936631,0.376
s0_p5_NAA-GDP_l2_r2,NAA-GDP,0,5,0.012,2,AM,0.8766296378936631,0.32
s0_p10_NAA-GDP_l2_r2,NAA-GDP,0,10,0.012,2,OP,0.8832551197300411,0.505
s0_p10_NAA-GDP_l2_r2,NAA-GDP,0,10,0.012,2,MP,0.8832551197300411,0.376
s0_p10_NAA-GDP_l2_r2,NAA-GDP,0,10,0.012,2,AM,0.8832551197300411,0.329
s0_p5_NAA-GDP_l2_r3,NAA-GDP,0,5,0.012,3,OP,0.8658875749075609,0.467
s0_p5_NAA-GDP_l2_r3,NAA-GDP,0,5,0.012,3,MP,0.8658875749075609,0.38
s0_p5_NAA-GDP_l2_r3,NAA-GDP,0,5,0.012,3,AM,0.8658875749075609,0.372
s0_p10_NAA-GDP_l2_r3,NAA-GDP,0,10,0.012,3,OP,0.8657431885460634,0.467
s0_p10_NAA-GDP_l2_r3,NAA-GDP,0,10,0.012,3,MP,0.8657431885460634,0.38
s0_p10_NAA-GDP_l2_r3,NAA-GDP,0,10,0.012,3,AM,0.8657431885460634,0.373
s0_p5_NAA-GDP_l3_r0,NAA-GDP,0,5,0.018,0,OP,0.8684236739767945,0.339
s0_p5_NAA-GDP_l3_r0,NAA-GDP,0,5,0.018,0,MP,0.8684236739767945,0.302
s0_p5_NAA-GDP_l3_r0,NAA-GDP,0,5,0.018,0,AM,0.8684236739767945,0.274
s0_p10_NAA-GDP_l3_r0,NAA-GDP,0,10,0.018,0,OP,0.8742598085633689,0.339
s0_p10_NAA-GDP_l3_r0,NAA-GDP,0,10,0.018,0,MP,0.8742598085633689,0.302
s0_p10_NAA-GDP_l3_r0,NAA-GDP,0,10,0.018,0,AM,0.8742598085633689,0.286
s0_p5_NAA-GDP_l3_r1,NAA-GDP,0,5,0.018,1,OP,0.8452381901058268,0.417
s0_p5_NAA-GDP_l3_r1,NAA-GDP,0,5,0.018,1,MP,0.8452381901058268,0.234
s0_p5_NAA-GDP_l3_r1,NAA-GDP,0,5,0.018,1,AM,0.8452381901058268,0.223
s0_p10_NAA-GDP_l3_r1,NAA-GDP,0,10,0.018,1,OP,0.8640766065153773,0.417
s0_p10_NAA-GDP_l3_r1,NAA-GDP,0,10,0.018,1,MP,0.8640766065153773,0.234
s0_p10_NAA-GDP_l3_r1,NAA-GDP,0,10,0.018,1,AM,0.8640766065153773,0.228
s0_p5_NAA-GDP_l3_r2,NAA-GDP,0,5,0.018,2,OP,0.8691229440265205,0.322
s0_p5_NAA-GDP_l3_r2,NAA-GDP,0,5,0.018,2,MP,0.8691229440265205,0.29
s0_p5_NAA-GDP_l3_r2,NAA-GDP,0,5,0.018,2,AM,0.8691229440265205,0.219
s0_p10_NAA-GDP_l3_r2,NAA-GDP,0,10,0.018,2,OP,0.8802353577264186,0.322
s0_p10_NAA-GDP_l3_r2,NAA-GDP,0,10,0.018,2,MP,0.8802353577264186,0.29
s0_p10_NAA-GDP_l3_r2,NAA-GDP,0,10,0.018,2,AM,0.8802353577264186,0.234
s0_p5_NAA-GDP_l3_r3,NAA-GDP,0,5,0.018,3,OP,0.8647779070508734,0.385
s0_p5_NAA-GDP_l3_r3,NAA-GDP,0,5,0.018,3,MP,0.8647779070508734,0.275
s0_p5_NAA-GDP_l3_r3,NAA-GDP,0,5,0.018,3,AM,0.8647779070508734,0.267
s0_p10_NAA-GDP_l3_r3,NAA-GDP,0,10,0.018,3,OP,0.8702346208955283,0.385
s0_p10_NAA-GDP_l3_r3,NAA-GDP,0,10,0.018,3,MP,0.8702346208955283,0.275
s0_p10_NAA-GDP_l3_r3,NAA-GDP,0,10,0.018,3,AM,0.8702346208955283,0.248
s0_p5_NAA-GDP_l4_r0,NAA-GDP,0,5,0.024,0,OP,0.8595722300140253,0.259
s0_p5_NAA-GDP_l4_r0,NAA-GDP,0,5,0.024,0,MP,0.8595722300140253,0.23
s0_p5_NAA-GDP_l4_r0,NAA-GDP,0,5,0.024,0,AM,0.8595722300140253,0.244
s0_p10_NAA-GDP_l4_r0,NAA-GDP,0,10,0.024,0,OP,0.8650399631186267,0.259
s0_p10_NAA-GDP_l4_r0,NAA-GDP,0,10,0.024,0,MP,0.8650399631186267,0.23
s0_p10_NAA-GDP_l4_r0,NAA-GDP,0,10,0.024,0,AM,0.8650399631186267,0.23
s0_p5_NAA-GDP_l4_r1,NAA-GDP,0,5,0.024,1,OP,0.8561754908835905,0.287
s0_p5_NAA-GDP_l4_r1,NAA-GDP,0,5,0.024,1,MP,0.8561754908835905,0.214
s0_p5_NAA-GDP_l4_r1,NAA-GDP,0,5,0.024,1,AM,0.8561754908835905,0.192
s0_p10_NAA-GDP_l4_r1,NAA-GDP,0,10,0.024,1,OP,0.8663386275628522,0.287
s0_p10_NAA-GDP_l4_r1,NAA-GDP,0,10,0.024,1,MP,0.8663386275628522,0.214
s0_p10_NAA-GDP_l4_r1,NAA-GDP,0,10,0.024,1,AM,0.8663386275628522,0.227
s0_p5_NAA-GDP_l4_r2,NAA-GDP,0,5,0.024,2,OP,0.8405166231034042,0.339
s0_p5_NAA-GDP_l4_r2,NAA-GDP,0,5,0.024,2,MP,0.8405166231034042,0.222
s0_p5_NAA-GDP_l4_r2,NAA-GDP,0,5,0.024,2,AM,0.8405166231034042,0.179
s0_p10_NAA-GDP_l4_r2,NAA-GDP,0,10,0.024,2,OP,0.8655607233289622,0.339
s0_p10_NAA-GDP_l4_r2,NAA-GDP,0,10,0.024,2,MP,0.8655607233289622,0.222
s0_p10_NAA-GDP_l4_r2,NAA-GDP,0,10,0.024,2,AM,0.8655607233289622,0.186
s0_p5_NAA-GDP_l4_r3,NAA-GDP,0,5,0.024,3,OP,0.8691030218028816,0.34
s0_p5_NAA-GDP_l4_r3,NAA-GDP,0,5,0.024,3,MP,0.8691030218028816,0.235
s0_p5_NAA-GDP_l4_r3,NAA-GDP,0,5,0.024,3,AM,0.8691030218028816,0.178
s0_p10_NAA-GDP_l4_r3,NAA-GDP,0,10,0.024,3,OP,0.8705385636377938,0.34
s0_p10_NAA-GDP_l4_r3,NAA-GDP,0,10,0.024,3,MP,0.8705385636377938,0.235
s0_p10_NAA-GDP_l4_r3,NAA-GDP,0,10,0.024,3,AM,0.8705385636377938,0.186
s0_p5_NAA-GDP_l5_r0,NAA-GDP,0,5,0.03,0,OP,0.8514877916613541,0.23
s0_p5_NAA-GDP_l5_r0,NAA-GDP,0,5,0.03,0,MP,0.8514877916613541,0.153
s0_p5_NAA-GDP_l5_r0,NAA-GDP,0,5,0.03,0,AM,0.8514877916613541,0.141
s0_p10_NAA-GDP_l5_r0,NAA-GDP,0,10,0.03,0,OP,0.8584363651933036,0.23
s0_p10_NAA-GDP_l5_r0,NAA-GDP,0,10,0.03,0,MP,0.8584363651933036,0.153
s0_p10_NAA-GDP_l5_r0,NAA-GDP,0,10,0.03,0,AM,0.8584363651933036,0.113
s0_p5_NAA-GDP_l5_r1,NAA-GDP,0,5,0.03,1,OP,0.8525297239576692,0.236
s0_p5_NAA-GDP_l5_r1,NAA-GDP,0,5,0.03,1,MP,0.8525297239576692,0.149
s0_p5_NAA-GDP_l5_r1,NAA-GDP,0,5,0.03,1,AM,0.8525297239576692,0.116
s0_p10_NAA-GDP_l5_r1,NAA-GDP,0,10,0.03,1,OP,0.8594465205152638,0.236
s0_p10_NAA-GDP_l5_r1,NAA-GDP,0,10,0.03,1,MP,0.8594465205152638,0.149
s0_p10_NAA-GDP_l5_r1,NAA-GDP,0,10,0.03,1,AM,0.8594465205152638,0.167
s0_p5_NAA-GDP_l5_r2,NAA-GDP,0,5,0.03,2,OP,0.8536194695907178,0.222
s0_p5_NAA-GDP_l5_r2,NAA-GDP,0,5,0.03,2,MP,0.8536194695907178,0.125
s0_p5_NAA-GDP_l5_r2,NAA-GDP,0,5,0.03,2,AM,0.8536194695907178,0.125
s0_p10_NAA-GDP_l5_r2,NAA-GDP,0,10,0.03,2,OP,0.8576584609594136,0.222
s0_p10_NAA-GDP_l5_r2,NAA-GDP,0,10,0.03,2,MP,0.8576584609594136,0.125
s0_p10_NAA-GDP_l5_r2,NAA-GDP,0,10,0.03,2,AM,0.8576584609594136,0.145
s0_p5_NAA-GDP_l5_r3,NAA-GDP,0,5,0.03,3,OP,0.8616979312762973,0.26
s0_p5_NAA-GDP_l5_r3,NAA-GDP,0,5,0.03,3,MP,0.8616979312762973,0.156
s0_p5_NAA-GDP_l5_r3,NAA-GDP,0,5,0.03,3,AM,0.8616979312762973,0.155
s0_p10_NAA-GDP_l5_r3,NAA-GDP,0,10,0.03,3,OP,0.861180064542403,0.26
s0_p10_NAA-GDP_l5_r3,NAA-GDP,0,10,0.03,3,MP,0.861180064542403,0.156
s0_p10_NAA-GDP_l5_r3,NAA-GDP,0,10,0.03,3,AM,0.861180064542403,0.189
s0_p5_NAA-GDP_l6_r0,NAA-GDP,0,5,0.036,0,OP,0.8438396500063752,0.216
s0_p5_NAA-GDP_l6_r0,NAA-GDP,0,5,0.036,0,MP,0.8438396500063752,0.108
s0_p5_NAA-GDP_l6_r0,NAA-GDP,0,5,0.036,0,AM,0.8438396500063752,0.137
s0_p10_NAA-GDP_l6_r0,NAA-GDP,0,10,0.036,0,OP,0.8528956956131677,0.216
s0_p10_NAA-GDP_l6_r0,NAA-GDP,0,10,0.036,0,MP,0.8528956956131677,0.108
s0_p10_NAA-GDP_l6_r0,NAA-GDP,0,10,0.036,0,AM,0.8528956956131677,0.165
s0_p5_NAA-GDP_l6_r1,NAA-GDP,0,5,0.036,1,OP,0.8398711430575035,0.186
s0_p5_NAA-GDP_l6_r1,NAA-GDP,0,5,0.036,1,MP,0.8398711430575035,0.118
s0_p5_NAA-GDP_l6_r1,NAA-GDP,0,5,0.036,1,AM,0.8398711430575035,0.128
s0_p10_NAA-GDP_l6_r1,NAA-GDP,0,10,0.036,1,OP,0.8508285862505365,0.186
s0_p10_NAA-GDP_l6_r1,NAA-GDP,0,10,0.036,1,MP,0.8508285862505365,0.118
s0_p10_NAA-GDP_l6_r1,NAA-GDP,0,10,0.036,1,AM,0.8508285862505365,0.114
s0_p5_NAA-GDP_l6_r2,NAA-GDP,0,5,0.036,2,OP,0.8466984890985593,0.186
s0_p5_NAA-GDP_l6_r2,NAA-GDP,0,5,0.036,2,MP,0.8466984890985593,0.13
s0_p5_NAA-GDP_l6_r2,NAA-GDP,0,5,0.036,2,AM,0.8466984890985593,0.141
s0_p10_NAA-GDP_l6_r2,NAA-GDP,0,10,0.036,2,OP,0.8591378481152563,0.186
s0_p10_NAA-GDP_l6_r2,NAA-GDP,0,10,0.036,2,MP,0.8591378481152563,0.13
s0_p10_NAA-GDP_l6_r2,NAA-GDP,0,10,0.036,2,AM,0.8591378481152563,0.168
s0_p5_NAA-GDP_l6_r3,NAA-GDP,0,5,0.036,3,OP,0.8507944982787199,0.199
s0_p5_NAA-GDP_l6_r3,NAA-GDP,0,5,0.036,3,MP,0.8507944982787199,0.117
s0_p5_NAA-GDP_l6_r3,NAA-GDP,0,5,0.036,3,AM,0.8507944982787199,0.14
s0_p10_NAA-GDP_l6_r3,NAA-GDP,0,10,0.036,3,OP,0.8426704245042074,0.199
s0_p10_NAA-GDP_l6_r3,NAA-GDP,0,10,0.036,3,MP,0.8426704245042074,0.117
s0_p10_NAA-GDP_l6_r3,NAA-GDP,0,10,0.036,3,AM,0.8426704245042074,0.168
s0_p5_NAA-GDP_l7_r0,NAA-GDP,0,5,0.042,0,OP,0.833938304857835,0.212
s0_p5_NAA-GDP_l7_r0,NAA-GDP,0,5,0.042,0,MP,0.833938304857835,0.12
s0_p5_NAA-GDP_l7_r0,NAA-GDP,0,5,0.042,0,AM,0.833938304857835,0.141
s0_p10_NAA-GDP_l7_r0,NAA-GDP,0,10,0.042,0,OP,0.835719072270166,0.212
s0_p10_NAA-GDP_l7_r0,NAA-GDP,0,10,0.042,0,MP,0.835719072270166,0.12
s0_p10_NAA-GDP_l7_r0,NAA-GDP,0,10,0.042,0,AM,0.835719072270166,0.129
s0_p5_NAA-GDP_l7_r1,NAA-GDP,0,5,0.042,1,OP,0.8289816556164733,0.183
s0_p5_NAA-GDP_l7_r1,NAA-GDP,0,5,0.042,1,MP,0.8289816556164733,0.111
s0_p5_NAA-GDP_l7_r1,NAA-GDP,0,5,0.042,1,AM,0.8289816556164733,0.121
s0_p10_NAA-GDP_l7_r1,NAA-GDP,0,10,0.042,1,OP,0.8470978820094772,0.183
s0_p10_NAA-GDP_l7_r1,NAA-GDP,0,10,0.042,1,MP,0.8470978820094772,0.111
s0_p10_NAA-GDP_l7_r1,NAA-GDP,0,10,0.042,1,AM,0.8470978820094772,0.154
s0_p5_NAA-GDP_l7_r2,NAA-GDP,0,5,0.042,2,OP,0.8456087434655106,0.179
s0_p5_NAA-GDP_l7_r2,NAA-GDP,0,5,0.042,2,MP,0.8456087434655106,0.095
s0_p5_NAA-GDP_l7_r2,NAA-GDP,0,5,0.042,2,AM,0.8456087434655106,0.137
s0_p10_NAA-GDP_l7_r2,NAA-GDP,0,10,0.042,2,OP,0.8418676273348329,0.179
s0_p10_NAA-GDP_l7_r2,NAA-GDP,0,10,0.042,2,MP,0.8418676273348329,0.095
s0_p10_NAA-GDP_l7_r2,NAA-GDP,0,10,0.042,2,AM,0.8418676273348329,0.132
s0_p5_NAA-GDP_l7_r3,NAA-GDP,0,5,0.042,3,OP,0.8357950561009817,0.15
s0_p5_NAA-GDP_l7_r3,NAA-GDP,0,5,0.042,3,MP,0.8357950561009817,0.09
s0_p5_NAA-GDP_l7_r3,NAA-GDP,0,5,0.042,3,AM,0.8357950561009817,0.13
s0_p10_NAA-GDP_l7_r3,NAA-GDP,0,10,0.042,3,OP,0.8386748594295933,0.15
s0_p10_NAA-GDP_l7_r3,NAA-GDP,0,10,0.042,3,MP,0.8386748594295933,0.09
s0_p10_NAA-GDP_l7_r3,NAA-GDP,0,10,0.042,3,AM,0.8386748594295933,0.126
s0_p5_NAA-GDP_l8_r0,NAA-GDP,0,5,0.048,0,OP,0.8337032226188958,0.124
s0_p5_NAA-GDP_l8_r0,NAA-GDP,0,5,0.048,0,MP,0.8337032226188958,0.099
s0_p5_NAA-GDP_l8_r0,NAA-GDP,0,5,0.048,0,AM,0.8337032226188958,0.102
s0_p10_NAA-GDP_l8_r0,NAA-GDP,0,10,0.048,0,OP,0.8432800524942223,0.124
s0_p10_NAA-GDP_l8_r0,NAA-GDP,0,10,0.048,0,MP,0.8432800524942223,0.099
s0_p10_NAA-GDP_l8_r0,NAA-GDP,0,10,0.048,0,AM,0.8432800524942223,0.124
s0_p5_NAA-GDP_l8_r1,NAA-GDP,0,5,0.048,1,OP,0.8204668972332017,0.132
s0_p5_NAA-GDP_l8_r1,NAA-GDP,0,5,0.048,1,MP,0.8204668972332017,0.109
s0_p5_NAA-GDP_l8_r1,NAA-GDP,0,5,0.048,1,AM,0.8204668972332017,0.119
s0_p10_NAA-GDP_l8_r1,NAA-GDP,0,10,0.048,1,OP,0.8373513020498835,0.132
s0_p10_NAA-GDP_l8_r1,NAA-GDP,0,10,0.048,1,MP,0.8373513020498835,0.109
s0_p10_NAA-GDP_l8_r1,NAA-GDP,0,10,0.048,1,AM,0.8373513020498835,0.135
s0_p5_NAA-GDP_l8_r2,NAA-GDP,0,5,0.048,2,OP,0.8343965160015301,0.146
s0_p5_NAA-GDP_l8_r2,NAA-GDP,0,5,0.048,2,MP,0.8343965160015301,0.097
s0_p5_NAA-GDP_l8_r2,NAA-GDP,0,5,0.048,2,AM,0.8343965160015301,0.098
s0_p10_NAA-GDP_l8_r2,NAA-GDP,0,10,0.048,2,OP,0.8247111672695735,0.146
s0_p10_NAA-GDP_l8_r2,NAA-GDP,0,10,0.048,2,MP,0.8247111672695735,0.097
s0_p10_NAA-GDP_l8_r2,NAA-GDP,0,10,0.048,2,AM,0.8247111672695735,0.116
s0_p5_NAA-GDP_l8_r3,NAA-GDP,0,5,0.048,3,OP,0.8416601587402779,0.093
s0_p5_NAA-GDP_l8_r3,NAA-GDP,0,5,0.048,3,MP,0.8416601587402779,0.106
s0_p5_NAA-GDP_l8_r3,NAA-GDP,0,5,0.048,3,AM,0.8416601587402779,0.109
s0_p10_NAA-GDP_l8_r3,NAA-GDP,0,10,0.048,3,OP,0.8354009405546743,0.093
s0_p10_NAA-GDP_l8_r3,NAA-GDP,0,10,0.048,3,MP,0.8354009405546743,0.106
s0_p10_NAA-GDP_l8_r3,NAA-GDP,0,10,0.048,3,AM,0.8354009405546743,0.129
s0_p5_NAA-GDP_l9_r0,NAA-GDP,0,5,0.054,0,OP,0.8225786529389264,0.117
s0_p5_NAA-GDP_l9_r0,NAA-GDP,0,5,0.054,0,MP,0.8225786529389264,0.082
s0_p5_NAA-GDP_l9_r0,NAA-GDP,0,5,0.054,0,AM,0.8225786529389264,0.069
s0_p10_NAA-GDP_l9_r0,NAA-GDP,0,10,0.054,0,OP,0.8397519767480068,0.117
s0_p10_NAA-GDP_l9_r0,NAA-GDP,0,10,0.054,0,MP,0.8397519767480068,0.082
s0_p10_NAA-GDP_l9_r0,NAA-GDP,0,10,0.054,0,AM,0.8397519767480068,0.077
s0_p5_NAA-GDP_l9_r1,NAA-GDP,0,5,0.054,1,OP,0.8259216020655361,0.156
s0_p5_NAA-GDP_l9_r1,NAA-GDP,0,5,0.054,1,MP,0.8259216020655361,0.11
s0_p5_NAA-GDP_l9_r1,NAA-GDP,0,5,0.054,1,AM,0.8259216020655361,0.131
s0_p10_NAA-GDP_l9_r1,NAA-GDP,0,10,0.054,1,OP,0.8357564116733927,0.156
s0_p10_NAA-GDP_l9_r1,NAA-GDP,0,10,0.054,1,MP,0.8357564116733927,0.11
s0_p10_NAA-GDP_l9_r1,NAA-GDP,0,10,0.054,1,AM,0.8357564116733927,0.096
s0_p5_NAA-GDP_l9_r2,NAA-GDP,0,5,0.054,2,OP,0.8404030664286625,0.13
s0_p5_NAA-GDP_l9_r2,NAA-GDP,0,5,0.054,2,MP,0.8404030664286625,0.105
s0_p5_NAA-GDP_l9_r2,NAA-GDP,0,5,0.054,2,AM,0.8404030664286625,0.12
s0_p10_NAA-GDP_l9_r2,NAA-GDP,0,10,0.054,2,OP,0.8292476558322655,0.13
s0_p10_NAA-GDP_l9_r2,NAA-GDP,0,10,0.054,2,MP,0.8292476558322655,0.105
s0_p10_NAA-GDP_l9_r2,NAA-GDP,0,10,0.054,2,AM,0.8292476558322655,0.097
s0_p5_NAA-GDP_l9_r3,NAA-GDP,0,5,0.054,3,OP,0.8274615899528242,0.119
s0_p5_NAA-GDP_l9_r3,NAA-GDP,0,5,0.054,3,MP,0.8274615899528242,0.101
s0_p5_NAA-GDP_l9_r3,NAA-GDP,0,5,0.054,3,AM,0.8274615899528242,0.095
s0_p10_NAA-GDP_l9_r3,NAA-GDP,0,10,0.054,3,OP,0.8239006532901989,0.119
s0_p10_NAA-GDP_l9_r3,NAA-GDP,0,10,0.054,3,MP,0.8239006532901989,0.101
s0_p10_NAA-GDP_l9_r3,NAA-GDP,0,10,0.054,3,AM,0.8239006532901989,0.088
s0_p5_NAA-GDP_l10_r0,NAA-GDP,0,5,0.06,0,OP,0.8356137638658676,0.124
s0_p5_NAA-GDP_l10_r0,NAA-GDP,0,5,0.06,0,MP,0.8356137638658676,0.097
s0_p5_NAA-GDP_l10_r0,NAA-GDP,0,5,0.06,0,AM,0.8356137638658676,0.081
s0_p10_NAA-GDP_l10_r0,NAA-GDP,0,10,0.06,0,OP,0.8314770671342555,0.124
s0_p10_NAA-GDP_l10_r0,NAA-GDP,0,10,0.06,0,MP,0.8314770671342555,0.097
s0_p10_NAA-GDP_l10_r0,NAA-GDP,0,10,0.06,0,AM,0.8314770671342555,0.09
s0_p5_NAA-GDP_l10_r1,NAA-GDP,0,5,0.06,1,OP,0.8355400516384037,0.152
s0_p5_NAA-GDP_l10_r1,NAA-GDP,0,5,0.06,1,MP,0.8355400516384037,0.093
s0_p5_NAA-GDP_l10_r1,NAA-GDP,0,5,0.06,1,AM,0.8355400516384037,0.125
s0_p10_NAA-GDP_l10_r1,NAA-GDP,0,10,0.06,1,OP,0.8368103785618057,0.152
s0_p10_NAA-GDP_l10_r1,NAA-GDP,0,10,0.06,1,MP,0.8368103785618057,0.093
s0_p10_NAA-GDP_l10_r1,NAA-GDP,0,10,0.06,1,AM,0.8368103785618057,0.081
s0_p5_NAA-GDP_l10_r2,NAA-GDP,0,5,0.06,2,OP,0.843052722172638,0.162
s0_p5_NAA-GDP_l10_r2,NAA-GDP,0,5,0.06,2,MP,0.843052722172638,0.08
s0_p5_NAA-GDP_l10_r2,NAA-GDP,0,5,0.06,2,AM,0.843052722172638,0.115
s0_p10_NAA-GDP_l10_r2,NAA-GDP,0,10,0.06,2,OP,0.8234670183540591,0.162
s0_p10_NAA-GDP_l10_r2,NAA-GDP,0,10,0.06,2,MP,0.8234670183540591,0.08
s0_p10_NAA-GDP_l10_r2,NAA-GDP,0,10,0.06,2,AM,0.8234670183540591,0.101
s0_p5_NAA-GDP_l10_r3,NAA-GDP,0,5,0.06,3,OP,0.8446265778401122,0.097
s0_p5_NAA-GDP_l10_r3,NAA-GDP,0,5,0.06,3,MP,0.8446265778401122,0.091
s0_p5_NAA-GDP_l10_r3,NAA-GDP,0,5,0.06,3,AM,0.8446265778401122,0.109
s0_p10_NAA-GDP_l10_r3,NAA-GDP,0,10,0.06,3,OP,0.8317063310700676,0.097
s0_p10_NAA-GDP_l10_r3,NAA-GDP,0,10,0.06,3,MP,0.8317063310700676,0.091
s0_p10_NAA-GDP_l10_r3,NAA-GDP,0,10,0.06,3,AM,0.8317063310700676,0.112
s1_p5_NAA-GDP_l1_r0,NAA-GDP,1,5,0.006,0,OP,0.865022965764036,0.653
s1_p5_NAA-GDP_l1_r0,NAA-GDP,1,5,0.006,0,MP,0.865022965764036,0.569
s1_p5_NAA-GDP_l1_r0,NAA-GDP,1,5,0.006,0,AM,0.865022965764036,0.555
s1_p10_NAA-GDP_l1_r0,NAA-GDP,1,10,0.006,0,OP,0.8782703488372092,0.653
s1_p10_NAA-GDP_l1_r0,NAA-GDP,1,10,0.006,0,MP,0.8782703488372092,0.569
s1_p10_NAA-GDP_l1_r0,NAA-GDP,1,10,0.006,0,AM,0.8782703488372092,0.549
s1_p5_NAA-GDP_l1_r1,NAA-GDP,1,5,0.006,1,OP,0.8644268705292857,0.614
s1_p5_NAA-GDP_l1_r1,NAA-GDP,1,5,0.006,1,MP,0.8644268705292857,0.467
s1_p5_NAA-GDP_l1_r1,NAA-GDP,1,5,0.006,1,AM,0.8644268705292857,0.526
s1_p10_NAA-GDP_l1_r1,NAA-GDP,1,10,0.006,1,OP,0.8810015003750937,0.614
s1_p10_NAA-GDP_l1_r1,NAA-GDP,1,10,0.006,1,MP,0.8810015003750937,0.467
s1_p10_NAA-GDP_l1_r1,NAA-GDP,1,10,0.006,1,AM,0.8810015003750937,0.525
s1_p5_NAA-GDP_l1_r2,NAA-GDP,1,5,0.006,2,OP,0.8626424872488303,0.603
s1_p5_NAA-GDP_l1_r2,NAA-GDP,1,5,0.006,2,MP,0.8626424872488303,0.558
s1_p5_NAA-GDP_l1_r2,NAA-GDP,1,5,0.006,2,AM,0.8626424872488303,0.56
s1_p10_NAA-GDP_l1_r2,NAA-GDP,1,10,0.006,2,OP,0.8746522568142036,0.603
s1_p10_NAA-GDP_l1_r2,NAA-GDP,1,10,0.006,2,MP,0.8746522568142036,0.558
s1_p10_NAA-GDP_l1_r2,NAA-GDP,1,10,0.006,2,AM,0.8746522568142036,0.558
s1_p5_NAA-GDP_l1_r3,NAA-GDP,1,5,0.006,3,OP,0.8549078832863091,0.616
s1_p5_NAA-GDP_l1_r3,NAA-GDP,1,5,0.006,3,MP,0.8549078832863091,0.545
s1_p5_NAA-GDP_l1_r3,NAA-GDP,1,5,0.006,3,AM,0.8549078832863091,0.52
s1_p10_NAA-GDP_l1_r3,NAA-GDP,1,10,0.006,3,OP,0.8788876906726681,0.616
s1_p10_NAA-GDP_l1_r3,NAA-GDP,1,10,0.006,3,MP,0.8788876906726681,0.545
s1_p10_NAA-GDP_l1_r3,NAA-GDP,1,10,0.006,3,AM,0.8788876906726681,0.52
s1_p5_NAA-GDP_l2_r0,NAA-GDP,1,5,0.012,0,OP,0.8660922298839809,0.446
s1_p5_NAA-GDP_l2_r0,NAA-GDP,1,5,0.012,0,MP,0.8660922298839809,0.376
s1_p5_NAA-GDP_l2_r0,NAA-GDP,1,5,0.012,0,AM,0.8660922298839809,0.335
s1_p10_NAA-GDP_l2_r0,NAA-GDP,1,10,0.012,0,OP,0.8720383220805201,0.446
s1_p10_NAA-GDP_l2_r0,NAA-GDP,1,10,0.012,0,MP,0.8720383220805201,0.376
s1_p10_NAA-GDP_l2_r0,NAA-GDP,1,10,0.012,0,AM,0.8720383220805201,0.34
s1_p5_NAA-GDP_l2_r1,NAA-GDP,1,5,0.012,1,OP,0.8454132861920538,0.486
s1_p5_NAA-GDP_l2_r1,NAA-GDP,1,5,0.012,1,MP,0.8454132861920538,0.358
s1_p5_NAA-GDP_l2_r1,NAA-GDP,1,5,0.012,1,AM,0.8454132861920538,0.35
s1_p10_NAA-GDP_l2_r1,NAA-GDP,1,10,0.012,1,OP,0.8709247624406101,0.486
s1_p10_NAA-GDP_l2_r1,NAA-GDP,1,10,0.012,1,MP,0.8709247624406101,0.358
s1_p10_NAA-GDP_l2_r1,NAA-GDP,1,10,0.012,1,AM,0.8709247624406101,0.351
s1_p5_NAA-GDP_l2_r2,NAA-GDP,1,5,0.012,2,OP,0.8634112647365279,0.463
s1_p5_NAA-GDP_l2_r2,NAA-GDP,1,5,0.012,2,MP,0.8634112647365279,0.341
s1_p5_NAA-GDP_l2_r2,NAA-GDP,1,5,0.012,2,AM,0.8634112647365279,0.379
s1_p10_NAA-GDP_l2_r2,NAA-GDP,1,10,0.012,2,OP,0.8697330582645662,0.463
s1_p10_NAA-GDP_l2_r2,NAA-GDP,1,10,0.012,2,MP,0.8697330582645662,0.341
s1_p10_NAA-GDP_l2_r2,NAA-GDP,1,10,0.012,2,AM,0.8697330582645662,0.372
s1_p5_NAA-GDP_l2_r3,NAA-GDP,1,5,0.012,3,OP,0.8473088885506788,0.459
s1_p5_NAA-GDP_l2_r3,NAA-GDP,1,5,0.012,3,MP,0.8473088885506788,0.354
s1_p5_NAA-GDP_l2_r3,NAA-GDP,1,5,0.012,3,AM,0.8473088885506788,0.312
s1_p10_NAA-GDP_l2_r3,NAA-GDP,1,10,0.012,3,OP,0.8664353588397099,0.459
s1_p10_NAA-GDP_l2_r3,NAA-GDP,1,10,0.012,3,MP,0.8664353588397099,0.354
s1_p10_NAA-GDP_l2_r3,NAA-GDP,1,10,0.012,3,AM,0.8664353588397099,0.304
s1_p5_NAA-GDP_l3_r0,NAA-GDP,1,5,0.018,0,OP,0.8619966361106883,0.346
s1_p5_NAA-GDP_l3_r0,NAA-GDP,1,5,0.018,0,MP,0.8619966361106883,0.249
s1_p5_NAA-GDP_l3_r0,NAA-GDP,1,5,0.018,0,AM,0.8619966361106883,0.244
s1_p10_NAA-GDP_l3_r0,NAA-GDP,1,10,0.018,0,OP,0.8618326456614154,0.346
s1_p10_NAA-GDP_l3_r0,NAA-GDP,1,10,0.018,0,MP,0.8618326456614154,0.249
s1_p10_NAA-GDP_l3_r0,NAA-GDP,1,10,0.018,0,AM,0.8618326456614154,0.245
s1_p5_NAA-GDP_l3_r1,NAA-GDP,1,5,0.018,1,OP,0.8404337934290989,0.397
s1_p5_NAA-GDP_l3_r1,NAA-GDP,1,5,0.018,1,MP,0.8404337934290989,0.264
s1_p5_NAA-GDP_l3_r1,NAA-GDP,1,5,0.018,1,AM,0.8404337934290989,0.241
s1_p10_NAA-GDP_l3_r1,NAA-GDP,1,10,0.018,1,OP,0.8672988559639909,0.397
s1_p10_NAA-GDP_l3_r1,NAA-GDP,1,10,0.018,1,MP,0.8672988559639909,0.264
s1_p10_NAA-GDP_l3_r1,NAA-GDP,1,10,0.018,1,AM,0.8672988559639909,0.235
s1_p5_NAA-GDP_l3_r2,NAA-GDP,1,5,0.018,2,OP,0.8548669078364572,0.322
s1_p5_NAA-GDP_l3_r2,NAA-GDP,1,5,0.018,2,MP,0.8548669078364572,0.198
s1_p5_NAA-GDP_l3_r2,NAA-GDP,1,5,0.018,2,AM,0.8548669078364572,0.21
s1_p10_NAA-GDP_l3_r2,NAA-GDP,1,10,0.018,2,OP,0.8554443298324581,0.322
s1_p10_NAA-GDP_l3_r2,NAA-GDP,1,10,0.018,2,MP,0.8554443298324581,0.198
s1_p10_NAA-GDP_l3_r2,NAA-GDP,1,10,0.018,2,AM,0.8554443298324581,0.222
s1_p5_NAA-GDP_l3_r3,NAA-GDP,1,5,0.018,3,OP,0.8564005603880571,0.246
s1_p5_NAA-GDP_l3_r3,NAA-GDP,1,5,0.018,3,MP,0.8564005603880571,0.212
s1_p5_NAA-GDP_l3_r3,NAA-GDP,1,5,0.018,3,AM,0.8564005603880571,0.233
s1_p10_NAA-GDP_l3_r3,NAA-GDP,1,10,0.018,3,OP,0.8598634033508377,0.246
s1_p10_NAA-GDP_l3_r3,NAA-GDP,1,10,0.018,3,MP,0.8598634033508377,0.212
s1_p10_NAA-GDP_l3_r3,NAA-GDP,1,10,0.018,3,AM,0.8598634033508377,0.223
s1_p5_NAA-GDP_l4_r0,NAA-GDP,1,5,0.024,0,OP,0.8366552715891841,0.261
s1_p5_NAA-GDP_l4_r0,NAA-GDP,1,5,0.024,0,MP,0.8366552715891841,0.179
s1_p5_NAA-GDP_l4_r0,NAA-GDP,1,5,0.024,0,AM,0.8366552715891841,0.16
s1_p10_NAA-GDP_l4_r0,NAA-GDP,1,10,0.024,0,OP,0.8457505001250313,0.261
s1_p10_NAA-GDP_l4_r0,NAA-GDP,1,10,0.024,0,MP,0.8457505001250313,0.179
s1_p10_NAA-GDP_l4_r0,NAA-GDP,1,10,0.024,0,AM,0.8457505001250313,0.149
s1_p5_NAA-GDP_l4_r1,NAA-GDP,1,5,0.024,1,OP,0.860117619053194,0.215
s1_p5_NAA-GDP_l4_r1,NAA-GDP,1,5,0.024,1,MP,0.860117619053194,0.176
s1_p5_NAA-GDP_l4_r1,NAA-GDP,1,5,0.024,1,AM,0.860117619053194,0.164
s1_p10_NAA-GDP_l4_r1,NAA-GDP,1,10,0.024,1,OP,0.8632978557139285,0.215
s1_p10_NAA-GDP_l4_r1,NAA-GDP,1,10,0.024,1,MP,0.8632978557139285,0.176
s1_p10_NAA-GDP_l4_r1,NAA-GDP,1,10,0.024,1,AM,0.8632978557139285,0.127
s1_p5_NAA-GDP_l4_r2,NAA-GDP,1,5,0.024,2,OP,0.8331352853257158,0.277
s1_p5_NAA-GDP_l4_r2,NAA-GDP,1,5,0.024,2,MP,0.8331352853257158,0.237
s1_p5_NAA-GDP_l4_r2,NAA-GDP,1,5,0.024,2,AM,0.8331352853257158,0.21
s1_p10_NAA-GDP_l4_r2,NAA-GDP,1,10,0.024,2,OP,0.8552255251312828,0.277
s1_p10_NAA-GDP_l4_r2,NAA-GDP,1,10,0.024,2,MP,0.8552255251312828,0.237
s1_p10_NAA-GDP_l4_r2,NAA-GDP,1,10,0.024,2,AM,0.8552255251312828,0.197
s1_p5_NAA-GDP_l4_r3,NAA-GDP,1,5,0.024,3,OP,0.8529342324517758,0.234
s1_p5_NAA-GDP_l4_r3,NAA-GDP,1,5,0.024,3,MP,0.8529342324517758,0.18
s1_p5_NAA-GDP_l4_r3,NAA-GDP,1,5,0.024,3,AM,0.8529342324517758,0.166
s1_p10_NAA-GDP_l4_r3,NAA-GDP,1,10,0.024,3,OP,0.8616997999499876,0.234
s1_p10_NAA-GDP_l4_r3,NAA-GDP,1,10,0.024,3,MP,0.8616997999499876,0.18
s1_p10_NAA-GDP_l4_r3,NAA-GDP,1,10,0.024,3,AM,0.8616997999499876,0.2
s1_p5_NAA-GDP_l5_r0,NAA-GDP,1,5,0.03,0,OP,0.837226976675213,0.243
s1_p5_NAA-GDP_l5_r0,NAA-GDP,1,5,0.03,0,MP,0.837226976675213,0.172
s1_p5_NAA-GDP_l5_r0,NAA-GDP,1,5,0.03,0,AM,0.837226976675213,0.108
s1_p10_NAA-GDP_l5_r0,NAA-GDP,1,10,0.03,0,OP,0.850181295323831,0.243
s1_p10_NAA-GDP_l5_r0,NAA-GDP,1,10,0.03,0,MP,0.850181295323831,0.172
s1_p10_NAA-GDP_l5_r0,NAA-GDP,1,10,0.03,0,AM,0.850181295323831,0.133
s1_p5_NAA-GDP_l5_r1,NAA-GDP,1,5,0.03,1,OP,0.8414084237720048,0.211
s1_p5_NAA-GDP_l5_r1,NAA-GDP,1,5,0.03,1,MP,0.8414084237720048,0.131
s1_p5_NAA-GDP_l5_r1,NAA-GDP,1,5,0.03,1,AM,0.8414084237720048,0.106
s1_p10_NAA-GDP_l5_r1,NAA-GDP,1,10,0.03,1,OP,0.8441837021755438,0.211
s1_p10_NAA-GDP_l5_r1,NAA-GDP,1,10,0.03,1,MP,0.8441837021755438,0.131
s1_p10_NAA-GDP_l5_r1,NAA-GDP,1,10,0.03,1,AM,0.8441837021755438,0.144
s1_p5_NAA-GDP_l5_r2,NAA-GDP,1,5,0.03,2,OP,0.8512483853721546,0.24
s1_p5_NAA-GDP_l5_r2,NAA-GDP,1,5,0.03,2,MP,0.8512483853721546,0.142
s1_p5_NAA-GDP_l5_r2,NAA-GDP,1,5,0.03,2,AM,0.8512483853721546,0.111
s1_p10_NAA-GDP_l5_r2,NAA-GDP,1,10,0.03,2,OP,0.8395223805951488,0.24
s1_p10_NAA-GDP_l5_r2,NAA-GDP,1,10,0.03,2,MP,0.8395223805951488,0.142
s1_p10_NAA-GDP_l5_r2,NAA-GDP,1,10,0.03,2,AM,0.8395223805951488,0.148
s1_p5_NAA-GDP_l5_r3,NAA-GDP,1,5,0.03,3,OP,0.8482259581426024,0.187
s1_p5_NAA-GDP_l5_r3,NAA-GDP,1,5,0.03,3,MP,0.8482259581426024,0.139
s1_p5_NAA-GDP_l5_r3,NAA-GDP,1,5,0.03,3,AM,0.8482259581426024,0.187
s1_p10_NAA-GDP_l5_r3,NAA-GDP,1,10,0.03,3,OP,0.8469617404351087,0.187
s1_p10_NAA-GDP_l5_r3,NAA-GDP,1,10,0.03,3,MP,0.8469617404351087,0.139
s1_p10_NAA-GDP_l5_r3,NAA-GDP,1,10,0.03,3,AM,0.8469617404351087,0.176
s1_p5_NAA-GDP_l6_r0,NAA-GDP,1,5,0.036,0,OP,0.8217411834490402,0.155
s1_p5_NAA-GDP_l6_r0,NAA-GDP,1,5,0.036,0,MP,0.8217411834490402,0.166
s1_p5_NAA-GDP_l6_r0,NAA-GDP,1,5,0.036,0,AM,0.8217411834490402,0.135
s1_p10_NAA-GDP_l6_r0,NAA-GDP,1,10,0.036,0,OP,0.8347829144786196,0.155
s1_p10_NAA-GDP_l6_r0,NAA-GDP,1,10,0.036,0,MP,0.8347829144786196,0.166
s1_p10_NAA-GDP_l6_r0,NAA-GDP,1,10,0.036,0,AM,0.8347829144786196,0.166
s1_p5_NAA-GDP_l6_r1,NAA-GDP,1,5,0.036,1,OP,0.8388181899777952,0.202
s1_p5_NAA-GDP_l6_r1,NAA-GDP,1,5,0.036,1,MP,0.8388181899777952,0.13
s1_p5_NAA-GDP_l6_r1,NAA-GDP,1,5,0.036,1,AM,0.8388181899777952,0.134
s1_p10_NAA-GDP_l6_r1,NAA-GDP,1,10,0.036,1,OP,0.8383228619654914,0.202
s1_p10_NAA-GDP_l6_r1,NAA-GDP,1,10,0.036,1,MP,0.8383228619654914,0.13
s1_p10_NAA-GDP_l6_r1,NAA-GDP,1,10,0.036,1,AM,0.8383228619654914,0.133
s1_p5_NAA-GDP_l6_r2,NAA-GDP,1,5,0.036,2,OP,0.8380367296127624,0.168
s1_p5_NAA-GDP_l6_r2,NAA-GDP,1,5,0.036,2,MP,0.8380367296127624,0.163
s1_p5_NAA-GDP_l6_r2,NAA-GDP,1,5,0.036,2,AM,0.8380367296127624,0.156
s1_p10_NAA-GDP_l6_r2,NAA-GDP,1,10,0.036,2,OP,0.8419878407101775,0.168
s1_p10_NAA-GDP_l6_r2,NAA-GDP,1,10,0.036,2,MP,0.8419878407101775,0.163
s1_p10_NAA-GDP_l6_r2,NAA-GDP,1,10,0.036,2,AM,0.8419878407101775,0.153
s1_p5_NAA-GDP_l6_r3,NAA-GDP,1,5,0.036,3,OP,0.8412893998462445,0.181
s1_p5_NAA-GDP_l6_r3,NAA-GDP,1,5,0.036,3,MP,0.8412893998462445,0.151
s1_p5_NAA-GDP_l6_r3,NAA-GDP,1,5,0.036,3,AM,0.8412893998462445,0.137
s1_p10_NAA-GDP_l6_r3,NAA-GDP,1,10,0.036,3,OP,0.8358222368092023,0.181
s1_p10_NAA-GDP_l6_r3,NAA-GDP,1,10,0.036,3,MP,0.8358222368092023,0.151
s1_p10_NAA-GDP_l6_r3,NAA-GDP,1,10,0.036,3,AM,0.8358222368092023,0.148
s1_p5_NAA-GDP_l7_r0,NAA-GDP,1,5,0.042,0,OP,0.814080725538632,0.187
s1_p5_NAA-GDP_l7_r0,NAA-GDP,1,5,0.042,0,MP,0.814080725538632,0.133
s1_p5_NAA-GDP_l7_r0,NAA-GDP,1,5,0.042,0,AM,0.814080725538632,0.105
s1_p10_NAA-GDP_l7_r0,NAA-GDP,1,10,0.042,0,OP,0.8251008064516129,0.187
s1_p10_NAA-GDP_l7_r0,NAA-GDP,1,10,0.042,0,MP,0.8251008064516129,0.133
s1_p10_NAA-GDP_l7_r0,NAA-GDP,1,10,0.042,0,AM,0.8251008064516129,0.094
s1_p5_NAA-GDP_l7_r1,NAA-GDP,1,5,0.042,1,OP,0.8218894755532662,0.169
s1_p5_NAA-GDP_l7_r1,NAA-GDP,1,5,0.042,1,MP,0.8218894755532662,0.103
s1_p5_NAA-GDP_l7_r1,NAA-GDP,1,5,0.042,1,AM,0.8218894755532662,0.088
s1_p10_NAA-GDP_l7_r1,NAA-GDP,1,10,0.042,1,OP,0.8230338834708677,0.169
s1_p10_NAA-GDP_l7_r1,NAA-GDP,1,10,0.042,1,MP,0.8230338834708677,0.103
s1_p10_NAA-GDP_l7_r1,NAA-GDP,1,10,0.042,1,AM,0.8230338834708677,0.133
s1_p5_NAA-GDP_l7_r2,NAA-GDP,1,5,0.042,2,OP,0.803106134219964,0.158
s1_p5_NAA-GDP_l7_r2,NAA-GDP,1,5,0.042,2,MP,0.803106134219964,0.126
s1_p5_NAA-GDP_l7_r2,NAA-GDP,1,5,0.042,2,AM,0.803106134219964,0.151
s1_p10_NAA-GDP_l7_r2,NAA-GDP,1,10,0.042,2,OP,0.8341968304576144,0.158
s1_p10_NAA-GDP_l7_r2,NAA-GDP,1,10,0.042,2,MP,0.8341968304576144,0.126
s1_p10_NAA-GDP_l7_r2,NAA-GDP,1,10,0.042,2,AM,0.8341968304576144,0.112
s1_p5_NAA-GDP_l7_r3,NAA-GDP,1,5,0.042,3,OP,0.8246855622026841,0.118
s1_p5_NAA-GDP_l7_r3,NAA-GDP,1,5,0.042,3,MP,0.8246855622026841,0.114
s1_p5_NAA-GDP_l7_r3,NAA-GDP,1,5,0.042,3,AM,0.8246855622026841,0.114
s1_p10_NAA-GDP_l7_r3,NAA-GDP,1,10,0.042,3,OP,0.8268082645661414,0.118
s1_p10_NAA-GDP_l7_r3,NAA-GDP,1,10,0.042,3,MP,0.8268082645661414,0.114
s1_p10_NAA-GDP_l7_r3,NAA-GDP,1,10,0.042,3,AM,0.8268082645661414,0.124
s1_p5_NAA-GDP_l8_r0,NAA-GDP,1,5,0.048,0,OP,0.819303144182852,0.115
s1_p5_NAA-GDP_l8_r0,NAA-GDP,1,5,0.048,0,MP,0.819303144182852,0.106
s1_p5_NAA-GDP_l8_r0,NAA-GDP,1,5,0.048,0,AM,0.819303144182852,0.114
s1_p10_NAA-GDP_l8_r0,NAA-GDP,1,10,0.048,0,OP,0.819271224056014,0.115
s1_p10_NAA-GDP_l8_r0,NAA-GDP,1,10,0.048,0,MP,0.819271224056014,0.106
s1_p10_NAA-GDP_l8_r0,NAA-GDP,1,10,0.048,0,AM,0.819271224056014,0.129
s1_p5_NAA-GDP_l8_r1,NAA-GDP,1,5,0.048,1,OP,0.833435771957963,0.116
s1_p5_NAA-GDP_l8_r1,NAA-GDP,1,5,0.048,1,MP,0.833435771957963,0.107
s1_p5_NAA-GDP_l8_r1,NAA-GDP,1,5,0.048,1,AM,0.833435771957963,0.125
s1_p10_NAA-GDP_l8_r1,NAA-GDP,1,10,0.048,1,OP,0.822389191047762,0.116
s1_p10_NAA-GDP_l8_r1,NAA-GDP,1,10,0.048,1,MP,0.822389191047762,0.107
s1_p10_NAA-GDP_l8_r1,NAA-GDP,1,10,0.048,1,AM,0.822389191047762,0.096
s1_p5_NAA-GDP_l8_r2,NAA-GDP,1,5,0.048,2,OP,0.804652469648899,0.135
s1_p5_NAA-GDP_l8_r2,NAA-GDP,1,5,0.048,2,MP,0.804652469648899,0.116
s1_p5_NAA-GDP_l8_r2,NAA-GDP,1,5,0.048,2,AM,0.804652469648899,0.1
s1_p10_NAA-GDP_l8_r2,NAA-GDP,1,10,0.048,2,OP,0.8194783070767693,0.135
s1_p10_NAA-GDP_l8_r2,NAA-GDP,1,10,0.048,2,MP,0.8194783070767693,0.116
s1_p10_NAA-GDP_l8_r2,NAA-GDP,1,10,0.048,2,AM,0.8194783070767693,0.139
s1_p5_NAA-GDP_l8_r3,NAA-GDP,1,5,0.048,3,OP,0.8037519853581059,0.179
s1_p5_NAA-GDP_l8_r3,NAA-GDP,1,5,0.048,3,MP,0.8037519853581059,0.093
s1_p5_NAA-GDP_l8_r3,NAA-GDP,1,5,0.048,3,AM,0.8037519853581059,0.089
s1_p10_NAA-GDP_l8_r3,NAA-GDP,1,10,0.048,3,OP,0.8162782883220805,0.179
s1_p10_NAA-GDP_l8_r3,NAA-GDP,1,10,0.048,3,MP,0.8162782883220805,0.093
s1_p10_NAA-GDP_l8_r3,NAA-GDP,1,10,0.048,3,AM,0.8162782883220805,0.149
s1_p5_NAA-GDP_l9_r0,NAA-GDP,1,5,0.054,0,OP,0.8170826650432583,0.134
s1_p5_NAA-GDP_l9_r0,NAA-GDP,1,5,0.054,0,MP,0.8170826650432583,0.123
s1_p5_NAA-GDP_l9_r0,NAA-GDP,1,5,0.054,0,AM,0.8170826650432583,0.117
s1_p10_NAA-GDP_l9_r0,NAA-GDP,1,10,0.054,0,OP,0.8063734683670918,0.134
s1_p10_NAA-GDP_l9_r0,NAA-GDP,1,10,0.054,0,MP,0.8063734683670918,0.123
s1_p10_NAA-GDP_l9_r0,NAA-GDP,1,10,0.054,0,AM,0.8063734683670918,0.111
s1_p5_NAA-GDP_l9_r1,NAA-GDP,1,5,0.054,1,OP,0.8181187585609422,0.161
s1_p5_NAA-GDP_l9_r1,NAA-GDP,1,5,0.054,1,MP,0.8181187585609422,0.059
s1_p5_NAA-GDP_l9_r1,NAA-GDP,1,5,0.054,1,AM,0.8181187585609422,0.118
s1_p10_NAA-GDP_l9_r1,NAA-GDP,1,10,0.054,1,OP,0.8246631970492624,0.161
s1_p10_NAA-GDP_l9_r1,NAA-GDP,1,10,0.054,1,MP,0.8246631970492624,0.059
s1_p10_NAA-GDP_l9_r1,NAA-GDP,1,10,0.054,1,AM,0.8246631970492624,0.115
s1_p5_NAA-GDP_l9_r2,NAA-GDP,1,5,0.054,2,OP,0.8150719411826686,0.122
s1_p5_NAA-GDP_l9_r2,NAA-GDP,1,5,0.054,2,MP,0.8150719411826686,0.107
s1_p5_NAA-GDP_l9_r2,NAA-GDP,1,5,0.054,2,AM,0.8150719411826686,0.102
s1_p10_NAA-GDP_l9_r2,NAA-GDP,1,10,0.054,2,OP,0.8093195173793448,0.122
s1_p10_NAA-GDP_l9_r2,NAA-GDP,1,10,0.054,2,MP,0.8093195173793448,0.107
s1_p10_NAA-GDP_l9_r2,NAA-GDP,1,10,0.054,2,AM,0.8093195173793448,0.106
s1_p5_NAA-GDP_l9_r3,NAA-GDP,1,5,0.054,3,OP,0.8248992199054833,0.171
s1_p5_NAA-GDP_l9_r3,NAA-GDP,1,5,0.054,3,MP,0.8248992199054833,0.094
s1_p5_NAA-GDP_l9_r3,NAA-GDP,1,5,0.054,3,AM,0.8248992199054833,0.103
s1_p10_NAA-GDP_l9_r3,NAA-GDP,1,10,0.054,3,OP,0.8182866029007252,0.171
s1_p10_NAA-GDP_l9_r3,NAA-GDP,1,10,0.054,3,MP,0.8182866029007252,0.094
s1_p10_NAA-GDP_l9_r3,NAA-GDP,1,10,0.054,3,AM,0.8182866029007252,0.089
s1_p5_NAA-GDP_l10_r0,NAA-GDP,1,5,0.06,0,OP,0.8116836617222958,0.15
s1_p5_NAA-GDP_l10_r0,NAA-GDP,1,5,0.06,0,MP,0.8116836617222958,0.102
s1_p5_NAA-GDP_l10_r0,NAA-GDP,1,5,0.06,0,AM,0.8116836617222958,0.118
s1_p10_NAA-GDP_l10_r0,NAA-GDP,1,10,0.06,0,OP,0.8031187484371092,0.15
s1_p10_NAA-GDP_l10_r0,NAA-GDP,1,10,0.06,0,MP,0.8031187484371092,0.102
s1_p10_NAA-GDP_l10_r0,NAA-GDP,1,10,0.06,0,AM,0.8031187484371092,0.099
s1_p5_NAA-GDP_l10_r1,NAA-GDP,1,5,0.06,1,OP,0.8097470839138189,0.076
s1_p5_NAA-GDP_l10_r1,NAA-GDP,1,5,0.06,1,MP,0.8097470839138189,0.059
s1_p5_NAA-GDP_l10_r1,NAA-GDP,1,5,0.06,1,AM,0.8097470839138189,0.108
s1_p10_NAA-GDP_l10_r1,NAA-GDP,1,10,0.06,1,OP,0.8052755376344086,0.076
s1_p10_NAA-GDP_l10_r1,NAA-GDP,1,10,0.06,1,MP,0.8052755376344086,0.059
s1_p10_NAA-GDP_l10_r1,NAA-GDP,1,10,0.06,1,AM,0.8052755376344086,0.119
s1_p5_NAA-GDP_l10_r2,NAA-GDP,1,5,0.06,2,OP,0.8124690245111239,0.127
s1_p5_NAA-GDP_l10_r2,NAA-GDP,1,5,0.06,2,MP,0.8124690245111239,0.074
s1_p5_NAA-GDP_l10_r2,NAA-GDP,1,5,0.06,2,AM,0.8124690245111239,0.071
s1_p10_NAA-GDP_l10_r2,NAA-GDP,1,10,0.06,2,OP,0.8165557014253564,0.127
s1_p10_NAA-GDP_l10_r2,NAA-GDP,1,10,0.06,2,MP,0.8165557014253564,0.074
s1_p10_NAA-GDP_l10_r2,NAA-GDP,1,10,0.06,2,AM,0.8165557014253564,0.062
s1_p5_NAA-GDP_l10_r3,NAA-GDP,1,5,0.06,3,OP,0.818402659892059,0.119
s1_p5_NAA-GDP_l10_r3,NAA-GDP,1,5,0.06,3,MP,0.818402659892059,0.093
s1_p5_NAA-GDP_l10_r3,NAA-GDP,1,5,0.06,3,AM,0.818402659892059,0.125
s1_p10_NAA-GDP_l10_r3,NAA-GDP,1,10,0.06,3,OP,0.8164697424356089,0.119
s1_p10_NAA-GDP_l10_r3,NAA-GDP,1,10,0.06,3,MP,0.8164697424356089,0.093
s1_p10_NAA-GDP_l10_r3,NAA-GDP,1,10,0.06,3,AM,0.8164697424356089,0.108
s2_p5_NAA-GDP_l1_r0,NAA-GDP,2,5,0.006,0,OP,0.8527505987269175,0.67
s2_p5_NAA-GDP_l1_r0,NAA-GDP,2,5,0.006,0,MP,0.8527505987269175,0.523
s2_p5_NAA-GDP_l1_r0,NAA-GDP,2,5,0.006,0,AM,0.8527505987269175,0.571
s2_p10_NAA-GDP_l1_r0,NAA-GDP,2,10,0.006,0,OP,0.876292778939599,0.67
s2_p10_NAA-GDP_l1_r0,NAA-GDP,2,10,0.006,0,MP,0.876292778939599,0.523
s2_p10_NAA-GDP_l1_r0,NAA-GDP,2,10,0.006,0,AM,0.876292778939599,0.574
s2_p5_NAA-GDP_l1_r1,NAA-GDP,2,5,0.006,1,OP,0.8451010745572571,0.618
s2_p5_NAA-GDP_l1_r1,NAA-GDP,2,5,0.006,1,MP,0.8451010745572571,0.534
s2_p5_NAA-GDP_l1_r1,NAA-GDP,2,5,0.006,1,AM,0.8451010745572571,0.521
s2_p10_NAA-GDP_l1_r1,NAA-GDP,2,10,0.006,1,OP,0.8728667732808464,0.618
s2_p10_NAA-GDP_l1_r1,NAA-GDP,2,10,0.006,1,MP,0.8728667732808464,0.534
s2_p10_NAA-GDP_l1_r1,NAA-GDP,2,10,0.006,1,AM,0.8728667732808464,0.532
s2_p5_NAA-GDP_l1_r2,NAA-GDP,2,5,0.006,2,OP,0.8687763912522846,0.617
s2_p5_NAA-GDP_l1_r2,NAA-GDP,2,5,0.006,2,MP,0.8687763912522846,0.565
s2_p5_NAA-GDP_l1_r2,NAA-GDP,2,5,0.006,2,AM,0.8687763912522846,0.554
s2_p10_NAA-GDP_l1_r2,NAA-GDP,2,10,0.006,2,OP,0.8726121294132119,0.617
s2_p10_NAA-GDP_l1_r2,NAA-GDP,2,10,0.006,2,MP,0.8726121294132119,0.565
s2_p10_NAA-GDP_l1_r2,NAA-GDP,2,10,0.006,2,AM,0.8726121294132119,0.559
s2_p5_NAA-GDP_l1_r3,NAA-GDP,2,5,0.006,3,OP,0.8446323344047394,0.641
s2_p5_NAA-GDP_l1_r3,NAA-GDP,2,5,0.006,3,MP,0.8446323344047394,0.556
s2_p5_NAA-GDP_l1_r3,NAA-GDP,2,5,0.006,3,AM,0.8446323344047394,0.585
s2_p10_NAA-GDP_l1_r3,NAA-GDP,2,10,0.006,3,OP,0.8721978103087711,0.641
s2_p10_NAA-GDP_l1_r3,NAA-GDP,2,10,0.006,3,MP,0.8721978103087711,0.556
s2_p10_NAA-GDP_l1_r3,NAA-GDP,2,10,0.006,3,AM,0.8721978103087711,0.581
s2_p5_NAA-GDP_l2_r0,NAA-GDP,2,5,0.012,0,OP,0.8391512258145837,0.486
s2_p5_NAA-GDP_l2_r0,NAA-GDP,2,5,0.012,0,MP,0.8391512258145837,0.324
s2_p5_NAA-GDP_l2_r0,NAA-GDP,2,5,0.012,0,AM,0.8391512258145837,0.324
s2_p10_NAA-GDP_l2_r0,NAA-GDP,2,10,0.012,0,OP,0.8590904170254643,0.486
s2_p10_NAA-GDP_l2_r0,NAA-GDP,2,10,0.012,0,MP,0.8590904170254643,0.324
s2_p10_NAA-GDP_l2_r0,NAA-GDP,2,10,0.012,0,AM,0.8590904170254643,0.325
s2_p5_NAA-GDP_l2_r1,NAA-GDP,2,5,0.012,1,OP,0.8660053097623999,0.476
s2_p5_NAA-GDP_l2_r1,NAA-GDP,2,5,0.012,1,MP,0.8660053097623999,0.432
s2_p5_NAA-GDP_l2_r1,NAA-GDP,2,5,0.012,1,AM,0.8660053097623999,0.352
s2_p10_NAA-GDP_l2_r1,NAA-GDP,2,10,0.012,1,OP,0.8661008734161644,0.476
s2_p10_NAA-GDP_l2_r1,NAA-GDP,2,10,0.012,1,MP,0.8661008734161644,0.432
s2_p10_NAA-GDP_l2_r1,NAA-GDP,2,10,0.012,1,AM,0.8661008734161644,0.356
s2_p5_NAA-GDP_l2_r2,NAA-GDP,2,5,0.012,2,OP,0.8500287546480116,0.491
s2_p5_NAA-GDP_l2_r2,NAA-GDP,2,5,0.012,2,MP,0.8500287546480116,0.363
s2_p5_NAA-GDP_l2_r2,NAA-GDP,2,5,0.012,2,AM,0.8500287546480116,0.423
s2_p10_NAA-GDP_l2_r2,NAA-GDP,2,10,0.012,2,OP,0.8670143929142575,0.491
s2_p10_NAA-GDP_l2_r2,NAA-GDP,2,10,0.012,2,MP,0.8670143929142575,0.363
s2_p10_NAA-GDP_l2_r2,NAA-GDP,2,10,0.012,2,AM,0.8670143929142575,0.428
s2_p5_NAA-GDP_l2_r3,NAA-GDP,2,5,0.012,3,OP,0.8471710153148043,0.485
s2_p5_NAA-GDP_l2_r3,NAA-GDP,2,5,0.012,3,MP,0.8471710153148043,0.359
s2_p5_NAA-GDP_l2_r3,NAA-GDP,2,5,0.012,3,AM,0.8471710153148043,0.398
s2_p10_NAA-GDP_l2_r3,NAA-GDP,2,10,0.012,3,OP,0.8680127937015623,0.485
s2_p10_NAA-GDP_l2_r3,NAA-GDP,2,10,0.012,3,MP,0.8680127937015623,0.359
s2_p10_NAA-GDP_l2_r3,NAA-GDP,2,10,0.012,3,AM,0.8680127937015623,0.385
s2_p5_NAA-GDP_l3_r0,NAA-GDP,2,5,0.018,0,OP,0.8547831190521207,0.327
s2_p5_NAA-GDP_l3_r0,NAA-GDP,2,5,0.018,0,MP,0.8547831190521207,0.294
s2_p5_NAA-GDP_l3_r0,NAA-GDP,2,5,0.018,0,AM,0.8547831190521207,0.265
s2_p10_NAA-GDP_l3_r0,NAA-GDP,2,10,0.018,0,OP,0.8668192889654325,0.327
s2_p10_NAA-GDP_l3_r0,NAA-GDP,2,10,0.018,0,MP,0.8668192889654325,0.294
s2_p10_NAA-GDP_l3_r0,NAA-GDP,2,10,0.018,0,AM,0.8668192889654325,0.296
s2_p5_NAA-GDP_l3_r1,NAA-GDP,2,5,0.018,1,OP,0.8467140921409214,0.283
s2_p5_NAA-GDP_l3_r1,NAA-GDP,2,5,0.018,1,MP,0.8467140921409214,0.2
s2_p5_NAA-GDP_l3_r1,NAA-GDP,2,5,0.018,1,AM,0.8467140921409214,0.255
s2_p10_NAA-GDP_l3_r1,NAA-GDP,2,10,0.018,1,OP,0.8606970107024234,0.283
s2_p10_NAA-GDP_l3_r1,NAA-GDP,2,10,0.018,1,MP,0.8606970107024234,0.2
s2_p10_NAA-GDP_l3_r1,NAA-GDP,2,10,0.018,1,AM,0.8606970107024234,0.257
s2_p5_NAA-GDP_l3_r2,NAA-GDP,2,5,0.018,2,OP,0.8458770561542824,0.336
s2_p5_NAA-GDP_l3_r2,NAA-GDP,2,5,0.018,2,MP,0.8458770561542824,0.241
s2_p5_NAA-GDP_l3_r2,NAA-GDP,2,5,0.018,2,AM,0.8458770561542824,0.234
s2_p10_NAA-GDP_l3_r2,NAA-GDP,2,10,0.018,2,OP,0.8549447656538319,0.336
s2_p10_NAA-GDP_l3_r2,NAA-GDP,2,10,0.018,2,MP,0.8549447656538319,0.241
s2_p10_NAA-GDP_l3_r2,NAA-GDP,2,10,0.018,2,AM,0.8549447656538319,0.248
s2_p5_NAA-GDP_l3_r3,NAA-GDP,2,5,0.018,3,OP,0.8513345307871684,0.315
s2_p5_NAA-GDP_l3_r3,NAA-GDP,2,5,0.018,3,MP,0.8513345307871684,0.228
s2_p5_NAA-GDP_l3_r3,NAA-GDP,2,5,0.018,3,AM,0.8513345307871684,0.237
s2_p10_NAA-GDP_l3_r3,NAA-GDP,2,10,0.018,3,OP,0.8677251814491327,0.315
s2_p10_NAA-GDP_l3_r3,NAA-GDP,2,10,0.018,3,MP,0.8677251814491327,0.228
s2_p10_NAA-GDP_l3_r3,NAA-GDP,2,10,0.018,3,AM,0.8677251814491327,0.237
s2_p5_NAA-GDP_l4_r0,NAA-GDP,2,5,0.024,0,OP,0.8475038602130207,0.251
s2_p5_NAA-GDP_l4_r0,NAA-GDP,2,5,0.024,0,MP,0.8475038602130207,0.246
s2_p5_NAA-GDP_l4_r0,NAA-GDP,2,5,0.024,0,AM,0.8475038602130207,0.135
s2_p10_NAA-GDP_l4_r0,NAA-GDP,2,10,0.024,0,OP,0.8406945503751999,0.251
s2_p10_NAA-GDP_l4_r0,NAA-GDP,2,10,0.024,0,MP,0.8406945503751999,0.246
s2_p10_NAA-GDP_l4_r0,NAA-GDP,2,10,0.024,0,AM,0.8406945503751999,0.158
s2_p5_NAA-GDP_l4_r1,NAA-GDP,2,5,0.024,1,OP,0.8365514905149052,0.268
s2_p5_NAA-GDP_l4_r1,NAA-GDP,2,5,0.024,1,MP,0.8365514905149052,0.174
s2_p5_NAA-GDP_l4_r1,NAA-GDP,2,5,0.024,1,AM,0.8365514905149052,0.172
s2_p10_NAA-GDP_l4_r1,NAA-GDP,2,10,0.024,1,OP,0.8609339402140485,0.268
s2_p10_NAA-GDP_l4_r1,NAA-GDP,2,10,0.024,1,MP,0.8609339402140485,0.174
s2_p10_NAA-GDP_l4_r1,NAA-GDP,2,10,0.024,1,AM,0.8609339402140485,0.205
s2_p5_NAA-GDP_l4_r2,NAA-GDP,2,5,0.024,2,OP,0.8262411766559525,0.255
s2_p5_NAA-GDP_l4_r2,NAA-GDP,2,5,0.024,2,MP,0.8262411766559525,0.224
s2_p5_NAA-GDP_l4_r2,NAA-GDP,2,5,0.024,2,AM,0.8262411766559525,0.212
s2_p10_NAA-GDP_l4_r2,NAA-GDP,2,10,0.024,2,OP,0.8496358715709189,0.255
s2_p10_NAA-GDP_l4_r2,NAA-GDP,2,10,0.024,2,MP,0.8496358715709189,0.224
s2_p10_NAA-GDP_l4_r2,NAA-GDP,2,10,0.024,2,AM,0.8496358715709189,0.207
s2_p5_NAA-GDP_l4_r3,NAA-GDP,2,5,0.024,3,OP,0.8381408741412996,0.286
s2_p5_NAA-GDP_l4_r3,NAA-GDP,2,5,0.024,3,MP,0.8381408741412996,0.226
s2_p5_NAA-GDP_l4_r3,NAA-GDP,2,5,0.024,3,AM,0.8381408741412996,0.203
s2_p10_NAA-GDP_l4_r3,NAA-GDP,2,10,0.024,3,OP,0.8524435969984008,0.286
s2_p10_NAA-GDP_l4_r3,NAA-GDP,2,10,0.024,3,MP,0.8524435969984008,0.226
s2_p10_NAA-GDP_l4_r3,NAA-GDP,2,10,0.024,3,AM,0.8524435969984008,0.224
s2_p5_NAA-GDP_l5_r0,NAA-GDP,2,5,0.03,0,OP,0.8401989979202118,0.249
s2_p5_NAA-GDP_l5_r0,NAA-GDP,2,5,0.03,0,MP,0.8401989979202118,0.195
s2_p5_NAA-GDP_l5_r0,NAA-GDP,2,5,0.03,0,AM,0.8401989979202118,0.147
s2_p10_NAA-GDP_l5_r0,NAA-GDP,2,10,0.03,0,OP,0.8511322425882643,0.249
s2_p10_NAA-GDP_l5_r0,NAA-GDP,2,10,0.03,0,MP,0.8511322425882643,0.195
s2_p10_NAA-GDP_l5_r0,NAA-GDP,2,10,0.03,0,AM,0.8511322425882643,0.173
s2_p5_NAA-GDP_l5_r1,NAA-GDP,2,5,0.03,1,OP,0.8504108369572068,0.212
s2_p5_NAA-GDP_l5_r1,NAA-GDP,2,5,0.03,1,MP,0.8504108369572068,0.158
s2_p5_NAA-GDP_l5_r1,NAA-GDP,2,5,0.03,1,AM,0.8504108369572068,0.168
s2_p10_NAA-GDP_l5_r1,NAA-GDP,2,10,0.03,1,OP,0.8465393037273958,0.212
s2_p10_NAA-GDP_l5_r1,NAA-GDP,2,10,0.03,1,MP,0.8465393037273958,0.158
s2_p10_NAA-GDP_l5_r1,NAA-GDP,2,10,0.03,1,AM,0.8465393037273958,0.173
s2_p5_NAA-GDP_l5_r2,NAA-GDP,2,5,0.03,2,OP,0.8402600523098254,0.233
s2_p5_NAA-GDP_l5_r2,NAA-GDP,2,5,0.03,2,MP,0.8402600523098254,0.168
s2_p5_NAA-GDP_l5_r2,NAA-GDP,2,5,0.03,2,AM,0.8402600523098254,0.14
s2_p10_NAA-GDP_l5_r2,NAA-GDP,2,10,0.03,2,OP,0.8521901832943781,0.233
s2_p10_NAA-GDP_l5_r2,NAA-GDP,2,10,0.03,2,MP,0.8521901832943781,0.168
s2_p10_NAA-GDP_l5_r2,NAA-GDP,2,10,0.03,2,AM,0.8521901832943781,0.169
s2_p5_NAA-GDP_l5_r3,NAA-GDP,2,5,0.03,3,OP,0.8314406472553098,0.222
s2_p5_NAA-GDP_l5_r3,NAA-GDP,2,5,0.03,3,MP,0.8314406472553098,0.162
s2_p5_NAA-GDP_l5_r3,NAA-GDP,2,5,0.03,3,AM,0.8314406472553098,0.15
s2_p10_NAA-GDP_l5_r3,NAA-GDP,2,10,0.03,3,OP,0.8520292778939599,0.222
s2_p10_NAA-GDP_l5_r3,NAA-GDP,2,10,0.03,3,MP,0.8520292778939599,0.162
s2_p10_NAA-GDP_l5_r3,NAA-GDP,2,10,0.03,3,AM,0.8520292778939599,0.144
s2_p5_NAA-GDP_l6_r0,NAA-GDP,2,5,0.036,0,OP,0.8400631026659104,0.148
s2_p5_NAA-GDP_l6_r0,NAA-GDP,2,5,0.036,0,MP,0.8400631026659104,0.137
s2_p5_NAA-GDP_l6_r0,NAA-GDP,2,5,0.036,0,AM,0.8400631026659104,0.088
s2_p10_NAA-GDP_l6_r0,NAA-GDP,2,10,0.036,0,OP,0.8379045393037274,0.148
s2_p10_NAA-GDP_l6_r0,NAA-GDP,2,10,0.036,0,MP,0.8379045393037274,0.137
s2_p10_NAA-GDP_l6_r0,NAA-GDP,2,10,0.036,0,AM,0.8379045393037274,0.104
s2_p5_NAA-GDP_l6_r1,NAA-GDP,2,5,0.036,1,OP,0.8208349089304847,0.214
s2_p5_NAA-GDP_l6_r1,NAA-GDP,2,5,0.036,1,MP,0.8208349089304847,0.126
s2_p5_NAA-GDP_l6_r1,NAA-GDP,2,5,0.036,1,AM,0.8208349089304847,0.12
s2_p10_NAA-GDP_l6_r1,NAA-GDP,2,10,0.036,1,OP,0.8494065690736867,0.214
s2_p10_NAA-GDP_l6_r1,NAA-GDP,2,10,0.036,1,MP,0.8494065690736867,0.126
s2_p10_NAA-GDP_l6_r1,NAA-GDP,2,10,0.036,1,AM,0.8494065690736867,0.135
s2_p5_NAA-GDP_l6_r2,NAA-GDP,2,5,0.036,2,OP,0.829087099010525,0.178
s2_p5_NAA-GDP_l6_r2,NAA-GDP,2,5,0.036,2,MP,0.829087099010525,0.107
s2_p5_NAA-GDP_l6_r2,NAA-GDP,2,5,0.036,2,AM,0.829087099010525,0.128
s2_p10_NAA-GDP_l6_r2,NAA-GDP,2,10,0.036,2,OP,0.8364347398203962,0.178
s2_p10_NAA-GDP_l6_r2,NAA-GDP,2,10,0.036,2,MP,0.8364347398203962,0.107
s2_p10_NAA-GDP_l6_r2,NAA-GDP,2,10,0.036,2,AM,0.8364347398203962,0.119
s2_p5_NAA-GDP_l6_r3,NAA-GDP,2,5,0.036,3,OP,0.8174099546228021,0.206
s2_p5_NAA-GDP_l6_r3,NAA-GDP,2,5,0.036,3,MP,0.8174099546228021,0.153
s2_p5_NAA-GDP_l6_r3,NAA-GDP,2,5,0.036,3,AM,0.8174099546228021,0.129
s2_p10_NAA-GDP_l6_r3,NAA-GDP,2,10,0.036,3,OP,0.8363904539303728,0.206
s2_p10_NAA-GDP_l6_r3,NAA-GDP,2,10,0.036,3,MP,0.8363904539303728,0.153
s2_p10_NAA-GDP_l6_r3,NAA-GDP,2,10,0.036,3,AM,0.8363904539303728,0.114
s2_p5_NAA-GDP_l7_r0,NAA-GDP,2,5,0.042,0,OP,0.8111764983928909,0.178
s2_p5_NAA-GDP_l7_r0,NAA-GDP,2,5,0.042,0,MP,0.8111764983928909,0.119
s2_p5_NAA-GDP_l7_r0,NAA-GDP,2,5,0.042,0,AM,0.8111764983928909,0.124
s2_p10_NAA-GDP_l7_r0,NAA-GDP,2,10,0.042,0,OP,0.8284576208635748,0.178
s2_p10_NAA-GDP_l7_r0,NAA-GDP,2,10,0.042,0,MP,0.8284576208635748,0.119
s2_p10_NAA-GDP_l7_r0,NAA-GDP,2,10,0.042,0,AM,0.8284576208635748,0.126
s2_p5_NAA-GDP_l7_r1,NAA-GDP,2,5,0.042,1,OP,0.828693199722695,0.163
s2_p5_NAA-GDP_l7_r1,NAA-GDP,2,5,0.042,1,MP,0.828693199722695,0.107
s2_p5_NAA-GDP_l7_r1,NAA-GDP,2,5,0.042,1,AM,0.828693199722695,0.096
s2_p10_NAA-GDP_l7_r1,NAA-GDP,2,10,0.042,1,OP,0.8409669085988436,0.163
s2_p10_NAA-GDP_l7_r1,NAA-GDP,2,10,0.042,1,MP,0.8409669085988436,0.107
s2_p10_NAA-GDP_l7_r1,NAA-GDP,2,10,0.042,1,AM,0.8409669085988436,0.116
s2_p5_NAA-GDP_l7_r2,NAA-GDP,2,5,0.042,2,OP,0.7975416745446524,0.182
s2_p5_NAA-GDP_l7_r2,NAA-GDP,2,5,0.042,2,MP,0.7975416745446524,0.083
s2_p5_NAA-GDP_l7_r2,NAA-GDP,2,5,0.042,2,AM,0.7975416745446524,0.098
s2_p10_NAA-GDP_l7_r2,NAA-GDP,2,10,0.042,2,OP,0.8206856931971953,0.182
s2_p10_NAA-GDP_l7_r2,NAA-GDP,2,10,0.042,2,MP,0.8206856931971953,0.083
s2_p10_NAA-GDP_l7_r2,NAA-GDP,2,10,0.042,2,AM,0.8206856931971953,0.112
s2_p5_NAA-GDP_l7_r3,NAA-GDP,2,5,0.042,3,OP,0.8197635028675868,0.193
s2_p5_NAA-GDP_l7_r3,NAA-GDP,2,5,0.042,3,MP,0.8197635028675868,0.124
s2_p5_NAA-GDP_l7_r3,NAA-GDP,2,5,0.042,3,AM,0.8197635028675868,0.091
s2_p10_NAA-GDP_l7_r3,NAA-GDP,2,10,0.042,3,OP,0.8260895559109361,0.193
s2_p10_NAA-GDP_l7_r3,NAA-GDP,2,10,0.042,3,MP,0.8260895559109361,0.124
s2_p10_NAA-GDP_l7_r3,NAA-GDP,2,10,0.042,3,AM,0.8260895559109361,0.111
s2_p5_NAA-GDP_l8_r0,NAA-GDP,2,5,0.048,0,OP,0.8224479265141489,0.154
s2_p5_NAA-GDP_l8_r0,NAA-GDP,2,5,0.048,0,MP,0.8224479265141489,0.106
s2_p5_NAA-GDP_l8_r0,NAA-GDP,2,5,0.048,0,AM,0.8224479265141489,0.129
s2_p10_NAA-GDP_l8_r0,NAA-GDP,2,10,0.048,0,OP,0.8206273834419977,0.154
s2_p10_NAA-GDP_l8_r0,NAA-GDP,2,10,0.048,0,MP,0.8206273834419977,0.106
s2_p10_NAA-GDP_l8_r0,NAA-GDP,2,10,0.048,0,AM,0.8206273834419977,0.145
s2_p5_NAA-GDP_l8_r1,NAA-GDP,2,5,0.048,1,OP,0.8205394844646121,0.125
s2_p5_NAA-GDP_l8_r1,NAA-GDP,2,5,0.048,1,MP,0.8205394844646121,0.085
s2_p5_NAA-GDP_l8_r1,NAA-GDP,2,5,0.048,1,AM,0.8205394844646121,0.092
s2_p10_NAA-GDP_l8_r1,NAA-GDP,2,10,0.048,1,OP,0.8140883257473244,0.125
s2_p10_NAA-GDP_l8_r1,NAA-GDP,2,10,0.048,1,MP,0.8140883257473244,0.085
s2_p10_NAA-GDP_l8_r1,NAA-GDP,2,10,0.048,1,AM,0.8140883257473244,0.092
s2_p5_NAA-GDP_l8_r2,NAA-GDP,2,5,0.048,2,OP,0.8273874235835381,0.157
s2_p5_NAA-GDP_l8_r2,NAA-GDP,2,5,0.048,2,MP,0.8273874235835381,0.084
s2_p5_NAA-GDP_l8_r2,NAA-GDP,2,5,0.048,2,AM,0.8273874235835381,0.108
s2_p10_NAA-GDP_l8_r2,NAA-GDP,2,10,0.048,2,OP,0.8266153278386026,0.157
s2_p10_NAA-GDP_l8_r2,NAA-GDP,2,10,0.048,2,MP,0.8266153278386026,0.084
s2_p10_NAA-GDP_l8_r2,NAA-GDP,2,10,0.048,2,AM,0.8266153278386026,0.126
s2_p5_NAA-GDP_l8_r3,NAA-GDP,2,5,0.048,3,OP,0.8104261202495746,0.131
s2_p5_NAA-GDP_l8_r3,NAA-GDP,2,5,0.048,3,MP,0.8104261202495746,0.106
s2_p5_NAA-GDP_l8_r3,NAA-GDP,2,5,0.048,3,AM,0.8104261202495746,0.137
s2_p10_NAA-GDP_l8_r3,NAA-GDP,2,10,0.048,3,OP,0.8319266822487391,0.131
s2_p10_NAA-GDP_l8_r3,NAA-GDP,2,10,0.048,3,MP,0.8319266822487391,0.106
s2_p10_NAA-GDP_l8_r3,NAA-GDP,2,10,0.048,3,AM,0.8319266822487391,0.081
s2_p5_NAA-GDP_l9_r0,NAA-GDP,2,5,0.054,0,OP,0.8212169912396798,0.129
s2_p5_NAA-GDP_l9_r0,NAA-GDP,2,5,0.054,0,MP,0.8212169912396798,0.087
s2_p5_NAA-GDP_l9_r0,NAA-GDP,2,5,0.054,0,AM,0.8212169912396798,0.128
s2_p10_NAA-GDP_l9_r0,NAA-GDP,2,10,0.054,0,OP,0.8277138639439046,0.129
s2_p10_NAA-GDP_l9_r0,NAA-GDP,2,10,0.054,0,MP,0.8277138639439046,0.087
s2_p10_NAA-GDP_l9_r0,NAA-GDP,2,10,0.054,0,AM,0.8277138639439046,0.134
s2_p5_NAA-GDP_l9_r1,NAA-GDP,2,5,0.054,1,OP,0.818443940253356,0.111
s2_p5_NAA-GDP_l9_r1,NAA-GDP,2,5,0.054,1,MP,0.818443940253356,0.122
s2_p5_NAA-GDP_l9_r1,NAA-GDP,2,5,0.054,1,AM,0.818443940253356,0.111
s2_p10_NAA-GDP_l9_r1,NAA-GDP,2,10,0.054,1,OP,0.818056587526141,0.111
s2_p10_NAA-GDP_l9_r1,NAA-GDP,2,10,0.054,1,MP,0.818056587526141,0.122
s2_p10_NAA-GDP_l9_r1,NAA-GDP,2,10,0.054,1,AM,0.818056587526141,0.092
s2_p5_NAA-GDP_l9_r2,NAA-GDP,2,5,0.054,2,OP,0.8305405873826179,0.149
s2_p5_NAA-GDP_l9_r2,NAA-GDP,2,5,0.054,2,MP,0.8305405873826179,0.102
s2_p5_NAA-GDP_l9_r2,NAA-GDP,2,5,0.054,2,AM,0.8305405873826179,0.113
s2_p10_NAA-GDP_l9_r2,NAA-GDP,2,10,0.054,2,OP,0.8194415057202609,0.149
s2_p10_NAA-GDP_l9_r2,NAA-GDP,2,10,0.054,2,MP,0.8194415057202609,0.102
s2_p10_NAA-GDP_l9_r2,NAA-GDP,2,10,0.054,2,AM,0.8194415057202609,0.124
s2_p5_NAA-GDP_l9_r3,NAA-GDP,2,5,0.054,3,OP,0.8083187590596836,0.135
s2_p5_NAA-GDP_l9_r3,NAA-GDP,2,5,0.054,3,MP,0.8083187590596836,0.111
s2_p5_NAA-GDP_l9_r3,NAA-GDP,2,5,0.054,3,AM,0.8083187590596836,0.099
s2_p10_NAA-GDP_l9_r3,NAA-GDP,2,10,0.054,3,OP,0.8302174929265592,0.135
s2_p10_NAA-GDP_l9_r3,NAA-GDP,2,10,0.054,3,MP,0.8302174929265592,0.111
s2_p10_NAA-GDP_l9_r3,NAA-GDP,2,10,0.054,3,AM,0.8302174929265592,0.076
s2_p5_NAA-GDP_l10_r0,NAA-GDP,2,5,0.06,0,OP,0.7983787105312914,0.114
s2_p5_NAA-GDP_l10_r0,NAA-GDP,2,5,0.06,0,MP,0.7983787105312914,0.09
s2_p5_NAA-GDP_l10_r0,NAA-GDP,2,5,0.06,0,AM,0.7983787105312914,0.096
s2_p10_NAA-GDP_l10_r0,NAA-GDP,2,10,0.06,0,OP,0.8187585188830114,0.114
s2_p10_NAA-GDP_l10_r0,NAA-GDP,2,10,0.06,0,MP,0.8187585188830114,0.09
s2_p10_NAA-GDP_l10_r0,NAA-GDP,2,10,0.06,0,AM,0.8187585188830114,0.112
s2_p5_NAA-GDP_l10_r1,NAA-GDP,2,5,0.06,1,OP,0.8189126804058738,0.105
s2_p5_NAA-GDP_l10_r1,NAA-GDP,2,5,0.06,1,MP,0.8189126804058738,0.07
s2_p5_NAA-GDP_l10_r1,NAA-GDP,2,5,0.06,1,AM,0.8189126804058738,0.118
s2_p10_NAA-GDP_l10_r1,NAA-GDP,2,10,0.06,1,OP,0.8276885225735022,0.105
s2_p10_NAA-GDP_l10_r1,NAA-GDP,2,10,0.06,1,MP,0.8276885225735022,0.07
s2_p10_NAA-GDP_l10_r1,NAA-GDP,2,10,0.06,1,AM,0.8276885225735022,0.117
s2_p5_NAA-GDP_l10_r2,NAA-GDP,2,5,0.06,2,OP,0.8278187433037121,0.098
s2_p5_NAA-GDP_l10_r2,NAA-GDP,2,5,0.06,2,MP,0.8278187433037121,0.083
s2_p5_NAA-GDP_l10_r2,NAA-GDP,2,5,0.06,2,AM,0.8278187433037121,0.114
s2_p10_NAA-GDP_l10_r2,NAA-GDP,2,10,0.06,2,OP,0.8198646820027063,0.098
s2_p10_NAA-GDP_l10_r2,NAA-GDP,2,10,0.06,2,MP,0.8198646820027063,0.083
s2_p10_NAA-GDP_l10_r2,NAA-GDP,2,10,0.06,2,AM,0.8198646820027063,0.093
s2_p5_NAA-GDP_l10_r3,NAA-GDP,2,5,0.06,3,OP,0.8207620375622361,0.115
s2_p5_NAA-GDP_l10_r3,NAA-GDP,2,5,0.06,3,MP,0.8207620375622361,0.112
s2_p5_NAA-GDP_l10_r3,NAA-GDP,2,5,0.06,3,AM,0.8207620375622361,0.121
s2_p10_NAA-GDP_l10_r3,NAA-GDP,2,10,0.06,3,OP,0.8128288842416042,0.115
s2_p10_NAA-GDP_l10_r3,NAA-GDP,2,10,0.06,3,MP,0.8128288842416042,0.112
s2_p10_NAA-GDP_l10_r3,NAA-GDP,2,10,0.06,3,AM,0.8128288842416042,0.086
s3_p5_NAA-GDP_l1_r0,NAA-GDP,3,5,0.006,0,OP,0.8852742448330684,0.65
s3_p5_NAA-GDP_l1_r0,NAA-GDP,3,5,0.006,0,MP,0.8852742448330684,0.553
s3_p5_NAA-GDP_l1_r0,NAA-GDP,3,5,0.006,0,AM,0.8852742448330684,0.613
s3_p10_NAA-GDP_l1_r0,NAA-GDP,3,10,0.006,0,OP,0.8793223370429253,0.65
s3_p10_NAA-GDP_l1_r0,NAA-GDP,3,10,0.006,0,MP,0.8793223370429253,0.553
s3_p10_NAA-GDP_l1_r0,NAA-GDP,3,10,0.006,0,AM,0.8793223370429253,0.61
s3_p5_NAA-GDP_l1_r1,NAA-GDP,3,5,0.006,1,OP,0.8767488076311605,0.601
s3_p5_NAA-GDP_l1_r1,NAA-GDP,3,5,0.006,1,MP,0.8767488076311605,0.559
s3_p5_NAA-GDP_l1_r1,NAA-GDP,3,5,0.006,1,AM,0.8767488076311605,0.545
s3_p10_NAA-GDP_l1_r1,NAA-GDP,3,10,0.006,1,OP,0.8752881558028617,0.601
s3_p10_NAA-GDP_l1_r1,NAA-GDP,3,10,0.006,1,MP,0.8752881558028617,0.559
s3_p10_NAA-GDP_l1_r1,NAA-GDP,3,10,0.006,1,AM,0.8752881558028617,0.551
s3_p5_NAA-GDP_l1_r2,NAA-GDP,3,5,0.006,2,OP,0.8800278219395867,0.64
s3_p5_NAA-GDP_l1_r2,NAA-GDP,3,5,0.006,2,MP,0.8800278219395867,0.559
s3_p5_NAA-GDP_l1_r2,NAA-GDP,3,5,0.006,2,AM,0.8800278219395867,0.571
s3_p10_NAA-GDP_l1_r2,NAA-GDP,3,10,0.006,2,OP,0.8771164546899841,0.64
s3_p10_NAA-GDP_l1_r2,NAA-GDP,3,10,0.006,2,MP,0.8771164546899841,0.559
s3_p10_NAA-GDP_l1_r2,NAA-GDP,3,10,0.006,2,AM,0.8771164546899841,0.573
s3_p5_NAA-GDP_l1_r3,NAA-GDP,3,5,0.006,3,OP,0.8785969793322734,0.617
s3_p5_NAA-GDP_l1_r3,NAA-GDP,3,5,0.006,3,MP,0.8785969793322734,0.59
s3_p5_NAA-GDP_l1_r3,NAA-GDP,3,5,0.006,3,AM,0.8785969793322734,0.537
s3_p10_NAA-GDP_l1_r3,NAA-GDP,3,10,0.006,3,OP,0.87564586645469,0.617
s3_p10_NAA-GDP_l1_r3,NAA-GDP,3,10,0.006,3,MP,0.87564586645469,0.59
s3_p10_NAA-GDP_l1_r3,NAA-GDP,3,10,0.006,3,AM,0.87564586645469,0.532
s3_p5_NAA-GDP_l2_r0,NAA-GDP,3,5,0.012,0,OP,0.8693362480127187,0.435
s3_p5_NAA-GDP_l2_r0,NAA-GDP,3,5,0.012,0,MP,0.8693362480127187,0.406
s3_p5_NAA-GDP_l2_r0,NAA-GDP,3,5,0.012,0,AM,0.8693362480127187,0.321
s3_p10_NAA-GDP_l2_r0,NAA-GDP,3,10,0.012,0,OP,0.868233306836248,0.435
s3_p10_NAA-GDP_l2_r0,NAA-GDP,3,10,0.012,0,MP,0.868233306836248,0.406
s3_p10_NAA-GDP_l2_r0,NAA-GDP,3,10,0.012,0,AM,0.868233306836248,0.317
s3_p5_NAA-GDP_l2_r1,NAA-GDP,3,5,0.012,1,OP,0.8754173290937997,0.483
s3_p5_NAA-GDP_l2_r1,NAA-GDP,3,5,0.012,1,MP,0.8754173290937997,0.41
s3_p5_NAA-GDP_l2_r1,NAA-GDP,3,5,0.012,1,AM,0.8754173290937997,0.349
s3_p10_NAA-GDP_l2_r1,NAA-GDP,3,10,0.012,1,OP,0.8703994435612084,0.483
s3_p10_NAA-GDP_l2_r1,NAA-GDP,3,10,0.012,1,MP,0.8703994435612084,0.41
s3_p10_NAA-GDP_l2_r1,NAA-GDP,3,10,0.012,1,AM,0.8703994435612084,0.384
s3_p5_NAA-GDP_l2_r2,NAA-GDP,3,5,0.012,2,OP,0.8802265500794912,0.51
s3_p5_NAA-GDP_l2_r2,NAA-GDP,3,5,0.012,2,MP,0.8802265500794912,0.418
s3_p5_NAA-GDP_l2_r2,NAA-GDP,3,5,0.012,2,AM,0.8802265500794912,0.451
s3_p10_NAA-GDP_l2_r2,NAA-GDP,3,10,0.012,2,OP,0.8772257551669316,0.51
s3_p10_NAA-GDP_l2_r2,NAA-GDP,3,10,0.012,2,MP,0.8772257551669316,0.418
s3_p10_NAA-GDP_l2_r2,NAA-GDP,3,10,0.012,2,AM,0.8772257551669316,0.485
s3_p5_NAA-GDP_l2_r3,NAA-GDP,3,5,0.012,3,OP,0.8746422893481718,0.436
s3_p5_NAA-GDP_l2_r3,NAA-GDP,3,5,0.012,3,MP,0.8746422893481718,0.337
s3_p5_NAA-GDP_l2_r3,NAA-GDP,3,5,0.012,3,AM,0.8746422893481718,0.401
s3_p10_NAA-GDP_l2_r3,NAA-GDP,3,10,0.012,3,OP,0.8760930047694754,0.436
s3_p10_NAA-GDP_l2_r3,NAA-GDP,3,10,0.012,3,MP,0.8760930047694754,0.337
s3_p10_NAA-GDP_l2_r3,NAA-GDP,3,10,0.012,3,AM,0.8760930047694754,0.423
s3_p5_NAA-GDP_l3_r0,NAA-GDP,3,5,0.018,0,OP,0.8699920508744038,0.355
s3_p5_NAA-GDP_l3_r0,NAA-GDP,3,5,0.018,0,MP,0.8699920508744038,0.283
s3_p5_NAA-GDP_l3_r0,NAA-GDP,3,5,0.018,0,AM,0.8699920508744038,0.295
s3_p10_NAA-GDP_l3_r0,NAA-GDP,3,10,0.018,0,OP,0.8710552464228936,0.355
s3_p10_NAA-GDP_l3_r0,NAA-GDP,3,10,0.018,0,MP,0.8710552464228936,0.283
s3_p10_NAA-GDP_l3_r0,NAA-GDP,3,10,0.018,0,AM,0.8710552464228936,0.332
s3_p5_NAA-GDP_l3_r1,NAA-GDP,3,5,0.018,1,OP,0.8613871224165341,0.348
s3_p5_NAA-GDP_l3_r1,NAA-GDP,3,5,0.018,1,MP,0.8613871224165341,0.233
s3_p5_NAA-GDP_l3_r1,NAA-GDP,3,5,0.018,1,AM,0.8613871224165341,0.186
s3_p10_NAA-GDP_l3_r1,NAA-GDP,3,10,0.018,1,OP,0.8697138314785373,0.348
s3_p10_NAA-GDP_l3_r1,NAA-GDP,3,10,0.018,1,MP,0.8697138314785373,0.233
s3_p10_NAA-GDP_l3_r1,NAA-GDP,3,10,0.018,1,AM,0.8697138314785373,0.198
s3_p5_NAA-GDP_l3_r2,NAA-GDP,3,5,0.018,2,OP,0.87758346581876,0.408
s3_p5_NAA-GDP_l3_r2,NAA-GDP,3,5,0.018,2,MP,0.87758346581876,0.325
s3_p5_NAA-GDP_l3_r2,NAA-GDP,3,5,0.018,2,AM,0.87758346581876,0.317
s3_p10_NAA-GDP_l3_r2,NAA-GDP,3,10,0.018,2,OP,0.8691275834658188,0.408
s3_p10_NAA-GDP_l3_r2,NAA-GDP,3,10,0.018,2,MP,0.8691275834658188,0.325
s3_p10_NAA-GDP_l3_r2,NAA-GDP,3,10,0.018,2,AM,0.8691275834658188,0.309
s3_p5_NAA-GDP_l3_r3,NAA-GDP,3,5,0.018,3,OP,0.8731120826709062,0.33
s3_p5_NAA-GDP_l3_r3,NAA-GDP,3,5,0.018,3,MP,0.8731120826709062,0.261
s3_p5_NAA-GDP_l3_r3,NAA-GDP,3,5,0.018,3,AM,0.8731120826709062,0.241
s3_p10_NAA-GDP_l3_r3,NAA-GDP,3,10,0.018,3,OP,0.8669912559618442,0.33
s3_p10_NAA-GDP_l3_r3,NAA-GDP,3,10,0.018,3,MP,0.8669912559618442,0.261
s3_p10_NAA-GDP_l3_r3,NAA-GDP,3,10,0.018,3,AM,0.8669912559618442,0.231
s3_p5_NAA-GDP_l4_r0,NAA-GDP,3,5,0.024,0,OP,0.8665341812400635,0.254
s3_p5_NAA-GDP_l4_r0,NAA-GDP,3,5,0.024,0,MP,0.8665341812400635,0.222
s3_p5_NAA-GDP_l4_r0,NAA-GDP,3,5,0.024,0,AM,0.8665341812400635,0.194
s3_p10_NAA-GDP_l4_r0,NAA-GDP,3,10,0.024,0,OP,0.8595389507154214,0.254
s3_p10_NAA-GDP_l4_r0,NAA-GDP,3,10,0.024,0,MP,0.8595389507154214,0.222
s3_p10_NAA-GDP_l4_r0,NAA-GDP,3,10,0.024,0,AM,0.8595389507154214,0.191
s3_p5_NAA-GDP_l4_r1,NAA-GDP,3,5,0.024,1,OP,0.8562798092209857,0.262
s3_p5_NAA-GDP_l4_r1,NAA-GDP,3,5,0.024,1,MP,0.8562798092209857,0.211
s3_p5_NAA-GDP_l4_r1,NAA-GDP,3,5,0.024,1,AM,0.8562798092209857,0.19
s3_p10_NAA-GDP_l4_r1,NAA-GDP,3,10,0.024,1,OP,0.8648052464228935,0.262
s3_p10_NAA-GDP_l4_r1,NAA-GDP,3,10,0.024,1,MP,0.8648052464228935,0.211
s3_p10_NAA-GDP_l4_r1,NAA-GDP,3,10,0.024,1,AM,0.8648052464228935,0.193
s3_p5_NAA-GDP_l4_r2,NAA-GDP,3,5,0.024,2,OP,0.8658982511923689,0.33
s3_p5_NAA-GDP_l4_r2,NAA-GDP,3,5,0.024,2,MP,0.8658982511923689,0.253
s3_p5_NAA-GDP_l4_r2,NAA-GDP,3,5,0.024,2,AM,0.8658982511923689,0.264
s3_p10_NAA-GDP_l4_r2,NAA-GDP,3,10,0.024,2,OP,0.8662460254372019,0.33
s3_p10_NAA-GDP_l4_r2,NAA-GDP,3,10,0.024,2,MP,0.8662460254372019,0.253
s3_p10_NAA-GDP_l4_r2,NAA-GDP,3,10,0.024,2,AM,0.8662460254372019,0.232
s3_p5_NAA-GDP_l4_r3,NAA-GDP,3,5,0.024,3,OP,0.8600357710651829,0.235
s3_p5_NAA-GDP_l4_r3,NAA-GDP,3,5,0.024,3,MP,0.8600357710651829,0.18
s3_p5_NAA-GDP_l4_r3,NAA-GDP,3,5,0.024,3,AM,0.8600357710651829,0.195
s3_p10_NAA-GDP_l4_r3,NAA-GDP,3,10,0.024,3,OP,0.8645767090620032,0.235
s3_p10_NAA-GDP_l4_r3,NAA-GDP,3,10,0.024,3,MP,0.8645767090620032,0.18
s3_p10_NAA-GDP_l4_r3,NAA-GDP,3,10,0.024,3,AM,0.8645767090620032,0.173
s3_p5_NAA-GDP_l5_r0,NAA-GDP,3,5,0.03,0,OP,0.8656796502384738,0.22
s3_p5_NAA-GDP_l5_r0,NAA-GDP,3,5,0.03,0,MP,0.8656796502384738,0.183
s3_p5_NAA-GDP_l5_r0,NAA-GDP,3,5,0.03,0,AM,0.8656796502384738,0.173
s3_p10_NAA-GDP_l5_r0,NAA-GDP,3,10,0.03,0,OP,0.8557531796502384,0.22
s3_p10_NAA-GDP_l5_r0,NAA-GDP,3,10,0.03,0,MP,0.8557531796502384,0.183
s3_p10_NAA-GDP_l5_r0,NAA-GDP,3,10,0.03,0,AM,0.8557531796502384,0.156
s3_p5_NAA-GDP_l5_r1,NAA-GDP,3,5,0.03,1,OP,0.8625198728139905,0.199
s3_p5_NAA-GDP_l5_r1,NAA-GDP,3,5,0.03,1,MP,0.8625198728139905,0.165
s3_p5_NAA-GDP_l5_r1,NAA-GDP,3,5,0.03,1,AM,0.8625198728139905,0.136
s3_p10_NAA-GDP_l5_r1,NAA-GDP,3,10,0.03,1,OP,0.8576510333863274,0.199
s3_p10_NAA-GDP_l5_r1,NAA-GDP,3,10,0.03,1,MP,0.8576510333863274,0.165
s3_p10_NAA-GDP_l5_r1,NAA-GDP,3,10,0.03,1,AM,0.8576510333863274,0.11
s3_p5_NAA-GDP_l5_r2,NAA-GDP,3,5,0.03,2,OP,0.8551271860095389,0.227
s3_p5_NAA-GDP_l5_r2,NAA-GDP,3,5,0.03,2,MP,0.8551271860095389,0.172
s3_p5_NAA-GDP_l5_r2,NAA-GDP,3,5,0.03,2,AM,0.8551271860095389,0.117
s3_p10_NAA-GDP_l5_r2,NAA-GDP,3,10,0.03,2,OP,0.8425874403815581,0.227
s3_p10_NAA-GDP_l5_r2,NAA-GDP,3,10,0.03,2,MP,0.8425874403815581,0.172
s3_p10_NAA-GDP_l5_r2,NAA-GDP,3,10,0.03,2,AM,0.8425874403815581,0.123
s3_p5_NAA-GDP_l5_r3,NAA-GDP,3,5,0.03,3,OP,0.852841812400636,0.263
s3_p5_NAA-GDP_l5_r3,NAA-GDP,3,5,0.03,3,MP,0.852841812400636,0.173
s3_p5_NAA-GDP_l5_r3,NAA-GDP,3,5,0.03,3,AM,0.852841812400636,0.155
s3_p10_NAA-GDP_l5_r3,NAA-GDP,3,10,0.03,3,OP,0.8574920508744037,0.263
s3_p10_NAA-GDP_l5_r3,NAA-GDP,3,10,0.03,3,MP,0.8574920508744037,0.173
s3_p10_NAA-GDP_l5_r3,NAA-GDP,3,10,0.03,3,AM,0.8574920508744037,0.191
s3_p5_NAA-GDP_l6_r0,NAA-GDP,3,5,0.036,0,OP,0.8419117647058824,0.149
s3_p5_NAA-GDP_l6_r0,NAA-GDP,3,5,0.036,0,MP,0.8419117647058824,0.123
s3_p5_NAA-GDP_l6_r0,NAA-GDP,3,5,0.036,0,AM,0.8419117647058824,0.138
s3_p10_NAA-GDP_l6_r0,NAA-GDP,3,10,0.036,0,OP,0.8417726550079492,0.149
s3_p10_NAA-GDP_l6_r0,NAA-GDP,3,10,0.036,0,MP,0.8417726550079492,0.123
s3_p10_NAA-GDP_l6_r0,NAA-GDP,3,10,0.036,0,AM,0.8417726550079492,0.166
s3_p5_NAA-GDP_l6_r1,NAA-GDP,3,5,0.036,1,OP,0.8470985691573927,0.197
s3_p5_NAA-GDP_l6_r1,NAA-GDP,3,5,0.036,1,MP,0.8470985691573927,0.146
s3_p5_NAA-GDP_l6_r1,NAA-GDP,3,5,0.036,1,AM,0.8470985691573927,0.189
s3_p10_NAA-GDP_l6_r1,NAA-GDP,3,10,0.036,1,OP,0.840818759936407,0.197
s3_p10_NAA-GDP_l6_r1,NAA-GDP,3,10,0.036,1,MP,0.840818759936407,0.146
s3_p10_NAA-GDP_l6_r1,NAA-GDP,3,10,0.036,1,AM,0.840818759936407,0.155
s3_p5_NAA-GDP_l6_r2,NAA-GDP,3,5,0.036,2,OP,0.8517289348171702,0.217
s3_p5_NAA-GDP_l6_r2,NAA-GDP,3,5,0.036,2,MP,0.8517289348171702,0.132
s3_p5_NAA-GDP_l6_r2,NAA-GDP,3,5,0.036,2,AM,0.8517289348171702,0.149
s3_p10_NAA-GDP_l6_r2,NAA-GDP,3,10,0.036,2,OP,0.8561009538950715,0.217
s3_p10_NAA-GDP_l6_r2,NAA-GDP,3,10,0.036,2,MP,0.8561009538950715,0.132
s3_p10_NAA-GDP_l6_r2,NAA-GDP,3,10,0.036,2,AM,0.8561009538950715,0.144
s3_p5_NAA-GDP_l6_r3,NAA-GDP,3,5,0.036,3,OP,0.833704292527822,0.193
s3_p5_NAA-GDP_l6_r3,NAA-GDP,3,5,0.036,3,MP,0.833704292527822,0.137
s3_p5_NAA-GDP_l6_r3,NAA-GDP,3,5,0.036,3,AM,0.833704292527822,0.118
s3_p10_NAA-GDP_l6_r3,NAA-GDP,3,10,0.036,3,OP,0.8496621621621621,0.193
s3_p10_NAA-GDP_l6_r3,NAA-GDP,3,10,0.036,3,MP,0.8496621621621621,0.137
s3_p10_NAA-GDP_l6_r3,NAA-GDP,3,10,0.036,3,AM,0.8496621621621621,0.133
s3_p5_NAA-GDP_l7_r0,NAA-GDP,3,5,0.042,0,OP,0.8427662957074722,0.207
s3_p5_NAA-GDP_l7_r0,NAA-GDP,3,5,0.042,0,MP,0.8427662957074722,0.1
s3_p5_NAA-GDP_l7_r0,NAA-GDP,3,5,0.042,0,AM,0.8427662957074722,0.114
s3_p10_NAA-GDP_l7_r0,NAA-GDP,3,10,0.042,0,OP,0.8376788553259142,0.207
s3_p10_NAA-GDP_l7_r0,NAA-GDP,3,10,0.042,0,MP,0.8376788553259142,0.1
s3_p10_NAA-GDP_l7_r0,NAA-GDP,3,10,0.042,0,AM,0.8376788553259142,0.133
s3_p5_NAA-GDP_l7_r1,NAA-GDP,3,5,0.042,1,OP,0.8398449920508744,0.17
s3_p5_NAA-GDP_l7_r1,NAA-GDP,3,5,0.042,1,MP,0.8398449920508744,0.118
s3_p5_NAA-GDP_l7_r1,NAA-GDP,3,5,0.042,1,AM,0.8398449920508744,0.145
s3_p10_NAA-GDP_l7_r1,NAA-GDP,3,10,0.042,1,OP,0.84181240063593,0.17
s3_p10_NAA-GDP_l7_r1,NAA-GDP,3,10,0.042,1,MP,0.84181240063593,0.118
s3_p10_NAA-GDP_l7_r1,NAA-GDP,3,10,0.042,1,AM,0.84181240063593,0.095
s3_p5_NAA-GDP_l7_r2,NAA-GDP,3,5,0.042,2,OP,0.8400635930047695,0.19
s3_p5_NAA-GDP_l7_r2,NAA-GDP,3,5,0.042,2,MP,0.8400635930047695,0.117
s3_p5_NAA-GDP_l7_r2,NAA-GDP,3,5,0.042,2,AM,0.8400635930047695,0.155
s3_p10_NAA-GDP_l7_r2,NAA-GDP,3,10,0.042,2,OP,0.8468799682034975,0.19
s3_p10_NAA-GDP_l7_r2,NAA-GDP,3,10,0.042,2,MP,0.8468799682034975,0.117
s3_p10_NAA-GDP_l7_r2,NAA-GDP,3,10,0.042,2,AM,0.8468799682034975,0.145
s3_p5_NAA-GDP_l7_r3,NAA-GDP,3,5,0.042,3,OP,0.8427066772655007,0.17
s3_p5_NAA-GDP_l7_r3,NAA-GDP,3,5,0.042,3,MP,0.8427066772655007,0.128
s3_p5_NAA-GDP_l7_r3,NAA-GDP,3,5,0.042,3,AM,0.8427066772655007,0.115
s3_p10_NAA-GDP_l7_r3,NAA-GDP,3,10,0.042,3,OP,0.8379670111287758,0.17
s3_p10_NAA-GDP_l7_r3,NAA-GDP,3,10,0.042,3,MP,0.8379670111287758,0.128
s3_p10_NAA-GDP_l7_r3,NAA-GDP,3,10,0.042,3,AM,0.8379670111287758,0.111
s3_p5_NAA-GDP_l8_r0,NAA-GDP,3,5,0.048,0,OP,0.8348966613672496,0.148
s3_p5_NAA-GDP_l8_r0,NAA-GDP,3,5,0.048,0,MP,0.8348966613672496,0.126
s3_p5_NAA-GDP_l8_r0,NAA-GDP,3,5,0.048,0,AM,0.8348966613672496,0.106
s3_p10_NAA-GDP_l8_r0,NAA-GDP,3,10,0.048,0,OP,0.8311903815580286,0.148
s3_p10_NAA-GDP_l8_r0,NAA-GDP,3,10,0.048,0,MP,0.8311903815580286,0.126
s3_p10_NAA-GDP_l8_r0,NAA-GDP,3,10,0.048,0,AM,0.8311903815580286,0.125
s3_p5_NAA-GDP_l8_r1,NAA-GDP,3,5,0.048,1,OP,0.8327106518282988,0.159
s3_p5_NAA-GDP_l8_r1,NAA-GDP,3,5,0.048,1,MP,0.8327106518282988,0.118
s3_p5_NAA-GDP_l8_r1,NAA-GDP,3,5,0.048,1,AM,0.8327106518282988,0.146
s3_p10_NAA-GDP_l8_r1,NAA-GDP,3,10,0.048,1,OP,0.83685413354531,0.159
s3_p10_NAA-GDP_l8_r1,NAA-GDP,3,10,0.048,1,MP,0.83685413354531,0.118
s3_p10_NAA-GDP_l8_r1,NAA-GDP,3,10,0.048,1,AM,0.83685413354531,0.076
s3_p5_NAA-GDP_l8_r2,NAA-GDP,3,5,0.048,2,OP,0.840779014308426,0.122
s3_p5_NAA-GDP_l8_r2,NAA-GDP,3,5,0.048,2,MP,0.840779014308426,0.117
s3_p5_NAA-GDP_l8_r2,NAA-GDP,3,5,0.048,2,AM,0.840779014308426,0.118
s3_p10_NAA-GDP_l8_r2,NAA-GDP,3,10,0.048,2,OP,0.8348569157392687,0.122
s3_p10_NAA-GDP_l8_r2,NAA-GDP,3,10,0.048,2,MP,0.8348569157392687,0.117
s3_p10_NAA-GDP_l8_r2,NAA-GDP,3,10,0.048,2,AM,0.8348569157392687,0.131
s3_p5_NAA-GDP_l8_r3,NAA-GDP,3,5,0.048,3,OP,0.8317965023847377,0.158
s3_p5_NAA-GDP_l8_r3,NAA-GDP,3,5,0.048,3,MP,0.8317965023847377,0.102
s3_p5_NAA-GDP_l8_r3,NAA-GDP,3,5,0.048,3,AM,0.8317965023847377,0.077
s3_p10_NAA-GDP_l8_r3,NAA-GDP,3,10,0.048,3,OP,0.8390003974562799,0.158
s3_p10_NAA-GDP_l8_r3,NAA-GDP,3,10,0.048,3,MP,0.8390003974562799,0.102
s3_p10_NAA-GDP_l8_r3,NAA-GDP,3,10,0.048,3,AM,0.8390003974562799,0.082
s3_p5_NAA-GDP_l9_r0,NAA-GDP,3,5,0.054,0,OP,0.8350953895071542,0.156
s3_p5_NAA-GDP_l9_r0,NAA-GDP,3,5,0.054,0,MP,0.8350953895071542,0.091
s3_p5_NAA-GDP_l9_r0,NAA-GDP,3,5,0.054,0,AM,0.8350953895071542,0.098
s3_p10_NAA-GDP_l9_r0,NAA-GDP,3,10,0.054,0,OP,0.8371820349761526,0.156
s3_p10_NAA-GDP_l9_r0,NAA-GDP,3,10,0.054,0,MP,0.8371820349761526,0.091
s3_p10_NAA-GDP_l9_r0,NAA-GDP,3,10,0.054,0,AM,0.8371820349761526,0.094
s3_p5_NAA-GDP_l9_r1,NAA-GDP,3,5,0.054,1,OP,0.8407988871224166,0.137
s3_p5_NAA-GDP_l9_r1,NAA-GDP,3,5,0.054,1,MP,0.8407988871224166,0.096
s3_p5_NAA-GDP_l9_r1,NAA-GDP,3,5,0.054,1,AM,0.8407988871224166,0.11
s3_p10_NAA-GDP_l9_r1,NAA-GDP,3,10,0.054,1,OP,0.8276331478537361,0.137
s3_p10_NAA-GDP_l9_r1,NAA-GDP,3,10,0.054,1,MP,0.8276331478537361,0.096
s3_p10_NAA-GDP_l9_r1,NAA-GDP,3,10,0.054,1,AM,0.8276331478537361,0.087
s3_p5_NAA-GDP_l9_r2,NAA-GDP,3,5,0.054,2,OP,0.8415739268680444,0.101
s3_p5_NAA-GDP_l9_r2,NAA-GDP,3,5,0.054,2,MP,0.8415739268680444,0.118
s3_p5_NAA-GDP_l9_r2,NAA-GDP,3,5,0.054,2,AM,0.8415739268680444,0.112
s3_p10_NAA-GDP_l9_r2,NAA-GDP,3,10,0.054,2,OP,0.8318163751987282,0.101
s3_p10_NAA-GDP_l9_r2,NAA-GDP,3,10,0.054,2,MP,0.8318163751987282,0.118
s3_p10_NAA-GDP_l9_r2,NAA-GDP,3,10,0.054,2,AM,0.8318163751987282,0.104
s3_p5_NAA-GDP_l9_r3,NAA-GDP,3,5,0.054,3,OP,0.8409379968203498,0.119
s3_p5_NAA-GDP_l9_r3,NAA-GDP,3,5,0.054,3,MP,0.8409379968203498,0.1
s3_p5_NAA-GDP_l9_r3,NAA-GDP,3,5,0.054,3,AM,0.8409379968203498,0.109
s3_p10_NAA-GDP_l9_r3,NAA-GDP,3,10,0.054,3,OP,0.8300675675675675,0.119
s3_p10_NAA-GDP_l9_r3,NAA-GDP,3,10,0.054,3,MP,0.8300675675675675,0.1
s3_p10_NAA-GDP_l9_r3,NAA-GDP,3,10,0.054,3,AM,0.8300675675675675,0.119
s3_p5_NAA-GDP_l10_r0,NAA-GDP,3,5,0.06,0,OP,0.815818759936407,0.12
s3_p5_NAA-GDP_l10_r0,NAA-GDP,3,5,0.06,0,MP,0.815818759936407,0.098
s3_p5_NAA-GDP_l10_r0,NAA-GDP,3,5,0.06,0,AM,0.815818759936407,0.091
s3_p10_NAA-GDP_l10_r0,NAA-GDP,3,10,0.06,0,OP,0.8271760731319555,0.12
s3_p10_NAA-GDP_l10_r0,NAA-GDP,3,10,0.06,0,MP,0.8271760731319555,0.098
s3_p10_NAA-GDP_l10_r0,NAA-GDP,3,10,0.06,0,AM,0.8271760731319555,0.1
s3_p5_NAA-GDP_l10_r1,NAA-GDP,3,5,0.06,1,OP,0.8379570747217806,0.159
s3_p5_NAA-GDP_l10_r1,NAA-GDP,3,5,0.06,1,MP,0.8379570747217806,0.105
s3_p5_NAA-GDP_l10_r1,NAA-GDP,3,5,0.06,1,AM,0.8379570747217806,0.063
s3_p10_NAA-GDP_l10_r1,NAA-GDP,3,10,0.06,1,OP,0.8381160572337043,0.159
s3_p10_NAA-GDP_l10_r1,NAA-GDP,3,10,0.06,1,MP,0.8381160572337043,0.105
s3_p10_NAA-GDP_l10_r1,NAA-GDP,3,10,0.06,1,AM,0.8381160572337043,0.099
s3_p5_NAA-GDP_l10_r2,NAA-GDP,3,5,0.06,2,OP,0.8349562798092209,0.108
s3_p5_NAA-GDP_l10_r2,NAA-GDP,3,5,0.06,2,MP,0.8349562798092209,0.143
s3_p5_NAA-GDP_l10_r2,NAA-GDP,3,5,0.06,2,AM,0.8349562798092209,0.118
s3_p10_NAA-GDP_l10_r2,NAA-GDP,3,10,0.06,2,OP,0.823489666136725,0.108
s3_p10_NAA-GDP_l10_r2,NAA-GDP,3,10,0.06,2,MP,0.823489666136725,0.143
s3_p10_NAA-GDP_l10_r2,NAA-GDP,3,10,0.06,2,AM,0.823489666136725,0.114
s3_p5_NAA-GDP_l10_r3,NAA-GDP,3,5,0.06,3,OP,0.8285373608903022,0.12
s3_p5_NAA-GDP_l10_r3,NAA-GDP,3,5,0.06,3,MP,0.8285373608903022,0.098
s3_p5_NAA-GDP_l10_r3,NAA-GDP,3,5,0.06,3,AM,0.8285373608903022,0.1
s3_p10_NAA-GDP_l10_r3,NAA-GDP,3,10,0.06,3,OP,0.8340421303656598,0.12
s3_p10_NAA-GDP_l10_r3,NAA-GDP,3,10,0.06,3,MP,0.8340421303656598,0.098
s3_p10_NAA-GDP_l10_r3,NAA-GDP,3,10,0.06,3,AM,0.8340421303656598,0.081
s4_p5_NAA-GDP_l1_r0,NAA-GDP,4,5,0.006,0,OP,0.8477031809098019,0.655
s4_p5_NAA-GDP_l1_r0,NAA-GDP,4,5,0.006,0,MP,0.8477031809098019,0.575
s4_p5_NAA-GDP_l1_r0,NAA-GDP,4,5,0.006,0,AM,0.8477031809098019,0.608
s4_p10_NAA-GDP_l1_r0,NAA-GDP,4,10,0.006,0,OP,0.8820942716521437,0.655
s4_p10_NAA-GDP_l1_r0,NAA-GDP,4,10,0.006,0,MP,0.8820942716521437,0.575
s4_p10_NAA-GDP_l1_r0,NAA-GDP,4,10,0.006,0,AM,0.8820942716521437,0.614
s4_p5_NAA-GDP_l1_r1,NAA-GDP,4,5,0.006,1,OP,0.843126722959897,0.627
s4_p5_NAA-GDP_l1_r1,NAA-GDP,4,5,0.006,1,MP,0.843126722959897,0.581
s4_p5_NAA-GDP_l1_r1,NAA-GDP,4,5,0.006,1,AM,0.843126722959897,0.593
s4_p10_NAA-GDP_l1_r1,NAA-GDP,4,10,0.006,1,OP,0.8773399048830394,0.627
s4_p10_NAA-GDP_l1_r1,NAA-GDP,4,10,0.006,1,MP,0.8773399048830394,0.581
s4_p10_NAA-GDP_l1_r1,NAA-GDP,4,10,0.006,1,AM,0.8773399048830394,0.579
s4_p5_NAA-GDP_l1_r2,NAA-GDP,4,5,0.006,2,OP,0.8352178927163721,0.658
s4_p5_NAA-GDP_l1_r2,NAA-GDP,4,5,0.006,2,MP,0.8352178927163721,0.629
s4_p5_NAA-GDP_l1_r2,NAA-GDP,4,5,0.006,2,AM,0.8352178927163721,0.611
s4_p10_NAA-GDP_l1_r2,NAA-GDP,4,10,0.006,2,OP,0.8761410677747845,0.658
s4_p10_NAA-GDP_l1_r2,NAA-GDP,4,10,0.006,2,MP,0.8761410677747845,0.629
s4_p10_NAA-GDP_l1_r2,NAA-GDP,4,10,0.006,2,AM,0.8761410677747845,0.603
s4_p5_NAA-GDP_l1_r3,NAA-GDP,4,5,0.006,3,OP,0.8421452776088278,0.636
s4_p5_NAA-GDP_l1_r3,NAA-GDP,4,5,0.006,3,MP,0.8421452776088278,0.625
s4_p5_NAA-GDP_l1_r3,NAA-GDP,4,5,0.006,3,AM,0.8421452776088278,0.511
s4_p10_NAA-GDP_l1_r3,NAA-GDP,4,10,0.006,3,OP,0.874661777833956,0.636
s4_p10_NAA-GDP_l1_r3,NAA-GDP,4,10,0.006,3,MP,0.874661777833956,0.625
s4_p10_NAA-GDP_l1_r3,NAA-GDP,4,10,0.006,3,AM,0.874661777833956,0.508
s4_p5_NAA-GDP_l2_r0,NAA-GDP,4,5,0.012,0,OP,0.8374661332238011,0.491
s4_p5_NAA-GDP_l2_r0,NAA-GDP,4,5,0.012,0,MP,0.8374661332238011,0.327
s4_p5_NAA-GDP_l2_r0,NAA-GDP,4,5,0.012,0,AM,0.8374661332238011,0.355
s4_p10_NAA-GDP_l2_r0,NAA-GDP,4,10,0.012,0,OP,0.8710183597854338,0.491
s4_p10_NAA-GDP_l2_r0,NAA-GDP,4,10,0.012,0,MP,0.8710183597854338,0.327
s4_p10_NAA-GDP_l2_r0,NAA-GDP,4,10,0.012,0,AM,0.8710183597854338,0.365
s4_p5_NAA-GDP_l2_r1,NAA-GDP,4,5,0.012,1,OP,0.8525551149693125,0.551
s4_p5_NAA-GDP_l2_r1,NAA-GDP,4,5,0.012,1,MP,0.8525551149693125,0.393
s4_p5_NAA-GDP_l2_r1,NAA-GDP,4,5,0.012,1,AM,0.8525551149693125,0.37
s4_p10_NAA-GDP_l2_r1,NAA-GDP,4,10,0.012,1,OP,0.8729914047131876,0.551
s4_p10_NAA-GDP_l2_r1,NAA-GDP,4,10,0.012,1,MP,0.8729914047131876,0.393
s4_p10_NAA-GDP_l2_r1,NAA-GDP,4,10,0.012,1,AM,0.8729914047131876,0.404
s4_p5_NAA-GDP_l2_r2,NAA-GDP,4,5,0.012,2,OP,0.8437951721577579,0.44
s4_p5_NAA-GDP_l2_r2,NAA-GDP,4,5,0.012,2,MP,0.8437951721577579,0.364
s4_p5_NAA-GDP_l2_r2,NAA-GDP,4,5,0.012,2,AM,0.8437951721577579,0.294
s4_p10_NAA-GDP_l2_r2,NAA-GDP,4,10,0.012,2,OP,0.8733266643493098,0.44
s4_p10_NAA-GDP_l2_r2,NAA-GDP,4,10,0.012,2,MP,0.8733266643493098,0.364
s4_p10_NAA-GDP_l2_r2,NAA-GDP,4,10,0.012,2,AM,0.8733266643493098,0.308
s4_p5_NAA-GDP_l2_r3,NAA-GDP,4,5,0.012,3,OP,0.8348624396717194,0.388
s4_p5_NAA-GDP_l2_r3,NAA-GDP,4,5,0.012,3,MP,0.8348624396717194,0.347
s4_p5_NAA-GDP_l2_r3,NAA-GDP,4,5,0.012,3,AM,0.8348624396717194,0.334
s4_p10_NAA-GDP_l2_r3,NAA-GDP,4,10,0.012,3,OP,0.8646044825052733,0.388
s4_p10_NAA-GDP_l2_r3,NAA-GDP,4,10,0.012,3,MP,0.8646044825052733,0.347
s4_p10_NAA-GDP_l2_r3,NAA-GDP,4,10,0.012,3,AM,0.8646044825052733,0.325
s4_p5_NAA-GDP_l3_r0,NAA-GDP,4,5,0.018,0,OP,0.8318756467270674,0.32
s4_p5_NAA-GDP_l3_r0,NAA-GDP,4,5,0.018,0,MP,0.8318756467270674,0.213
s4_p5_NAA-GDP_l3_r0,NAA-GDP,4,5,0.018,0,AM,0.8318756467270674,0.229
s4_p10_NAA-GDP_l3_r0,NAA-GDP,4,10,0.018,0,OP,0.8633320759039667,0.32
s4_p10_NAA-GDP_l3_r0,NAA-GDP,4,10,0.018,0,MP,0.8633320759039667,0.213
s4_p10_NAA-GDP_l3_r0,NAA-GDP,4,10,0.018,0,AM,0.8633320759039667,0.229
s4_p5_NAA-GDP_l3_r1,NAA-GDP,4,5,0.018,1,OP,0.8256492942282325,0.369
s4_p5_NAA-GDP_l3_r1,NAA-GDP,4,5,0.018,1,MP,0.8256492942282325,0.285
s4_p5_NAA-GDP_l3_r1,NAA-GDP,4,5,0.018,1,AM,0.8256492942282325,0.248
s4_p10_NAA-GDP_l3_r1,NAA-GDP,4,10,0.018,1,OP,0.8652172324440477,0.369
s4_p10_NAA-GDP_l3_r1,NAA-GDP,4,10,0.018,1,MP,0.8652172324440477,0.285
s4_p10_NAA-GDP_l3_r1,NAA-GDP,4,10,0.018,1,AM,0.8652172324440477,0.246
s4_p5_NAA-GDP_l3_r2,NAA-GDP,4,5,0.018,2,OP,0.8322538092717953,0.341
s4_p5_NAA-GDP_l3_r2,NAA-GDP,4,5,0.018,2,MP,0.8322538092717953,0.221
s4_p5_NAA-GDP_l3_r2,NAA-GDP,4,5,0.018,2,AM,0.8322538092717953,0.263
s4_p10_NAA-GDP_l3_r2,NAA-GDP,4,10,0.018,2,OP,0.8607966440461049,0.341
s4_p10_NAA-GDP_l3_r2,NAA-GDP,4,10,0.018,2,MP,0.8607966440461049,0.221
s4_p10_NAA-GDP_l3_r2,NAA-GDP,4,10,0.018,2,AM,0.8607966440461049,0.25
s4_p5_NAA-GDP_l3_r3,NAA-GDP,4,5,0.018,3,OP,0.838905718054645,0.275
s4_p5_NAA-GDP_l3_r3,NAA-GDP,4,5,0.018,3,MP,0.838905718054645,0.25
s4_p5_NAA-GDP_l3_r3,NAA-GDP,4,5,0.018,3,AM,0.838905718054645,0.259
s4_p10_NAA-GDP_l3_r3,NAA-GDP,4,10,0.018,3,OP,0.8687806621846881,0.275
s4_p10_NAA-GDP_l3_r3,NAA-GDP,4,10,0.018,3,MP,0.8687806621846881,0.25
s4_p10_NAA-GDP_l3_r3,NAA-GDP,4,10,0.018,3,AM,0.8687806621846881,0.239
s4_p5_NAA-GDP_l4_r0,NAA-GDP,4,5,0.024,0,OP,0.8316929833568986,0.244
s4_p5_NAA-GDP_l4_r0,NAA-GDP,4,5,0.024,0,MP,0.8316929833568986,0.204
s4_p5_NAA-GDP_l4_r0,NAA-GDP,4,5,0.024,0,AM,0.8316929833568986,0.209
s4_p10_NAA-GDP_l4_r0,NAA-GDP,4,10,0.024,0,OP,0.8595523814790529,0.244
s4_p10_NAA-GDP_l4_r0,NAA-GDP,4,10,0.024,0,MP,0.8595523814790529,0.204
s4_p10_NAA-GDP_l4_r0,NAA-GDP,4,10,0.024,0,AM,0.8595523814790529,0.222
s4_p5_NAA-GDP_l4_r1,NAA-GDP,4,5,0.024,1,OP,0.8200212876878965,0.248
s4_p5_NAA-GDP_l4_r1,NAA-GDP,4,5,0.024,1,MP,0.8200212876878965,0.146
s4_p5_NAA-GDP_l4_r1,NAA-GDP,4,5,0.024,1,AM,0.8200212876878965,0.151
s4_p10_NAA-GDP_l4_r1,NAA-GDP,4,10,0.024,1,OP,0.8559277261200338,0.248
s4_p10_NAA-GDP_l4_r1,NAA-GDP,4,10,0.024,1,MP,0.8559277261200338,0.146
s4_p10_NAA-GDP_l4_r1,NAA-GDP,4,10,0.024,1,AM,0.8559277261200338,0.155
s4_p5_NAA-GDP_l4_r2,NAA-GDP,4,5,0.024,2,OP,0.8214282893229805,0.274
s4_p5_NAA-GDP_l4_r2,NAA-GDP,4,5,0.024,2,MP,0.8214282893229805,0.219
s4_p5_NAA-GDP_l4_r2,NAA-GDP,4,5,0.024,2,AM,0.8214282893229805,0.22
s4_p10_NAA-GDP_l4_r2,NAA-GDP,4,10,0.024,2,OP,0.8552211627337436,0.274
s4_p10_NAA-GDP_l4_r2,NAA-GDP,4,10,0.024,2,MP,0.8552211627337436,0.219
s4_p10_NAA-GDP_l4_r2,NAA-GDP,4,10,0.024,2,AM,0.8552211627337436,0.25
s4_p5_NAA-GDP_l4_r3,NAA-GDP,4,5,0.024,3,OP,0.8391160277727312,0.278
s4_p5_NAA-GDP_l4_r3,NAA-GDP,4,5,0.024,3,MP,0.8391160277727312,0.225
s4_p5_NAA-GDP_l4_r3,NAA-GDP,4,5,0.024,3,AM,0.8391160277727312,0.198
s4_p10_NAA-GDP_l4_r3,NAA-GDP,4,10,0.024,3,OP,0.8588596432323967,0.278
s4_p10_NAA-GDP_l4_r3,NAA-GDP,4,10,0.024,3,MP,0.8588596432323967,0.225
s4_p10_NAA-GDP_l4_r3,NAA-GDP,4,10,0.024,3,AM,0.8588596432323967,0.198
s4_p5_NAA-GDP_l5_r0,NAA-GDP,4,5,0.03,0,OP,0.8219140751506726,0.26
s4_p5_NAA-GDP_l5_r0,NAA-GDP,4,5,0.03,0,MP,0.8219140751506726,0.171
s4_p5_NAA-GDP_l5_r0,NAA-GDP,4,5,0.03,0,AM,0.8219140751506726,0.136
s4_p10_NAA-GDP_l5_r0,NAA-GDP,4,10,0.03,0,OP,0.8567113152842843,0.26
s4_p10_NAA-GDP_l5_r0,NAA-GDP,4,10,0.03,0,MP,0.8567113152842843,0.171
s4_p10_NAA-GDP_l5_r0,NAA-GDP,4,10,0.03,0,AM,0.8567113152842843,0.162
s4_p5_NAA-GDP_l5_r1,NAA-GDP,4,5,0.03,1,OP,0.8161833821752147,0.171
s4_p5_NAA-GDP_l5_r1,NAA-GDP,4,5,0.03,1,MP,0.8161833821752147,0.132
s4_p5_NAA-GDP_l5_r1,NAA-GDP,4,5,0.03,1,AM,0.8161833821752147,0.153
s4_p10_NAA-GDP_l5_r1,NAA-GDP,4,10,0.03,1,OP,0.8541131765430832,0.171
s4_p10_NAA-GDP_l5_r1,NAA-GDP,4,10,0.03,1,MP,0.8541131765430832,0.132
s4_p10_NAA-GDP_l5_r1,NAA-GDP,4,10,0.03,1,AM,0.8541131765430832,0.163
s4_p5_NAA-GDP_l5_r2,NAA-GDP,4,5,0.03,2,OP,0.8207124463858324,0.185
s4_p5_NAA-GDP_l5_r2,NAA-GDP,4,5,0.03,2,MP,0.8207124463858324,0.189
s4_p5_NAA-GDP_l5_r2,NAA-GDP,4,5,0.03,2,AM,0.8207124463858324,0.158
s4_p10_NAA-GDP_l5_r2,NAA-GDP,4,10,0.03,2,OP,0.8475990670005766,0.185
s4_p10_NAA-GDP_l5_r2,NAA-GDP,4,10,0.03,2,MP,0.8475990670005766,0.189
s4_p10_NAA-GDP_l5_r2,NAA-GDP,4,10,0.03,2,AM,0.8475990670005766,0.17
s4_p5_NAA-GDP_l5_r3,NAA-GDP,4,5,0.03,3,OP,0.8322261629238777,0.232
s4_p5_NAA-GDP_l5_r3,NAA-GDP,4,5,0.03,3,MP,0.8322261629238777,0.227
s4_p5_NAA-GDP_l5_r3,NAA-GDP,4,5,0.03,3,AM,0.8322261629238777,0.153
s4_p10_NAA-GDP_l5_r3,NAA-GDP,4,10,0.03,3,OP,0.853544370798145,0.232
s4_p10_NAA-GDP_l5_r3,NAA-GDP,4,10,0.03,3,MP,0.853544370798145,0.227
s4_p10_NAA-GDP_l5_r3,NAA-GDP,4,10,0.03,3,AM,0.853544370798145,0.128
s4_p5_NAA-GDP_l6_r0,NAA-GDP,4,5,0.036,0,OP,0.8187821388794541,0.17
s4_p5_NAA-GDP_l6_r0,NAA-GDP,4,5,0.036,0,MP,0.8187821388794541,0.154
s4_p5_NAA-GDP_l6_r0,NAA-GDP,4,5,0.036,0,AM,0.8187821388794541,0.104
s4_p10_NAA-GDP_l6_r0,NAA-GDP,4,10,0.036,0,OP,0.844137350787243,0.17
s4_p10_NAA-GDP_l6_r0,NAA-GDP,4,10,0.036,0,MP,0.844137350787243,0.154
s4_p10_NAA-GDP_l6_r0,NAA-GDP,4,10,0.036,0,AM,0.844137350787243,0.129
s4_p5_NAA-GDP_l6_r1,NAA-GDP,4,5,0.036,1,OP,0.812981342664634,0.221
s4_p5_NAA-GDP_l6_r1,NAA-GDP,4,5,0.036,1,MP,0.812981342664634,0.149
s4_p5_NAA-GDP_l6_r1,NAA-GDP,4,5,0.036,1,AM,0.812981342664634,0.136
s4_p10_NAA-GDP_l6_r1,NAA-GDP,4,10,0.036,1,OP,0.8348651258877715,0.221
s4_p10_NAA-GDP_l6_r1,NAA-GDP,4,10,0.036,1,MP,0.8348651258877715,0.149
s4_p10_NAA-GDP_l6_r1,NAA-GDP,4,10,0.036,1,AM,0.8348651258877715,0.128
s4_p5_NAA-GDP_l6_r2,NAA-GDP,4,5,0.036,2,OP,0.807250649689176,0.164
s4_p5_NAA-GDP_l6_r2,NAA-GDP,4,5,0.036,2,MP,0.807250649689176,0.114
s4_p5_NAA-GDP_l6_r2,NAA-GDP,4,5,0.036,2,AM,0.807250649689176,0.1
s4_p10_NAA-GDP_l6_r2,NAA-GDP,4,10,0.036,2,OP,0.8485376952307218,0.164
s4_p10_NAA-GDP_l6_r2,NAA-GDP,4,10,0.036,2,MP,0.8485376952307218,0.114
s4_p10_NAA-GDP_l6_r2,NAA-GDP,4,10,0.036,2,AM,0.8485376952307218,0.108
s4_p5_NAA-GDP_l6_r3,NAA-GDP,4,5,0.036,3,OP,0.8104201060039968,0.219
s4_p5_NAA-GDP_l6_r3,NAA-GDP,4,5,0.036,3,MP,0.8104201060039968,0.152
s4_p5_NAA-GDP_l6_r3,NAA-GDP,4,5,0.036,3,AM,0.8104201060039968,0.14
s4_p10_NAA-GDP_l6_r3,NAA-GDP,4,10,0.036,3,OP,0.8508741438288526,0.219
s4_p10_NAA-GDP_l6_r3,NAA-GDP,4,10,0.036,3,MP,0.8508741438288526,0.152
s4_p10_NAA-GDP_l6_r3,NAA-GDP,4,10,0.036,3,AM,0.8508741438288526,0.106
s4_p5_NAA-GDP_l7_r0,NAA-GDP,4,5,0.042,0,OP,0.8202967637975024,0.183
s4_p5_NAA-GDP_l7_r0,NAA-GDP,4,5,0.042,0,MP,0.8202967637975024,0.132
s4_p5_NAA-GDP_l7_r0,NAA-GDP,4,5,0.042,0,AM,0.8202967637975024,0.123
s4_p10_NAA-GDP_l7_r0,NAA-GDP,4,10,0.042,0,OP,0.8465444063485041,0.183
s4_p10_NAA-GDP_l7_r0,NAA-GDP,4,10,0.042,0,MP,0.8465444063485041,0.132
s4_p10_NAA-GDP_l7_r0,NAA-GDP,4,10,0.042,0,AM,0.8465444063485041,0.117
s4_p5_NAA-GDP_l7_r1,NAA-GDP,4,5,0.042,1,OP,0.8197408747304482,0.154
s4_p5_NAA-GDP_l7_r1,NAA-GDP,4,5,0.042,1,MP,0.8197408747304482,0.115
s4_p5_NAA-GDP_l7_r1,NAA-GDP,4,5,0.042,1,AM,0.8197408747304482,0.115
s4_p10_NAA-GDP_l7_r1,NAA-GDP,4,10,0.042,1,OP,0.8239822722209494,0.154
s4_p10_NAA-GDP_l7_r1,NAA-GDP,4,10,0.042,1,MP,0.8239822722209494,0.115
s4_p10_NAA-GDP_l7_r1,NAA-GDP,4,10,0.042,1,AM,0.8239822722209494,0.128
s4_p5_NAA-GDP_l7_r2,NAA-GDP,4,5,0.042,2,OP,0.8087228177157797,0.168
s4_p5_NAA-GDP_l7_r2,NAA-GDP,4,5,0.042,2,MP,0.8087228177157797,0.126
s4_p5_NAA-GDP_l7_r2,NAA-GDP,4,5,0.042,2,AM,0.8087228177157797,0.083
s4_p10_NAA-GDP_l7_r2,NAA-GDP,4,10,0.042,2,OP,0.8114394142880843,0.168
s4_p10_NAA-GDP_l7_r2,NAA-GDP,4,10,0.042,2,MP,0.8114394142880843,0.126
s4_p10_NAA-GDP_l7_r2,NAA-GDP,4,10,0.042,2,AM,0.8114394142880843,0.122
s4_p5_NAA-GDP_l7_r3,NAA-GDP,4,5,0.042,3,OP,0.816739271242269,0.169
s4_p5_NAA-GDP_l7_r3,NAA-GDP,4,5,0.042,3,MP,0.816739271242269,0.107
s4_p5_NAA-GDP_l7_r3,NAA-GDP,4,5,0.042,3,AM,0.816739271242269,0.108
s4_p10_NAA-GDP_l7_r3,NAA-GDP,4,10,0.042,3,OP,0.8260066676673434,0.169
s4_p10_NAA-GDP_l7_r3,NAA-GDP,4,10,0.042,3,MP,0.8260066676673434,0.107
s4_p10_NAA-GDP_l7_r3,NAA-GDP,4,10,0.042,3,AM,0.8260066676673434,0.1
s4_p5_NAA-GDP_l8_r0,NAA-GDP,4,5,0.048,0,OP,0.8163235886539388,0.152
s4_p5_NAA-GDP_l8_r0,NAA-GDP,4,5,0.048,0,MP,0.8163235886539388,0.103
s4_p5_NAA-GDP_l8_r0,NAA-GDP,4,5,0.048,0,AM,0.8163235886539388,0.108
s4_p10_NAA-GDP_l8_r0,NAA-GDP,4,10,0.048,0,OP,0.8383362234458568,0.152
s4_p10_NAA-GDP_l8_r0,NAA-GDP,4,10,0.048,0,MP,0.8383362234458568,0.103
s4_p10_NAA-GDP_l8_r0,NAA-GDP,4,10,0.048,0,AM,0.8383362234458568,0.137
s4_p5_NAA-GDP_l8_r1,NAA-GDP,4,5,0.048,1,OP,0.8103075458731901,0.16
s4_p5_NAA-GDP_l8_r1,NAA-GDP,4,5,0.048,1,MP,0.8103075458731901,0.088
s4_p5_NAA-GDP_l8_r1,NAA-GDP,4,5,0.048,1,AM,0.8103075458731901,0.108
s4_p10_NAA-GDP_l8_r1,NAA-GDP,4,10,0.048,1,OP,0.8266273176859087,0.16
s4_p10_NAA-GDP_l8_r1,NAA-GDP,4,10,0.048,1,MP,0.8266273176859087,0.088
s4_p10_NAA-GDP_l8_r1,NAA-GDP,4,10,0.048,1,AM,0.8266273176859087,0.121
s4_p5_NAA-GDP_l8_r2,NAA-GDP,4,5,0.048,2,OP,0.8140980576465848,0.151
s4_p5_NAA-GDP_l8_r2,NAA-GDP,4,5,0.048,2,MP,0.8140980576465848,0.11
s4_p5_NAA-GDP_l8_r2,NAA-GDP,4,5,0.048,2,AM,0.8140980576465848,0.098
s4_p10_NAA-GDP_l8_r2,NAA-GDP,4,10,0.048,2,OP,0.8370198726507138,0.151
s4_p10_NAA-GDP_l8_r2,NAA-GDP,4,10,0.048,2,MP,0.8370198726507138,0.11
s4_p10_NAA-GDP_l8_r2,NAA-GDP,4,10,0.048,2,AM,0.8370198726507138,0.133
s4_p5_NAA-GDP_l8_r3,NAA-GDP,4,5,0.048,3,OP,0.8182262498123998,0.138
s4_p5_NAA-GDP_l8_r3,NAA-GDP,4,5,0.048,3,MP,0.8182262498123998,0.092
s4_p5_NAA-GDP_l8_r3,NAA-GDP,4,5,0.048,3,AM,0.8182262498123998,0.114
s4_p10_NAA-GDP_l8_r3,NAA-GDP,4,10,0.048,3,OP,0.8345471476761915,0.138
s4_p10_NAA-GDP_l8_r3,NAA-GDP,4,10,0.048,3,MP,0.8345471476761915,0.092
s4_p10_NAA-GDP_l8_r3,NAA-GDP,4,10,0.048,3,AM,0.8345471476761915,0.147
s4_p5_NAA-GDP_l9_r0,NAA-GDP,4,5,0.054,0,OP,0.8260274567729603,0.152
s4_p5_NAA-GDP_l9_r0,NAA-GDP,4,5,0.054,0,MP,0.8260274567729603,0.087
s4_p5_NAA-GDP_l9_r0,NAA-GDP,4,5,0.054,0,AM,0.8260274567729603,0.13
s4_p10_NAA-GDP_l9_r0,NAA-GDP,4,10,0.054,0,OP,0.8272509302343953,0.152
s4_p10_NAA-GDP_l9_r0,NAA-GDP,4,10,0.054,0,MP,0.8272509302343953,0.087
s4_p10_NAA-GDP_l9_r0,NAA-GDP,4,10,0.054,0,AM,0.8272509302343953,0.098
s4_p5_NAA-GDP_l9_r1,NAA-GDP,4,5,0.054,1,OP,0.8113265112678615,0.132
s4_p5_NAA-GDP_l9_r1,NAA-GDP,4,5,0.054,1,MP,0.8113265112678615,0.092
s4_p5_NAA-GDP_l9_r1,NAA-GDP,4,5,0.054,1,AM,0.8113265112678615,0.115
s4_p10_NAA-GDP_l9_r1,NAA-GDP,4,10,0.054,1,OP,0.8253830551188567,0.132
s4_p10_NAA-GDP_l9_r1,NAA-GDP,4,10,0.054,1,MP,0.8253830551188567,0.092
s4_p10_NAA-GDP_l9_r1,NAA-GDP,4,10,0.054,1,AM,0.8253830551188567,0.089
s4_p5_NAA-GDP_l9_r2,NAA-GDP,4,5,0.054,2,OP,0.8166089384592295,0.137
s4_p5_NAA-GDP_l9_r2,NAA-GDP,4,5,0.054,2,MP,0.8166089384592295,0.106
s4_p5_NAA-GDP_l9_r2,NAA-GDP,4,5,0.054,2,AM,0.8166089384592295,0.127
s4_p10_NAA-GDP_l9_r2,NAA-GDP,4,10,0.054,2,OP,0.8259785236330888,0.137
s4_p10_NAA-GDP_l9_r2,NAA-GDP,4,10,0.054,2,MP,0.8259785236330888,0.106
s4_p10_NAA-GDP_l9_r2,NAA-GDP,4,10,0.054,2,AM,0.8259785236330888,0.152
s4_p5_NAA-GDP_l9_r3,NAA-GDP,4,5,0.054,3,OP,0.810167339394466,0.114
s4_p5_NAA-GDP_l9_r3,NAA-GDP,4,5,0.054,3,MP,0.810167339394466,0.105
s4_p5_NAA-GDP_l9_r3,NAA-GDP,4,5,0.054,3,AM,0.810167339394466,0.131
s4_p10_NAA-GDP_l9_r3,NAA-GDP,4,10,0.054,3,OP,0.8205659814664128,0.114
s4_p10_NAA-GDP_l9_r3,NAA-GDP,4,10,0.054,3,MP,0.8205659814664128,0.105
s4_p10_NAA-GDP_l9_r3,NAA-GDP,4,10,0.054,3,AM,0.8205659814664128,0.121
s4_p5_NAA-GDP_l10_r0,NAA-GDP,4,5,0.06,0,OP,0.799822668425501,0.132
s4_p5_NAA-GDP_l10_r0,NAA-GDP,4,5,0.06,0,MP,0.799822668425501,0.113
s4_p5_NAA-GDP_l10_r0,NAA-GDP,4,5,0.06,0,AM,0.799822668425501,0.101
s4_p10_NAA-GDP_l10_r0,NAA-GDP,4,10,0.06,0,OP,0.8224950822003302,0.132
s4_p10_NAA-GDP_l10_r0,NAA-GDP,4,10,0.06,0,MP,0.8224950822003302,0.113
s4_p10_NAA-GDP_l10_r0,NAA-GDP,4,10,0.06,0,AM,0.8224950822003302,0.101
s4_p5_NAA-GDP_l10_r1,NAA-GDP,4,5,0.06,1,OP,0.8180110032464711,0.152
s4_p5_NAA-GDP_l10_r1,NAA-GDP,4,5,0.06,1,MP,0.8180110032464711,0.091
s4_p5_NAA-GDP_l10_r1,NAA-GDP,4,5,0.06,1,AM,0.8180110032464711,0.108
s4_p10_NAA-GDP_l10_r1,NAA-GDP,4,10,0.06,1,OP,0.8263922903121321,0.152
s4_p10_NAA-GDP_l10_r1,NAA-GDP,4,10,0.06,1,MP,0.8263922903121321,0.091
s4_p10_NAA-GDP_l10_r1,NAA-GDP,4,10,0.06,1,AM,0.8263922903121321,0.073
s4_p5_NAA-GDP_l10_r2,NAA-GDP,4,5,0.06,2,OP,0.8161458621316124,0.137
s4_p5_NAA-GDP_l10_r2,NAA-GDP,4,5,0.06,2,MP,0.8161458621316124,0.089
s4_p5_NAA-GDP_l10_r2,NAA-GDP,4,5,0.06,2,AM,0.8161458621316124,0.086
s4_p10_NAA-GDP_l10_r2,NAA-GDP,4,10,0.06,2,OP,0.8325444774492222,0.137
s4_p10_NAA-GDP_l10_r2,NAA-GDP,4,10,0.06,2,MP,0.8325444774492222,0.089
s4_p10_NAA-GDP_l10_r2,NAA-GDP,4,10,0.06,2,AM,0.8325444774492222,0.102
s4_p5_NAA-GDP_l10_r3,NAA-GDP,4,5,0.06,3,OP,0.8086951713678623,0.159
s4_p5_NAA-GDP_l10_r3,NAA-GDP,4,5,0.06,3,MP,0.8086951713678623,0.09
s4_p5_NAA-GDP_l10_r3,NAA-GDP,4,5,0.06,3,AM,0.8086951713678623,0.112
s4_p10_NAA-GDP_l10_r3,NAA-GDP,4,10,0.06,3,OP,0.8261493628585649,0.159
s4_p10_NAA-GDP_l10_r3,NAA-GDP,4,10,0.06,3,MP,0.8261493628585649,0.09
s4_p10_NAA-GDP_l10_r3,NAA-GDP,4,10,0.06,3,AM,0.8261493628585649,0.085
s0_p50_C-GDP_l0_r0,C-GDP,0,50,0.0,0,known-common-transform,0.886694308694703,0.747
s0_p50_AA-GDP_l0_r0,AA-GDP,0,50,0.0,0,noiseless-exact-recovery,0.8884545732883549,0.747
s1_p50_C-GDP_l0_r0,C-GDP,1,50,0.0,0,known-common-transform,0.8867894316625281,0.767
s1_p50_AA-GDP_l0_r0,AA-GDP,1,50,0.0,0,noiseless-exact-recovery,0.8867318581024164,0.767
s2_p50_C-GDP_l0_r0,C-GDP,2,50,0.0,0,known-common-transform,0.889058582402283,0.74
s2_p50_AA-GDP_l0_r0,AA-GDP,2,50,0.0,0,noiseless-exact-recovery,0.8898003652117514,0.74
s3_p50_C-GDP_l0_r0,C-GDP,3,50,0.0,0,known-common-transform,0.8908295712288936,0.754
s3_p50_AA-GDP_l0_r0,AA-GDP,3,50,0.0,0,noiseless-exact-recovery,0.8904300127155649,0.754
s4_p50_C-GDP_l0_r0,C-GDP,4,50,0.0,0,known-common-transform,0.8848615912445359,0.736
s4_p50_AA-GDP_l0_r0,AA-GDP,4,50,0.0,0,noiseless-exact-recovery,0.8873327699428464,0.736
s0_p2_C-GDP_l0_r0,C-GDP,0,2,0.0,0,known-common-transform,0.8473264305722289,0.747
s0_p2_AA-GDP_l0_r0,AA-GDP,0,2,0.0,0,noiseless-exact-recovery,0.8562424969987995,0.747
s0_p20_C-GDP_l0_r0,C-GDP,0,20,0.0,0,known-common-transform,0.887674783959226,0.747
s0_p20_AA-GDP_l0_r0,AA-GDP,0,20,0.0,0,noiseless-exact-recovery,0.8882584442576112,0.747
s1_p2_C-GDP_l0_r0,C-GDP,1,2,0.0,0,known-common-transform,0.8611348383160464,0.767
s1_p2_AA-GDP_l0_r0,AA-GDP,1,2,0.0,0,noiseless-exact-recovery,0.843941427699817,0.767
s1_p20_C-GDP_l0_r0,C-GDP,1,20,0.0,0,known-common-transform,0.8824838265486695,0.767
s1_p20_AA-GDP_l0_r0,AA-GDP,1,20,0.0,0,noiseless-exact-recovery,0.8840015201963802,0.767
s2_p2_C-GDP_l0_r0,C-GDP,2,2,0.0,0,known-common-transform,0.8375346687211094,0.74
s2_p2_AA-GDP_l0_r0,AA-GDP,2,2,0.0,0,noiseless-exact-recovery,0.8375346687211094,0.74
s2_p20_C-GDP_l0_r0,C-GDP,2,20,0.0,0,known-common-transform,0.881693585125644,0.74
s2_p20_AA-GDP_l0_r0,AA-GDP,2,20,0.0,0,noiseless-exact-recovery,0.8837111001669968,0.74
s3_p2_C-GDP_l0_r0,C-GDP,3,2,0.0,0,known-common-transform,0.8597972972972974,0.754
s3_p2_AA-GDP_l0_r0,AA-GDP,3,2,0.0,0,noiseless-exact-recovery,0.8597972972972974,0.754
s3_p20_C-GDP_l0_r0,C-GDP,3,20,0.0,0,known-common-transform,0.889039250958434,0.754
s3_p20_AA-GDP_l0_r0,AA-GDP,3,20,0.0,0,noiseless-exact-recovery,0.8851231718712973,0.754
s4_p2_C-GDP_l0_r0,C-GDP,4,2,0.0,0,known-common-transform,0.8324074074074074,0.736
s4_p2_AA-GDP_l0_r0,AA-GDP,4,2,0.0,0,noiseless-exact-recovery,0.837037037037037,0.736
s4_p20_C-GDP_l0_r0,C-GDP,4,20,0.0,0,known-common-transform,0.8852072215384206,0.736
s4_p20_AA-GDP_l0_r0,AA-GDP,4,20,0.0,0,noiseless-exact-recovery,0.886710597840174,0.736
s0_p5_C-GDP_l0_r0,C-GDP,0,5,0.0,0,known-common-transform,0.8786338135917379,0.747
s0_p5_AA-GDP_l0_r0,AA-GDP,0,5,0.0,0,noiseless-exact-recovery,0.8787951836032131,0.747
s0_p10_C-GDP_l0_r0,C-GDP,0,10,0.0,0,known-common-transform,0.8944952758187037,0.747
s0_p10_AA-GDP_l0_r0,AA-GDP,0,10,0.0,0,noiseless-exact-recovery,0.8876529546420844,0.747
s0_p10_C-GDP-private-noise_l1_r0,C-GDP-private-noise,0,10,0.3,0,known-common-transform,0.8700195459329424,0.634
s0_p10_C-GDP-private-noise_l1_r1,C-GDP-private-noise,0,10,0.3,1,known-common-transform,0.8677901346309522,0.611
s0_p10_C-GDP-private-noise_l1_r2,C-GDP-private-noise,0,10,0.3,2,known-common-transform,0.8708738714787698,0.568
s0_p10_C-GDP-private-noise_l1_r3,C-GDP-private-noise,0,10,0.3,3,known-common-transform,0.8715285556820116,0.598
s0_p10_C-GDP-private-noise_l2_r0,C-GDP-private-noise,0,10,0.6,0,known-common-transform,0.8328693290159026,0.419
s0_p10_C-GDP-private-noise_l2_r1,C-GDP-private-noise,0,10,0.6,1,known-common-transform,0.8438677747010109,0.426
s0_p10_C-GDP-private-noise_l2_r2,C-GDP-private-noise,0,10,0.6,2,known-common-transform,0.8303810311848738,0.404
s0_p10_C-GDP-private-noise_l2_r3,C-GDP-private-noise,0,10,0.6,3,known-common-transform,0.836832284345032,0.386
s0_p10_C-GDP-private-noise_l3_r0,C-GDP-private-noise,0,10,0.9,0,known-common-transform,0.7963471608611363,0.271
s0_p10_C-GDP-private-noise_l3_r1,C-GDP-private-noise,0,10,0.9,1,known-common-transform,0.8043619392990746,0.281
s0_p10_C-GDP-private-noise_l3_r2,C-GDP-private-noise,0,10,0.9,2,known-common-transform,0.8038240029632551,0.322
s0_p10_C-GDP-private-noise_l3_r3,C-GDP-private-noise,0,10,0.9,3,known-common-transform,0.8104216265840619,0.237
s0_p10_C-GDP-private-noise_l4_r0,C-GDP-private-noise,0,10,1.2,0,known-common-transform,0.7796990145384701,0.197
s0_p10_C-GDP-private-noise_l4_r1,C-GDP-private-noise,0,10,1.2,1,known-common-transform,0.766666069236215,0.218
s0_p10_C-GDP-private-noise_l4_r2,C-GDP-private-noise,0,10,1.2,2,known-common-transform,0.7734396859108972,0.231
s0_p10_C-GDP-private-noise_l4_r3,C-GDP-private-noise,0,10,1.2,3,known-common-transform,0.7721830905276406,0.184
s0_p10_C-GDP-private-noise_l5_r0,C-GDP-private-noise,0,10,1.5,0,known-common-transform,0.7406375180349317,0.155
s0_p10_C-GDP-private-noise_l5_r1,C-GDP-private-noise,0,10,1.5,1,known-common-transform,0.736992694421294,0.185
s0_p10_C-GDP-private-noise_l5_r2,C-GDP-private-noise,0,10,1.5,2,known-common-transform,0.7420499431943213,0.207
s0_p10_C-GDP-private-noise_l5_r3,C-GDP-private-noise,0,10,1.5,3,known-common-transform,0.75295952109975,0.204
s0_p10_C-GDP-private-noise_l6_r0,C-GDP-private-noise,0,10,1.8,0,known-common-transform,0.7219862371938294,0.15
s0_p10_C-GDP-private-noise_l6_r1,C-GDP-private-noise,0,10,1.8,1,known-common-transform,0.7119665817319708,0.214
s0_p10_C-GDP-private-noise_l6_r2,C-GDP-private-noise,0,10,1.8,2,known-common-transform,0.7212675781463924,0.16
s0_p10_C-GDP-private-noise_l6_r3,C-GDP-private-noise,0,10,1.8,3,known-common-transform,0.7228452923973987,0.152
s0_p10_C-GDP-private-noise_l7_r0,C-GDP-private-noise,0,10,2.1,0,known-common-transform,0.7210851129292911,0.181
s0_p10_C-GDP-private-noise_l7_r1,C-GDP-private-noise,0,10,2.1,1,known-common-transform,0.7064199378473186,0.18
s0_p10_C-GDP-private-noise_l7_r2,C-GDP-private-noise,0,10,2.1,2,known-common-transform,0.7125963729997282,0.168
s0_p10_C-GDP-private-noise_l7_r3,C-GDP-private-noise,0,10,2.1,3,known-common-transform,0.7110559981519484,0.173
s0_p10_C-GDP-private-noise_l8_r0,C-GDP-private-noise,0,10,2.4,0,known-common-transform,0.6858491627510079,0.155
s0_p10_C-GDP-private-noise_l8_r1,C-GDP-private-noise,0,10,2.4,1,known-common-transform,0.6925214651782683,0.145
s0_p10_C-GDP-private-noise_l8_r2,C-GDP-private-noise,0,10,2.4,2,known-common-transform,0.6950767250057504,0.129
s0_p10_C-GDP-private-noise_l8_r3,C-GDP-private-noise,0,10,2.4,3,known-common-transform,0.6736160274658693,0.168
s0_p10_C-GDP-private-noise_l9_r0,C-GDP-private-noise,0,10,2.7,0,known-common-transform,0.6653535643198603,0.129
s0_p10_C-GDP-private-noise_l9_r1,C-GDP-private-noise,0,10,2.7,1,known-common-transform,0.6759124007643127,0.095
s0_p10_C-GDP-private-noise_l9_r2,C-GDP-private-noise,0,10,2.7,2,known-common-transform,0.6739495928013614,0.1
s0_p10_C-GDP-private-noise_l9_r3,C-GDP-private-noise,0,10,2.7,3,known-common-transform,0.67165794916066,0.134
s0_p10_C-GDP-private-noise_l10_r0,C-GDP-private-noise,0,10,3.0,0,known-common-transform,0.6628189656288304,0.125
s0_p10_C-GDP-private-noise_l10_r1,C-GDP-private-noise,0,10,3.0,1,known-common-transform,0.6510391306988642,0.158
s0_p10_C-GDP-private-noise_l10_r2,C-GDP-private-noise,0,10,3.0,2,known-common-transform,0.6597489198955293,0.105
s0_p10_C-GDP-private-noise_l10_r3,C-GDP-private-noise,0,10,3.0,3,known-common-transform,0.6502754154382002,0.113
s1_p5_C-GDP_l0_r0,C-GDP,1,5,0.0,0,known-common-transform,0.8848014251651701,0.767
s1_p5_AA-GDP_l0_r0,AA-GDP,1,5,0.0,0,noiseless-exact-recovery,0.8803604668859829,0.767
s1_p10_C-GDP_l0_r0,C-GDP,1,10,0.0,0,known-common-transform,0.8853072643160791,0.767
s1_p10_AA-GDP_l0_r0,AA-GDP,1,10,0.0,0,noiseless-exact-recovery,0.8766840147536884,0.767
s1_p10_C-GDP-private-noise_l1_r0,C-GDP-private-noise,1,10,0.3,0,known-common-transform,0.8570736434108528,0.572
s1_p10_C-GDP-private-noise_l1_r1,C-GDP-private-noise,1,10,0.3,1,known-common-transform,0.8643488997249312,0.599
s1_p10_C-GDP-private-noise_l1_r2,C-GDP-private-noise,1,10,0.3,2,known-common-transform,0.8575190672668167,0.609
s1_p10_C-GDP-private-noise_l1_r3,C-GDP-private-noise,1,10,0.3,3,known-common-transform,0.8554638659664916,0.57
s1_p10_C-GDP-private-noise_l2_r0,C-GDP-private-noise,1,10,0.6,0,known-common-transform,0.8212248374593649,0.359
s1_p10_C-GDP-private-noise_l2_r1,C-GDP-private-noise,1,10,0.6,1,known-common-transform,0.819259502375594,0.469
s1_p10_C-GDP-private-noise_l2_r2,C-GDP-private-noise,1,10,0.6,2,known-common-transform,0.827234152288072,0.404
s1_p10_C-GDP-private-noise_l2_r3,C-GDP-private-noise,1,10,0.6,3,known-common-transform,0.8173019817454363,0.332
s1_p10_C-GDP-private-noise_l3_r0,C-GDP-private-noise,1,10,0.9,0,known-common-transform,0.7817696611652913,0.283
s1_p10_C-GDP-private-noise_l3_r1,C-GDP-private-noise,1,10,0.9,1,known-common-transform,0.7857237746936734,0.292
s1_p10_C-GDP-private-noise_l3_r2,C-GDP-private-noise,1,10,0.9,2,known-common-transform,0.7749593648412103,0.29
s1_p10_C-GDP-private-noise_l3_r3,C-GDP-private-noise,1,10,0.9,3,known-common-transform,0.7879079144786196,0.277
s1_p10_C-GDP-private-noise_l4_r0,C-GDP-private-noise,1,10,1.2,0,known-common-transform,0.7552083333333333,0.192
s1_p10_C-GDP-private-noise_l4_r1,C-GDP-private-noise,1,10,1.2,1,known-common-transform,0.753313328332083,0.197
s1_p10_C-GDP-private-noise_l4_r2,C-GDP-private-noise,1,10,1.2,2,known-common-transform,0.7570916166541636,0.149
s1_p10_C-GDP-private-noise_l4_r3,C-GDP-private-noise,1,10,1.2,3,known-common-transform,0.7547121155288823,0.201
s1_p10_C-GDP-private-noise_l5_r0,C-GDP-private-noise,1,10,1.5,0,known-common-transform,0.7300496999249813,0.181
s1_p10_C-GDP-private-noise_l5_r1,C-GDP-private-noise,1,10,1.5,1,known-common-transform,0.7345625468867216,0.138
s1_p10_C-GDP-private-noise_l5_r2,C-GDP-private-noise,1,10,1.5,2,known-common-transform,0.7299754626156538,0.181
s1_p10_C-GDP-private-noise_l5_r3,C-GDP-private-noise,1,10,1.5,3,known-common-transform,0.7313312703175794,0.22
s1_p10_C-GDP-private-noise_l6_r0,C-GDP-private-noise,1,10,1.8,0,known-common-transform,0.7127680357589397,0.139
s1_p10_C-GDP-private-noise_l6_r1,C-GDP-private-noise,1,10,1.8,1,known-common-transform,0.6923566829207302,0.154
s1_p10_C-GDP-private-noise_l6_r2,C-GDP-private-noise,1,10,1.8,2,known-common-transform,0.7167612215553888,0.202
s1_p10_C-GDP-private-noise_l6_r3,C-GDP-private-noise,1,10,1.8,3,known-common-transform,0.7037228057014253,0.156
s1_p10_C-GDP-private-noise_l7_r0,C-GDP-private-noise,1,10,2.1,0,known-common-transform,0.678044511127782,0.131
s1_p10_C-GDP-private-noise_l7_r1,C-GDP-private-noise,1,10,2.1,1,known-common-transform,0.6884416416604151,0.136
s1_p10_C-GDP-private-noise_l7_r2,C-GDP-private-noise,1,10,2.1,2,known-common-transform,0.6922472805701425,0.098
s1_p10_C-GDP-private-noise_l7_r3,C-GDP-private-noise,1,10,2.1,3,known-common-transform,0.691821392848212,0.158
s1_p10_C-GDP-private-noise_l8_r0,C-GDP-private-noise,1,10,2.4,0,known-common-transform,0.6682959802450612,0.13
s1_p10_C-GDP-private-noise_l8_r1,C-GDP-private-noise,1,10,2.4,1,known-common-transform,0.6751922355588897,0.133
s1_p10_C-GDP-private-noise_l8_r2,C-GDP-private-noise,1,10,2.4,2,known-common-transform,0.6691008689672417,0.084
s1_p10_C-GDP-private-noise_l8_r3,C-GDP-private-noise,1,10,2.4,3,known-common-transform,0.6750320392598149,0.132
s1_p10_C-GDP-private-noise_l9_r0,C-GDP-private-noise,1,10,2.7,0,known-common-transform,0.6581332833208302,0.136
s1_p10_C-GDP-private-noise_l9_r1,C-GDP-private-noise,1,10,2.7,1,known-common-transform,0.66182951987997,0.115
s1_p10_C-GDP-private-noise_l9_r2,C-GDP-private-noise,1,10,2.7,2,known-common-transform,0.6511979557389347,0.135
s1_p10_C-GDP-private-noise_l9_r3,C-GDP-private-noise,1,10,2.7,3,known-common-transform,0.6641113403350838,0.173
s1_p10_C-GDP-private-noise_l10_r0,C-GDP-private-noise,1,10,3.0,0,known-common-transform,0.6345531695423856,0.113
s1_p10_C-GDP-private-noise_l10_r1,C-GDP-private-noise,1,10,3.0,1,known-common-transform,0.649662415603901,0.127
s1_p10_C-GDP-private-noise_l10_r2,C-GDP-private-noise,1,10,3.0,2,known-common-transform,0.6333849087271818,0.109
s1_p10_C-GDP-private-noise_l10_r3,C-GDP-private-noise,1,10,3.0,3,known-common-transform,0.6533977244311078,0.101
s2_p5_C-GDP_l0_r0,C-GDP,2,5,0.0,0,known-common-transform,0.8584050230037185,0.74
s2_p5_AA-GDP_l0_r0,AA-GDP,2,5,0.0,0,noiseless-exact-recovery,0.8554232053948446,0.74
s2_p10_C-GDP_l0_r0,C-GDP,2,10,0.0,0,known-common-transform,0.8696941813261163,0.74
s2_p10_AA-GDP_l0_r0,AA-GDP,2,10,0.0,0,noiseless-exact-recovery,0.8723156599827777,0.74
s2_p10_C-GDP-private-noise_l1_r0,C-GDP-private-noise,2,10,0.3,0,known-common-transform,0.8485944150572027,0.602
s2_p10_C-GDP-private-noise_l1_r1,C-GDP-private-noise,2,10,0.3,1,known-common-transform,0.8511145282322549,0.534
s2_p10_C-GDP-private-noise_l1_r2,C-GDP-private-noise,2,10,0.3,2,known-common-transform,0.85384622954853,0.651
s2_p10_C-GDP-private-noise_l1_r3,C-GDP-private-noise,2,10,0.3,3,known-common-transform,0.8552919178250707,0.553
s2_p10_C-GDP-private-noise_l2_r0,C-GDP-private-noise,2,10,0.6,0,known-common-transform,0.8231652109730594,0.404
s2_p10_C-GDP-private-noise_l2_r1,C-GDP-private-noise,2,10,0.6,1,known-common-transform,0.8232400049206545,0.444
s2_p10_C-GDP-private-noise_l2_r2,C-GDP-private-noise,2,10,0.6,2,known-common-transform,0.8208908844876368,0.378
s2_p10_C-GDP-private-noise_l2_r3,C-GDP-private-noise,2,10,0.6,3,known-common-transform,0.8210759010948456,0.42
s2_p10_C-GDP-private-noise_l3_r0,C-GDP-private-noise,2,10,0.9,0,known-common-transform,0.7940046746217246,0.287
s2_p10_C-GDP-private-noise_l3_r1,C-GDP-private-noise,2,10,0.9,1,known-common-transform,0.7970911551236315,0.317
s2_p10_C-GDP-private-noise_l3_r2,C-GDP-private-noise,2,10,0.9,2,known-common-transform,0.7892343461680403,0.254
s2_p10_C-GDP-private-noise_l3_r3,C-GDP-private-noise,2,10,0.9,3,known-common-transform,0.7918317136179112,0.273
s2_p10_C-GDP-private-noise_l4_r0,C-GDP-private-noise,2,10,1.2,0,known-common-transform,0.7637544593430926,0.225
s2_p10_C-GDP-private-noise_l4_r1,C-GDP-private-noise,2,10,1.2,1,known-common-transform,0.7598304834542995,0.175
s2_p10_C-GDP-private-noise_l4_r2,C-GDP-private-noise,2,10,1.2,2,known-common-transform,0.7480155000615082,0.268
s2_p10_C-GDP-private-noise_l4_r3,C-GDP-private-noise,2,10,1.2,3,known-common-transform,0.7576486652724812,0.24
s2_p10_C-GDP-private-noise_l5_r0,C-GDP-private-noise,2,10,1.5,0,known-common-transform,0.7366591216631813,0.197
s2_p10_C-GDP-private-noise_l5_r1,C-GDP-private-noise,2,10,1.5,1,known-common-transform,0.7333192274572518,0.18
s2_p10_C-GDP-private-noise_l5_r2,C-GDP-private-noise,2,10,1.5,2,known-common-transform,0.7225178988805512,0.168
s2_p10_C-GDP-private-noise_l5_r3,C-GDP-private-noise,2,10,1.5,3,known-common-transform,0.7214055849427974,0.185
s2_p10_C-GDP-private-noise_l6_r0,C-GDP-private-noise,2,10,1.8,0,known-common-transform,0.7114821011194489,0.173
s2_p10_C-GDP-private-noise_l6_r1,C-GDP-private-noise,2,10,1.8,1,known-common-transform,0.7000826669947102,0.168
s2_p10_C-GDP-private-noise_l6_r2,C-GDP-private-noise,2,10,1.8,2,known-common-transform,0.7131925206052405,0.173
s2_p10_C-GDP-private-noise_l6_r3,C-GDP-private-noise,2,10,1.8,3,known-common-transform,0.7111755443473982,0.185
s2_p10_C-GDP-private-noise_l7_r0,C-GDP-private-noise,2,10,2.1,0,known-common-transform,0.6923589617419117,0.168
s2_p10_C-GDP-private-noise_l7_r1,C-GDP-private-noise,2,10,2.1,1,known-common-transform,0.6922310247262886,0.158
s2_p10_C-GDP-private-noise_l7_r2,C-GDP-private-noise,2,10,2.1,2,known-common-transform,0.686695288473367,0.129
s2_p10_C-GDP-private-noise_l7_r3,C-GDP-private-noise,2,10,2.1,3,known-common-transform,0.6801739451347029,0.141
s2_p10_C-GDP-private-noise_l8_r0,C-GDP-private-noise,2,10,2.4,0,known-common-transform,0.6724148111698856,0.152
s2_p10_C-GDP-private-noise_l8_r1,C-GDP-private-noise,2,10,2.4,1,known-common-transform,0.6929519006027802,0.17
s2_p10_C-GDP-private-noise_l8_r2,C-GDP-private-noise,2,10,2.4,2,known-common-transform,0.6684539303727396,0.173
s2_p10_C-GDP-private-noise_l8_r3,C-GDP-private-noise,2,10,2.4,3,known-common-transform,0.6829728133841801,0.147
s2_p10_C-GDP-private-noise_l9_r0,C-GDP-private-noise,2,10,2.7,0,known-common-transform,0.6536159429204085,0.125
s2_p10_C-GDP-private-noise_l9_r1,C-GDP-private-noise,2,10,2.7,1,known-common-transform,0.6683589617419117,0.124
s2_p10_C-GDP-private-noise_l9_r2,C-GDP-private-noise,2,10,2.7,2,known-common-transform,0.6536336572764178,0.132
s2_p10_C-GDP-private-noise_l9_r3,C-GDP-private-noise,2,10,2.7,3,known-common-transform,0.6566441136671177,0.154
s2_p10_C-GDP-private-noise_l10_r0,C-GDP-private-noise,2,10,3.0,0,known-common-transform,0.6326492803542871,0.138
s2_p10_C-GDP-private-noise_l10_r1,C-GDP-private-noise,2,10,3.0,1,known-common-transform,0.6368608684955099,0.131
s2_p10_C-GDP-private-noise_l10_r2,C-GDP-private-noise,2,10,3.0,2,known-common-transform,0.6577463402632551,0.125
s2_p10_C-GDP-private-noise_l10_r3,C-GDP-private-noise,2,10,3.0,3,known-common-transform,0.6671401156353796,0.126
s3_p5_C-GDP_l0_r0,C-GDP,3,5,0.0,0,known-common-transform,0.871164546899841,0.754
s3_p5_AA-GDP_l0_r0,AA-GDP,3,5,0.0,0,noiseless-exact-recovery,0.8804650238473768,0.754
s3_p10_C-GDP_l0_r0,C-GDP,3,10,0.0,0,known-common-transform,0.8790143084260731,0.754
s3_p10_AA-GDP_l0_r0,AA-GDP,3,10,0.0,0,noiseless-exact-recovery,0.8764308426073132,0.754
s3_p10_C-GDP-private-noise_l1_r0,C-GDP-private-noise,3,10,0.3,0,known-common-transform,0.8635433227344992,0.59
s3_p10_C-GDP-private-noise_l1_r1,C-GDP-private-noise,3,10,0.3,1,known-common-transform,0.8620329888712241,0.623
s3_p10_C-GDP-private-noise_l1_r2,C-GDP-private-noise,3,10,0.3,2,known-common-transform,0.8618441971383148,0.6
s3_p10_C-GDP-private-noise_l1_r3,C-GDP-private-noise,3,10,0.3,3,known-common-transform,0.8636526232114468,0.621
s3_p10_C-GDP-private-noise_l2_r0,C-GDP-private-noise,3,10,0.6,0,known-common-transform,0.8123310810810811,0.417
s3_p10_C-GDP-private-noise_l2_r1,C-GDP-private-noise,3,10,0.6,1,known-common-transform,0.8143680445151034,0.382
s3_p10_C-GDP-private-noise_l2_r2,C-GDP-private-noise,3,10,0.6,2,known-common-transform,0.8232710651828299,0.435
s3_p10_C-GDP-private-noise_l2_r3,C-GDP-private-noise,3,10,0.6,3,known-common-transform,0.8341613672496025,0.452
s3_p10_C-GDP-private-noise_l3_r0,C-GDP-private-noise,3,10,0.9,0,known-common-transform,0.7900735294117647,0.285
s3_p10_C-GDP-private-noise_l3_r1,C-GDP-private-noise,3,10,0.9,1,known-common-transform,0.7844296502384738,0.336
s3_p10_C-GDP-private-noise_l3_r2,C-GDP-private-noise,3,10,0.9,2,known-common-transform,0.7893481717011128,0.306
s3_p10_C-GDP-private-noise_l3_r3,C-GDP-private-noise,3,10,0.9,3,known-common-transform,0.7881160572337043,0.303
s3_p10_C-GDP-private-noise_l4_r0,C-GDP-private-noise,3,10,1.2,0,known-common-transform,0.7630266295707473,0.22
s3_p10_C-GDP-private-noise_l4_r1,C-GDP-private-noise,3,10,1.2,1,known-common-transform,0.7642488076311605,0.229
s3_p10_C-GDP-private-noise_l4_r2,C-GDP-private-noise,3,10,1.2,2,known-common-transform,0.7751987281399046,0.25
s3_p10_C-GDP-private-noise_l4_r3,C-GDP-private-noise,3,10,1.2,3,known-common-transform,0.7628279014308426,0.247
s3_p10_C-GDP-private-noise_l5_r0,C-GDP-private-noise,3,10,1.5,0,known-common-transform,0.7502186009538951,0.172
s3_p10_C-GDP-private-noise_l5_r1,C-GDP-private-noise,3,10,1.5,1,known-common-transform,0.7346482511923689,0.178
s3_p10_C-GDP-private-noise_l5_r2,C-GDP-private-noise,3,10,1.5,2,known-common-transform,0.7273052464228935,0.181
s3_p10_C-GDP-private-noise_l5_r3,C-GDP-private-noise,3,10,1.5,3,known-common-transform,0.7268879173290939,0.231
s3_p10_C-GDP-private-noise_l6_r0,C-GDP-private-noise,3,10,1.8,0,known-common-transform,0.7194157392686804,0.183
s3_p10_C-GDP-private-noise_l6_r1,C-GDP-private-noise,3,10,1.8,1,known-common-transform,0.7045310015898252,0.159
s3_p10_C-GDP-private-noise_l6_r2,C-GDP-private-noise,3,10,1.8,2,known-common-transform,0.7099860890302068,0.134
s3_p10_C-GDP-private-noise_l6_r3,C-GDP-private-noise,3,10,1.8,3,known-common-transform,0.6966315580286169,0.203
s3_p10_C-GDP-private-noise_l7_r0,C-GDP-private-noise,3,10,2.1,0,known-common-transform,0.6885532591414945,0.112
s3_p10_C-GDP-private-noise_l7_r1,C-GDP-private-noise,3,10,2.1,1,known-common-transform,0.7014606518282989,0.153
s3_p10_C-GDP-private-noise_l7_r2,C-GDP-private-noise,3,10,2.1,2,known-common-transform,0.6802166136724961,0.174
s3_p10_C-GDP-private-noise_l7_r3,C-GDP-private-noise,3,10,2.1,3,known-common-transform,0.6825715421303657,0.186
s3_p10_C-GDP-private-noise_l8_r0,C-GDP-private-noise,3,10,2.4,0,known-common-transform,0.6900139109697934,0.115
s3_p10_C-GDP-private-noise_l8_r1,C-GDP-private-noise,3,10,2.4,1,known-common-transform,0.6700119236883942,0.16
s3_p10_C-GDP-private-noise_l8_r2,C-GDP-private-noise,3,10,2.4,2,known-common-transform,0.675904213036566,0.18
s3_p10_C-GDP-private-noise_l8_r3,C-GDP-private-noise,3,10,2.4,3,known-common-transform,0.6740162957074722,0.152
s3_p10_C-GDP-private-noise_l9_r0,C-GDP-private-noise,3,10,2.7,0,known-common-transform,0.6538751987281399,0.14
s3_p10_C-GDP-private-noise_l9_r1,C-GDP-private-noise,3,10,2.7,1,known-common-transform,0.6616852146263911,0.128
s3_p10_C-GDP-private-noise_l9_r2,C-GDP-private-noise,3,10,2.7,2,known-common-transform,0.6462539745627981,0.13
s3_p10_C-GDP-private-noise_l9_r3,C-GDP-private-noise,3,10,2.7,3,known-common-transform,0.6530306041335454,0.131
s3_p10_C-GDP-private-noise_l10_r0,C-GDP-private-noise,3,10,3.0,0,known-common-transform,0.6471780604133546,0.126
s3_p10_C-GDP-private-noise_l10_r1,C-GDP-private-noise,3,10,3.0,1,known-common-transform,0.6494038155802861,0.123
s3_p10_C-GDP-private-noise_l10_r2,C-GDP-private-noise,3,10,3.0,2,known-common-transform,0.6392984896661367,0.143
s3_p10_C-GDP-private-noise_l10_r3,C-GDP-private-noise,3,10,3.0,3,known-common-transform,0.6496621621621621,0.138
s4_p5_C-GDP_l0_r0,C-GDP,4,5,0.0,0,known-common-transform,0.8523773884469862,0.736
s4_p5_AA-GDP_l0_r0,AA-GDP,4,5,0.0,0,noiseless-exact-recovery,0.8521670787289,0.736
s4_p10_C-GDP_l0_r0,C-GDP,4,10,0.0,0,known-common-transform,0.8737340122135233,0.736
s4_p10_AA-GDP_l0_r0,AA-GDP,4,10,0.0,0,noiseless-exact-recovery,0.8778820478586834,0.736
s4_p10_C-GDP-private-noise_l1_r0,C-GDP-private-noise,4,10,0.3,0,known-common-transform,0.8594269677123739,0.578
s4_p10_C-GDP-private-noise_l1_r1,C-GDP-private-noise,4,10,0.3,1,known-common-transform,0.8585698090550715,0.535
s4_p10_C-GDP-private-noise_l1_r2,C-GDP-private-noise,4,10,0.3,2,known-common-transform,0.8527420189443913,0.606
s4_p10_C-GDP-private-noise_l1_r3,C-GDP-private-noise,4,10,0.3,3,known-common-transform,0.8602278383011668,0.581
s4_p10_C-GDP-private-noise_l2_r0,C-GDP-private-noise,4,10,0.6,0,known-common-transform,0.8307141277126899,0.391
s4_p10_C-GDP-private-noise_l2_r1,C-GDP-private-noise,4,10,0.6,1,known-common-transform,0.8171669721364185,0.373
s4_p10_C-GDP-private-noise_l2_r2,C-GDP-private-noise,4,10,0.6,2,known-common-transform,0.8290185730875881,0.408
s4_p10_C-GDP-private-noise_l2_r3,C-GDP-private-noise,4,10,0.6,3,known-common-transform,0.8355751455589702,0.417
s4_p10_C-GDP-private-noise_l3_r0,C-GDP-private-noise,4,10,0.9,0,known-common-transform,0.7934045196356483,0.254
s4_p10_C-GDP-private-noise_l3_r1,C-GDP-private-noise,4,10,0.9,1,known-common-transform,0.7766904195732377,0.269
s4_p10_C-GDP-private-noise_l3_r2,C-GDP-private-noise,4,10,0.9,2,known-common-transform,0.790356570101358,0.277
s4_p10_C-GDP-private-noise_l3_r3,C-GDP-private-noise,4,10,0.9,3,known-common-transform,0.7903832328706519,0.272
s4_p10_C-GDP-private-noise_l4_r0,C-GDP-private-noise,4,10,1.2,0,known-common-transform,0.7694475276700294,0.223
s4_p10_C-GDP-private-noise_l4_r1,C-GDP-private-noise,4,10,1.2,1,known-common-transform,0.7562953760832984,0.239
s4_p10_C-GDP-private-noise_l4_r2,C-GDP-private-noise,4,10,1.2,2,known-common-transform,0.7586382434962593,0.23
s4_p10_C-GDP-private-noise_l4_r3,C-GDP-private-noise,4,10,1.2,3,known-common-transform,0.7715820304785078,0.274
s4_p10_C-GDP-private-noise_l5_r0,C-GDP-private-noise,4,10,1.5,0,known-common-transform,0.7178619816560148,0.209
s4_p10_C-GDP-private-noise_l5_r1,C-GDP-private-noise,4,10,1.5,1,known-common-transform,0.7555527685829626,0.172
s4_p10_C-GDP-private-noise_l5_r2,C-GDP-private-noise,4,10,1.5,2,known-common-transform,0.7390549332048253,0.151
s4_p10_C-GDP-private-noise_l5_r3,C-GDP-private-noise,4,10,1.5,3,known-common-transform,0.7381775305930589,0.174
s4_p10_C-GDP-private-noise_l6_r0,C-GDP-private-noise,4,10,1.8,0,known-common-transform,0.7130765083227341,0.171
s4_p10_C-GDP-private-noise_l6_r1,C-GDP-private-noise,4,10,1.8,1,known-common-transform,0.7016811369794835,0.157
s4_p10_C-GDP-private-noise_l6_r2,C-GDP-private-noise,4,10,1.8,2,known-common-transform,0.7231165222268745,0.181
s4_p10_C-GDP-private-noise_l6_r3,C-GDP-private-noise,4,10,1.8,3,known-common-transform,0.7231668852355408,0.175
s4_p10_C-GDP-private-noise_l7_r0,C-GDP-private-noise,4,10,2.1,0,known-common-transform,0.705117671688484,0.181
s4_p10_C-GDP-private-noise_l7_r1,C-GDP-private-noise,4,10,2.1,1,known-common-transform,0.6769390745846533,0.193
s4_p10_C-GDP-private-noise_l7_r2,C-GDP-private-noise,4,10,2.1,2,known-common-transform,0.67937575544513,0.124
s4_p10_C-GDP-private-noise_l7_r3,C-GDP-private-noise,4,10,2.1,3,known-common-transform,0.6886494616095622,0.154
s4_p10_C-GDP-private-noise_l8_r0,C-GDP-private-noise,4,10,2.4,0,known-common-transform,0.6716958903784929,0.125
s4_p10_C-GDP-private-noise_l8_r1,C-GDP-private-noise,4,10,2.4,1,known-common-transform,0.6660389394932889,0.135
s4_p10_C-GDP-private-noise_l8_r2,C-GDP-private-noise,4,10,2.4,2,known-common-transform,0.665079573553693,0.152
s4_p10_C-GDP-private-noise_l8_r3,C-GDP-private-noise,4,10,2.4,3,known-common-transform,0.6582785923637828,0.14
s4_p10_C-GDP-private-noise_l9_r0,C-GDP-private-noise,4,10,2.7,0,known-common-transform,0.6582114416855611,0.109
s4_p10_C-GDP-private-noise_l9_r1,C-GDP-private-noise,4,10,2.7,1,known-common-transform,0.6581299721127183,0.107
s4_p10_C-GDP-private-noise_l9_r2,C-GDP-private-noise,4,10,2.7,2,known-common-transform,0.6635800396584006,0.123
s4_p10_C-GDP-private-noise_l9_r3,C-GDP-private-noise,4,10,2.7,3,known-common-transform,0.6573103388344222,0.157
s4_p10_C-GDP-private-noise_l10_r0,C-GDP-private-noise,4,10,3.0,0,known-common-transform,0.6534975628253845,0.141
s4_p10_C-GDP-private-noise_l10_r1,C-GDP-private-noise,4,10,3.0,1,known-common-transform,0.6405414319684628,0.153
s4_p10_C-GDP-private-noise_l10_r2,C-GDP-private-noise,4,10,3.0,2,known-common-transform,0.6564279986727866,0.123
s4_p10_C-GDP-private-noise_l10_r3,C-GDP-private-noise,4,10,3.0,3,known-common-transform,0.6472797062750334,0.11
