accuracy,aggregate_model_count,alignment,alignment_seconds,auditor_sha256,balanced_accuracy,deployment_hash,finished_utc,fit_count,fit_seconds,gpm_converged,gpm_iterations,gpm_last_step,level_index,linkage_rate,method,noise_scale,outer_seed,participant_count,privacy,realization,run_id,signature,source_hash,canonical_sha256,execution_code_sha256,owner_job,scheduler_schema,noiseless_equivalence_error
0.8604240282685512,2.0,,0.0,988babfb79a4be0620cf47d259d4da35f8fc07573e92f83a2e388003c17759ba,0.8605567226890756,2774aed934e9b55963588c876b6d3f7f5fc8814e91c160cc44d904a8910dda15,2026-09-06T08:25:58.819550+00:00,0,0.8827340769994407,,,,0,,Local-only,0.0,0,2,,0,s0_p2_Local-only_l0_r0,fcf8b4f93626e8cf9603afe70c3a614f6523366181d2f4df2620ee6efbb41bdb,3ea87f4a1b7b84a26ee106434a73c8c3b1666cf072e5654900cb743a0c6ff2ae,,,,,
0.8511988716502116,5.0,,0.0,988babfb79a4be0620cf47d259d4da35f8fc07573e92f83a2e388003c17759ba,0.8521930383781716,2774aed934e9b55963588c876b6d3f7f5fc8814e91c160cc44d904a8910dda15,2026-09-06T08:25:58.842460+00:00,0,1.9719175479995101,,,,0,,Local-only,0.0,0,5,,0,s0_p5_Local-only_l0_r0,fcf8b4f93626e8cf9603afe70c3a614f6523366181d2f4df2620ee6efbb41bdb,3ea87f4a1b7b84a26ee106434a73c8c3b1666cf072e5654900cb743a0c6ff2ae,,,,,
0.8547761720126894,10.0,,0.0,988babfb79a4be0620cf47d259d4da35f8fc07573e92f83a2e388003c17759ba,0.8547571893286973,2774aed934e9b55963588c876b6d3f7f5fc8814e91c160cc44d904a8910dda15,2026-09-06T08:25:58.863551+00:00,0,4.078075120999529,,,,0,,Local-only,0.0,0,10,,0,s0_p10_Local-only_l0_r0,fcf8b4f93626e8cf9603afe70c3a614f6523366181d2f4df2620ee6efbb41bdb,3ea87f4a1b7b84a26ee106434a73c8c3b1666cf072e5654900cb743a0c6ff2ae,,,,,
0.8465198237885463,20.0,,0.0,988babfb79a4be0620cf47d259d4da35f8fc07573e92f83a2e388003c17759ba,0.84605675046709,2774aed934e9b55963588c876b6d3f7f5fc8814e91c160cc44d904a8910dda15,2026-09-06T08:25:58.899270+00:00,0,8.807742253998185,,,,0,,Local-only,0.0,0,20,,0,s0_p20_Local-only_l0_r0,fcf8b4f93626e8cf9603afe70c3a614f6523366181d2f4df2620ee6efbb41bdb,3ea87f4a1b7b84a26ee106434a73c8c3b1666cf072e5654900cb743a0c6ff2ae,,,,,
0.8396758280479211,50.0,,0.0,988babfb79a4be0620cf47d259d4da35f8fc07573e92f83a2e388003c17759ba,0.8391791333669651,2774aed934e9b55963588c876b6d3f7f5fc8814e91c160cc44d904a8910dda15,2026-09-06T08:25:58.917344+00:00,0,22.533005692997904,,,,0,,Local-only,0.0,0,50,,0,s0_p50_Local-only_l0_r0,fcf8b4f93626e8cf9603afe70c3a614f6523366181d2f4df2620ee6efbb41bdb,3ea87f4a1b7b84a26ee106434a73c8c3b1666cf072e5654900cb743a0c6ff2ae,,,,,
0.8866807610993658,,,0.0,988babfb79a4be0620cf47d259d4da35f8fc07573e92f83a2e388003c17759ba,0.886694308694703,2774aed934e9b55963588c876b6d3f7f5fc8814e91c160cc44d904a8910dda15,2026-09-06T08:27:04.898637+00:00,1,16.841229083000144,,,,0,0.747,C-GDP,0.0,0,50,,0,s0_p50_C-GDP_l0_r0,fcf8b4f93626e8cf9603afe70c3a614f6523366181d2f4df2620ee6efbb41bdb,3ea87f4a1b7b84a26ee106434a73c8c3b1666cf072e5654900cb743a0c6ff2ae,,,,,
0.797322057787174,,,0.0,988babfb79a4be0620cf47d259d4da35f8fc07573e92f83a2e388003c17759ba,0.7972626238006899,2774aed934e9b55963588c876b6d3f7f5fc8814e91c160cc44d904a8910dda15,2026-09-06T08:27:32.837954+00:00,1,27.752235064999695,,,,0,,I-GDP,0.0,0,50,,0,s0_p50_I-GDP_l0_r0,fcf8b4f93626e8cf9603afe70c3a614f6523366181d2f4df2620ee6efbb41bdb,3ea87f4a1b7b84a26ee106434a73c8c3b1666cf072e5654900cb743a0c6ff2ae,,,,,
0.8889358703312191,,,0.0,988babfb79a4be0620cf47d259d4da35f8fc07573e92f83a2e388003c17759ba,0.8884545732883549,2774aed934e9b55963588c876b6d3f7f5fc8814e91c160cc44d904a8910dda15,2026-09-06T08:27:47.811479+00:00,1,14.466686982999818,,,,0,0.747,AA-GDP,0.0,0,50,,0,s0_p50_AA-GDP_l0_r0,fcf8b4f93626e8cf9603afe70c3a614f6523366181d2f4df2620ee6efbb41bdb,3ea87f4a1b7b84a26ee106434a73c8c3b1666cf072e5654900cb743a0c6ff2ae,,,,,
0.8827343199436223,,,12.787180970000009,988babfb79a4be0620cf47d259d4da35f8fc07573e92f83a2e388003c17759ba,0.882483474984848,2774aed934e9b55963588c876b6d3f7f5fc8814e91c160cc44d904a8910dda15,2026-09-06T08:28:54.311846+00:00,1,23.98202689200025,True,4.0,8.544126270744918e-08,1,0.664,NAA-GDP,0.006,0,50,,0,s0_p50_NAA-GDP_l1_r0,fcf8b4f93626e8cf9603afe70c3a614f6523366181d2f4df2620ee6efbb41bdb,3ea87f4a1b7b84a26ee106434a73c8c3b1666cf072e5654900cb743a0c6ff2ae,,,,,
0.8840028188865399,,,12.794568543000423,988babfb79a4be0620cf47d259d4da35f8fc07573e92f83a2e388003c17759ba,0.88342742045485,2774aed934e9b55963588c876b6d3f7f5fc8814e91c160cc44d904a8910dda15,2026-09-06T08:29:49.647559+00:00,1,14.326264795999123,True,4.0,8.51479088351806e-08,1,0.661,NAA-GDP,0.006,0,50,,1,s0_p50_NAA-GDP_l1_r1,fcf8b4f93626e8cf9603afe70c3a614f6523366181d2f4df2620ee6efbb41bdb,3ea87f4a1b7b84a26ee106434a73c8c3b1666cf072e5654900cb743a0c6ff2ae,,,,,
0.8807610993657505,,,12.785167457999705,988babfb79a4be0620cf47d259d4da35f8fc07573e92f83a2e388003c17759ba,0.880403846053973,2774aed934e9b55963588c876b6d3f7f5fc8814e91c160cc44d904a8910dda15,2026-09-06T08:30:53.817365+00:00,1,23.76496425300047,True,4.0,8.555137305304565e-08,1,0.643,NAA-GDP,0.006,0,50,,2,s0_p50_NAA-GDP_l1_r2,fcf8b4f93626e8cf9603afe70c3a614f6523366181d2f4df2620ee6efbb41bdb,3ea87f4a1b7b84a26ee106434a73c8c3b1666cf072e5654900cb743a0c6ff2ae,,,,,
0.877307963354475,,,12.806851563000237,988babfb79a4be0620cf47d259d4da35f8fc07573e92f83a2e388003c17759ba,0.8763060434417878,2774aed934e9b55963588c876b6d3f7f5fc8814e91c160cc44d904a8910dda15,2026-09-06T08:32:09.083191+00:00,1,34.274639319000016,True,4.0,8.564500054097629e-08,1,0.655,NAA-GDP,0.006,0,50,,3,s0_p50_NAA-GDP_l1_r3,fcf8b4f93626e8cf9603afe70c3a614f6523366181d2f4df2620ee6efbb41bdb,3ea87f4a1b7b84a26ee106434a73c8c3b1666cf072e5654900cb743a0c6ff2ae,,,,,
0.8709654686398872,,,16.162086104000082,988babfb79a4be0620cf47d259d4da35f8fc07573e92f83a2e388003c17759ba,0.8712310158048336,2774aed934e9b55963588c876b6d3f7f5fc8814e91c160cc44d904a8910dda15,2026-09-06T08:33:11.853020+00:00,1,15.251722801000142,True,6.0,4.551696574735149e-08,2,0.579,NAA-GDP,0.012,0,50,,0,s0_p50_NAA-GDP_l2_r0,fcf8b4f93626e8cf9603afe70c3a614f6523366181d2f4df2620ee6efbb41bdb,3ea87f4a1b7b84a26ee106434a73c8c3b1666cf072e5654900cb743a0c6ff2ae,,,,,
0.8732910500352361,,,16.183893690000332,988babfb79a4be0620cf47d259d4da35f8fc07573e92f83a2e388003c17759ba,0.8729787744492055,2774aed934e9b55963588c876b6d3f7f5fc8814e91c160cc44d904a8910dda15,2026-09-06T08:34:22.149885+00:00,1,25.67265063800005,True,6.0,4.521036258597038e-08,2,0.464,NAA-GDP,0.012,0,50,,1,s0_p50_NAA-GDP_l2_r1,fcf8b4f93626e8cf9603afe70c3a614f6523366181d2f4df2620ee6efbb41bdb,3ea87f4a1b7b84a26ee106434a73c8c3b1666cf072e5654900cb743a0c6ff2ae,,,,,
0.8717406624383368,,,16.15032826100014,988babfb79a4be0620cf47d259d4da35f8fc07573e92f83a2e388003c17759ba,0.8720390075780082,2774aed934e9b55963588c876b6d3f7f5fc8814e91c160cc44d904a8910dda15,2026-09-06T08:35:29.500539+00:00,1,18.457044970000425,True,6.0,4.5692745573693515e-08,2,0.505,NAA-GDP,0.012,0,50,,2,s0_p50_NAA-GDP_l2_r2,fcf8b4f93626e8cf9603afe70c3a614f6523366181d2f4df2620ee6efbb41bdb,3ea87f4a1b7b84a26ee106434a73c8c3b1666cf072e5654900cb743a0c6ff2ae,,,,,
0.8780126849894292,,,16.164099511999666,988babfb79a4be0620cf47d259d4da35f8fc07573e92f83a2e388003c17759ba,0.8770176588182432,2774aed934e9b55963588c876b6d3f7f5fc8814e91c160cc44d904a8910dda15,2026-09-06T08:36:36.325903+00:00,1,16.909258499000316,True,6.0,4.567174921798307e-08,2,0.467,NAA-GDP,0.012,0,50,,3,s0_p50_NAA-GDP_l2_r3,fcf8b4f93626e8cf9603afe70c3a614f6523366181d2f4df2620ee6efbb41bdb,3ea87f4a1b7b84a26ee106434a73c8c3b1666cf072e5654900cb743a0c6ff2ae,,,,,
0.8700493305144468,,,19.60341573200003,988babfb79a4be0620cf47d259d4da35f8fc07573e92f83a2e388003c17759ba,0.8691242558288618,2774aed934e9b55963588c876b6d3f7f5fc8814e91c160cc44d904a8910dda15,2026-09-06T08:37:50.912143+00:00,1,19.072132422999857,True,8.0,7.059667087793401e-08,3,0.339,NAA-GDP,0.018,0,50,,0,s0_p50_NAA-GDP_l3_r0,fcf8b4f93626e8cf9603afe70c3a614f6523366181d2f4df2620ee6efbb41bdb,3ea87f4a1b7b84a26ee106434a73c8c3b1666cf072e5654900cb743a0c6ff2ae,,,,,
0.8720225510923185,,,19.604795218999243,988babfb79a4be0620cf47d259d4da35f8fc07573e92f83a2e388003c17759ba,0.8707454327765828,2774aed934e9b55963588c876b6d3f7f5fc8814e91c160cc44d904a8910dda15,2026-09-06T08:39:05.715214+00:00,1,19.064029053000013,True,8.0,6.915929077453952e-08,3,0.417,NAA-GDP,0.018,0,50,,1,s0_p50_NAA-GDP_l3_r1,fcf8b4f93626e8cf9603afe70c3a614f6523366181d2f4df2620ee6efbb41bdb,3ea87f4a1b7b84a26ee106434a73c8c3b1666cf072e5654900cb743a0c6ff2ae,,,,,
0.870260747004933,,,19.613494962000004,988babfb79a4be0620cf47d259d4da35f8fc07573e92f83a2e388003c17759ba,0.8697228401076479,2774aed934e9b55963588c876b6d3f7f5fc8814e91c160cc44d904a8910dda15,2026-09-06T08:40:20.915761+00:00,1,18.58876810699985,True,8.0,6.963701285294229e-08,3,0.322,NAA-GDP,0.018,0,50,,2,s0_p50_NAA-GDP_l3_r2,fcf8b4f93626e8cf9603afe70c3a614f6523366181d2f4df2620ee6efbb41bdb,3ea87f4a1b7b84a26ee106434a73c8c3b1666cf072e5654900cb743a0c6ff2ae,,,,,
0.868569415081043,,,19.590224804999707,988babfb79a4be0620cf47d259d4da35f8fc07573e92f83a2e388003c17759ba,0.8667507818606071,2774aed934e9b55963588c876b6d3f7f5fc8814e91c160cc44d904a8910dda15,2026-09-06T08:41:34.362055+00:00,1,18.475429320999865,True,8.0,7.016813880267129e-08,3,0.385,NAA-GDP,0.018,0,50,,3,s0_p50_NAA-GDP_l3_r3,fcf8b4f93626e8cf9603afe70c3a614f6523366181d2f4df2620ee6efbb41bdb,3ea87f4a1b7b84a26ee106434a73c8c3b1666cf072e5654900cb743a0c6ff2ae,,,,,
0.8600422832980973,,,24.961952748999465,988babfb79a4be0620cf47d259d4da35f8fc07573e92f83a2e388003c17759ba,0.8602468226680866,2774aed934e9b55963588c876b6d3f7f5fc8814e91c160cc44d904a8910dda15,2026-09-06T08:43:04.650265+00:00,1,19.37138758400033,True,11.0,4.839393594086425e-08,4,0.259,NAA-GDP,0.024,0,50,,0,s0_p50_NAA-GDP_l4_r0,fcf8b4f93626e8cf9603afe70c3a614f6523366181d2f4df2620ee6efbb41bdb,3ea87f4a1b7b84a26ee106434a73c8c3b1666cf072e5654900cb743a0c6ff2ae,,,,,
0.8656095842142354,,,24.95387389499956,988babfb79a4be0620cf47d259d4da35f8fc07573e92f83a2e388003c17759ba,0.864433629434814,2774aed934e9b55963588c876b6d3f7f5fc8814e91c160cc44d904a8910dda15,2026-09-06T08:44:35.845761+00:00,1,19.077887135999845,True,11.0,4.8634543875118536e-08,4,0.287,NAA-GDP,0.024,0,50,,1,s0_p50_NAA-GDP_l4_r1,fcf8b4f93626e8cf9603afe70c3a614f6523366181d2f4df2620ee6efbb41bdb,3ea87f4a1b7b84a26ee106434a73c8c3b1666cf072e5654900cb743a0c6ff2ae,,,,,
0.8670190274841437,,,24.926802116000545,988babfb79a4be0620cf47d259d4da35f8fc07573e92f83a2e388003c17759ba,0.8659714731835139,2774aed934e9b55963588c876b6d3f7f5fc8814e91c160cc44d904a8910dda15,2026-09-06T08:46:05.704838+00:00,1,17.678231331999996,True,11.0,4.926167782814859e-08,4,0.339,NAA-GDP,0.024,0,50,,2,s0_p50_NAA-GDP_l4_r2,fcf8b4f93626e8cf9603afe70c3a614f6523366181d2f4df2620ee6efbb41bdb,3ea87f4a1b7b84a26ee106434a73c8c3b1666cf072e5654900cb743a0c6ff2ae,,,,,
0.8640591966173361,,,24.971600099999705,988babfb79a4be0620cf47d259d4da35f8fc07573e92f83a2e388003c17759ba,0.8640153516944546,2774aed934e9b55963588c876b6d3f7f5fc8814e91c160cc44d904a8910dda15,2026-09-06T08:47:39.173151+00:00,1,21.397593636999773,True,11.0,4.827011162416682e-08,4,0.34,NAA-GDP,0.024,0,50,,3,s0_p50_NAA-GDP_l4_r3,fcf8b4f93626e8cf9603afe70c3a614f6523366181d2f4df2620ee6efbb41bdb,3ea87f4a1b7b84a26ee106434a73c8c3b1666cf072e5654900cb743a0c6ff2ae,,,,,
0.8591261451726568,,,32.02565064800001,988babfb79a4be0620cf47d259d4da35f8fc07573e92f83a2e388003c17759ba,0.8576185735612771,2774aed934e9b55963588c876b6d3f7f5fc8814e91c160cc44d904a8910dda15,2026-09-06T08:50:01.869044+00:00,1,19.112630655999965,True,15.0,5.0700260264079886e-08,5,0.23,NAA-GDP,0.03,0,50,,0,s0_p50_NAA-GDP_l5_r0,fcf8b4f93626e8cf9603afe70c3a614f6523366181d2f4df2620ee6efbb41bdb,3ea87f4a1b7b84a26ee106434a73c8c3b1666cf072e5654900cb743a0c6ff2ae,,,,,
0.858985200845666,,,31.99654398599978,988babfb79a4be0620cf47d259d4da35f8fc07573e92f83a2e388003c17759ba,0.858273956936674,2774aed934e9b55963588c876b6d3f7f5fc8814e91c160cc44d904a8910dda15,2026-09-06T08:52:13.710624+00:00,1,19.277456738999717,True,15.0,5.164120509869504e-08,5,0.236,NAA-GDP,0.03,0,50,,1,s0_p50_NAA-GDP_l5_r1,fcf8b4f93626e8cf9603afe70c3a614f6523366181d2f4df2620ee6efbb41bdb,3ea87f4a1b7b84a26ee106434a73c8c3b1666cf072e5654900cb743a0c6ff2ae,,,,,
0.859337561663143,,,32.01398256900029,988babfb79a4be0620cf47d259d4da35f8fc07573e92f83a2e388003c17759ba,0.8575925170130158,2774aed934e9b55963588c876b6d3f7f5fc8814e91c160cc44d904a8910dda15,2026-09-06T08:54:29.382685+00:00,1,18.908563203000085,True,15.0,5.022792848758831e-08,5,0.222,NAA-GDP,0.03,0,50,,2,s0_p50_NAA-GDP_l5_r2,fcf8b4f93626e8cf9603afe70c3a614f6523366181d2f4df2620ee6efbb41bdb,3ea87f4a1b7b84a26ee106434a73c8c3b1666cf072e5654900cb743a0c6ff2ae,,,,,
0.8556025369978858,,,32.031904982000015,988babfb79a4be0620cf47d259d4da35f8fc07573e92f83a2e388003c17759ba,0.8550748216917272,2774aed934e9b55963588c876b6d3f7f5fc8814e91c160cc44d904a8910dda15,2026-09-06T08:56:55.121217+00:00,1,21.65539838299992,True,15.0,5.168286039641318e-08,5,0.26,NAA-GDP,0.03,0,50,,3,s0_p50_NAA-GDP_l5_r3,fcf8b4f93626e8cf9603afe70c3a614f6523366181d2f4df2620ee6efbb41bdb,3ea87f4a1b7b84a26ee106434a73c8c3b1666cf072e5654900cb743a0c6ff2ae,,,,,
0.8484143763213531,,,42.744192707000366,988babfb79a4be0620cf47d259d4da35f8fc07573e92f83a2e388003c17759ba,0.8476283795387866,2774aed934e9b55963588c876b6d3f7f5fc8814e91c160cc44d904a8910dda15,2026-09-06T09:01:17.761484+00:00,1,16.952848969000115,True,21.0,7.686890550008268e-08,6,0.216,NAA-GDP,0.036,0,50,,0,s0_p50_NAA-GDP_l6_r0,fcf8b4f93626e8cf9603afe70c3a614f6523366181d2f4df2620ee6efbb41bdb,3ea87f4a1b7b84a26ee106434a73c8c3b1666cf072e5654900cb743a0c6ff2ae,,,,,
0.8544749823819592,,,42.68419713899948,988babfb79a4be0620cf47d259d4da35f8fc07573e92f83a2e388003c17759ba,0.8539511367788507,2774aed934e9b55963588c876b6d3f7f5fc8814e91c160cc44d904a8910dda15,2026-09-06T09:05:41.091767+00:00,1,15.89714669499972,True,21.0,7.66287738996232e-08,6,0.186,NAA-GDP,0.036,0,50,,1,s0_p50_NAA-GDP_l6_r1,fcf8b4f93626e8cf9603afe70c3a614f6523366181d2f4df2620ee6efbb41bdb,3ea87f4a1b7b84a26ee106434a73c8c3b1666cf072e5654900cb743a0c6ff2ae,,,,,
0.8473572938689218,,,42.68317337899953,988babfb79a4be0620cf47d259d4da35f8fc07573e92f83a2e388003c17759ba,0.8476039347357786,2774aed934e9b55963588c876b6d3f7f5fc8814e91c160cc44d904a8910dda15,2026-09-06T09:10:08.475402+00:00,1,21.7611117739998,True,21.0,7.984770882884022e-08,6,0.186,NAA-GDP,0.036,0,50,,2,s0_p50_NAA-GDP_l6_r2,fcf8b4f93626e8cf9603afe70c3a614f6523366181d2f4df2620ee6efbb41bdb,3ea87f4a1b7b84a26ee106434a73c8c3b1666cf072e5654900cb743a0c6ff2ae,,,,,
0.8484143763213531,,,42.698519262000445,988babfb79a4be0620cf47d259d4da35f8fc07573e92f83a2e388003c17759ba,0.8487458562477246,2774aed934e9b55963588c876b6d3f7f5fc8814e91c160cc44d904a8910dda15,2026-09-06T09:14:37.269292+00:00,1,19.850305763000506,True,21.0,7.799372805495084e-08,6,0.199,NAA-GDP,0.036,0,50,,3,s0_p50_NAA-GDP_l6_r3,fcf8b4f93626e8cf9603afe70c3a614f6523366181d2f4df2620ee6efbb41bdb,3ea87f4a1b7b84a26ee106434a73c8c3b1666cf072e5654900cb743a0c6ff2ae,,,,,
0.8436222692036646,,,73.55824581699926,988babfb79a4be0620cf47d259d4da35f8fc07573e92f83a2e388003c17759ba,0.8438025738616586,2774aed934e9b55963588c876b6d3f7f5fc8814e91c160cc44d904a8910dda15,2026-09-06T09:23:32.704417+00:00,1,20.051183759000196,True,38.0,8.726027866962779e-08,7,0.212,NAA-GDP,0.042,0,50,,0,s0_p50_NAA-GDP_l7_r0,fcf8b4f93626e8cf9603afe70c3a614f6523366181d2f4df2620ee6efbb41bdb,3ea87f4a1b7b84a26ee106434a73c8c3b1666cf072e5654900cb743a0c6ff2ae,,,,,
0.842353770260747,,,71.67885167700115,988babfb79a4be0620cf47d259d4da35f8fc07573e92f83a2e388003c17759ba,0.8403772570328354,2774aed934e9b55963588c876b6d3f7f5fc8814e91c160cc44d904a8910dda15,2026-09-06T09:34:04.743633+00:00,1,19.14863626999977,True,37.0,6.933939471421414e-08,7,0.183,NAA-GDP,0.042,0,50,,1,s0_p50_NAA-GDP_l7_r1,fcf8b4f93626e8cf9603afe70c3a614f6523366181d2f4df2620ee6efbb41bdb,3ea87f4a1b7b84a26ee106434a73c8c3b1666cf072e5654900cb743a0c6ff2ae,,,,,
0.8369978858350952,,,71.72456012000112,988babfb79a4be0620cf47d259d4da35f8fc07573e92f83a2e388003c17759ba,0.836611384401422,2774aed934e9b55963588c876b6d3f7f5fc8814e91c160cc44d904a8910dda15,2026-09-06T09:42:47.911483+00:00,1,21.443293428001198,True,37.0,9.500863802238151e-08,7,0.179,NAA-GDP,0.042,0,50,,2,s0_p50_NAA-GDP_l7_r2,fcf8b4f93626e8cf9603afe70c3a614f6523366181d2f4df2620ee6efbb41bdb,3ea87f4a1b7b84a26ee106434a73c8c3b1666cf072e5654900cb743a0c6ff2ae,,,,,
0.8418604651162791,,,79.05872295900008,988babfb79a4be0620cf47d259d4da35f8fc07573e92f83a2e388003c17759ba,0.8401610742389563,2774aed934e9b55963588c876b6d3f7f5fc8814e91c160cc44d904a8910dda15,2026-09-06T09:51:36.850706+00:00,1,18.60596373500084,True,41.0,8.753641020034076e-08,7,0.15,NAA-GDP,0.042,0,50,,3,s0_p50_NAA-GDP_l7_r3,fcf8b4f93626e8cf9603afe70c3a614f6523366181d2f4df2620ee6efbb41bdb,3ea87f4a1b7b84a26ee106434a73c8c3b1666cf072e5654900cb743a0c6ff2ae,,,,,
0.8300211416490486,,,916.7588475650009,988babfb79a4be0620cf47d259d4da35f8fc07573e92f83a2e388003c17759ba,0.8302907463078946,2774aed934e9b55963588c876b6d3f7f5fc8814e91c160cc44d904a8910dda15,2026-09-06T10:18:59.274314+00:00,1,19.374074867000672,False,500.0,2.907404035230177e-05,8,0.124,NAA-GDP,0.048,0,50,,0,s0_p50_NAA-GDP_l8_r0,fcf8b4f93626e8cf9603afe70c3a614f6523366181d2f4df2620ee6efbb41bdb,3ea87f4a1b7b84a26ee106434a73c8c3b1666cf072e5654900cb743a0c6ff2ae,,,,,
0.8343904157857647,,,918.039272298,988babfb79a4be0620cf47d259d4da35f8fc07573e92f83a2e388003c17759ba,0.8336643679000757,2774aed934e9b55963588c876b6d3f7f5fc8814e91c160cc44d904a8910dda15,2026-09-06T11:16:32.019162+00:00,1,19.08727476299987,False,500.0,7.120423060091138e-07,8,0.132,NAA-GDP,0.048,0,50,,1,s0_p50_NAA-GDP_l8_r1,fcf8b4f93626e8cf9603afe70c3a614f6523366181d2f4df2620ee6efbb41bdb,3ea87f4a1b7b84a26ee106434a73c8c3b1666cf072e5654900cb743a0c6ff2ae,a12dcb1ba4e2a21b6a4474c284e3079c1b8e06dc282072a6d2d3a684bd02794b,1a980269c1778978c64462bf76cf00949cd95e29e33d5066107809299e5dec35,p50,celeba-three-workers-v1,
0.8335447498238195,,,849.9353914120002,988babfb79a4be0620cf47d259d4da35f8fc07573e92f83a2e388003c17759ba,0.8335909439496486,2774aed934e9b55963588c876b6d3f7f5fc8814e91c160cc44d904a8910dda15,2026-09-06T11:31:01.633535+00:00,1,18.324721646999933,True,463.0,9.884744891577526e-08,8,0.146,NAA-GDP,0.048,0,50,,2,s0_p50_NAA-GDP_l8_r2,fcf8b4f93626e8cf9603afe70c3a614f6523366181d2f4df2620ee6efbb41bdb,3ea87f4a1b7b84a26ee106434a73c8c3b1666cf072e5654900cb743a0c6ff2ae,a12dcb1ba4e2a21b6a4474c284e3079c1b8e06dc282072a6d2d3a684bd02794b,1a980269c1778978c64462bf76cf00949cd95e29e33d5066107809299e5dec35,p50,celeba-three-workers-v1,
0.8353770260747005,,,917.7970564509997,988babfb79a4be0620cf47d259d4da35f8fc07573e92f83a2e388003c17759ba,0.8347271049646708,2774aed934e9b55963588c876b6d3f7f5fc8814e91c160cc44d904a8910dda15,2026-09-06T11:46:39.983277+00:00,1,19.317616446000102,False,500.0,0.0013937667192472224,8,0.093,NAA-GDP,0.048,0,50,,3,s0_p50_NAA-GDP_l8_r3,fcf8b4f93626e8cf9603afe70c3a614f6523366181d2f4df2620ee6efbb41bdb,3ea87f4a1b7b84a26ee106434a73c8c3b1666cf072e5654900cb743a0c6ff2ae,a12dcb1ba4e2a21b6a4474c284e3079c1b8e06dc282072a6d2d3a684bd02794b,1a980269c1778978c64462bf76cf00949cd95e29e33d5066107809299e5dec35,p50,celeba-three-workers-v1,
0.8238195912614518,,,916.308261142,988babfb79a4be0620cf47d259d4da35f8fc07573e92f83a2e388003c17759ba,0.8230245211519776,2774aed934e9b55963588c876b6d3f7f5fc8814e91c160cc44d904a8910dda15,2026-09-06T12:02:17.521628+00:00,1,19.998182613999234,False,500.0,0.011449519803726476,9,0.117,NAA-GDP,0.054,0,50,,0,s0_p50_NAA-GDP_l9_r0,fcf8b4f93626e8cf9603afe70c3a614f6523366181d2f4df2620ee6efbb41bdb,3ea87f4a1b7b84a26ee106434a73c8c3b1666cf072e5654900cb743a0c6ff2ae,a12dcb1ba4e2a21b6a4474c284e3079c1b8e06dc282072a6d2d3a684bd02794b,1a980269c1778978c64462bf76cf00949cd95e29e33d5066107809299e5dec35,p50,celeba-three-workers-v1,
0.8215644820295983,,,916.4255933300001,988babfb79a4be0620cf47d259d4da35f8fc07573e92f83a2e388003c17759ba,0.821241333959168,2774aed934e9b55963588c876b6d3f7f5fc8814e91c160cc44d904a8910dda15,2026-09-06T12:17:53.778615+00:00,1,18.585711724999783,False,500.0,0.015264338681085328,9,0.156,NAA-GDP,0.054,0,50,,1,s0_p50_NAA-GDP_l9_r1,fcf8b4f93626e8cf9603afe70c3a614f6523366181d2f4df2620ee6efbb41bdb,3ea87f4a1b7b84a26ee106434a73c8c3b1666cf072e5654900cb743a0c6ff2ae,a12dcb1ba4e2a21b6a4474c284e3079c1b8e06dc282072a6d2d3a684bd02794b,1a980269c1778978c64462bf76cf00949cd95e29e33d5066107809299e5dec35,p50,celeba-three-workers-v1,
0.8211416490486257,,,916.1273463920006,988babfb79a4be0620cf47d259d4da35f8fc07573e92f83a2e388003c17759ba,0.8212705244565329,2774aed934e9b55963588c876b6d3f7f5fc8814e91c160cc44d904a8910dda15,2026-09-06T12:33:34.402207+00:00,1,23.25858423000045,False,500.0,0.01681137774024678,9,0.13,NAA-GDP,0.054,0,50,,2,s0_p50_NAA-GDP_l9_r2,fcf8b4f93626e8cf9603afe70c3a614f6523366181d2f4df2620ee6efbb41bdb,3ea87f4a1b7b84a26ee106434a73c8c3b1666cf072e5654900cb743a0c6ff2ae,a12dcb1ba4e2a21b6a4474c284e3079c1b8e06dc282072a6d2d3a684bd02794b,1a980269c1778978c64462bf76cf00949cd95e29e33d5066107809299e5dec35,p50,celeba-three-workers-v1,
0.8244538407329105,,,916.0022112070001,988babfb79a4be0620cf47d259d4da35f8fc07573e92f83a2e388003c17759ba,0.8234219954397161,2774aed934e9b55963588c876b6d3f7f5fc8814e91c160cc44d904a8910dda15,2026-09-06T12:49:22.480570+00:00,1,30.84105876600006,False,500.0,0.011881904007242088,9,0.119,NAA-GDP,0.054,0,50,,3,s0_p50_NAA-GDP_l9_r3,fcf8b4f93626e8cf9603afe70c3a614f6523366181d2f4df2620ee6efbb41bdb,3ea87f4a1b7b84a26ee106434a73c8c3b1666cf072e5654900cb743a0c6ff2ae,a12dcb1ba4e2a21b6a4474c284e3079c1b8e06dc282072a6d2d3a684bd02794b,1a980269c1778978c64462bf76cf00949cd95e29e33d5066107809299e5dec35,p50,celeba-three-workers-v1,
0.8189570119802678,,,917.0758385770005,988babfb79a4be0620cf47d259d4da35f8fc07573e92f83a2e388003c17759ba,0.8179046332721407,2774aed934e9b55963588c876b6d3f7f5fc8814e91c160cc44d904a8910dda15,2026-09-06T13:05:00.064820+00:00,1,19.23866039799941,False,500.0,0.021039548696727466,10,0.124,NAA-GDP,0.06,0,50,,0,s0_p50_NAA-GDP_l10_r0,fcf8b4f93626e8cf9603afe70c3a614f6523366181d2f4df2620ee6efbb41bdb,3ea87f4a1b7b84a26ee106434a73c8c3b1666cf072e5654900cb743a0c6ff2ae,a12dcb1ba4e2a21b6a4474c284e3079c1b8e06dc282072a6d2d3a684bd02794b,1a980269c1778978c64462bf76cf00949cd95e29e33d5066107809299e5dec35,p50,celeba-three-workers-v1,
0.8182522903453135,,,916.6651545580007,988babfb79a4be0620cf47d259d4da35f8fc07573e92f83a2e388003c17759ba,0.817233132444211,2774aed934e9b55963588c876b6d3f7f5fc8814e91c160cc44d904a8910dda15,2026-09-06T13:20:38.144884+00:00,1,20.1904035309999,False,500.0,0.021561837496977862,10,0.152,NAA-GDP,0.06,0,50,,1,s0_p50_NAA-GDP_l10_r1,fcf8b4f93626e8cf9603afe70c3a614f6523366181d2f4df2620ee6efbb41bdb,3ea87f4a1b7b84a26ee106434a73c8c3b1666cf072e5654900cb743a0c6ff2ae,a12dcb1ba4e2a21b6a4474c284e3079c1b8e06dc282072a6d2d3a684bd02794b,1a980269c1778978c64462bf76cf00949cd95e29e33d5066107809299e5dec35,p50,celeba-three-workers-v1,
0.827061310782241,,,916.836383926,988babfb79a4be0620cf47d259d4da35f8fc07573e92f83a2e388003c17759ba,0.8262257456963268,2774aed934e9b55963588c876b6d3f7f5fc8814e91c160cc44d904a8910dda15,2026-09-06T13:36:22.646935+00:00,1,26.42001759699997,False,500.0,0.02673587318514875,10,0.162,NAA-GDP,0.06,0,50,,2,s0_p50_NAA-GDP_l10_r2,fcf8b4f93626e8cf9603afe70c3a614f6523366181d2f4df2620ee6efbb41bdb,3ea87f4a1b7b84a26ee106434a73c8c3b1666cf072e5654900cb743a0c6ff2ae,a12dcb1ba4e2a21b6a4474c284e3079c1b8e06dc282072a6d2d3a684bd02794b,1a980269c1778978c64462bf76cf00949cd95e29e33d5066107809299e5dec35,p50,celeba-three-workers-v1,
0.8127554615926709,,,916.8095012779995,988babfb79a4be0620cf47d259d4da35f8fc07573e92f83a2e388003c17759ba,0.8111025907491672,2774aed934e9b55963588c876b6d3f7f5fc8814e91c160cc44d904a8910dda15,2026-09-06T13:52:06.331050+00:00,1,25.634005525000248,False,500.0,0.030708549220455763,10,0.097,NAA-GDP,0.06,0,50,,3,s0_p50_NAA-GDP_l10_r3,fcf8b4f93626e8cf9603afe70c3a614f6523366181d2f4df2620ee6efbb41bdb,3ea87f4a1b7b84a26ee106434a73c8c3b1666cf072e5654900cb743a0c6ff2ae,a12dcb1ba4e2a21b6a4474c284e3079c1b8e06dc282072a6d2d3a684bd02794b,1a980269c1778978c64462bf76cf00949cd95e29e33d5066107809299e5dec35,p50,celeba-three-workers-v1,
0.8411867364746946,2.0,,0.0,988babfb79a4be0620cf47d259d4da35f8fc07573e92f83a2e388003c17759ba,0.8400183038438072,de125d04e78b221d9268ef4e9e1c30f5c2aabf852422fb12bb0d870272447993,2026-09-06T13:52:37.514645+00:00,0,0.8065720939994208,,,,0,,Local-only,0.0,1,2,,0,s1_p2_Local-only_l0_r0,fcf8b4f93626e8cf9603afe70c3a614f6523366181d2f4df2620ee6efbb41bdb,3ea87f4a1b7b84a26ee106434a73c8c3b1666cf072e5654900cb743a0c6ff2ae,a12dcb1ba4e2a21b6a4474c284e3079c1b8e06dc282072a6d2d3a684bd02794b,1a980269c1778978c64462bf76cf00949cd95e29e33d5066107809299e5dec35,p50,celeba-three-workers-v1,
0.834612700628053,5.0,,0.0,988babfb79a4be0620cf47d259d4da35f8fc07573e92f83a2e388003c17759ba,0.8328640668719341,de125d04e78b221d9268ef4e9e1c30f5c2aabf852422fb12bb0d870272447993,2026-09-06T13:52:37.541319+00:00,0,2.0964010640000197,,,,0,,Local-only,0.0,1,5,,0,s1_p5_Local-only_l0_r0,fcf8b4f93626e8cf9603afe70c3a614f6523366181d2f4df2620ee6efbb41bdb,3ea87f4a1b7b84a26ee106434a73c8c3b1666cf072e5654900cb743a0c6ff2ae,a12dcb1ba4e2a21b6a4474c284e3079c1b8e06dc282072a6d2d3a684bd02794b,1a980269c1778978c64462bf76cf00949cd95e29e33d5066107809299e5dec35,p50,celeba-three-workers-v1,
0.825768156424581,10.0,,0.0,988babfb79a4be0620cf47d259d4da35f8fc07573e92f83a2e388003c17759ba,0.8247765066266566,de125d04e78b221d9268ef4e9e1c30f5c2aabf852422fb12bb0d870272447993,2026-09-06T13:52:37.572558+00:00,0,4.066156434000732,,,,0,,Local-only,0.0,1,10,,0,s1_p10_Local-only_l0_r0,fcf8b4f93626e8cf9603afe70c3a614f6523366181d2f4df2620ee6efbb41bdb,3ea87f4a1b7b84a26ee106434a73c8c3b1666cf072e5654900cb743a0c6ff2ae,a12dcb1ba4e2a21b6a4474c284e3079c1b8e06dc282072a6d2d3a684bd02794b,1a980269c1778978c64462bf76cf00949cd95e29e33d5066107809299e5dec35,p50,celeba-three-workers-v1,
0.8322276536312849,20.0,,0.0,988babfb79a4be0620cf47d259d4da35f8fc07573e92f83a2e388003c17759ba,0.8318951777471183,de125d04e78b221d9268ef4e9e1c30f5c2aabf852422fb12bb0d870272447993,2026-09-06T13:52:37.598913+00:00,0,7.988224662003631,,,,0,,Local-only,0.0,1,20,,0,s1_p20_Local-only_l0_r0,fcf8b4f93626e8cf9603afe70c3a614f6523366181d2f4df2620ee6efbb41bdb,3ea87f4a1b7b84a26ee106434a73c8c3b1666cf072e5654900cb743a0c6ff2ae,a12dcb1ba4e2a21b6a4474c284e3079c1b8e06dc282072a6d2d3a684bd02794b,1a980269c1778978c64462bf76cf00949cd95e29e33d5066107809299e5dec35,p50,celeba-three-workers-v1,
0.8317039106145251,50.0,,0.0,988babfb79a4be0620cf47d259d4da35f8fc07573e92f83a2e388003c17759ba,0.8309243754929034,de125d04e78b221d9268ef4e9e1c30f5c2aabf852422fb12bb0d870272447993,2026-09-06T13:52:37.638112+00:00,0,19.379596069007675,,,,0,,Local-only,0.0,1,50,,0,s1_p50_Local-only_l0_r0,fcf8b4f93626e8cf9603afe70c3a614f6523366181d2f4df2620ee6efbb41bdb,3ea87f4a1b7b84a26ee106434a73c8c3b1666cf072e5654900cb743a0c6ff2ae,a12dcb1ba4e2a21b6a4474c284e3079c1b8e06dc282072a6d2d3a684bd02794b,1a980269c1778978c64462bf76cf00949cd95e29e33d5066107809299e5dec35,p50,celeba-three-workers-v1,
0.8877793296089386,,,0.0,988babfb79a4be0620cf47d259d4da35f8fc07573e92f83a2e388003c17759ba,0.8867894316625281,de125d04e78b221d9268ef4e9e1c30f5c2aabf852422fb12bb0d870272447993,2026-09-06T13:52:54.330276+00:00,1,16.51436060499873,,,,0,0.767,C-GDP,0.0,1,50,,0,s1_p50_C-GDP_l0_r0,fcf8b4f93626e8cf9603afe70c3a614f6523366181d2f4df2620ee6efbb41bdb,3ea87f4a1b7b84a26ee106434a73c8c3b1666cf072e5654900cb743a0c6ff2ae,a12dcb1ba4e2a21b6a4474c284e3079c1b8e06dc282072a6d2d3a684bd02794b,1a980269c1778978c64462bf76cf00949cd95e29e33d5066107809299e5dec35,p50,celeba-three-workers-v1,
0.7832402234636872,,,0.0,988babfb79a4be0620cf47d259d4da35f8fc07573e92f83a2e388003c17759ba,0.783051594016061,de125d04e78b221d9268ef4e9e1c30f5c2aabf852422fb12bb0d870272447993,2026-09-06T13:53:16.620932+00:00,1,22.102754952000396,,,,0,,I-GDP,0.0,1,50,,0,s1_p50_I-GDP_l0_r0,fcf8b4f93626e8cf9603afe70c3a614f6523366181d2f4df2620ee6efbb41bdb,3ea87f4a1b7b84a26ee106434a73c8c3b1666cf072e5654900cb743a0c6ff2ae,a12dcb1ba4e2a21b6a4474c284e3079c1b8e06dc282072a6d2d3a684bd02794b,1a980269c1778978c64462bf76cf00949cd95e29e33d5066107809299e5dec35,p50,celeba-three-workers-v1,
0.8868715083798883,,,0.0,988babfb79a4be0620cf47d259d4da35f8fc07573e92f83a2e388003c17759ba,0.8867318581024164,de125d04e78b221d9268ef4e9e1c30f5c2aabf852422fb12bb0d870272447993,2026-09-06T13:53:33.572389+00:00,1,16.476335348999783,,,,0,0.767,AA-GDP,0.0,1,50,,0,s1_p50_AA-GDP_l0_r0,fcf8b4f93626e8cf9603afe70c3a614f6523366181d2f4df2620ee6efbb41bdb,3ea87f4a1b7b84a26ee106434a73c8c3b1666cf072e5654900cb743a0c6ff2ae,a12dcb1ba4e2a21b6a4474c284e3079c1b8e06dc282072a6d2d3a684bd02794b,1a980269c1778978c64462bf76cf00949cd95e29e33d5066107809299e5dec35,p50,celeba-three-workers-v1,1.0678422035503843e-10
0.881145251396648,,,12.794886469999255,988babfb79a4be0620cf47d259d4da35f8fc07573e92f83a2e388003c17759ba,0.880485297744181,de125d04e78b221d9268ef4e9e1c30f5c2aabf852422fb12bb0d870272447993,2026-09-06T13:54:05.112597+00:00,1,17.473857093000333,True,4.0,8.529612353313049e-08,1,0.653,NAA-GDP,0.006,1,50,,0,s1_p50_NAA-GDP_l1_r0,fcf8b4f93626e8cf9603afe70c3a614f6523366181d2f4df2620ee6efbb41bdb,3ea87f4a1b7b84a26ee106434a73c8c3b1666cf072e5654900cb743a0c6ff2ae,a12dcb1ba4e2a21b6a4474c284e3079c1b8e06dc282072a6d2d3a684bd02794b,1a980269c1778978c64462bf76cf00949cd95e29e33d5066107809299e5dec35,p50,celeba-three-workers-v1,
0.8806564245810056,,,12.779415864999464,988babfb79a4be0620cf47d259d4da35f8fc07573e92f83a2e388003c17759ba,0.8797085185917672,de125d04e78b221d9268ef4e9e1c30f5c2aabf852422fb12bb0d870272447993,2026-09-06T13:54:40.489427+00:00,1,21.345142944001054,True,4.0,8.529895481465824e-08,1,0.614,NAA-GDP,0.006,1,50,,1,s1_p50_NAA-GDP_l1_r1,fcf8b4f93626e8cf9603afe70c3a614f6523366181d2f4df2620ee6efbb41bdb,3ea87f4a1b7b84a26ee106434a73c8c3b1666cf072e5654900cb743a0c6ff2ae,a12dcb1ba4e2a21b6a4474c284e3079c1b8e06dc282072a6d2d3a684bd02794b,1a980269c1778978c64462bf76cf00949cd95e29e33d5066107809299e5dec35,p50,celeba-three-workers-v1,
0.8807262569832403,,,12.787204760999884,988babfb79a4be0620cf47d259d4da35f8fc07573e92f83a2e388003c17759ba,0.8794290499874255,de125d04e78b221d9268ef4e9e1c30f5c2aabf852422fb12bb0d870272447993,2026-09-06T13:55:10.352202+00:00,1,15.798461475000295,True,4.0,8.535481309632959e-08,1,0.603,NAA-GDP,0.006,1,50,,2,s1_p50_NAA-GDP_l1_r2,fcf8b4f93626e8cf9603afe70c3a614f6523366181d2f4df2620ee6efbb41bdb,3ea87f4a1b7b84a26ee106434a73c8c3b1666cf072e5654900cb743a0c6ff2ae,a12dcb1ba4e2a21b6a4474c284e3079c1b8e06dc282072a6d2d3a684bd02794b,1a980269c1778978c64462bf76cf00949cd95e29e33d5066107809299e5dec35,p50,celeba-three-workers-v1,
0.882891061452514,,,12.788651536999168,988babfb79a4be0620cf47d259d4da35f8fc07573e92f83a2e388003c17759ba,0.8821118606905409,de125d04e78b221d9268ef4e9e1c30f5c2aabf852422fb12bb0d870272447993,2026-09-06T13:55:41.025394+00:00,1,16.640104390000488,True,4.0,8.538650762597612e-08,1,0.616,NAA-GDP,0.006,1,50,,3,s1_p50_NAA-GDP_l1_r3,fcf8b4f93626e8cf9603afe70c3a614f6523366181d2f4df2620ee6efbb41bdb,3ea87f4a1b7b84a26ee106434a73c8c3b1666cf072e5654900cb743a0c6ff2ae,a12dcb1ba4e2a21b6a4474c284e3079c1b8e06dc282072a6d2d3a684bd02794b,1a980269c1778978c64462bf76cf00949cd95e29e33d5066107809299e5dec35,p50,celeba-three-workers-v1,
0.8800279329608939,,,16.192388388000836,988babfb79a4be0620cf47d259d4da35f8fc07573e92f83a2e388003c17759ba,0.8787297680698696,de125d04e78b221d9268ef4e9e1c30f5c2aabf852422fb12bb0d870272447993,2026-09-06T13:56:15.910214+00:00,1,17.44956763299888,True,6.0,4.5447226796274864e-08,2,0.446,NAA-GDP,0.012,1,50,,0,s1_p50_NAA-GDP_l2_r0,fcf8b4f93626e8cf9603afe70c3a614f6523366181d2f4df2620ee6efbb41bdb,3ea87f4a1b7b84a26ee106434a73c8c3b1666cf072e5654900cb743a0c6ff2ae,a12dcb1ba4e2a21b6a4474c284e3079c1b8e06dc282072a6d2d3a684bd02794b,1a980269c1778978c64462bf76cf00949cd95e29e33d5066107809299e5dec35,p50,celeba-three-workers-v1,
0.8720670391061452,,,16.144133072999466,988babfb79a4be0620cf47d259d4da35f8fc07573e92f83a2e388003c17759ba,0.8722849476148968,de125d04e78b221d9268ef4e9e1c30f5c2aabf852422fb12bb0d870272447993,2026-09-06T13:56:55.125074+00:00,1,21.827396317999955,True,6.0,4.5557164707447e-08,2,0.486,NAA-GDP,0.012,1,50,,1,s1_p50_NAA-GDP_l2_r1,fcf8b4f93626e8cf9603afe70c3a614f6523366181d2f4df2620ee6efbb41bdb,3ea87f4a1b7b84a26ee106434a73c8c3b1666cf072e5654900cb743a0c6ff2ae,a12dcb1ba4e2a21b6a4474c284e3079c1b8e06dc282072a6d2d3a684bd02794b,1a980269c1778978c64462bf76cf00949cd95e29e33d5066107809299e5dec35,p50,celeba-three-workers-v1,
0.8706005586592179,,,16.155374554000446,988babfb79a4be0620cf47d259d4da35f8fc07573e92f83a2e388003c17759ba,0.8699390814111627,de125d04e78b221d9268ef4e9e1c30f5c2aabf852422fb12bb0d870272447993,2026-09-06T13:57:24.390138+00:00,1,11.792699322999397,True,6.0,4.5687140096179065e-08,2,0.463,NAA-GDP,0.012,1,50,,2,s1_p50_NAA-GDP_l2_r2,fcf8b4f93626e8cf9603afe70c3a614f6523366181d2f4df2620ee6efbb41bdb,3ea87f4a1b7b84a26ee106434a73c8c3b1666cf072e5654900cb743a0c6ff2ae,a12dcb1ba4e2a21b6a4474c284e3079c1b8e06dc282072a6d2d3a684bd02794b,1a980269c1778978c64462bf76cf00949cd95e29e33d5066107809299e5dec35,p50,celeba-three-workers-v1,
0.8787709497206704,,,16.17500082600054,988babfb79a4be0620cf47d259d4da35f8fc07573e92f83a2e388003c17759ba,0.8780249192431934,de125d04e78b221d9268ef4e9e1c30f5c2aabf852422fb12bb0d870272447993,2026-09-06T13:57:58.354831+00:00,1,16.542517255998973,True,6.0,4.58347985529001e-08,2,0.459,NAA-GDP,0.012,1,50,,3,s1_p50_NAA-GDP_l2_r3,fcf8b4f93626e8cf9603afe70c3a614f6523366181d2f4df2620ee6efbb41bdb,3ea87f4a1b7b84a26ee106434a73c8c3b1666cf072e5654900cb743a0c6ff2ae,a12dcb1ba4e2a21b6a4474c284e3079c1b8e06dc282072a6d2d3a684bd02794b,1a980269c1778978c64462bf76cf00949cd95e29e33d5066107809299e5dec35,p50,celeba-three-workers-v1,
0.8675977653631285,,,19.603307155000948,988babfb79a4be0620cf47d259d4da35f8fc07573e92f83a2e388003c17759ba,0.867348857196573,de125d04e78b221d9268ef4e9e1c30f5c2aabf852422fb12bb0d870272447993,2026-09-06T13:58:41.301725+00:00,1,22.097815282999363,True,8.0,6.990887563314848e-08,3,0.346,NAA-GDP,0.018,1,50,,0,s1_p50_NAA-GDP_l3_r0,fcf8b4f93626e8cf9603afe70c3a614f6523366181d2f4df2620ee6efbb41bdb,3ea87f4a1b7b84a26ee106434a73c8c3b1666cf072e5654900cb743a0c6ff2ae,a12dcb1ba4e2a21b6a4474c284e3079c1b8e06dc282072a6d2d3a684bd02794b,1a980269c1778978c64462bf76cf00949cd95e29e33d5066107809299e5dec35,p50,celeba-three-workers-v1,
0.8659217877094972,,,19.610211948998767,988babfb79a4be0620cf47d259d4da35f8fc07573e92f83a2e388003c17759ba,0.8652202469461352,de125d04e78b221d9268ef4e9e1c30f5c2aabf852422fb12bb0d870272447993,2026-09-06T13:59:13.784955+00:00,1,11.612041211999895,True,8.0,7.013777426827032e-08,3,0.397,NAA-GDP,0.018,1,50,,1,s1_p50_NAA-GDP_l3_r1,fcf8b4f93626e8cf9603afe70c3a614f6523366181d2f4df2620ee6efbb41bdb,3ea87f4a1b7b84a26ee106434a73c8c3b1666cf072e5654900cb743a0c6ff2ae,a12dcb1ba4e2a21b6a4474c284e3079c1b8e06dc282072a6d2d3a684bd02794b,1a980269c1778978c64462bf76cf00949cd95e29e33d5066107809299e5dec35,p50,celeba-three-workers-v1,
0.8699022346368716,,,19.620748531000572,988babfb79a4be0620cf47d259d4da35f8fc07573e92f83a2e388003c17759ba,0.868903343319587,de125d04e78b221d9268ef4e9e1c30f5c2aabf852422fb12bb0d870272447993,2026-09-06T13:59:56.277546+00:00,1,21.600262115000078,True,8.0,7.083763171327621e-08,3,0.322,NAA-GDP,0.018,1,50,,2,s1_p50_NAA-GDP_l3_r2,fcf8b4f93626e8cf9603afe70c3a614f6523366181d2f4df2620ee6efbb41bdb,3ea87f4a1b7b84a26ee106434a73c8c3b1666cf072e5654900cb743a0c6ff2ae,a12dcb1ba4e2a21b6a4474c284e3079c1b8e06dc282072a6d2d3a684bd02794b,1a980269c1778978c64462bf76cf00949cd95e29e33d5066107809299e5dec35,p50,celeba-three-workers-v1,
0.8743715083798883,,,19.58774403300049,988babfb79a4be0620cf47d259d4da35f8fc07573e92f83a2e388003c17759ba,0.8731613451410405,de125d04e78b221d9268ef4e9e1c30f5c2aabf852422fb12bb0d870272447993,2026-09-06T14:00:34.475576+00:00,1,17.362673022998933,True,8.0,6.997786227712666e-08,3,0.246,NAA-GDP,0.018,1,50,,3,s1_p50_NAA-GDP_l3_r3,fcf8b4f93626e8cf9603afe70c3a614f6523366181d2f4df2620ee6efbb41bdb,3ea87f4a1b7b84a26ee106434a73c8c3b1666cf072e5654900cb743a0c6ff2ae,a12dcb1ba4e2a21b6a4474c284e3079c1b8e06dc282072a6d2d3a684bd02794b,1a980269c1778978c64462bf76cf00949cd95e29e33d5066107809299e5dec35,p50,celeba-three-workers-v1,
0.8607541899441341,,,24.926481676999174,988babfb79a4be0620cf47d259d4da35f8fc07573e92f83a2e388003c17759ba,0.8603302544419296,de125d04e78b221d9268ef4e9e1c30f5c2aabf852422fb12bb0d870272447993,2026-09-06T14:01:22.834009+00:00,1,22.18983522900089,True,11.0,4.869098166907268e-08,4,0.261,NAA-GDP,0.024,1,50,,0,s1_p50_NAA-GDP_l4_r0,fcf8b4f93626e8cf9603afe70c3a614f6523366181d2f4df2620ee6efbb41bdb,3ea87f4a1b7b84a26ee106434a73c8c3b1666cf072e5654900cb743a0c6ff2ae,a12dcb1ba4e2a21b6a4474c284e3079c1b8e06dc282072a6d2d3a684bd02794b,1a980269c1778978c64462bf76cf00949cd95e29e33d5066107809299e5dec35,p50,celeba-three-workers-v1,
0.8621508379888269,,,24.95471894399998,988babfb79a4be0620cf47d259d4da35f8fc07573e92f83a2e388003c17759ba,0.8616615270422378,de125d04e78b221d9268ef4e9e1c30f5c2aabf852422fb12bb0d870272447993,2026-09-06T14:02:07.000058+00:00,1,17.977137064999624,True,11.0,4.9016443829297645e-08,4,0.215,NAA-GDP,0.024,1,50,,1,s1_p50_NAA-GDP_l4_r1,fcf8b4f93626e8cf9603afe70c3a614f6523366181d2f4df2620ee6efbb41bdb,3ea87f4a1b7b84a26ee106434a73c8c3b1666cf072e5654900cb743a0c6ff2ae,a12dcb1ba4e2a21b6a4474c284e3079c1b8e06dc282072a6d2d3a684bd02794b,1a980269c1778978c64462bf76cf00949cd95e29e33d5066107809299e5dec35,p50,celeba-three-workers-v1,
0.8652234636871509,,,24.942369635000432,988babfb79a4be0620cf47d259d4da35f8fc07573e92f83a2e388003c17759ba,0.8640965126244313,de125d04e78b221d9268ef4e9e1c30f5c2aabf852422fb12bb0d870272447993,2026-09-06T14:02:50.320553+00:00,1,17.122788599999694,True,11.0,4.825365874014657e-08,4,0.277,NAA-GDP,0.024,1,50,,2,s1_p50_NAA-GDP_l4_r2,fcf8b4f93626e8cf9603afe70c3a614f6523366181d2f4df2620ee6efbb41bdb,3ea87f4a1b7b84a26ee106434a73c8c3b1666cf072e5654900cb743a0c6ff2ae,a12dcb1ba4e2a21b6a4474c284e3079c1b8e06dc282072a6d2d3a684bd02794b,1a980269c1778978c64462bf76cf00949cd95e29e33d5066107809299e5dec35,p50,celeba-three-workers-v1,
0.8635474860335196,,,24.944768008999745,988babfb79a4be0620cf47d259d4da35f8fc07573e92f83a2e388003c17759ba,0.8624285885199592,de125d04e78b221d9268ef4e9e1c30f5c2aabf852422fb12bb0d870272447993,2026-09-06T14:03:34.429035+00:00,1,17.919600576000448,True,11.0,4.8785704862364034e-08,4,0.234,NAA-GDP,0.024,1,50,,3,s1_p50_NAA-GDP_l4_r3,fcf8b4f93626e8cf9603afe70c3a614f6523366181d2f4df2620ee6efbb41bdb,3ea87f4a1b7b84a26ee106434a73c8c3b1666cf072e5654900cb743a0c6ff2ae,a12dcb1ba4e2a21b6a4474c284e3079c1b8e06dc282072a6d2d3a684bd02794b,1a980269c1778978c64462bf76cf00949cd95e29e33d5066107809299e5dec35,p50,celeba-three-workers-v1,
0.8583100558659218,,,32.09993126799964,988babfb79a4be0620cf47d259d4da35f8fc07573e92f83a2e388003c17759ba,0.8568086960980362,de125d04e78b221d9268ef4e9e1c30f5c2aabf852422fb12bb0d870272447993,2026-09-06T14:04:25.241928+00:00,1,17.475645537000673,True,15.0,5.0266840166046024e-08,5,0.243,NAA-GDP,0.03,1,50,,0,s1_p50_NAA-GDP_l5_r0,fcf8b4f93626e8cf9603afe70c3a614f6523366181d2f4df2620ee6efbb41bdb,3ea87f4a1b7b84a26ee106434a73c8c3b1666cf072e5654900cb743a0c6ff2ae,a12dcb1ba4e2a21b6a4474c284e3079c1b8e06dc282072a6d2d3a684bd02794b,1a980269c1778978c64462bf76cf00949cd95e29e33d5066107809299e5dec35,p50,celeba-three-workers-v1,
0.8565642458100559,,,32.0191956639992,988babfb79a4be0620cf47d259d4da35f8fc07573e92f83a2e388003c17759ba,0.8565279578477548,de125d04e78b221d9268ef4e9e1c30f5c2aabf852422fb12bb0d870272447993,2026-09-06T14:05:16.612214+00:00,1,18.111867645999155,True,15.0,5.187949253473823e-08,5,0.211,NAA-GDP,0.03,1,50,,1,s1_p50_NAA-GDP_l5_r1,fcf8b4f93626e8cf9603afe70c3a614f6523366181d2f4df2620ee6efbb41bdb,3ea87f4a1b7b84a26ee106434a73c8c3b1666cf072e5654900cb743a0c6ff2ae,a12dcb1ba4e2a21b6a4474c284e3079c1b8e06dc282072a6d2d3a684bd02794b,1a980269c1778978c64462bf76cf00949cd95e29e33d5066107809299e5dec35,p50,celeba-three-workers-v1,
0.8502094972067039,,,32.011403201000576,988babfb79a4be0620cf47d259d4da35f8fc07573e92f83a2e388003c17759ba,0.8499910880621541,de125d04e78b221d9268ef4e9e1c30f5c2aabf852422fb12bb0d870272447993,2026-09-06T14:06:05.676446+00:00,1,15.796775749999142,True,15.0,5.187093108634166e-08,5,0.24,NAA-GDP,0.03,1,50,,2,s1_p50_NAA-GDP_l5_r2,fcf8b4f93626e8cf9603afe70c3a614f6523366181d2f4df2620ee6efbb41bdb,3ea87f4a1b7b84a26ee106434a73c8c3b1666cf072e5654900cb743a0c6ff2ae,a12dcb1ba4e2a21b6a4474c284e3079c1b8e06dc282072a6d2d3a684bd02794b,1a980269c1778978c64462bf76cf00949cd95e29e33d5066107809299e5dec35,p50,celeba-three-workers-v1,
0.8510474860335195,,,32.00636327400025,988babfb79a4be0620cf47d259d4da35f8fc07573e92f83a2e388003c17759ba,0.8497742716016827,de125d04e78b221d9268ef4e9e1c30f5c2aabf852422fb12bb0d870272447993,2026-09-06T14:07:00.043423+00:00,1,21.123002185999212,True,15.0,5.09987870381417e-08,5,0.187,NAA-GDP,0.03,1,50,,3,s1_p50_NAA-GDP_l5_r3,fcf8b4f93626e8cf9603afe70c3a614f6523366181d2f4df2620ee6efbb41bdb,3ea87f4a1b7b84a26ee106434a73c8c3b1666cf072e5654900cb743a0c6ff2ae,a12dcb1ba4e2a21b6a4474c284e3079c1b8e06dc282072a6d2d3a684bd02794b,1a980269c1778978c64462bf76cf00949cd95e29e33d5066107809299e5dec35,p50,celeba-three-workers-v1,
0.8474860335195531,,,42.71962574099962,988babfb79a4be0620cf47d259d4da35f8fc07573e92f83a2e388003c17759ba,0.8470024880177165,de125d04e78b221d9268ef4e9e1c30f5c2aabf852422fb12bb0d870272447993,2026-09-06T14:08:08.264753+00:00,1,24.25319899600072,True,21.0,7.678312195311175e-08,6,0.155,NAA-GDP,0.036,1,50,,0,s1_p50_NAA-GDP_l6_r0,fcf8b4f93626e8cf9603afe70c3a614f6523366181d2f4df2620ee6efbb41bdb,3ea87f4a1b7b84a26ee106434a73c8c3b1666cf072e5654900cb743a0c6ff2ae,a12dcb1ba4e2a21b6a4474c284e3079c1b8e06dc282072a6d2d3a684bd02794b,1a980269c1778978c64462bf76cf00949cd95e29e33d5066107809299e5dec35,p50,celeba-three-workers-v1,
0.8409217877094972,,,42.7151544089993,988babfb79a4be0620cf47d259d4da35f8fc07573e92f83a2e388003c17759ba,0.8404758242321695,de125d04e78b221d9268ef4e9e1c30f5c2aabf852422fb12bb0d870272447993,2026-09-06T14:09:07.833013+00:00,1,15.590585949999877,True,21.0,7.808074435316871e-08,6,0.202,NAA-GDP,0.036,1,50,,1,s1_p50_NAA-GDP_l6_r1,fcf8b4f93626e8cf9603afe70c3a614f6523366181d2f4df2620ee6efbb41bdb,3ea87f4a1b7b84a26ee106434a73c8c3b1666cf072e5654900cb743a0c6ff2ae,a12dcb1ba4e2a21b6a4474c284e3079c1b8e06dc282072a6d2d3a684bd02794b,1a980269c1778978c64462bf76cf00949cd95e29e33d5066107809299e5dec35,p50,celeba-three-workers-v1,
0.8509078212290503,,,42.70158442899992,988babfb79a4be0620cf47d259d4da35f8fc07573e92f83a2e388003c17759ba,0.8495515952368744,de125d04e78b221d9268ef4e9e1c30f5c2aabf852422fb12bb0d870272447993,2026-09-06T14:10:09.010004+00:00,1,17.229226591000042,True,21.0,7.907497438622442e-08,6,0.168,NAA-GDP,0.036,1,50,,2,s1_p50_NAA-GDP_l6_r2,fcf8b4f93626e8cf9603afe70c3a614f6523366181d2f4df2620ee6efbb41bdb,3ea87f4a1b7b84a26ee106434a73c8c3b1666cf072e5654900cb743a0c6ff2ae,a12dcb1ba4e2a21b6a4474c284e3079c1b8e06dc282072a6d2d3a684bd02794b,1a980269c1778978c64462bf76cf00949cd95e29e33d5066107809299e5dec35,p50,celeba-three-workers-v1,
0.8478351955307263,,,42.70343950800088,988babfb79a4be0620cf47d259d4da35f8fc07573e92f83a2e388003c17759ba,0.8471321384011739,de125d04e78b221d9268ef4e9e1c30f5c2aabf852422fb12bb0d870272447993,2026-09-06T14:11:10.200716+00:00,1,17.23589419200107,True,21.0,7.509570143515475e-08,6,0.181,NAA-GDP,0.036,1,50,,3,s1_p50_NAA-GDP_l6_r3,fcf8b4f93626e8cf9603afe70c3a614f6523366181d2f4df2620ee6efbb41bdb,3ea87f4a1b7b84a26ee106434a73c8c3b1666cf072e5654900cb743a0c6ff2ae,a12dcb1ba4e2a21b6a4474c284e3079c1b8e06dc282072a6d2d3a684bd02794b,1a980269c1778978c64462bf76cf00949cd95e29e33d5066107809299e5dec35,p50,celeba-three-workers-v1,
0.8418296089385475,,,71.79369513100028,988babfb79a4be0620cf47d259d4da35f8fc07573e92f83a2e388003c17759ba,0.8405748077829296,de125d04e78b221d9268ef4e9e1c30f5c2aabf852422fb12bb0d870272447993,2026-09-06T14:12:38.913506+00:00,1,15.665307195999048,True,37.0,7.373017507873609e-08,7,0.187,NAA-GDP,0.042,1,50,,0,s1_p50_NAA-GDP_l7_r0,fcf8b4f93626e8cf9603afe70c3a614f6523366181d2f4df2620ee6efbb41bdb,3ea87f4a1b7b84a26ee106434a73c8c3b1666cf072e5654900cb743a0c6ff2ae,a12dcb1ba4e2a21b6a4474c284e3079c1b8e06dc282072a6d2d3a684bd02794b,1a980269c1778978c64462bf76cf00949cd95e29e33d5066107809299e5dec35,p50,celeba-three-workers-v1,
0.8361033519553073,,,73.58751038800074,988babfb79a4be0620cf47d259d4da35f8fc07573e92f83a2e388003c17759ba,0.8352703247119491,de125d04e78b221d9268ef4e9e1c30f5c2aabf852422fb12bb0d870272447993,2026-09-06T14:14:09.330125+00:00,1,15.569657395999457,True,38.0,7.584172980193226e-08,7,0.169,NAA-GDP,0.042,1,50,,1,s1_p50_NAA-GDP_l7_r1,fcf8b4f93626e8cf9603afe70c3a614f6523366181d2f4df2620ee6efbb41bdb,3ea87f4a1b7b84a26ee106434a73c8c3b1666cf072e5654900cb743a0c6ff2ae,a12dcb1ba4e2a21b6a4474c284e3079c1b8e06dc282072a6d2d3a684bd02794b,1a980269c1778978c64462bf76cf00949cd95e29e33d5066107809299e5dec35,p50,celeba-three-workers-v1,
0.8448324022346368,,,95.59166682200157,988babfb79a4be0620cf47d259d4da35f8fc07573e92f83a2e388003c17759ba,0.8430408020255736,de125d04e78b221d9268ef4e9e1c30f5c2aabf852422fb12bb0d870272447993,2026-09-06T14:16:03.256050+00:00,1,17.090130091999526,True,50.0,9.493478127929098e-08,7,0.158,NAA-GDP,0.042,1,50,,2,s1_p50_NAA-GDP_l7_r2,fcf8b4f93626e8cf9603afe70c3a614f6523366181d2f4df2620ee6efbb41bdb,3ea87f4a1b7b84a26ee106434a73c8c3b1666cf072e5654900cb743a0c6ff2ae,a12dcb1ba4e2a21b6a4474c284e3079c1b8e06dc282072a6d2d3a684bd02794b,1a980269c1778978c64462bf76cf00949cd95e29e33d5066107809299e5dec35,p50,celeba-three-workers-v1,
0.8400837988826816,,,71.68665767899984,988babfb79a4be0620cf47d259d4da35f8fc07573e92f83a2e388003c17759ba,0.8393105822547446,de125d04e78b221d9268ef4e9e1c30f5c2aabf852422fb12bb0d870272447993,2026-09-06T14:17:37.415281+00:00,1,21.240586612000698,True,37.0,9.726832274682348e-08,7,0.118,NAA-GDP,0.042,1,50,,3,s1_p50_NAA-GDP_l7_r3,fcf8b4f93626e8cf9603afe70c3a614f6523366181d2f4df2620ee6efbb41bdb,3ea87f4a1b7b84a26ee106434a73c8c3b1666cf072e5654900cb743a0c6ff2ae,a12dcb1ba4e2a21b6a4474c284e3079c1b8e06dc282072a6d2d3a684bd02794b,1a980269c1778978c64462bf76cf00949cd95e29e33d5066107809299e5dec35,p50,celeba-three-workers-v1,
0.8230446927374302,,,917.4245348649983,988babfb79a4be0620cf47d259d4da35f8fc07573e92f83a2e388003c17759ba,0.8233454682185646,de125d04e78b221d9268ef4e9e1c30f5c2aabf852422fb12bb0d870272447993,2026-09-06T14:33:12.131908+00:00,1,16.046777289999227,False,500.0,4.07251275847769e-05,8,0.115,NAA-GDP,0.048,1,50,,0,s1_p50_NAA-GDP_l8_r0,fcf8b4f93626e8cf9603afe70c3a614f6523366181d2f4df2620ee6efbb41bdb,3ea87f4a1b7b84a26ee106434a73c8c3b1666cf072e5654900cb743a0c6ff2ae,a12dcb1ba4e2a21b6a4474c284e3079c1b8e06dc282072a6d2d3a684bd02794b,1a980269c1778978c64462bf76cf00949cd95e29e33d5066107809299e5dec35,p50,celeba-three-workers-v1,
0.8270251396648045,,,917.092259522,988babfb79a4be0620cf47d259d4da35f8fc07573e92f83a2e388003c17759ba,0.82496841755725,de125d04e78b221d9268ef4e9e1c30f5c2aabf852422fb12bb0d870272447993,2026-09-06T14:48:51.760604+00:00,1,21.297081855000215,False,500.0,2.2609861272278286e-07,8,0.116,NAA-GDP,0.048,1,50,,1,s1_p50_NAA-GDP_l8_r1,fcf8b4f93626e8cf9603afe70c3a614f6523366181d2f4df2620ee6efbb41bdb,3ea87f4a1b7b84a26ee106434a73c8c3b1666cf072e5654900cb743a0c6ff2ae,a12dcb1ba4e2a21b6a4474c284e3079c1b8e06dc282072a6d2d3a684bd02794b,1a980269c1778978c64462bf76cf00949cd95e29e33d5066107809299e5dec35,p50,celeba-three-workers-v1,
0.8321927374301676,,,918.1015483400006,988babfb79a4be0620cf47d259d4da35f8fc07573e92f83a2e388003c17759ba,0.8309816560577983,de125d04e78b221d9268ef4e9e1c30f5c2aabf852422fb12bb0d870272447993,2026-09-06T15:04:32.088322+00:00,1,20.971926463000273,False,500.0,9.109183148241533e-06,8,0.135,NAA-GDP,0.048,1,50,,2,s1_p50_NAA-GDP_l8_r2,fcf8b4f93626e8cf9603afe70c3a614f6523366181d2f4df2620ee6efbb41bdb,3ea87f4a1b7b84a26ee106434a73c8c3b1666cf072e5654900cb743a0c6ff2ae,a12dcb1ba4e2a21b6a4474c284e3079c1b8e06dc282072a6d2d3a684bd02794b,1a980269c1778978c64462bf76cf00949cd95e29e33d5066107809299e5dec35,p50,celeba-three-workers-v1,
0.8298882681564246,,,917.376631264,988babfb79a4be0620cf47d259d4da35f8fc07573e92f83a2e388003c17759ba,0.8284178014127253,de125d04e78b221d9268ef4e9e1c30f5c2aabf852422fb12bb0d870272447993,2026-09-06T15:20:11.883169+00:00,1,21.180526836000354,False,500.0,4.858751290501876e-05,8,0.179,NAA-GDP,0.048,1,50,,3,s1_p50_NAA-GDP_l8_r3,fcf8b4f93626e8cf9603afe70c3a614f6523366181d2f4df2620ee6efbb41bdb,3ea87f4a1b7b84a26ee106434a73c8c3b1666cf072e5654900cb743a0c6ff2ae,a12dcb1ba4e2a21b6a4474c284e3079c1b8e06dc282072a6d2d3a684bd02794b,1a980269c1778978c64462bf76cf00949cd95e29e33d5066107809299e5dec35,p50,celeba-three-workers-v1,
0.8192737430167598,,,916.267813790997,988babfb79a4be0620cf47d259d4da35f8fc07573e92f83a2e388003c17759ba,0.8177162487822387,de125d04e78b221d9268ef4e9e1c30f5c2aabf852422fb12bb0d870272447993,2026-09-06T15:35:46.836216+00:00,1,17.437841537001077,False,500.0,0.006945662467857819,9,0.134,NAA-GDP,0.054,1,50,,0,s1_p50_NAA-GDP_l9_r0,fcf8b4f93626e8cf9603afe70c3a614f6523366181d2f4df2620ee6efbb41bdb,3ea87f4a1b7b84a26ee106434a73c8c3b1666cf072e5654900cb743a0c6ff2ae,a12dcb1ba4e2a21b6a4474c284e3079c1b8e06dc282072a6d2d3a684bd02794b,1a980269c1778978c64462bf76cf00949cd95e29e33d5066107809299e5dec35,p50,celeba-three-workers-v1,
0.8207402234636871,,,916.891531027999,988babfb79a4be0620cf47d259d4da35f8fc07573e92f83a2e388003c17759ba,0.8202122262020739,de125d04e78b221d9268ef4e9e1c30f5c2aabf852422fb12bb0d870272447993,2026-09-06T15:51:26.934468+00:00,1,21.96805265600051,False,500.0,0.002681386122242589,9,0.161,NAA-GDP,0.054,1,50,,1,s1_p50_NAA-GDP_l9_r1,fcf8b4f93626e8cf9603afe70c3a614f6523366181d2f4df2620ee6efbb41bdb,3ea87f4a1b7b84a26ee106434a73c8c3b1666cf072e5654900cb743a0c6ff2ae,a12dcb1ba4e2a21b6a4474c284e3079c1b8e06dc282072a6d2d3a684bd02794b,1a980269c1778978c64462bf76cf00949cd95e29e33d5066107809299e5dec35,p50,celeba-three-workers-v1,
0.821927374301676,,,915.8211773660005,988babfb79a4be0620cf47d259d4da35f8fc07573e92f83a2e388003c17759ba,0.8217504022580164,de125d04e78b221d9268ef4e9e1c30f5c2aabf852422fb12bb0d870272447993,2026-09-06T16:07:05.109952+00:00,1,21.091890976000286,False,500.0,0.008530401529514191,9,0.122,NAA-GDP,0.054,1,50,,2,s1_p50_NAA-GDP_l9_r2,fcf8b4f93626e8cf9603afe70c3a614f6523366181d2f4df2620ee6efbb41bdb,3ea87f4a1b7b84a26ee106434a73c8c3b1666cf072e5654900cb743a0c6ff2ae,a12dcb1ba4e2a21b6a4474c284e3079c1b8e06dc282072a6d2d3a684bd02794b,1a980269c1778978c64462bf76cf00949cd95e29e33d5066107809299e5dec35,p50,celeba-three-workers-v1,
0.8207402234636871,,,916.1019943550018,988babfb79a4be0620cf47d259d4da35f8fc07573e92f83a2e388003c17759ba,0.8194254363797511,de125d04e78b221d9268ef4e9e1c30f5c2aabf852422fb12bb0d870272447993,2026-09-06T16:22:39.670405+00:00,1,17.226871548999043,False,500.0,0.007033102538325714,9,0.171,NAA-GDP,0.054,1,50,,3,s1_p50_NAA-GDP_l9_r3,fcf8b4f93626e8cf9603afe70c3a614f6523366181d2f4df2620ee6efbb41bdb,3ea87f4a1b7b84a26ee106434a73c8c3b1666cf072e5654900cb743a0c6ff2ae,a12dcb1ba4e2a21b6a4474c284e3079c1b8e06dc282072a6d2d3a684bd02794b,1a980269c1778978c64462bf76cf00949cd95e29e33d5066107809299e5dec35,p50,celeba-three-workers-v1,
0.8060055865921788,,,916.8242170970007,988babfb79a4be0620cf47d259d4da35f8fc07573e92f83a2e388003c17759ba,0.8070076642665476,de125d04e78b221d9268ef4e9e1c30f5c2aabf852422fb12bb0d870272447993,2026-09-06T16:38:18.880757+00:00,1,21.092513161998795,False,500.0,0.024847320437177793,10,0.15,NAA-GDP,0.06,1,50,,0,s1_p50_NAA-GDP_l10_r0,fcf8b4f93626e8cf9603afe70c3a614f6523366181d2f4df2620ee6efbb41bdb,3ea87f4a1b7b84a26ee106434a73c8c3b1666cf072e5654900cb743a0c6ff2ae,a12dcb1ba4e2a21b6a4474c284e3079c1b8e06dc282072a6d2d3a684bd02794b,1a980269c1778978c64462bf76cf00949cd95e29e33d5066107809299e5dec35,p50,celeba-three-workers-v1,
0.8107541899441341,,,916.4324702129998,988babfb79a4be0620cf47d259d4da35f8fc07573e92f83a2e388003c17759ba,0.8098113354966148,de125d04e78b221d9268ef4e9e1c30f5c2aabf852422fb12bb0d870272447993,2026-09-06T16:53:53.766811+00:00,1,17.204194123998604,False,500.0,0.024044850563865513,10,0.076,NAA-GDP,0.06,1,50,,1,s1_p50_NAA-GDP_l10_r1,fcf8b4f93626e8cf9603afe70c3a614f6523366181d2f4df2620ee6efbb41bdb,3ea87f4a1b7b84a26ee106434a73c8c3b1666cf072e5654900cb743a0c6ff2ae,a12dcb1ba4e2a21b6a4474c284e3079c1b8e06dc282072a6d2d3a684bd02794b,1a980269c1778978c64462bf76cf00949cd95e29e33d5066107809299e5dec35,p50,celeba-three-workers-v1,
0.8107541899441341,,,916.95400754,988babfb79a4be0620cf47d259d4da35f8fc07573e92f83a2e388003c17759ba,0.8090090169277986,de125d04e78b221d9268ef4e9e1c30f5c2aabf852422fb12bb0d870272447993,2026-09-06T17:09:47.213634+00:00,1,35.25710518500273,False,500.0,0.023324201380551034,10,0.127,NAA-GDP,0.06,1,50,,2,s1_p50_NAA-GDP_l10_r2,fcf8b4f93626e8cf9603afe70c3a614f6523366181d2f4df2620ee6efbb41bdb,3ea87f4a1b7b84a26ee106434a73c8c3b1666cf072e5654900cb743a0c6ff2ae,a12dcb1ba4e2a21b6a4474c284e3079c1b8e06dc282072a6d2d3a684bd02794b,1a980269c1778978c64462bf76cf00949cd95e29e33d5066107809299e5dec35,p50,celeba-three-workers-v1,
0.8137569832402235,,,916.883803595003,988babfb79a4be0620cf47d259d4da35f8fc07573e92f83a2e388003c17759ba,0.8137059744166344,de125d04e78b221d9268ef4e9e1c30f5c2aabf852422fb12bb0d870272447993,2026-09-06T17:25:26.430571+00:00,1,21.07994603000043,False,500.0,0.02885710183752981,10,0.119,NAA-GDP,0.06,1,50,,3,s1_p50_NAA-GDP_l10_r3,fcf8b4f93626e8cf9603afe70c3a614f6523366181d2f4df2620ee6efbb41bdb,3ea87f4a1b7b84a26ee106434a73c8c3b1666cf072e5654900cb743a0c6ff2ae,a12dcb1ba4e2a21b6a4474c284e3079c1b8e06dc282072a6d2d3a684bd02794b,1a980269c1778978c64462bf76cf00949cd95e29e33d5066107809299e5dec35,p50,celeba-three-workers-v1,
0.8228070175438597,2.0,,0.0,988babfb79a4be0620cf47d259d4da35f8fc07573e92f83a2e388003c17759ba,0.8216640986132511,b743fe7228434906b9048ef7faf033fd6e5448453864a9c29b94ea2944f572a4,2026-09-06T17:25:59.336104+00:00,0,0.8007567999957246,,,,0,,Local-only,0.0,2,2,,0,s2_p2_Local-only_l0_r0,fcf8b4f93626e8cf9603afe70c3a614f6523366181d2f4df2620ee6efbb41bdb,3ea87f4a1b7b84a26ee106434a73c8c3b1666cf072e5654900cb743a0c6ff2ae,a12dcb1ba4e2a21b6a4474c284e3079c1b8e06dc282072a6d2d3a684bd02794b,1a980269c1778978c64462bf76cf00949cd95e29e33d5066107809299e5dec35,p50,celeba-three-workers-v1,
0.8295932678821879,5.0,,0.0,988babfb79a4be0620cf47d259d4da35f8fc07573e92f83a2e388003c17759ba,0.8294081269301066,b743fe7228434906b9048ef7faf033fd6e5448453864a9c29b94ea2944f572a4,2026-09-06T17:25:59.371430+00:00,0,2.229382490997523,,,,0,,Local-only,0.0,2,5,,0,s2_p5_Local-only_l0_r0,fcf8b4f93626e8cf9603afe70c3a614f6523366181d2f4df2620ee6efbb41bdb,3ea87f4a1b7b84a26ee106434a73c8c3b1666cf072e5654900cb743a0c6ff2ae,a12dcb1ba4e2a21b6a4474c284e3079c1b8e06dc282072a6d2d3a684bd02794b,1a980269c1778978c64462bf76cf00949cd95e29e33d5066107809299e5dec35,p50,celeba-three-workers-v1,
0.8208902909218366,10.0,,0.0,988babfb79a4be0620cf47d259d4da35f8fc07573e92f83a2e388003c17759ba,0.8208465985976134,b743fe7228434906b9048ef7faf033fd6e5448453864a9c29b94ea2944f572a4,2026-09-06T17:25:59.395087+00:00,0,5.017902177001815,,,,0,,Local-only,0.0,2,10,,0,s2_p10_Local-only_l0_r0,fcf8b4f93626e8cf9603afe70c3a614f6523366181d2f4df2620ee6efbb41bdb,3ea87f4a1b7b84a26ee106434a73c8c3b1666cf072e5654900cb743a0c6ff2ae,a12dcb1ba4e2a21b6a4474c284e3079c1b8e06dc282072a6d2d3a684bd02794b,1a980269c1778978c64462bf76cf00949cd95e29e33d5066107809299e5dec35,p50,celeba-three-workers-v1,
0.8271388499298737,20.0,,0.0,988babfb79a4be0620cf47d259d4da35f8fc07573e92f83a2e388003c17759ba,0.8268206348442406,b743fe7228434906b9048ef7faf033fd6e5448453864a9c29b94ea2944f572a4,2026-09-06T17:25:59.418120+00:00,0,9.332784786009142,,,,0,,Local-only,0.0,2,20,,0,s2_p20_Local-only_l0_r0,fcf8b4f93626e8cf9603afe70c3a614f6523366181d2f4df2620ee6efbb41bdb,3ea87f4a1b7b84a26ee106434a73c8c3b1666cf072e5654900cb743a0c6ff2ae,a12dcb1ba4e2a21b6a4474c284e3079c1b8e06dc282072a6d2d3a684bd02794b,1a980269c1778978c64462bf76cf00949cd95e29e33d5066107809299e5dec35,p50,celeba-three-workers-v1,
0.8269041941366251,50.0,,0.0,988babfb79a4be0620cf47d259d4da35f8fc07573e92f83a2e388003c17759ba,0.8264595837115583,b743fe7228434906b9048ef7faf033fd6e5448453864a9c29b94ea2944f572a4,2026-09-06T17:25:59.441389+00:00,0,21.95720787001119,,,,0,,Local-only,0.0,2,50,,0,s2_p50_Local-only_l0_r0,fcf8b4f93626e8cf9603afe70c3a614f6523366181d2f4df2620ee6efbb41bdb,3ea87f4a1b7b84a26ee106434a73c8c3b1666cf072e5654900cb743a0c6ff2ae,a12dcb1ba4e2a21b6a4474c284e3079c1b8e06dc282072a6d2d3a684bd02794b,1a980269c1778978c64462bf76cf00949cd95e29e33d5066107809299e5dec35,p50,celeba-three-workers-v1,
0.8894655631925936,,,0.0,988babfb79a4be0620cf47d259d4da35f8fc07573e92f83a2e388003c17759ba,0.889058582402283,b743fe7228434906b9048ef7faf033fd6e5448453864a9c29b94ea2944f572a4,2026-09-06T17:26:21.014577+00:00,1,21.422682333999546,,,,0,0.74,C-GDP,0.0,2,50,,0,s2_p50_C-GDP_l0_r0,fcf8b4f93626e8cf9603afe70c3a614f6523366181d2f4df2620ee6efbb41bdb,3ea87f4a1b7b84a26ee106434a73c8c3b1666cf072e5654900cb743a0c6ff2ae,a12dcb1ba4e2a21b6a4474c284e3079c1b8e06dc282072a6d2d3a684bd02794b,1a980269c1778978c64462bf76cf00949cd95e29e33d5066107809299e5dec35,p50,celeba-three-workers-v1,
0.7923972506662926,,,0.0,988babfb79a4be0620cf47d259d4da35f8fc07573e92f83a2e388003c17759ba,0.7921564087065873,b743fe7228434906b9048ef7faf033fd6e5448453864a9c29b94ea2944f572a4,2026-09-06T17:26:46.231984+00:00,1,25.068488181001157,,,,0,,I-GDP,0.0,2,50,,0,s2_p50_I-GDP_l0_r0,fcf8b4f93626e8cf9603afe70c3a614f6523366181d2f4df2620ee6efbb41bdb,3ea87f4a1b7b84a26ee106434a73c8c3b1666cf072e5654900cb743a0c6ff2ae,a12dcb1ba4e2a21b6a4474c284e3079c1b8e06dc282072a6d2d3a684bd02794b,1a980269c1778978c64462bf76cf00949cd95e29e33d5066107809299e5dec35,p50,celeba-three-workers-v1,
0.8904474680880909,,,0.0,988babfb79a4be0620cf47d259d4da35f8fc07573e92f83a2e388003c17759ba,0.8898003652117514,b743fe7228434906b9048ef7faf033fd6e5448453864a9c29b94ea2944f572a4,2026-09-06T17:27:08.375932+00:00,1,21.65999168900089,,,,0,0.74,AA-GDP,0.0,2,50,,0,s2_p50_AA-GDP_l0_r0,fcf8b4f93626e8cf9603afe70c3a614f6523366181d2f4df2620ee6efbb41bdb,3ea87f4a1b7b84a26ee106434a73c8c3b1666cf072e5654900cb743a0c6ff2ae,a12dcb1ba4e2a21b6a4474c284e3079c1b8e06dc282072a6d2d3a684bd02794b,1a980269c1778978c64462bf76cf00949cd95e29e33d5066107809299e5dec35,p50,celeba-three-workers-v1,1.411748773438859e-10
0.880418010941226,,,12.78157236900006,988babfb79a4be0620cf47d259d4da35f8fc07573e92f83a2e388003c17759ba,0.8803175605836083,b743fe7228434906b9048ef7faf033fd6e5448453864a9c29b94ea2944f572a4,2026-09-06T17:27:42.645422+00:00,1,20.231208608001907,True,4.0,8.535203399983505e-08,1,0.67,NAA-GDP,0.006,2,50,,0,s2_p50_NAA-GDP_l1_r0,fcf8b4f93626e8cf9603afe70c3a614f6523366181d2f4df2620ee6efbb41bdb,3ea87f4a1b7b84a26ee106434a73c8c3b1666cf072e5654900cb743a0c6ff2ae,a12dcb1ba4e2a21b6a4474c284e3079c1b8e06dc282072a6d2d3a684bd02794b,1a980269c1778978c64462bf76cf00949cd95e29e33d5066107809299e5dec35,p50,celeba-three-workers-v1,
0.8824519567961846,,,12.755377093999414,988babfb79a4be0620cf47d259d4da35f8fc07573e92f83a2e388003c17759ba,0.8820855915274152,b743fe7228434906b9048ef7faf033fd6e5448453864a9c29b94ea2944f572a4,2026-09-06T17:28:13.848715+00:00,1,17.20645168899864,True,4.0,8.56984299145904e-08,1,0.618,NAA-GDP,0.006,2,50,,1,s2_p50_NAA-GDP_l1_r1,fcf8b4f93626e8cf9603afe70c3a614f6523366181d2f4df2620ee6efbb41bdb,3ea87f4a1b7b84a26ee106434a73c8c3b1666cf072e5654900cb743a0c6ff2ae,a12dcb1ba4e2a21b6a4474c284e3079c1b8e06dc282072a6d2d3a684bd02794b,1a980269c1778978c64462bf76cf00949cd95e29e33d5066107809299e5dec35,p50,celeba-three-workers-v1,
0.8804881470051901,,,12.790861557998142,988babfb79a4be0620cf47d259d4da35f8fc07573e92f83a2e388003c17759ba,0.880237566715979,b743fe7228434906b9048ef7faf033fd6e5448453864a9c29b94ea2944f572a4,2026-09-06T17:28:44.978607+00:00,1,17.0995995580015,True,4.0,8.506315696230097e-08,1,0.617,NAA-GDP,0.006,2,50,,2,s2_p50_NAA-GDP_l1_r2,fcf8b4f93626e8cf9603afe70c3a614f6523366181d2f4df2620ee6efbb41bdb,3ea87f4a1b7b84a26ee106434a73c8c3b1666cf072e5654900cb743a0c6ff2ae,a12dcb1ba4e2a21b6a4474c284e3079c1b8e06dc282072a6d2d3a684bd02794b,1a980269c1778978c64462bf76cf00949cd95e29e33d5066107809299e5dec35,p50,celeba-three-workers-v1,
0.8827325010520409,,,12.779159950001485,988babfb79a4be0620cf47d259d4da35f8fc07573e92f83a2e388003c17759ba,0.8822285777338561,b743fe7228434906b9048ef7faf033fd6e5448453864a9c29b94ea2944f572a4,2026-09-06T17:29:12.317329+00:00,1,13.313786372000322,True,4.0,8.532152204954858e-08,1,0.641,NAA-GDP,0.006,2,50,,3,s2_p50_NAA-GDP_l1_r3,fcf8b4f93626e8cf9603afe70c3a614f6523366181d2f4df2620ee6efbb41bdb,3ea87f4a1b7b84a26ee106434a73c8c3b1666cf072e5654900cb743a0c6ff2ae,a12dcb1ba4e2a21b6a4474c284e3079c1b8e06dc282072a6d2d3a684bd02794b,1a980269c1778978c64462bf76cf00949cd95e29e33d5066107809299e5dec35,p50,celeba-three-workers-v1,
0.8744564455042783,,,16.146172265998757,988babfb79a4be0620cf47d259d4da35f8fc07573e92f83a2e388003c17759ba,0.8725682223774753,b743fe7228434906b9048ef7faf033fd6e5448453864a9c29b94ea2944f572a4,2026-09-06T17:29:46.908711+00:00,1,17.20521743199788,True,6.0,4.545366009124608e-08,2,0.486,NAA-GDP,0.012,2,50,,0,s2_p50_NAA-GDP_l2_r0,fcf8b4f93626e8cf9603afe70c3a614f6523366181d2f4df2620ee6efbb41bdb,3ea87f4a1b7b84a26ee106434a73c8c3b1666cf072e5654900cb743a0c6ff2ae,a12dcb1ba4e2a21b6a4474c284e3079c1b8e06dc282072a6d2d3a684bd02794b,1a980269c1778978c64462bf76cf00949cd95e29e33d5066107809299e5dec35,p50,celeba-three-workers-v1,
0.8727030439051761,,,16.176699643001484,988babfb79a4be0620cf47d259d4da35f8fc07573e92f83a2e388003c17759ba,0.8719035768635868,b743fe7228434906b9048ef7faf033fd6e5448453864a9c29b94ea2944f572a4,2026-09-06T17:30:24.583546+00:00,1,20.25521437399948,True,6.0,4.594277928623792e-08,2,0.476,NAA-GDP,0.012,2,50,,1,s2_p50_NAA-GDP_l2_r1,fcf8b4f93626e8cf9603afe70c3a614f6523366181d2f4df2620ee6efbb41bdb,3ea87f4a1b7b84a26ee106434a73c8c3b1666cf072e5654900cb743a0c6ff2ae,a12dcb1ba4e2a21b6a4474c284e3079c1b8e06dc282072a6d2d3a684bd02794b,1a980269c1778978c64462bf76cf00949cd95e29e33d5066107809299e5dec35,p50,celeba-three-workers-v1,
0.8713003226258942,,,16.158629175999522,988babfb79a4be0620cf47d259d4da35f8fc07573e92f83a2e388003c17759ba,0.8718289119803666,b743fe7228434906b9048ef7faf033fd6e5448453864a9c29b94ea2944f572a4,2026-09-06T17:30:57.046226+00:00,1,15.048420828999951,True,6.0,4.570153354411423e-08,2,0.491,NAA-GDP,0.012,2,50,,2,s2_p50_NAA-GDP_l2_r2,fcf8b4f93626e8cf9603afe70c3a614f6523366181d2f4df2620ee6efbb41bdb,3ea87f4a1b7b84a26ee106434a73c8c3b1666cf072e5654900cb743a0c6ff2ae,a12dcb1ba4e2a21b6a4474c284e3079c1b8e06dc282072a6d2d3a684bd02794b,1a980269c1778978c64462bf76cf00949cd95e29e33d5066107809299e5dec35,p50,celeba-three-workers-v1,
0.8738953569925656,,,16.17663524999807,988babfb79a4be0620cf47d259d4da35f8fc07573e92f83a2e388003c17759ba,0.8729569919831388,b743fe7228434906b9048ef7faf033fd6e5448453864a9c29b94ea2944f572a4,2026-09-06T17:31:31.066154+00:00,1,16.61036229900128,True,6.0,4.5645037743265023e-08,2,0.485,NAA-GDP,0.012,2,50,,3,s2_p50_NAA-GDP_l2_r3,fcf8b4f93626e8cf9603afe70c3a614f6523366181d2f4df2620ee6efbb41bdb,3ea87f4a1b7b84a26ee106434a73c8c3b1666cf072e5654900cb743a0c6ff2ae,a12dcb1ba4e2a21b6a4474c284e3079c1b8e06dc282072a6d2d3a684bd02794b,1a980269c1778978c64462bf76cf00949cd95e29e33d5066107809299e5dec35,p50,celeba-three-workers-v1,
0.8697573292186842,,,19.59156793999864,988babfb79a4be0620cf47d259d4da35f8fc07573e92f83a2e388003c17759ba,0.8684567976278867,b743fe7228434906b9048ef7faf033fd6e5448453864a9c29b94ea2944f572a4,2026-09-06T17:32:09.311156+00:00,1,17.394985513001302,True,8.0,7.031704972854249e-08,3,0.327,NAA-GDP,0.018,2,50,,0,s2_p50_NAA-GDP_l3_r0,fcf8b4f93626e8cf9603afe70c3a614f6523366181d2f4df2620ee6efbb41bdb,3ea87f4a1b7b84a26ee106434a73c8c3b1666cf072e5654900cb743a0c6ff2ae,a12dcb1ba4e2a21b6a4474c284e3079c1b8e06dc282072a6d2d3a684bd02794b,1a980269c1778978c64462bf76cf00949cd95e29e33d5066107809299e5dec35,p50,celeba-three-workers-v1,
0.8738252209286015,,,19.560568011002033,988babfb79a4be0620cf47d259d4da35f8fc07573e92f83a2e388003c17759ba,0.8724262704471211,b743fe7228434906b9048ef7faf033fd6e5448453864a9c29b94ea2944f572a4,2026-09-06T17:32:43.452137+00:00,1,13.344924457000161,True,8.0,6.970741352143841e-08,3,0.283,NAA-GDP,0.018,2,50,,1,s2_p50_NAA-GDP_l3_r1,fcf8b4f93626e8cf9603afe70c3a614f6523366181d2f4df2620ee6efbb41bdb,3ea87f4a1b7b84a26ee106434a73c8c3b1666cf072e5654900cb743a0c6ff2ae,a12dcb1ba4e2a21b6a4474c284e3079c1b8e06dc282072a6d2d3a684bd02794b,1a980269c1778978c64462bf76cf00949cd95e29e33d5066107809299e5dec35,p50,celeba-three-workers-v1,
0.8663206620844438,,,19.586310179001885,988babfb79a4be0620cf47d259d4da35f8fc07573e92f83a2e388003c17759ba,0.8657423548133958,b743fe7228434906b9048ef7faf033fd6e5448453864a9c29b94ea2944f572a4,2026-09-06T17:33:17.633152+00:00,1,13.326961532002315,True,8.0,6.998092492200043e-08,3,0.336,NAA-GDP,0.018,2,50,,2,s2_p50_NAA-GDP_l3_r2,fcf8b4f93626e8cf9603afe70c3a614f6523366181d2f4df2620ee6efbb41bdb,3ea87f4a1b7b84a26ee106434a73c8c3b1666cf072e5654900cb743a0c6ff2ae,a12dcb1ba4e2a21b6a4474c284e3079c1b8e06dc282072a6d2d3a684bd02794b,1a980269c1778978c64462bf76cf00949cd95e29e33d5066107809299e5dec35,p50,celeba-three-workers-v1,
0.8717211390096787,,,19.59562010999798,988babfb79a4be0620cf47d259d4da35f8fc07573e92f83a2e388003c17759ba,0.8707086826256057,b743fe7228434906b9048ef7faf033fd6e5448453864a9c29b94ea2944f572a4,2026-09-06T17:33:56.407473+00:00,1,17.944019900998683,True,8.0,6.98340845460432e-08,3,0.315,NAA-GDP,0.018,2,50,,3,s2_p50_NAA-GDP_l3_r3,fcf8b4f93626e8cf9603afe70c3a614f6523366181d2f4df2620ee6efbb41bdb,3ea87f4a1b7b84a26ee106434a73c8c3b1666cf072e5654900cb743a0c6ff2ae,a12dcb1ba4e2a21b6a4474c284e3079c1b8e06dc282072a6d2d3a684bd02794b,1a980269c1778978c64462bf76cf00949cd95e29e33d5066107809299e5dec35,p50,celeba-three-workers-v1,
0.857202973769112,,,24.941890060999867,988babfb79a4be0620cf47d259d4da35f8fc07573e92f83a2e388003c17759ba,0.8574851870486333,b743fe7228434906b9048ef7faf033fd6e5448453864a9c29b94ea2944f572a4,2026-09-06T17:34:43.827189+00:00,1,21.23506603200076,True,11.0,4.8540249135255716e-08,4,0.251,NAA-GDP,0.024,2,50,,0,s2_p50_NAA-GDP_l4_r0,fcf8b4f93626e8cf9603afe70c3a614f6523366181d2f4df2620ee6efbb41bdb,3ea87f4a1b7b84a26ee106434a73c8c3b1666cf072e5654900cb743a0c6ff2ae,a12dcb1ba4e2a21b6a4474c284e3079c1b8e06dc282072a6d2d3a684bd02794b,1a980269c1778978c64462bf76cf00949cd95e29e33d5066107809299e5dec35,p50,celeba-three-workers-v1,
0.8630242670781316,,,24.94150708199959,988babfb79a4be0620cf47d259d4da35f8fc07573e92f83a2e388003c17759ba,0.8618631989221621,b743fe7228434906b9048ef7faf033fd6e5448453864a9c29b94ea2944f572a4,2026-09-06T17:35:25.719662+00:00,1,15.708310035999602,True,11.0,4.915437724224726e-08,4,0.268,NAA-GDP,0.024,2,50,,1,s2_p50_NAA-GDP_l4_r1,fcf8b4f93626e8cf9603afe70c3a614f6523366181d2f4df2620ee6efbb41bdb,3ea87f4a1b7b84a26ee106434a73c8c3b1666cf072e5654900cb743a0c6ff2ae,a12dcb1ba4e2a21b6a4474c284e3079c1b8e06dc282072a6d2d3a684bd02794b,1a980269c1778978c64462bf76cf00949cd95e29e33d5066107809299e5dec35,p50,celeba-three-workers-v1,
0.8623229064384906,,,24.922211015000357,988babfb79a4be0620cf47d259d4da35f8fc07573e92f83a2e388003c17759ba,0.8621459995550446,b743fe7228434906b9048ef7faf033fd6e5448453864a9c29b94ea2944f572a4,2026-09-06T17:36:12.139448+00:00,1,20.250383949001844,True,11.0,4.939108504662319e-08,4,0.255,NAA-GDP,0.024,2,50,,2,s2_p50_NAA-GDP_l4_r2,fcf8b4f93626e8cf9603afe70c3a614f6523366181d2f4df2620ee6efbb41bdb,3ea87f4a1b7b84a26ee106434a73c8c3b1666cf072e5654900cb743a0c6ff2ae,a12dcb1ba4e2a21b6a4474c284e3079c1b8e06dc282072a6d2d3a684bd02794b,1a980269c1778978c64462bf76cf00949cd95e29e33d5066107809299e5dec35,p50,celeba-three-workers-v1,
0.8607097769673165,,,24.924233067002206,988babfb79a4be0620cf47d259d4da35f8fc07573e92f83a2e388003c17759ba,0.8611736125792085,b743fe7228434906b9048ef7faf033fd6e5448453864a9c29b94ea2944f572a4,2026-09-06T17:36:51.551550+00:00,1,13.252362858998822,True,11.0,4.848258035318243e-08,4,0.286,NAA-GDP,0.024,2,50,,3,s2_p50_NAA-GDP_l4_r3,fcf8b4f93626e8cf9603afe70c3a614f6523366181d2f4df2620ee6efbb41bdb,3ea87f4a1b7b84a26ee106434a73c8c3b1666cf072e5654900cb743a0c6ff2ae,a12dcb1ba4e2a21b6a4474c284e3079c1b8e06dc282072a6d2d3a684bd02794b,1a980269c1778978c64462bf76cf00949cd95e29e33d5066107809299e5dec35,p50,celeba-three-workers-v1,
0.8515920886519849,,,32.07837786199889,988babfb79a4be0620cf47d259d4da35f8fc07573e92f83a2e388003c17759ba,0.8511828010879638,b743fe7228434906b9048ef7faf033fd6e5448453864a9c29b94ea2944f572a4,2026-09-06T17:37:40.390712+00:00,1,15.515158869002335,True,15.0,5.121808084996671e-08,5,0.249,NAA-GDP,0.03,2,50,,0,s2_p50_NAA-GDP_l5_r0,fcf8b4f93626e8cf9603afe70c3a614f6523366181d2f4df2620ee6efbb41bdb,3ea87f4a1b7b84a26ee106434a73c8c3b1666cf072e5654900cb743a0c6ff2ae,a12dcb1ba4e2a21b6a4474c284e3079c1b8e06dc282072a6d2d3a684bd02794b,1a980269c1778978c64462bf76cf00949cd95e29e33d5066107809299e5dec35,p50,celeba-three-workers-v1,
0.8546079394024407,,,31.993592830000125,988babfb79a4be0620cf47d259d4da35f8fc07573e92f83a2e388003c17759ba,0.8539290208039414,b743fe7228434906b9048ef7faf033fd6e5448453864a9c29b94ea2944f572a4,2026-09-06T17:38:26.872768+00:00,1,13.25201730900153,True,15.0,5.203320975789643e-08,5,0.212,NAA-GDP,0.03,2,50,,1,s2_p50_NAA-GDP_l5_r1,fcf8b4f93626e8cf9603afe70c3a614f6523366181d2f4df2620ee6efbb41bdb,3ea87f4a1b7b84a26ee106434a73c8c3b1666cf072e5654900cb743a0c6ff2ae,a12dcb1ba4e2a21b6a4474c284e3079c1b8e06dc282072a6d2d3a684bd02794b,1a980269c1778978c64462bf76cf00949cd95e29e33d5066107809299e5dec35,p50,celeba-three-workers-v1,
0.8544676672745125,,,31.996140212999308,988babfb79a4be0620cf47d259d4da35f8fc07573e92f83a2e388003c17759ba,0.8535817207442351,b743fe7228434906b9048ef7faf033fd6e5448453864a9c29b94ea2944f572a4,2026-09-06T17:39:21.100118+00:00,1,20.99346922300174,True,15.0,5.1238108150748115e-08,5,0.233,NAA-GDP,0.03,2,50,,2,s2_p50_NAA-GDP_l5_r2,fcf8b4f93626e8cf9603afe70c3a614f6523366181d2f4df2620ee6efbb41bdb,3ea87f4a1b7b84a26ee106434a73c8c3b1666cf072e5654900cb743a0c6ff2ae,a12dcb1ba4e2a21b6a4474c284e3079c1b8e06dc282072a6d2d3a684bd02794b,1a980269c1778978c64462bf76cf00949cd95e29e33d5066107809299e5dec35,p50,celeba-three-workers-v1,
0.857974470472717,,,31.987168071998894,988babfb79a4be0620cf47d259d4da35f8fc07573e92f83a2e388003c17759ba,0.8573637236350466,b743fe7228434906b9048ef7faf033fd6e5448453864a9c29b94ea2944f572a4,2026-09-06T17:40:07.600181+00:00,1,13.267588328002603,True,15.0,5.0634707315327753e-08,5,0.222,NAA-GDP,0.03,2,50,,3,s2_p50_NAA-GDP_l5_r3,fcf8b4f93626e8cf9603afe70c3a614f6523366181d2f4df2620ee6efbb41bdb,3ea87f4a1b7b84a26ee106434a73c8c3b1666cf072e5654900cb743a0c6ff2ae,a12dcb1ba4e2a21b6a4474c284e3079c1b8e06dc282072a6d2d3a684bd02794b,1a980269c1778978c64462bf76cf00949cd95e29e33d5066107809299e5dec35,p50,celeba-three-workers-v1,
0.8451395707672885,,,42.68065459499849,988babfb79a4be0620cf47d259d4da35f8fc07573e92f83a2e388003c17759ba,0.8443480288992893,b743fe7228434906b9048ef7faf033fd6e5448453864a9c29b94ea2944f572a4,2026-09-06T17:41:12.390090+00:00,1,20.877887747003115,True,21.0,7.885300395499879e-08,6,0.148,NAA-GDP,0.036,2,50,,0,s2_p50_NAA-GDP_l6_r0,fcf8b4f93626e8cf9603afe70c3a614f6523366181d2f4df2620ee6efbb41bdb,3ea87f4a1b7b84a26ee106434a73c8c3b1666cf072e5654900cb743a0c6ff2ae,a12dcb1ba4e2a21b6a4474c284e3079c1b8e06dc282072a6d2d3a684bd02794b,1a980269c1778978c64462bf76cf00949cd95e29e33d5066107809299e5dec35,p50,celeba-three-workers-v1,
0.8472436526862113,,,42.720471553002426,988babfb79a4be0620cf47d259d4da35f8fc07573e92f83a2e388003c17759ba,0.8458144353854335,b743fe7228434906b9048ef7faf033fd6e5448453864a9c29b94ea2944f572a4,2026-09-06T17:42:14.203923+00:00,1,17.851109702998656,True,21.0,7.897814756341516e-08,6,0.214,NAA-GDP,0.036,2,50,,1,s2_p50_NAA-GDP_l6_r1,fcf8b4f93626e8cf9603afe70c3a614f6523366181d2f4df2620ee6efbb41bdb,3ea87f4a1b7b84a26ee106434a73c8c3b1666cf072e5654900cb743a0c6ff2ae,a12dcb1ba4e2a21b6a4474c284e3079c1b8e06dc282072a6d2d3a684bd02794b,1a980269c1778978c64462bf76cf00949cd95e29e33d5066107809299e5dec35,p50,celeba-three-workers-v1,
0.8374246037312386,,,42.69166290499925,988babfb79a4be0620cf47d259d4da35f8fc07573e92f83a2e388003c17759ba,0.8379237953653438,b743fe7228434906b9048ef7faf033fd6e5448453864a9c29b94ea2944f572a4,2026-09-06T17:43:11.470045+00:00,1,13.334838389997458,True,21.0,7.555222619703077e-08,6,0.178,NAA-GDP,0.036,2,50,,2,s2_p50_NAA-GDP_l6_r2,fcf8b4f93626e8cf9603afe70c3a614f6523366181d2f4df2620ee6efbb41bdb,3ea87f4a1b7b84a26ee106434a73c8c3b1666cf072e5654900cb743a0c6ff2ae,a12dcb1ba4e2a21b6a4474c284e3079c1b8e06dc282072a6d2d3a684bd02794b,1a980269c1778978c64462bf76cf00949cd95e29e33d5066107809299e5dec35,p50,celeba-three-workers-v1,
0.8496984149249545,,,42.71691758099769,988babfb79a4be0620cf47d259d4da35f8fc07573e92f83a2e388003c17759ba,0.8485258640239002,b743fe7228434906b9048ef7faf033fd6e5448453864a9c29b94ea2944f572a4,2026-09-06T17:44:11.082241+00:00,1,15.6475741380018,True,21.0,7.995957387904577e-08,6,0.206,NAA-GDP,0.036,2,50,,3,s2_p50_NAA-GDP_l6_r3,fcf8b4f93626e8cf9603afe70c3a614f6523366181d2f4df2620ee6efbb41bdb,3ea87f4a1b7b84a26ee106434a73c8c3b1666cf072e5654900cb743a0c6ff2ae,a12dcb1ba4e2a21b6a4474c284e3079c1b8e06dc282072a6d2d3a684bd02794b,1a980269c1778978c64462bf76cf00949cd95e29e33d5066107809299e5dec35,p50,celeba-three-workers-v1,
0.8398092299060177,,,71.6597913149999,988babfb79a4be0620cf47d259d4da35f8fc07573e92f83a2e388003c17759ba,0.8391096273747545,b743fe7228434906b9048ef7faf033fd6e5448453864a9c29b94ea2944f572a4,2026-09-06T17:45:44.803425+00:00,1,20.829988827998022,True,37.0,7.479270356653393e-08,7,0.178,NAA-GDP,0.042,2,50,,0,s2_p50_NAA-GDP_l7_r0,fcf8b4f93626e8cf9603afe70c3a614f6523366181d2f4df2620ee6efbb41bdb,3ea87f4a1b7b84a26ee106434a73c8c3b1666cf072e5654900cb743a0c6ff2ae,a12dcb1ba4e2a21b6a4474c284e3079c1b8e06dc282072a6d2d3a684bd02794b,1a980269c1778978c64462bf76cf00949cd95e29e33d5066107809299e5dec35,p50,celeba-three-workers-v1,
0.8395988217141254,,,73.64275863999865,988babfb79a4be0620cf47d259d4da35f8fc07573e92f83a2e388003c17759ba,0.8387290433255494,b743fe7228434906b9048ef7faf033fd6e5448453864a9c29b94ea2944f572a4,2026-09-06T17:47:20.315136+00:00,1,20.620826059999672,True,38.0,8.867040276869582e-08,7,0.163,NAA-GDP,0.042,2,50,,1,s2_p50_NAA-GDP_l7_r1,fcf8b4f93626e8cf9603afe70c3a614f6523366181d2f4df2620ee6efbb41bdb,3ea87f4a1b7b84a26ee106434a73c8c3b1666cf072e5654900cb743a0c6ff2ae,a12dcb1ba4e2a21b6a4474c284e3079c1b8e06dc282072a6d2d3a684bd02794b,1a980269c1778978c64462bf76cf00949cd95e29e33d5066107809299e5dec35,p50,celeba-three-workers-v1,
0.837775284051059,,,73.63223921500321,988babfb79a4be0620cf47d259d4da35f8fc07573e92f83a2e388003c17759ba,0.8369771372384486,b743fe7228434906b9048ef7faf033fd6e5448453864a9c29b94ea2944f572a4,2026-09-06T17:48:56.235719+00:00,1,21.03687910499866,True,38.0,7.646380958264185e-08,7,0.182,NAA-GDP,0.042,2,50,,2,s2_p50_NAA-GDP_l7_r2,fcf8b4f93626e8cf9603afe70c3a614f6523366181d2f4df2620ee6efbb41bdb,3ea87f4a1b7b84a26ee106434a73c8c3b1666cf072e5654900cb743a0c6ff2ae,a12dcb1ba4e2a21b6a4474c284e3079c1b8e06dc282072a6d2d3a684bd02794b,1a980269c1778978c64462bf76cf00949cd95e29e33d5066107809299e5dec35,p50,celeba-three-workers-v1,
0.8367232430915977,,,79.06738854799914,988babfb79a4be0620cf47d259d4da35f8fc07573e92f83a2e388003c17759ba,0.8356997077687393,b743fe7228434906b9048ef7faf033fd6e5448453864a9c29b94ea2944f572a4,2026-09-06T17:50:39.127972+00:00,1,22.588877563997812,True,41.0,8.511340183448009e-08,7,0.193,NAA-GDP,0.042,2,50,,3,s2_p50_NAA-GDP_l7_r3,fcf8b4f93626e8cf9603afe70c3a614f6523366181d2f4df2620ee6efbb41bdb,3ea87f4a1b7b84a26ee106434a73c8c3b1666cf072e5654900cb743a0c6ff2ae,a12dcb1ba4e2a21b6a4474c284e3079c1b8e06dc282072a6d2d3a684bd02794b,1a980269c1778978c64462bf76cf00949cd95e29e33d5066107809299e5dec35,p50,celeba-three-workers-v1,
0.8266937859447328,,,918.2328560980022,988babfb79a4be0620cf47d259d4da35f8fc07573e92f83a2e388003c17759ba,0.826088849910799,b743fe7228434906b9048ef7faf033fd6e5448453864a9c29b94ea2944f572a4,2026-09-06T18:06:19.612293+00:00,1,21.010214849000477,False,500.0,2.542023088264641e-06,8,0.154,NAA-GDP,0.048,2,50,,0,s2_p50_NAA-GDP_l8_r0,fcf8b4f93626e8cf9603afe70c3a614f6523366181d2f4df2620ee6efbb41bdb,3ea87f4a1b7b84a26ee106434a73c8c3b1666cf072e5654900cb743a0c6ff2ae,a12dcb1ba4e2a21b6a4474c284e3079c1b8e06dc282072a6d2d3a684bd02794b,1a980269c1778978c64462bf76cf00949cd95e29e33d5066107809299e5dec35,p50,celeba-three-workers-v1,
0.8300603170150092,,,918.364897186002,988babfb79a4be0620cf47d259d4da35f8fc07573e92f83a2e388003c17759ba,0.8291295428040675,b743fe7228434906b9048ef7faf033fd6e5448453864a9c29b94ea2944f572a4,2026-09-06T18:22:00.235929+00:00,1,21.015841423002712,False,500.0,1.3525614911114405e-05,8,0.125,NAA-GDP,0.048,2,50,,1,s2_p50_NAA-GDP_l8_r1,fcf8b4f93626e8cf9603afe70c3a614f6523366181d2f4df2620ee6efbb41bdb,3ea87f4a1b7b84a26ee106434a73c8c3b1666cf072e5654900cb743a0c6ff2ae,a12dcb1ba4e2a21b6a4474c284e3079c1b8e06dc282072a6d2d3a684bd02794b,1a980269c1778978c64462bf76cf00949cd95e29e33d5066107809299e5dec35,p50,celeba-three-workers-v1,
0.8243091597699537,,,917.2106918130012,988babfb79a4be0620cf47d259d4da35f8fc07573e92f83a2e388003c17759ba,0.8236471112245334,b743fe7228434906b9048ef7faf033fd6e5448453864a9c29b94ea2944f572a4,2026-09-06T18:37:42.284575+00:00,1,23.602376853999885,False,500.0,3.2212224449281456e-05,8,0.157,NAA-GDP,0.048,2,50,,2,s2_p50_NAA-GDP_l8_r2,fcf8b4f93626e8cf9603afe70c3a614f6523366181d2f4df2620ee6efbb41bdb,3ea87f4a1b7b84a26ee106434a73c8c3b1666cf072e5654900cb743a0c6ff2ae,a12dcb1ba4e2a21b6a4474c284e3079c1b8e06dc282072a6d2d3a684bd02794b,1a980269c1778978c64462bf76cf00949cd95e29e33d5066107809299e5dec35,p50,celeba-three-workers-v1,
0.8319539907420396,,,917.6206480000001,988babfb79a4be0620cf47d259d4da35f8fc07573e92f83a2e388003c17759ba,0.8312693418247203,b743fe7228434906b9048ef7faf033fd6e5448453864a9c29b94ea2944f572a4,2026-09-06T18:53:25.249771+00:00,1,24.105429849998472,False,500.0,7.668534562742415e-07,8,0.131,NAA-GDP,0.048,2,50,,3,s2_p50_NAA-GDP_l8_r3,fcf8b4f93626e8cf9603afe70c3a614f6523366181d2f4df2620ee6efbb41bdb,3ea87f4a1b7b84a26ee106434a73c8c3b1666cf072e5654900cb743a0c6ff2ae,a12dcb1ba4e2a21b6a4474c284e3079c1b8e06dc282072a6d2d3a684bd02794b,1a980269c1778978c64462bf76cf00949cd95e29e33d5066107809299e5dec35,p50,celeba-three-workers-v1,
0.8165941927339038,,,916.0296504489997,988babfb79a4be0620cf47d259d4da35f8fc07573e92f83a2e388003c17759ba,0.8154005817280925,b743fe7228434906b9048ef7faf033fd6e5448453864a9c29b94ea2944f572a4,2026-09-06T19:09:08.452315+00:00,1,25.93288582799869,False,500.0,0.009715184496522485,9,0.129,NAA-GDP,0.054,2,50,,0,s2_p50_NAA-GDP_l9_r0,fcf8b4f93626e8cf9603afe70c3a614f6523366181d2f4df2620ee6efbb41bdb,3ea87f4a1b7b84a26ee106434a73c8c3b1666cf072e5654900cb743a0c6ff2ae,a12dcb1ba4e2a21b6a4474c284e3079c1b8e06dc282072a6d2d3a684bd02794b,1a980269c1778978c64462bf76cf00949cd95e29e33d5066107809299e5dec35,p50,celeba-three-workers-v1,
0.8172254173095805,,,915.987469189,988babfb79a4be0620cf47d259d4da35f8fc07573e92f83a2e388003c17759ba,0.8173303537513814,b743fe7228434906b9048ef7faf033fd6e5448453864a9c29b94ea2944f572a4,2026-09-06T19:24:46.508287+00:00,1,20.82388170700142,False,500.0,0.011172260744764035,9,0.111,NAA-GDP,0.054,2,50,,1,s2_p50_NAA-GDP_l9_r1,fcf8b4f93626e8cf9603afe70c3a614f6523366181d2f4df2620ee6efbb41bdb,3ea87f4a1b7b84a26ee106434a73c8c3b1666cf072e5654900cb743a0c6ff2ae,a12dcb1ba4e2a21b6a4474c284e3079c1b8e06dc282072a6d2d3a684bd02794b,1a980269c1778978c64462bf76cf00949cd95e29e33d5066107809299e5dec35,p50,celeba-three-workers-v1,
0.8181371861411137,,,916.2899039450022,988babfb79a4be0620cf47d259d4da35f8fc07573e92f83a2e388003c17759ba,0.818078253565135,b743fe7228434906b9048ef7faf033fd6e5448453864a9c29b94ea2944f572a4,2026-09-06T19:40:23.311547+00:00,1,19.27940431800016,False,500.0,0.013222629949904873,9,0.149,NAA-GDP,0.054,2,50,,2,s2_p50_NAA-GDP_l9_r2,fcf8b4f93626e8cf9603afe70c3a614f6523366181d2f4df2620ee6efbb41bdb,3ea87f4a1b7b84a26ee106434a73c8c3b1666cf072e5654900cb743a0c6ff2ae,a12dcb1ba4e2a21b6a4474c284e3079c1b8e06dc282072a6d2d3a684bd02794b,1a980269c1778978c64462bf76cf00949cd95e29e33d5066107809299e5dec35,p50,celeba-three-workers-v1,
0.8232571188104923,,,915.9313160150014,988babfb79a4be0620cf47d259d4da35f8fc07573e92f83a2e388003c17759ba,0.8218968698294199,b743fe7228434906b9048ef7faf033fd6e5448453864a9c29b94ea2944f572a4,2026-09-06T19:56:00.035660+00:00,1,19.56106774899672,False,500.0,0.004258771058754054,9,0.135,NAA-GDP,0.054,2,50,,3,s2_p50_NAA-GDP_l9_r3,fcf8b4f93626e8cf9603afe70c3a614f6523366181d2f4df2620ee6efbb41bdb,3ea87f4a1b7b84a26ee106434a73c8c3b1666cf072e5654900cb743a0c6ff2ae,a12dcb1ba4e2a21b6a4474c284e3079c1b8e06dc282072a6d2d3a684bd02794b,1a980269c1778978c64462bf76cf00949cd95e29e33d5066107809299e5dec35,p50,celeba-three-workers-v1,
0.8095104502735306,,,916.6310652920001,988babfb79a4be0620cf47d259d4da35f8fc07573e92f83a2e388003c17759ba,0.8081234250314632,b743fe7228434906b9048ef7faf033fd6e5448453864a9c29b94ea2944f572a4,2026-09-06T20:11:41.927466+00:00,1,24.02162041599513,False,500.0,0.028134650310817043,10,0.114,NAA-GDP,0.06,2,50,,0,s2_p50_NAA-GDP_l10_r0,fcf8b4f93626e8cf9603afe70c3a614f6523366181d2f4df2620ee6efbb41bdb,3ea87f4a1b7b84a26ee106434a73c8c3b1666cf072e5654900cb743a0c6ff2ae,a12dcb1ba4e2a21b6a4474c284e3079c1b8e06dc282072a6d2d3a684bd02794b,1a980269c1778978c64462bf76cf00949cd95e29e33d5066107809299e5dec35,p50,celeba-three-workers-v1,
0.8122457567681302,,,916.6033381259986,988babfb79a4be0620cf47d259d4da35f8fc07573e92f83a2e388003c17759ba,0.8106429314292094,b743fe7228434906b9048ef7faf033fd6e5448453864a9c29b94ea2944f572a4,2026-09-06T20:27:20.481326+00:00,1,20.69703391299845,False,500.0,0.025703154464724817,10,0.105,NAA-GDP,0.06,2,50,,1,s2_p50_NAA-GDP_l10_r1,fcf8b4f93626e8cf9603afe70c3a614f6523366181d2f4df2620ee6efbb41bdb,3ea87f4a1b7b84a26ee106434a73c8c3b1666cf072e5654900cb743a0c6ff2ae,a12dcb1ba4e2a21b6a4474c284e3079c1b8e06dc282072a6d2d3a684bd02794b,1a980269c1778978c64462bf76cf00949cd95e29e33d5066107809299e5dec35,p50,celeba-three-workers-v1,
0.8078271847383924,,,916.8336912449959,988babfb79a4be0620cf47d259d4da35f8fc07573e92f83a2e388003c17759ba,0.8066203165196093,b743fe7228434906b9048ef7faf033fd6e5448453864a9c29b94ea2944f572a4,2026-09-06T20:43:05.643447+00:00,1,27.096532821997243,False,500.0,0.032550105026758876,10,0.098,NAA-GDP,0.06,2,50,,2,s2_p50_NAA-GDP_l10_r2,fcf8b4f93626e8cf9603afe70c3a614f6523366181d2f4df2620ee6efbb41bdb,3ea87f4a1b7b84a26ee106434a73c8c3b1666cf072e5654900cb743a0c6ff2ae,a12dcb1ba4e2a21b6a4474c284e3079c1b8e06dc282072a6d2d3a684bd02794b,1a980269c1778978c64462bf76cf00949cd95e29e33d5066107809299e5dec35,p50,celeba-three-workers-v1,
0.813718614111376,,,916.7871117409959,988babfb79a4be0620cf47d259d4da35f8fc07573e92f83a2e388003c17759ba,0.8123416954259446,b743fe7228434906b9048ef7faf033fd6e5448453864a9c29b94ea2944f572a4,2026-09-06T20:58:44.500755+00:00,1,20.838586290999956,False,500.0,0.024388073180087823,10,0.115,NAA-GDP,0.06,2,50,,3,s2_p50_NAA-GDP_l10_r3,fcf8b4f93626e8cf9603afe70c3a614f6523366181d2f4df2620ee6efbb41bdb,3ea87f4a1b7b84a26ee106434a73c8c3b1666cf072e5654900cb743a0c6ff2ae,a12dcb1ba4e2a21b6a4474c284e3079c1b8e06dc282072a6d2d3a684bd02794b,1a980269c1778978c64462bf76cf00949cd95e29e33d5066107809299e5dec35,p50,celeba-three-workers-v1,
0.846830985915493,2.0,,0.0,988babfb79a4be0620cf47d259d4da35f8fc07573e92f83a2e388003c17759ba,0.8482710651828298,caa86f237e43056408787c677572585176b7f771bfcba7cecd40feeb7dc79e4e,2026-09-06T20:59:15.489928+00:00,0,0.7639750870002899,,,,0,,Local-only,0.0,3,2,,0,s3_p2_Local-only_l0_r0,fcf8b4f93626e8cf9603afe70c3a614f6523366181d2f4df2620ee6efbb41bdb,3ea87f4a1b7b84a26ee106434a73c8c3b1666cf072e5654900cb743a0c6ff2ae,a12dcb1ba4e2a21b6a4474c284e3079c1b8e06dc282072a6d2d3a684bd02794b,1a980269c1778978c64462bf76cf00949cd95e29e33d5066107809299e5dec35,p50,celeba-three-workers-v1,
0.8443661971830986,5.0,,0.0,988babfb79a4be0620cf47d259d4da35f8fc07573e92f83a2e388003c17759ba,0.8453696343402226,caa86f237e43056408787c677572585176b7f771bfcba7cecd40feeb7dc79e4e,2026-09-06T20:59:15.529220+00:00,0,2.0846779989951756,,,,0,,Local-only,0.0,3,5,,0,s3_p5_Local-only_l0_r0,fcf8b4f93626e8cf9603afe70c3a614f6523366181d2f4df2620ee6efbb41bdb,3ea87f4a1b7b84a26ee106434a73c8c3b1666cf072e5654900cb743a0c6ff2ae,a12dcb1ba4e2a21b6a4474c284e3079c1b8e06dc282072a6d2d3a684bd02794b,1a980269c1778978c64462bf76cf00949cd95e29e33d5066107809299e5dec35,p50,celeba-three-workers-v1,
0.8436619718309859,10.0,,0.0,988babfb79a4be0620cf47d259d4da35f8fc07573e92f83a2e388003c17759ba,0.84439586645469,caa86f237e43056408787c677572585176b7f771bfcba7cecd40feeb7dc79e4e,2026-09-06T20:59:15.553550+00:00,0,4.181154203979531,,,,0,,Local-only,0.0,3,10,,0,s3_p10_Local-only_l0_r0,fcf8b4f93626e8cf9603afe70c3a614f6523366181d2f4df2620ee6efbb41bdb,3ea87f4a1b7b84a26ee106434a73c8c3b1666cf072e5654900cb743a0c6ff2ae,a12dcb1ba4e2a21b6a4474c284e3079c1b8e06dc282072a6d2d3a684bd02794b,1a980269c1778978c64462bf76cf00949cd95e29e33d5066107809299e5dec35,p50,celeba-three-workers-v1,
0.8366197183098592,20.0,,0.0,988babfb79a4be0620cf47d259d4da35f8fc07573e92f83a2e388003c17759ba,0.8361173499778183,caa86f237e43056408787c677572585176b7f771bfcba7cecd40feeb7dc79e4e,2026-09-06T20:59:15.577781+00:00,0,8.072047377980198,,,,0,,Local-only,0.0,3,20,,0,s3_p20_Local-only_l0_r0,fcf8b4f93626e8cf9603afe70c3a614f6523366181d2f4df2620ee6efbb41bdb,3ea87f4a1b7b84a26ee106434a73c8c3b1666cf072e5654900cb743a0c6ff2ae,a12dcb1ba4e2a21b6a4474c284e3079c1b8e06dc282072a6d2d3a684bd02794b,1a980269c1778978c64462bf76cf00949cd95e29e33d5066107809299e5dec35,p50,celeba-three-workers-v1,
0.838943661971831,50.0,,0.0,988babfb79a4be0620cf47d259d4da35f8fc07573e92f83a2e388003c17759ba,0.8386701995562916,caa86f237e43056408787c677572585176b7f771bfcba7cecd40feeb7dc79e4e,2026-09-06T20:59:15.615463+00:00,0,20.47146284095652,,,,0,,Local-only,0.0,3,50,,0,s3_p50_Local-only_l0_r0,fcf8b4f93626e8cf9603afe70c3a614f6523366181d2f4df2620ee6efbb41bdb,3ea87f4a1b7b84a26ee106434a73c8c3b1666cf072e5654900cb743a0c6ff2ae,a12dcb1ba4e2a21b6a4474c284e3079c1b8e06dc282072a6d2d3a684bd02794b,1a980269c1778978c64462bf76cf00949cd95e29e33d5066107809299e5dec35,p50,celeba-three-workers-v1,
0.8919014084507042,,,0.0,988babfb79a4be0620cf47d259d4da35f8fc07573e92f83a2e388003c17759ba,0.8908295712288936,caa86f237e43056408787c677572585176b7f771bfcba7cecd40feeb7dc79e4e,2026-09-06T20:59:43.020216+00:00,1,27.265299148995837,,,,0,0.754,C-GDP,0.0,3,50,,0,s3_p50_C-GDP_l0_r0,fcf8b4f93626e8cf9603afe70c3a614f6523366181d2f4df2620ee6efbb41bdb,3ea87f4a1b7b84a26ee106434a73c8c3b1666cf072e5654900cb743a0c6ff2ae,a12dcb1ba4e2a21b6a4474c284e3079c1b8e06dc282072a6d2d3a684bd02794b,1a980269c1778978c64462bf76cf00949cd95e29e33d5066107809299e5dec35,p50,celeba-three-workers-v1,
0.7903521126760563,,,0.0,988babfb79a4be0620cf47d259d4da35f8fc07573e92f83a2e388003c17759ba,0.7895213129437305,caa86f237e43056408787c677572585176b7f771bfcba7cecd40feeb7dc79e4e,2026-09-06T21:00:05.796835+00:00,1,22.620244790996367,,,,0,,I-GDP,0.0,3,50,,0,s3_p50_I-GDP_l0_r0,fcf8b4f93626e8cf9603afe70c3a614f6523366181d2f4df2620ee6efbb41bdb,3ea87f4a1b7b84a26ee106434a73c8c3b1666cf072e5654900cb743a0c6ff2ae,a12dcb1ba4e2a21b6a4474c284e3079c1b8e06dc282072a6d2d3a684bd02794b,1a980269c1778978c64462bf76cf00949cd95e29e33d5066107809299e5dec35,p50,celeba-three-workers-v1,
0.8907042253521127,,,0.0,988babfb79a4be0620cf47d259d4da35f8fc07573e92f83a2e388003c17759ba,0.8904300127155649,caa86f237e43056408787c677572585176b7f771bfcba7cecd40feeb7dc79e4e,2026-09-06T21:00:37.233571+00:00,1,30.969283970000106,,,,0,0.754,AA-GDP,0.0,3,50,,0,s3_p50_AA-GDP_l0_r0,fcf8b4f93626e8cf9603afe70c3a614f6523366181d2f4df2620ee6efbb41bdb,3ea87f4a1b7b84a26ee106434a73c8c3b1666cf072e5654900cb743a0c6ff2ae,a12dcb1ba4e2a21b6a4474c284e3079c1b8e06dc282072a6d2d3a684bd02794b,1a980269c1778978c64462bf76cf00949cd95e29e33d5066107809299e5dec35,p50,celeba-three-workers-v1,1.8165087489752096e-10
0.8845774647887324,,,12.841587834001984,988babfb79a4be0620cf47d259d4da35f8fc07573e92f83a2e388003c17759ba,0.8835104954829609,caa86f237e43056408787c677572585176b7f771bfcba7cecd40feeb7dc79e4e,2026-09-06T21:01:17.207424+00:00,1,25.863213769996946,True,4.0,8.548825588576042e-08,1,0.65,NAA-GDP,0.006,3,50,,0,s3_p50_NAA-GDP_l1_r0,fcf8b4f93626e8cf9603afe70c3a614f6523366181d2f4df2620ee6efbb41bdb,3ea87f4a1b7b84a26ee106434a73c8c3b1666cf072e5654900cb743a0c6ff2ae,a12dcb1ba4e2a21b6a4474c284e3079c1b8e06dc282072a6d2d3a684bd02794b,1a980269c1778978c64462bf76cf00949cd95e29e33d5066107809299e5dec35,p50,celeba-three-workers-v1,
0.8843661971830986,,,12.791251943002862,988babfb79a4be0620cf47d259d4da35f8fc07573e92f83a2e388003c17759ba,0.8841339927666724,caa86f237e43056408787c677572585176b7f771bfcba7cecd40feeb7dc79e4e,2026-09-06T21:01:50.844677+00:00,1,19.594898522998847,True,4.0,8.527863273763141e-08,1,0.601,NAA-GDP,0.006,3,50,,1,s3_p50_NAA-GDP_l1_r1,fcf8b4f93626e8cf9603afe70c3a614f6523366181d2f4df2620ee6efbb41bdb,3ea87f4a1b7b84a26ee106434a73c8c3b1666cf072e5654900cb743a0c6ff2ae,a12dcb1ba4e2a21b6a4474c284e3079c1b8e06dc282072a6d2d3a684bd02794b,1a980269c1778978c64462bf76cf00949cd95e29e33d5066107809299e5dec35,p50,celeba-three-workers-v1,
0.8842957746478873,,,12.786573976998625,988babfb79a4be0620cf47d259d4da35f8fc07573e92f83a2e388003c17759ba,0.8837831010426478,caa86f237e43056408787c677572585176b7f771bfcba7cecd40feeb7dc79e4e,2026-09-06T21:02:32.442807+00:00,1,27.53739098400547,True,4.0,8.538922133172806e-08,1,0.64,NAA-GDP,0.006,3,50,,2,s3_p50_NAA-GDP_l1_r2,fcf8b4f93626e8cf9603afe70c3a614f6523366181d2f4df2620ee6efbb41bdb,3ea87f4a1b7b84a26ee106434a73c8c3b1666cf072e5654900cb743a0c6ff2ae,a12dcb1ba4e2a21b6a4474c284e3079c1b8e06dc282072a6d2d3a684bd02794b,1a980269c1778978c64462bf76cf00949cd95e29e33d5066107809299e5dec35,p50,celeba-three-workers-v1,
0.8875352112676056,,,12.788948401001107,988babfb79a4be0620cf47d259d4da35f8fc07573e92f83a2e388003c17759ba,0.8869928039723387,caa86f237e43056408787c677572585176b7f771bfcba7cecd40feeb7dc79e4e,2026-09-06T21:03:05.851459+00:00,1,19.37251505399763,True,4.0,8.57663137541748e-08,1,0.617,NAA-GDP,0.006,3,50,,3,s3_p50_NAA-GDP_l1_r3,fcf8b4f93626e8cf9603afe70c3a614f6523366181d2f4df2620ee6efbb41bdb,3ea87f4a1b7b84a26ee106434a73c8c3b1666cf072e5654900cb743a0c6ff2ae,a12dcb1ba4e2a21b6a4474c284e3079c1b8e06dc282072a6d2d3a684bd02794b,1a980269c1778978c64462bf76cf00949cd95e29e33d5066107809299e5dec35,p50,celeba-three-workers-v1,
0.872887323943662,,,16.145818675002374,988babfb79a4be0620cf47d259d4da35f8fc07573e92f83a2e388003c17759ba,0.8732576608809491,caa86f237e43056408787c677572585176b7f771bfcba7cecd40feeb7dc79e4e,2026-09-06T21:03:45.079505+00:00,1,21.826913613003853,True,6.0,4.542430635746391e-08,2,0.435,NAA-GDP,0.012,3,50,,0,s3_p50_NAA-GDP_l2_r0,fcf8b4f93626e8cf9603afe70c3a614f6523366181d2f4df2620ee6efbb41bdb,3ea87f4a1b7b84a26ee106434a73c8c3b1666cf072e5654900cb743a0c6ff2ae,a12dcb1ba4e2a21b6a4474c284e3079c1b8e06dc282072a6d2d3a684bd02794b,1a980269c1778978c64462bf76cf00949cd95e29e33d5066107809299e5dec35,p50,celeba-three-workers-v1,
0.8765492957746479,,,16.149807904002955,988babfb79a4be0620cf47d259d4da35f8fc07573e92f83a2e388003c17759ba,0.875326605525626,caa86f237e43056408787c677572585176b7f771bfcba7cecd40feeb7dc79e4e,2026-09-06T21:04:19.355162+00:00,1,16.869212842997513,True,6.0,4.5675836136578834e-08,2,0.483,NAA-GDP,0.012,3,50,,1,s3_p50_NAA-GDP_l2_r1,fcf8b4f93626e8cf9603afe70c3a614f6523366181d2f4df2620ee6efbb41bdb,3ea87f4a1b7b84a26ee106434a73c8c3b1666cf072e5654900cb743a0c6ff2ae,a12dcb1ba4e2a21b6a4474c284e3079c1b8e06dc282072a6d2d3a684bd02794b,1a980269c1778978c64462bf76cf00949cd95e29e33d5066107809299e5dec35,p50,celeba-three-workers-v1,
0.8790140845070422,,,16.160939168003097,988babfb79a4be0620cf47d259d4da35f8fc07573e92f83a2e388003c17759ba,0.878813812489305,caa86f237e43056408787c677572585176b7f771bfcba7cecd40feeb7dc79e4e,2026-09-06T21:04:56.211175+00:00,1,19.45495007599675,True,6.0,4.572012309421225e-08,2,0.51,NAA-GDP,0.012,3,50,,2,s3_p50_NAA-GDP_l2_r2,fcf8b4f93626e8cf9603afe70c3a614f6523366181d2f4df2620ee6efbb41bdb,3ea87f4a1b7b84a26ee106434a73c8c3b1666cf072e5654900cb743a0c6ff2ae,a12dcb1ba4e2a21b6a4474c284e3079c1b8e06dc282072a6d2d3a684bd02794b,1a980269c1778978c64462bf76cf00949cd95e29e33d5066107809299e5dec35,p50,celeba-three-workers-v1,
0.8786619718309859,,,16.137238459996297,988babfb79a4be0620cf47d259d4da35f8fc07573e92f83a2e388003c17759ba,0.8779918723481046,caa86f237e43056408787c677572585176b7f771bfcba7cecd40feeb7dc79e4e,2026-09-06T21:05:31.469220+00:00,1,17.871536361002654,True,6.0,4.566320813392482e-08,2,0.436,NAA-GDP,0.012,3,50,,3,s3_p50_NAA-GDP_l2_r3,fcf8b4f93626e8cf9603afe70c3a614f6523366181d2f4df2620ee6efbb41bdb,3ea87f4a1b7b84a26ee106434a73c8c3b1666cf072e5654900cb743a0c6ff2ae,a12dcb1ba4e2a21b6a4474c284e3079c1b8e06dc282072a6d2d3a684bd02794b,1a980269c1778978c64462bf76cf00949cd95e29e33d5066107809299e5dec35,p50,celeba-three-workers-v1,
0.8690140845070422,,,19.612978730998293,988babfb79a4be0620cf47d259d4da35f8fc07573e92f83a2e388003c17759ba,0.8689497359106316,caa86f237e43056408787c677572585176b7f771bfcba7cecd40feeb7dc79e4e,2026-09-06T21:06:11.733499+00:00,1,19.400089408001804,True,8.0,7.063426759039951e-08,3,0.355,NAA-GDP,0.018,3,50,,0,s3_p50_NAA-GDP_l3_r0,fcf8b4f93626e8cf9603afe70c3a614f6523366181d2f4df2620ee6efbb41bdb,3ea87f4a1b7b84a26ee106434a73c8c3b1666cf072e5654900cb743a0c6ff2ae,a12dcb1ba4e2a21b6a4474c284e3079c1b8e06dc282072a6d2d3a684bd02794b,1a980269c1778978c64462bf76cf00949cd95e29e33d5066107809299e5dec35,p50,celeba-three-workers-v1,
0.8726056338028169,,,19.596897589995933,988babfb79a4be0620cf47d259d4da35f8fc07573e92f83a2e388003c17759ba,0.8724974136949935,caa86f237e43056408787c677572585176b7f771bfcba7cecd40feeb7dc79e4e,2026-09-06T21:06:50.534754+00:00,1,17.96447863100184,True,8.0,7.01461352008703e-08,3,0.348,NAA-GDP,0.018,3,50,,1,s3_p50_NAA-GDP_l3_r1,fcf8b4f93626e8cf9603afe70c3a614f6523366181d2f4df2620ee6efbb41bdb,3ea87f4a1b7b84a26ee106434a73c8c3b1666cf072e5654900cb743a0c6ff2ae,a12dcb1ba4e2a21b6a4474c284e3079c1b8e06dc282072a6d2d3a684bd02794b,1a980269c1778978c64462bf76cf00949cd95e29e33d5066107809299e5dec35,p50,celeba-three-workers-v1,
0.8728169014084507,,,19.610134196998843,988babfb79a4be0620cf47d259d4da35f8fc07573e92f83a2e388003c17759ba,0.8725231381371144,caa86f237e43056408787c677572585176b7f771bfcba7cecd40feeb7dc79e4e,2026-09-06T21:07:31.121480+00:00,1,19.721290762005083,True,8.0,6.94040614219014e-08,3,0.408,NAA-GDP,0.018,3,50,,2,s3_p50_NAA-GDP_l3_r2,fcf8b4f93626e8cf9603afe70c3a614f6523366181d2f4df2620ee6efbb41bdb,3ea87f4a1b7b84a26ee106434a73c8c3b1666cf072e5654900cb743a0c6ff2ae,a12dcb1ba4e2a21b6a4474c284e3079c1b8e06dc282072a6d2d3a684bd02794b,1a980269c1778978c64462bf76cf00949cd95e29e33d5066107809299e5dec35,p50,celeba-three-workers-v1,
0.8731690140845071,,,19.5833336029973,988babfb79a4be0620cf47d259d4da35f8fc07573e92f83a2e388003c17759ba,0.8726427384112779,caa86f237e43056408787c677572585176b7f771bfcba7cecd40feeb7dc79e4e,2026-09-06T21:08:19.504348+00:00,1,27.56030748199555,True,8.0,7.039014470650494e-08,3,0.33,NAA-GDP,0.018,3,50,,3,s3_p50_NAA-GDP_l3_r3,fcf8b4f93626e8cf9603afe70c3a614f6523366181d2f4df2620ee6efbb41bdb,3ea87f4a1b7b84a26ee106434a73c8c3b1666cf072e5654900cb743a0c6ff2ae,a12dcb1ba4e2a21b6a4474c284e3079c1b8e06dc282072a6d2d3a684bd02794b,1a980269c1778978c64462bf76cf00949cd95e29e33d5066107809299e5dec35,p50,celeba-three-workers-v1,
0.8632394366197184,,,24.92140706200007,988babfb79a4be0620cf47d259d4da35f8fc07573e92f83a2e388003c17759ba,0.8636253228745376,caa86f237e43056408787c677572585176b7f771bfcba7cecd40feeb7dc79e4e,2026-09-06T21:09:00.522231+00:00,1,14.849360295003862,True,11.0,4.829282474877136e-08,4,0.254,NAA-GDP,0.024,3,50,,0,s3_p50_NAA-GDP_l4_r0,fcf8b4f93626e8cf9603afe70c3a614f6523366181d2f4df2620ee6efbb41bdb,3ea87f4a1b7b84a26ee106434a73c8c3b1666cf072e5654900cb743a0c6ff2ae,a12dcb1ba4e2a21b6a4474c284e3079c1b8e06dc282072a6d2d3a684bd02794b,1a980269c1778978c64462bf76cf00949cd95e29e33d5066107809299e5dec35,p50,celeba-three-workers-v1,
0.8687323943661972,,,24.905812575998425,988babfb79a4be0620cf47d259d4da35f8fc07573e92f83a2e388003c17759ba,0.8682603129129486,caa86f237e43056408787c677572585176b7f771bfcba7cecd40feeb7dc79e4e,2026-09-06T21:09:43.772464+00:00,1,17.10378790800314,True,11.0,4.8750617976850426e-08,4,0.262,NAA-GDP,0.024,3,50,,1,s3_p50_NAA-GDP_l4_r1,fcf8b4f93626e8cf9603afe70c3a614f6523366181d2f4df2620ee6efbb41bdb,3ea87f4a1b7b84a26ee106434a73c8c3b1666cf072e5654900cb743a0c6ff2ae,a12dcb1ba4e2a21b6a4474c284e3079c1b8e06dc282072a6d2d3a684bd02794b,1a980269c1778978c64462bf76cf00949cd95e29e33d5066107809299e5dec35,p50,celeba-three-workers-v1,
0.8681690140845071,,,24.947264593,988babfb79a4be0620cf47d259d4da35f8fc07573e92f83a2e388003c17759ba,0.866415207678121,caa86f237e43056408787c677572585176b7f771bfcba7cecd40feeb7dc79e4e,2026-09-06T21:10:29.617886+00:00,1,19.623343334998935,True,11.0,4.8517876882304284e-08,4,0.33,NAA-GDP,0.024,3,50,,2,s3_p50_NAA-GDP_l4_r2,fcf8b4f93626e8cf9603afe70c3a614f6523366181d2f4df2620ee6efbb41bdb,3ea87f4a1b7b84a26ee106434a73c8c3b1666cf072e5654900cb743a0c6ff2ae,a12dcb1ba4e2a21b6a4474c284e3079c1b8e06dc282072a6d2d3a684bd02794b,1a980269c1778978c64462bf76cf00949cd95e29e33d5066107809299e5dec35,p50,celeba-three-workers-v1,
0.8663380281690141,,,24.937247192996438,988babfb79a4be0620cf47d259d4da35f8fc07573e92f83a2e388003c17759ba,0.8657141992422328,caa86f237e43056408787c677572585176b7f771bfcba7cecd40feeb7dc79e4e,2026-09-06T21:11:18.531823+00:00,1,22.726527845996316,True,11.0,4.854169252517923e-08,4,0.235,NAA-GDP,0.024,3,50,,3,s3_p50_NAA-GDP_l4_r3,fcf8b4f93626e8cf9603afe70c3a614f6523366181d2f4df2620ee6efbb41bdb,3ea87f4a1b7b84a26ee106434a73c8c3b1666cf072e5654900cb743a0c6ff2ae,a12dcb1ba4e2a21b6a4474c284e3079c1b8e06dc282072a6d2d3a684bd02794b,1a980269c1778978c64462bf76cf00949cd95e29e33d5066107809299e5dec35,p50,celeba-three-workers-v1,
0.8592957746478873,,,31.99207128800481,988babfb79a4be0620cf47d259d4da35f8fc07573e92f83a2e388003c17759ba,0.8583408925171205,caa86f237e43056408787c677572585176b7f771bfcba7cecd40feeb7dc79e4e,2026-09-06T21:12:09.726551+00:00,1,17.953471794004145,True,15.0,5.087119950736374e-08,5,0.22,NAA-GDP,0.03,3,50,,0,s3_p50_NAA-GDP_l5_r0,fcf8b4f93626e8cf9603afe70c3a614f6523366181d2f4df2620ee6efbb41bdb,3ea87f4a1b7b84a26ee106434a73c8c3b1666cf072e5654900cb743a0c6ff2ae,a12dcb1ba4e2a21b6a4474c284e3079c1b8e06dc282072a6d2d3a684bd02794b,1a980269c1778978c64462bf76cf00949cd95e29e33d5066107809299e5dec35,p50,celeba-three-workers-v1,
0.852112676056338,,,32.027102245992864,988babfb79a4be0620cf47d259d4da35f8fc07573e92f83a2e388003c17759ba,0.8516999921564795,caa86f237e43056408787c677572585176b7f771bfcba7cecd40feeb7dc79e4e,2026-09-06T21:13:04.768370+00:00,1,21.778772981000657,True,15.0,5.016130655469762e-08,5,0.199,NAA-GDP,0.03,3,50,,1,s3_p50_NAA-GDP_l5_r1,fcf8b4f93626e8cf9603afe70c3a614f6523366181d2f4df2620ee6efbb41bdb,3ea87f4a1b7b84a26ee106434a73c8c3b1666cf072e5654900cb743a0c6ff2ae,a12dcb1ba4e2a21b6a4474c284e3079c1b8e06dc282072a6d2d3a684bd02794b,1a980269c1778978c64462bf76cf00949cd95e29e33d5066107809299e5dec35,p50,celeba-three-workers-v1,
0.8564084507042253,,,32.00170688999788,988babfb79a4be0620cf47d259d4da35f8fc07573e92f83a2e388003c17759ba,0.8567853139408332,caa86f237e43056408787c677572585176b7f771bfcba7cecd40feeb7dc79e4e,2026-09-06T21:13:56.133981+00:00,1,18.121275170000445,True,15.0,5.164422584846174e-08,5,0.227,NAA-GDP,0.03,3,50,,2,s3_p50_NAA-GDP_l5_r2,fcf8b4f93626e8cf9603afe70c3a614f6523366181d2f4df2620ee6efbb41bdb,3ea87f4a1b7b84a26ee106434a73c8c3b1666cf072e5654900cb743a0c6ff2ae,a12dcb1ba4e2a21b6a4474c284e3079c1b8e06dc282072a6d2d3a684bd02794b,1a980269c1778978c64462bf76cf00949cd95e29e33d5066107809299e5dec35,p50,celeba-three-workers-v1,
0.8566901408450704,,,32.03177703000256,988babfb79a4be0620cf47d259d4da35f8fc07573e92f83a2e388003c17759ba,0.8546417694076112,caa86f237e43056408787c677572585176b7f771bfcba7cecd40feeb7dc79e4e,2026-09-06T21:14:48.801799+00:00,1,19.404340225999476,True,15.0,5.005150231536045e-08,5,0.263,NAA-GDP,0.03,3,50,,3,s3_p50_NAA-GDP_l5_r3,fcf8b4f93626e8cf9603afe70c3a614f6523366181d2f4df2620ee6efbb41bdb,3ea87f4a1b7b84a26ee106434a73c8c3b1666cf072e5654900cb743a0c6ff2ae,a12dcb1ba4e2a21b6a4474c284e3079c1b8e06dc282072a6d2d3a684bd02794b,1a980269c1778978c64462bf76cf00949cd95e29e33d5066107809299e5dec35,p50,celeba-three-workers-v1,
0.8535915492957746,,,42.644085768995865,988babfb79a4be0620cf47d259d4da35f8fc07573e92f83a2e388003c17759ba,0.8529955442166197,caa86f237e43056408787c677572585176b7f771bfcba7cecd40feeb7dc79e4e,2026-09-06T21:15:51.254572+00:00,1,18.55249722699955,True,21.0,7.900566416171207e-08,6,0.149,NAA-GDP,0.036,3,50,,0,s3_p50_NAA-GDP_l6_r0,fcf8b4f93626e8cf9603afe70c3a614f6523366181d2f4df2620ee6efbb41bdb,3ea87f4a1b7b84a26ee106434a73c8c3b1666cf072e5654900cb743a0c6ff2ae,a12dcb1ba4e2a21b6a4474c284e3079c1b8e06dc282072a6d2d3a684bd02794b,1a980269c1778978c64462bf76cf00949cd95e29e33d5066107809299e5dec35,p50,celeba-three-workers-v1,
0.852112676056338,,,42.68896719699842,988babfb79a4be0620cf47d259d4da35f8fc07573e92f83a2e388003c17759ba,0.8513694792778739,caa86f237e43056408787c677572585176b7f771bfcba7cecd40feeb7dc79e4e,2026-09-06T21:16:52.463726+00:00,1,17.287606822996167,True,21.0,7.552724273237222e-08,6,0.197,NAA-GDP,0.036,3,50,,1,s3_p50_NAA-GDP_l6_r1,fcf8b4f93626e8cf9603afe70c3a614f6523366181d2f4df2620ee6efbb41bdb,3ea87f4a1b7b84a26ee106434a73c8c3b1666cf072e5654900cb743a0c6ff2ae,a12dcb1ba4e2a21b6a4474c284e3079c1b8e06dc282072a6d2d3a684bd02794b,1a980269c1778978c64462bf76cf00949cd95e29e33d5066107809299e5dec35,p50,celeba-three-workers-v1,
0.851338028169014,,,42.70096384700446,988babfb79a4be0620cf47d259d4da35f8fc07573e92f83a2e388003c17759ba,0.8498881826364248,caa86f237e43056408787c677572585176b7f771bfcba7cecd40feeb7dc79e4e,2026-09-06T21:17:55.792586+00:00,1,19.370537684997544,True,21.0,7.94172706771563e-08,6,0.217,NAA-GDP,0.036,3,50,,2,s3_p50_NAA-GDP_l6_r2,fcf8b4f93626e8cf9603afe70c3a614f6523366181d2f4df2620ee6efbb41bdb,3ea87f4a1b7b84a26ee106434a73c8c3b1666cf072e5654900cb743a0c6ff2ae,a12dcb1ba4e2a21b6a4474c284e3079c1b8e06dc282072a6d2d3a684bd02794b,1a980269c1778978c64462bf76cf00949cd95e29e33d5066107809299e5dec35,p50,celeba-three-workers-v1,
0.8483802816901408,,,42.688338386993564,988babfb79a4be0620cf47d259d4da35f8fc07573e92f83a2e388003c17759ba,0.8488965247679678,caa86f237e43056408787c677572585176b7f771bfcba7cecd40feeb7dc79e4e,2026-09-06T21:18:56.683180+00:00,1,16.96539784900233,True,21.0,7.87383801655739e-08,6,0.193,NAA-GDP,0.036,3,50,,3,s3_p50_NAA-GDP_l6_r3,fcf8b4f93626e8cf9603afe70c3a614f6523366181d2f4df2620ee6efbb41bdb,3ea87f4a1b7b84a26ee106434a73c8c3b1666cf072e5654900cb743a0c6ff2ae,a12dcb1ba4e2a21b6a4474c284e3079c1b8e06dc282072a6d2d3a684bd02794b,1a980269c1778978c64462bf76cf00949cd95e29e33d5066107809299e5dec35,p50,celeba-three-workers-v1,
0.8407042253521126,,,73.56361508600094,988babfb79a4be0620cf47d259d4da35f8fc07573e92f83a2e388003c17759ba,0.840424996002229,caa86f237e43056408787c677572585176b7f771bfcba7cecd40feeb7dc79e4e,2026-09-06T21:20:28.876818+00:00,1,17.383036491002713,True,38.0,6.778020890460142e-08,7,0.207,NAA-GDP,0.042,3,50,,0,s3_p50_NAA-GDP_l7_r0,fcf8b4f93626e8cf9603afe70c3a614f6523366181d2f4df2620ee6efbb41bdb,3ea87f4a1b7b84a26ee106434a73c8c3b1666cf072e5654900cb743a0c6ff2ae,a12dcb1ba4e2a21b6a4474c284e3079c1b8e06dc282072a6d2d3a684bd02794b,1a980269c1778978c64462bf76cf00949cd95e29e33d5066107809299e5dec35,p50,celeba-three-workers-v1,
0.8378169014084507,,,71.72029335900152,988babfb79a4be0620cf47d259d4da35f8fc07573e92f83a2e388003c17759ba,0.8380018211196021,caa86f237e43056408787c677572585176b7f771bfcba7cecd40feeb7dc79e4e,2026-09-06T21:21:59.026175+00:00,1,17.183058481001353,True,37.0,8.772243934678474e-08,7,0.17,NAA-GDP,0.042,3,50,,1,s3_p50_NAA-GDP_l7_r1,fcf8b4f93626e8cf9603afe70c3a614f6523366181d2f4df2620ee6efbb41bdb,3ea87f4a1b7b84a26ee106434a73c8c3b1666cf072e5654900cb743a0c6ff2ae,a12dcb1ba4e2a21b6a4474c284e3079c1b8e06dc282072a6d2d3a684bd02794b,1a980269c1778978c64462bf76cf00949cd95e29e33d5066107809299e5dec35,p50,celeba-three-workers-v1,
0.8445070422535211,,,73.50780285300425,988babfb79a4be0620cf47d259d4da35f8fc07573e92f83a2e388003c17759ba,0.8442226748249084,caa86f237e43056408787c677572585176b7f771bfcba7cecd40feeb7dc79e4e,2026-09-06T21:23:30.958359+00:00,1,17.179698421001376,True,38.0,9.094141387536179e-08,7,0.19,NAA-GDP,0.042,3,50,,2,s3_p50_NAA-GDP_l7_r2,fcf8b4f93626e8cf9603afe70c3a614f6523366181d2f4df2620ee6efbb41bdb,3ea87f4a1b7b84a26ee106434a73c8c3b1666cf072e5654900cb743a0c6ff2ae,a12dcb1ba4e2a21b6a4474c284e3079c1b8e06dc282072a6d2d3a684bd02794b,1a980269c1778978c64462bf76cf00949cd95e29e33d5066107809299e5dec35,p50,celeba-three-workers-v1,
0.8491549295774647,,,71.75984367899946,988babfb79a4be0620cf47d259d4da35f8fc07573e92f83a2e388003c17759ba,0.8478517586943597,caa86f237e43056408787c677572585176b7f771bfcba7cecd40feeb7dc79e4e,2026-09-06T21:25:02.096586+00:00,1,18.12707591999788,True,37.0,7.450011645314817e-08,7,0.17,NAA-GDP,0.042,3,50,,3,s3_p50_NAA-GDP_l7_r3,fcf8b4f93626e8cf9603afe70c3a614f6523366181d2f4df2620ee6efbb41bdb,3ea87f4a1b7b84a26ee106434a73c8c3b1666cf072e5654900cb743a0c6ff2ae,a12dcb1ba4e2a21b6a4474c284e3079c1b8e06dc282072a6d2d3a684bd02794b,1a980269c1778978c64462bf76cf00949cd95e29e33d5066107809299e5dec35,p50,celeba-three-workers-v1,
0.8334507042253522,,,917.4202507800001,988babfb79a4be0620cf47d259d4da35f8fc07573e92f83a2e388003c17759ba,0.8315858730067855,caa86f237e43056408787c677572585176b7f771bfcba7cecd40feeb7dc79e4e,2026-09-06T21:40:36.397692+00:00,1,15.627496831999451,False,500.0,0.00016247540350487167,8,0.148,NAA-GDP,0.048,3,50,,0,s3_p50_NAA-GDP_l8_r0,fcf8b4f93626e8cf9603afe70c3a614f6523366181d2f4df2620ee6efbb41bdb,3ea87f4a1b7b84a26ee106434a73c8c3b1666cf072e5654900cb743a0c6ff2ae,a12dcb1ba4e2a21b6a4474c284e3079c1b8e06dc282072a6d2d3a684bd02794b,1a980269c1778978c64462bf76cf00949cd95e29e33d5066107809299e5dec35,p50,celeba-three-workers-v1,
0.8259154929577465,,,917.4266382389978,988babfb79a4be0620cf47d259d4da35f8fc07573e92f83a2e388003c17759ba,0.8251499832348972,caa86f237e43056408787c677572585176b7f771bfcba7cecd40feeb7dc79e4e,2026-09-06T21:56:15.430245+00:00,1,20.357843005003815,False,500.0,8.984191904457635e-05,8,0.159,NAA-GDP,0.048,3,50,,1,s3_p50_NAA-GDP_l8_r1,fcf8b4f93626e8cf9603afe70c3a614f6523366181d2f4df2620ee6efbb41bdb,3ea87f4a1b7b84a26ee106434a73c8c3b1666cf072e5654900cb743a0c6ff2ae,a12dcb1ba4e2a21b6a4474c284e3079c1b8e06dc282072a6d2d3a684bd02794b,1a980269c1778978c64462bf76cf00949cd95e29e33d5066107809299e5dec35,p50,celeba-three-workers-v1,
0.8312676056338029,,,918.0094512080032,988babfb79a4be0620cf47d259d4da35f8fc07573e92f83a2e388003c17759ba,0.8314262900539451,caa86f237e43056408787c677572585176b7f771bfcba7cecd40feeb7dc79e4e,2026-09-06T22:11:52.552240+00:00,1,17.86913471200387,False,500.0,0.0011039032135798208,8,0.122,NAA-GDP,0.048,3,50,,2,s3_p50_NAA-GDP_l8_r2,fcf8b4f93626e8cf9603afe70c3a614f6523366181d2f4df2620ee6efbb41bdb,3ea87f4a1b7b84a26ee106434a73c8c3b1666cf072e5654900cb743a0c6ff2ae,a12dcb1ba4e2a21b6a4474c284e3079c1b8e06dc282072a6d2d3a684bd02794b,1a980269c1778978c64462bf76cf00949cd95e29e33d5066107809299e5dec35,p50,celeba-three-workers-v1,
0.8370422535211267,,,917.7584590830011,988babfb79a4be0620cf47d259d4da35f8fc07573e92f83a2e388003c17759ba,0.8361191874112748,caa86f237e43056408787c677572585176b7f771bfcba7cecd40feeb7dc79e4e,2026-09-06T22:27:29.518341+00:00,1,17.94951781900454,False,500.0,9.076290235619417e-06,8,0.158,NAA-GDP,0.048,3,50,,3,s3_p50_NAA-GDP_l8_r3,fcf8b4f93626e8cf9603afe70c3a614f6523366181d2f4df2620ee6efbb41bdb,3ea87f4a1b7b84a26ee106434a73c8c3b1666cf072e5654900cb743a0c6ff2ae,a12dcb1ba4e2a21b6a4474c284e3079c1b8e06dc282072a6d2d3a684bd02794b,1a980269c1778978c64462bf76cf00949cd95e29e33d5066107809299e5dec35,p50,celeba-three-workers-v1,
0.8248591549295775,,,916.1170086790007,988babfb79a4be0620cf47d259d4da35f8fc07573e92f83a2e388003c17759ba,0.8244075513925966,caa86f237e43056408787c677572585176b7f771bfcba7cecd40feeb7dc79e4e,2026-09-06T22:43:07.316588+00:00,1,20.430684045000817,False,500.0,0.006325165021954367,9,0.156,NAA-GDP,0.054,3,50,,0,s3_p50_NAA-GDP_l9_r0,fcf8b4f93626e8cf9603afe70c3a614f6523366181d2f4df2620ee6efbb41bdb,3ea87f4a1b7b84a26ee106434a73c8c3b1666cf072e5654900cb743a0c6ff2ae,a12dcb1ba4e2a21b6a4474c284e3079c1b8e06dc282072a6d2d3a684bd02794b,1a980269c1778978c64462bf76cf00949cd95e29e33d5066107809299e5dec35,p50,celeba-three-workers-v1,
0.8285915492957746,,,916.1837849830044,988babfb79a4be0620cf47d259d4da35f8fc07573e92f83a2e388003c17759ba,0.8281258312129629,caa86f237e43056408787c677572585176b7f771bfcba7cecd40feeb7dc79e4e,2026-09-06T22:58:45.723231+00:00,1,20.98447381400183,False,500.0,0.007022520494526825,9,0.137,NAA-GDP,0.054,3,50,,1,s3_p50_NAA-GDP_l9_r1,fcf8b4f93626e8cf9603afe70c3a614f6523366181d2f4df2620ee6efbb41bdb,3ea87f4a1b7b84a26ee106434a73c8c3b1666cf072e5654900cb743a0c6ff2ae,a12dcb1ba4e2a21b6a4474c284e3079c1b8e06dc282072a6d2d3a684bd02794b,1a980269c1778978c64462bf76cf00949cd95e29e33d5066107809299e5dec35,p50,celeba-three-workers-v1,
0.8163380281690141,,,916.1818879089988,988babfb79a4be0620cf47d259d4da35f8fc07573e92f83a2e388003c17759ba,0.8169308997765998,caa86f237e43056408787c677572585176b7f771bfcba7cecd40feeb7dc79e4e,2026-09-06T23:14:28.710431+00:00,1,25.545219635998365,False,500.0,0.008331214751263308,9,0.101,NAA-GDP,0.054,3,50,,2,s3_p50_NAA-GDP_l9_r2,fcf8b4f93626e8cf9603afe70c3a614f6523366181d2f4df2620ee6efbb41bdb,3ea87f4a1b7b84a26ee106434a73c8c3b1666cf072e5654900cb743a0c6ff2ae,a12dcb1ba4e2a21b6a4474c284e3079c1b8e06dc282072a6d2d3a684bd02794b,1a980269c1778978c64462bf76cf00949cd95e29e33d5066107809299e5dec35,p50,celeba-three-workers-v1,
0.8227464788732395,,,916.267621439998,988babfb79a4be0620cf47d259d4da35f8fc07573e92f83a2e388003c17759ba,0.8211402789698006,caa86f237e43056408787c677572585176b7f771bfcba7cecd40feeb7dc79e4e,2026-09-06T23:30:01.834002+00:00,1,15.615776861995982,False,500.0,0.011781792578021885,9,0.119,NAA-GDP,0.054,3,50,,3,s3_p50_NAA-GDP_l9_r3,fcf8b4f93626e8cf9603afe70c3a614f6523366181d2f4df2620ee6efbb41bdb,3ea87f4a1b7b84a26ee106434a73c8c3b1666cf072e5654900cb743a0c6ff2ae,a12dcb1ba4e2a21b6a4474c284e3079c1b8e06dc282072a6d2d3a684bd02794b,1a980269c1778978c64462bf76cf00949cd95e29e33d5066107809299e5dec35,p50,celeba-three-workers-v1,
0.8104929577464789,,,916.9793691560044,988babfb79a4be0620cf47d259d4da35f8fc07573e92f83a2e388003c17759ba,0.8096974628744831,caa86f237e43056408787c677572585176b7f771bfcba7cecd40feeb7dc79e4e,2026-09-06T23:45:52.106628+00:00,1,32.03918920599972,False,500.0,0.02816707150763167,10,0.12,NAA-GDP,0.06,3,50,,0,s3_p50_NAA-GDP_l10_r0,fcf8b4f93626e8cf9603afe70c3a614f6523366181d2f4df2620ee6efbb41bdb,3ea87f4a1b7b84a26ee106434a73c8c3b1666cf072e5654900cb743a0c6ff2ae,a12dcb1ba4e2a21b6a4474c284e3079c1b8e06dc282072a6d2d3a684bd02794b,1a980269c1778978c64462bf76cf00949cd95e29e33d5066107809299e5dec35,p50,celeba-three-workers-v1,
0.8129577464788732,,,916.8462893179967,988babfb79a4be0620cf47d259d4da35f8fc07573e92f83a2e388003c17759ba,0.8124351138456102,caa86f237e43056408787c677572585176b7f771bfcba7cecd40feeb7dc79e4e,2026-09-07T00:01:30.512297+00:00,1,20.31499458700273,False,500.0,0.030411291677015735,10,0.159,NAA-GDP,0.06,3,50,,1,s3_p50_NAA-GDP_l10_r1,fcf8b4f93626e8cf9603afe70c3a614f6523366181d2f4df2620ee6efbb41bdb,3ea87f4a1b7b84a26ee106434a73c8c3b1666cf072e5654900cb743a0c6ff2ae,a12dcb1ba4e2a21b6a4474c284e3079c1b8e06dc282072a6d2d3a684bd02794b,1a980269c1778978c64462bf76cf00949cd95e29e33d5066107809299e5dec35,p50,celeba-three-workers-v1,
0.8124647887323944,,,916.8187315029936,988babfb79a4be0620cf47d259d4da35f8fc07573e92f83a2e388003c17759ba,0.8121331075040632,caa86f237e43056408787c677572585176b7f771bfcba7cecd40feeb7dc79e4e,2026-09-07T00:17:08.920051+00:00,1,20.33814885999891,False,500.0,0.02334768649979807,10,0.108,NAA-GDP,0.06,3,50,,2,s3_p50_NAA-GDP_l10_r2,fcf8b4f93626e8cf9603afe70c3a614f6523366181d2f4df2620ee6efbb41bdb,3ea87f4a1b7b84a26ee106434a73c8c3b1666cf072e5654900cb743a0c6ff2ae,a12dcb1ba4e2a21b6a4474c284e3079c1b8e06dc282072a6d2d3a684bd02794b,1a980269c1778978c64462bf76cf00949cd95e29e33d5066107809299e5dec35,p50,celeba-three-workers-v1,
0.8123943661971831,,,916.8803119570002,988babfb79a4be0620cf47d259d4da35f8fc07573e92f83a2e388003c17759ba,0.8126793221648252,caa86f237e43056408787c677572585176b7f771bfcba7cecd40feeb7dc79e4e,2026-09-07T00:32:48.697084+00:00,1,21.648558870998386,False,500.0,0.02760436611119209,10,0.12,NAA-GDP,0.06,3,50,,3,s3_p50_NAA-GDP_l10_r3,fcf8b4f93626e8cf9603afe70c3a614f6523366181d2f4df2620ee6efbb41bdb,3ea87f4a1b7b84a26ee106434a73c8c3b1666cf072e5654900cb743a0c6ff2ae,a12dcb1ba4e2a21b6a4474c284e3079c1b8e06dc282072a6d2d3a684bd02794b,1a980269c1778978c64462bf76cf00949cd95e29e33d5066107809299e5dec35,p50,celeba-three-workers-v1,
0.8350877192982457,2.0,,0.0,988babfb79a4be0620cf47d259d4da35f8fc07573e92f83a2e388003c17759ba,0.8335185185185185,9e6b34785c76ea03b316f0e97fd7505cbf81a983e7090ec2bd252ce085312a5b,2026-09-07T00:33:21.342287+00:00,0,1.0815435869953944,,,,0,,Local-only,0.0,4,2,,0,s4_p2_Local-only_l0_r0,fcf8b4f93626e8cf9603afe70c3a614f6523366181d2f4df2620ee6efbb41bdb,3ea87f4a1b7b84a26ee106434a73c8c3b1666cf072e5654900cb743a0c6ff2ae,a12dcb1ba4e2a21b6a4474c284e3079c1b8e06dc282072a6d2d3a684bd02794b,1a980269c1778978c64462bf76cf00949cd95e29e33d5066107809299e5dec35,p50,celeba-three-workers-v1,
0.8273684210526315,5.0,,0.0,988babfb79a4be0620cf47d259d4da35f8fc07573e92f83a2e388003c17759ba,0.8253264243793395,9e6b34785c76ea03b316f0e97fd7505cbf81a983e7090ec2bd252ce085312a5b,2026-09-07T00:33:21.367089+00:00,0,2.276496734993998,,,,0,,Local-only,0.0,4,5,,0,s4_p5_Local-only_l0_r0,fcf8b4f93626e8cf9603afe70c3a614f6523366181d2f4df2620ee6efbb41bdb,3ea87f4a1b7b84a26ee106434a73c8c3b1666cf072e5654900cb743a0c6ff2ae,a12dcb1ba4e2a21b6a4474c284e3079c1b8e06dc282072a6d2d3a684bd02794b,1a980269c1778978c64462bf76cf00949cd95e29e33d5066107809299e5dec35,p50,celeba-three-workers-v1,
0.8452631578947368,10.0,,0.0,988babfb79a4be0620cf47d259d4da35f8fc07573e92f83a2e388003c17759ba,0.8437927098063691,9e6b34785c76ea03b316f0e97fd7505cbf81a983e7090ec2bd252ce085312a5b,2026-09-07T00:33:21.392030+00:00,0,4.119344346996513,,,,0,,Local-only,0.0,4,10,,0,s4_p10_Local-only_l0_r0,fcf8b4f93626e8cf9603afe70c3a614f6523366181d2f4df2620ee6efbb41bdb,3ea87f4a1b7b84a26ee106434a73c8c3b1666cf072e5654900cb743a0c6ff2ae,a12dcb1ba4e2a21b6a4474c284e3079c1b8e06dc282072a6d2d3a684bd02794b,1a980269c1778978c64462bf76cf00949cd95e29e33d5066107809299e5dec35,p50,celeba-three-workers-v1,
0.8412280701754385,20.0,,0.0,988babfb79a4be0620cf47d259d4da35f8fc07573e92f83a2e388003c17759ba,0.8399063463216159,9e6b34785c76ea03b316f0e97fd7505cbf81a983e7090ec2bd252ce085312a5b,2026-09-07T00:33:21.430569+00:00,0,8.319491027010372,,,,0,,Local-only,0.0,4,20,,0,s4_p20_Local-only_l0_r0,fcf8b4f93626e8cf9603afe70c3a614f6523366181d2f4df2620ee6efbb41bdb,3ea87f4a1b7b84a26ee106434a73c8c3b1666cf072e5654900cb743a0c6ff2ae,a12dcb1ba4e2a21b6a4474c284e3079c1b8e06dc282072a6d2d3a684bd02794b,1a980269c1778978c64462bf76cf00949cd95e29e33d5066107809299e5dec35,p50,celeba-three-workers-v1,
0.8316491228070175,50.0,,0.0,988babfb79a4be0620cf47d259d4da35f8fc07573e92f83a2e388003c17759ba,0.8305273535586253,9e6b34785c76ea03b316f0e97fd7505cbf81a983e7090ec2bd252ce085312a5b,2026-09-07T00:33:21.455637+00:00,0,21.569878704016446,,,,0,,Local-only,0.0,4,50,,0,s4_p50_Local-only_l0_r0,fcf8b4f93626e8cf9603afe70c3a614f6523366181d2f4df2620ee6efbb41bdb,3ea87f4a1b7b84a26ee106434a73c8c3b1666cf072e5654900cb743a0c6ff2ae,a12dcb1ba4e2a21b6a4474c284e3079c1b8e06dc282072a6d2d3a684bd02794b,1a980269c1778978c64462bf76cf00949cd95e29e33d5066107809299e5dec35,p50,celeba-three-workers-v1,
0.8870877192982456,,,0.0,988babfb79a4be0620cf47d259d4da35f8fc07573e92f83a2e388003c17759ba,0.8848615912445359,9e6b34785c76ea03b316f0e97fd7505cbf81a983e7090ec2bd252ce085312a5b,2026-09-07T00:33:42.024031+00:00,1,20.400468966996414,,,,0,0.736,C-GDP,0.0,4,50,,0,s4_p50_C-GDP_l0_r0,fcf8b4f93626e8cf9603afe70c3a614f6523366181d2f4df2620ee6efbb41bdb,3ea87f4a1b7b84a26ee106434a73c8c3b1666cf072e5654900cb743a0c6ff2ae,a12dcb1ba4e2a21b6a4474c284e3079c1b8e06dc282072a6d2d3a684bd02794b,1a980269c1778978c64462bf76cf00949cd95e29e33d5066107809299e5dec35,p50,celeba-three-workers-v1,
0.796,,,0.0,988babfb79a4be0620cf47d259d4da35f8fc07573e92f83a2e388003c17759ba,0.7940376828142626,9e6b34785c76ea03b316f0e97fd7505cbf81a983e7090ec2bd252ce085312a5b,2026-09-07T00:34:09.721590+00:00,1,27.523733205001918,,,,0,,I-GDP,0.0,4,50,,0,s4_p50_I-GDP_l0_r0,fcf8b4f93626e8cf9603afe70c3a614f6523366181d2f4df2620ee6efbb41bdb,3ea87f4a1b7b84a26ee106434a73c8c3b1666cf072e5654900cb743a0c6ff2ae,a12dcb1ba4e2a21b6a4474c284e3079c1b8e06dc282072a6d2d3a684bd02794b,1a980269c1778978c64462bf76cf00949cd95e29e33d5066107809299e5dec35,p50,celeba-three-workers-v1,
0.887859649122807,,,0.0,988babfb79a4be0620cf47d259d4da35f8fc07573e92f83a2e388003c17759ba,0.8873327699428464,9e6b34785c76ea03b316f0e97fd7505cbf81a983e7090ec2bd252ce085312a5b,2026-09-07T00:34:36.129608+00:00,1,25.93265080799756,,,,0,0.736,AA-GDP,0.0,4,50,,0,s4_p50_AA-GDP_l0_r0,fcf8b4f93626e8cf9603afe70c3a614f6523366181d2f4df2620ee6efbb41bdb,3ea87f4a1b7b84a26ee106434a73c8c3b1666cf072e5654900cb743a0c6ff2ae,a12dcb1ba4e2a21b6a4474c284e3079c1b8e06dc282072a6d2d3a684bd02794b,1a980269c1778978c64462bf76cf00949cd95e29e33d5066107809299e5dec35,p50,celeba-three-workers-v1,1.0555842311354979e-10
0.8825964912280702,,,12.776653324996005,988babfb79a4be0620cf47d259d4da35f8fc07573e92f83a2e388003c17759ba,0.881565231629634,9e6b34785c76ea03b316f0e97fd7505cbf81a983e7090ec2bd252ce085312a5b,2026-09-07T00:35:09.082293+00:00,1,18.893453156997566,True,4.0,8.59346838057185e-08,1,0.655,NAA-GDP,0.006,4,50,,0,s4_p50_NAA-GDP_l1_r0,fcf8b4f93626e8cf9603afe70c3a614f6523366181d2f4df2620ee6efbb41bdb,3ea87f4a1b7b84a26ee106434a73c8c3b1666cf072e5654900cb743a0c6ff2ae,a12dcb1ba4e2a21b6a4474c284e3079c1b8e06dc282072a6d2d3a684bd02794b,1a980269c1778978c64462bf76cf00949cd95e29e33d5066107809299e5dec35,p50,celeba-three-workers-v1,
0.8854035087719299,,,12.792690510003013,988babfb79a4be0620cf47d259d4da35f8fc07573e92f83a2e388003c17759ba,0.8848252768072425,9e6b34785c76ea03b316f0e97fd7505cbf81a983e7090ec2bd252ce085312a5b,2026-09-07T00:35:48.246926+00:00,1,25.12235565899755,True,4.0,8.544936223630394e-08,1,0.627,NAA-GDP,0.006,4,50,,1,s4_p50_NAA-GDP_l1_r1,fcf8b4f93626e8cf9603afe70c3a614f6523366181d2f4df2620ee6efbb41bdb,3ea87f4a1b7b84a26ee106434a73c8c3b1666cf072e5654900cb743a0c6ff2ae,a12dcb1ba4e2a21b6a4474c284e3079c1b8e06dc282072a6d2d3a684bd02794b,1a980269c1778978c64462bf76cf00949cd95e29e33d5066107809299e5dec35,p50,celeba-three-workers-v1,
0.8814035087719299,,,12.794884955997986,988babfb79a4be0620cf47d259d4da35f8fc07573e92f83a2e388003c17759ba,0.88134868779094,9e6b34785c76ea03b316f0e97fd7505cbf81a983e7090ec2bd252ce085312a5b,2026-09-07T00:36:21.059270+00:00,1,18.76046718800353,True,4.0,8.553914038429427e-08,1,0.658,NAA-GDP,0.006,4,50,,2,s4_p50_NAA-GDP_l1_r2,fcf8b4f93626e8cf9603afe70c3a614f6523366181d2f4df2620ee6efbb41bdb,3ea87f4a1b7b84a26ee106434a73c8c3b1666cf072e5654900cb743a0c6ff2ae,a12dcb1ba4e2a21b6a4474c284e3079c1b8e06dc282072a6d2d3a684bd02794b,1a980269c1778978c64462bf76cf00949cd95e29e33d5066107809299e5dec35,p50,celeba-three-workers-v1,
0.8822456140350877,,,12.766271025997412,988babfb79a4be0620cf47d259d4da35f8fc07573e92f83a2e388003c17759ba,0.8807150907082907,9e6b34785c76ea03b316f0e97fd7505cbf81a983e7090ec2bd252ce085312a5b,2026-09-07T00:36:55.425035+00:00,1,20.343065141001716,True,4.0,8.559352468882704e-08,1,0.636,NAA-GDP,0.006,4,50,,3,s4_p50_NAA-GDP_l1_r3,fcf8b4f93626e8cf9603afe70c3a614f6523366181d2f4df2620ee6efbb41bdb,3ea87f4a1b7b84a26ee106434a73c8c3b1666cf072e5654900cb743a0c6ff2ae,a12dcb1ba4e2a21b6a4474c284e3079c1b8e06dc282072a6d2d3a684bd02794b,1a980269c1778978c64462bf76cf00949cd95e29e33d5066107809299e5dec35,p50,celeba-three-workers-v1,
0.8778947368421053,,,16.1420350759945,988babfb79a4be0620cf47d259d4da35f8fc07573e92f83a2e388003c17759ba,0.8771063360972062,9e6b34785c76ea03b316f0e97fd7505cbf81a983e7090ec2bd252ce085312a5b,2026-09-07T00:37:36.158966+00:00,1,23.330237988004228,True,6.0,4.5568664182710884e-08,2,0.491,NAA-GDP,0.012,4,50,,0,s4_p50_NAA-GDP_l2_r0,fcf8b4f93626e8cf9603afe70c3a614f6523366181d2f4df2620ee6efbb41bdb,3ea87f4a1b7b84a26ee106434a73c8c3b1666cf072e5654900cb743a0c6ff2ae,a12dcb1ba4e2a21b6a4474c284e3079c1b8e06dc282072a6d2d3a684bd02794b,1a980269c1778978c64462bf76cf00949cd95e29e33d5066107809299e5dec35,p50,celeba-three-workers-v1,
0.8779649122807017,,,16.156580363000103,988babfb79a4be0620cf47d259d4da35f8fc07573e92f83a2e388003c17759ba,0.8775287012409072,9e6b34785c76ea03b316f0e97fd7505cbf81a983e7090ec2bd252ce085312a5b,2026-09-07T00:38:16.087835+00:00,1,22.52292625499831,True,6.0,4.600523401629906e-08,2,0.551,NAA-GDP,0.012,4,50,,1,s4_p50_NAA-GDP_l2_r1,fcf8b4f93626e8cf9603afe70c3a614f6523366181d2f4df2620ee6efbb41bdb,3ea87f4a1b7b84a26ee106434a73c8c3b1666cf072e5654900cb743a0c6ff2ae,a12dcb1ba4e2a21b6a4474c284e3079c1b8e06dc282072a6d2d3a684bd02794b,1a980269c1778978c64462bf76cf00949cd95e29e33d5066107809299e5dec35,p50,celeba-three-workers-v1,
0.8800701754385964,,,16.178779637994012,988babfb79a4be0620cf47d259d4da35f8fc07573e92f83a2e388003c17759ba,0.8787956979378139,9e6b34785c76ea03b316f0e97fd7505cbf81a983e7090ec2bd252ce085312a5b,2026-09-07T00:38:58.608613+00:00,1,25.086115518999577,True,6.0,4.58900115834759e-08,2,0.44,NAA-GDP,0.012,4,50,,2,s4_p50_NAA-GDP_l2_r2,fcf8b4f93626e8cf9603afe70c3a614f6523366181d2f4df2620ee6efbb41bdb,3ea87f4a1b7b84a26ee106434a73c8c3b1666cf072e5654900cb743a0c6ff2ae,a12dcb1ba4e2a21b6a4474c284e3079c1b8e06dc282072a6d2d3a684bd02794b,1a980269c1778978c64462bf76cf00949cd95e29e33d5066107809299e5dec35,p50,celeba-three-workers-v1,
0.880280701754386,,,16.149096880995785,988babfb79a4be0620cf47d259d4da35f8fc07573e92f83a2e388003c17759ba,0.879114787112486,9e6b34785c76ea03b316f0e97fd7505cbf81a983e7090ec2bd252ce085312a5b,2026-09-07T00:39:38.831726+00:00,1,22.819909107005515,True,6.0,4.5535681068279676e-08,2,0.388,NAA-GDP,0.012,4,50,,3,s4_p50_NAA-GDP_l2_r3,fcf8b4f93626e8cf9603afe70c3a614f6523366181d2f4df2620ee6efbb41bdb,3ea87f4a1b7b84a26ee106434a73c8c3b1666cf072e5654900cb743a0c6ff2ae,a12dcb1ba4e2a21b6a4474c284e3079c1b8e06dc282072a6d2d3a684bd02794b,1a980269c1778978c64462bf76cf00949cd95e29e33d5066107809299e5dec35,p50,celeba-three-workers-v1,
0.8710877192982456,,,19.613977865999914,988babfb79a4be0620cf47d259d4da35f8fc07573e92f83a2e388003c17759ba,0.8691428702773262,9e6b34785c76ea03b316f0e97fd7505cbf81a983e7090ec2bd252ce085312a5b,2026-09-07T00:40:20.381896+00:00,1,20.686426180000126,True,8.0,6.860664726655222e-08,3,0.32,NAA-GDP,0.018,4,50,,0,s4_p50_NAA-GDP_l3_r0,fcf8b4f93626e8cf9603afe70c3a614f6523366181d2f4df2620ee6efbb41bdb,3ea87f4a1b7b84a26ee106434a73c8c3b1666cf072e5654900cb743a0c6ff2ae,a12dcb1ba4e2a21b6a4474c284e3079c1b8e06dc282072a6d2d3a684bd02794b,1a980269c1778978c64462bf76cf00949cd95e29e33d5066107809299e5dec35,p50,celeba-three-workers-v1,
0.868561403508772,,,19.600442652998026,988babfb79a4be0620cf47d259d4da35f8fc07573e92f83a2e388003c17759ba,0.8684366443200903,9e6b34785c76ea03b316f0e97fd7505cbf81a983e7090ec2bd252ce085312a5b,2026-09-07T00:41:00.132462+00:00,1,18.89423235799768,True,8.0,6.9966958654255e-08,3,0.369,NAA-GDP,0.018,4,50,,1,s4_p50_NAA-GDP_l3_r1,fcf8b4f93626e8cf9603afe70c3a614f6523366181d2f4df2620ee6efbb41bdb,3ea87f4a1b7b84a26ee106434a73c8c3b1666cf072e5654900cb743a0c6ff2ae,a12dcb1ba4e2a21b6a4474c284e3079c1b8e06dc282072a6d2d3a684bd02794b,1a980269c1778978c64462bf76cf00949cd95e29e33d5066107809299e5dec35,p50,celeba-three-workers-v1,
0.868421052631579,,,19.603162362996954,988babfb79a4be0620cf47d259d4da35f8fc07573e92f83a2e388003c17759ba,0.8670482045620885,9e6b34785c76ea03b316f0e97fd7505cbf81a983e7090ec2bd252ce085312a5b,2026-09-07T00:41:41.669451+00:00,1,20.674562371998036,True,8.0,7.018740536001881e-08,3,0.341,NAA-GDP,0.018,4,50,,2,s4_p50_NAA-GDP_l3_r2,fcf8b4f93626e8cf9603afe70c3a614f6523366181d2f4df2620ee6efbb41bdb,3ea87f4a1b7b84a26ee106434a73c8c3b1666cf072e5654900cb743a0c6ff2ae,a12dcb1ba4e2a21b6a4474c284e3079c1b8e06dc282072a6d2d3a684bd02794b,1a980269c1778978c64462bf76cf00949cd95e29e33d5066107809299e5dec35,p50,celeba-three-workers-v1,
0.8737543859649123,,,19.620405617999495,988babfb79a4be0620cf47d259d4da35f8fc07573e92f83a2e388003c17759ba,0.8730777834315173,9e6b34785c76ea03b316f0e97fd7505cbf81a983e7090ec2bd252ce085312a5b,2026-09-07T00:42:20.394266+00:00,1,17.857665820003604,True,8.0,6.946846931233504e-08,3,0.275,NAA-GDP,0.018,4,50,,3,s4_p50_NAA-GDP_l3_r3,fcf8b4f93626e8cf9603afe70c3a614f6523366181d2f4df2620ee6efbb41bdb,3ea87f4a1b7b84a26ee106434a73c8c3b1666cf072e5654900cb743a0c6ff2ae,a12dcb1ba4e2a21b6a4474c284e3079c1b8e06dc282072a6d2d3a684bd02794b,1a980269c1778978c64462bf76cf00949cd95e29e33d5066107809299e5dec35,p50,celeba-three-workers-v1,
0.8647719298245614,,,24.976711828996486,988babfb79a4be0620cf47d259d4da35f8fc07573e92f83a2e388003c17759ba,0.8631252184987758,9e6b34785c76ea03b316f0e97fd7505cbf81a983e7090ec2bd252ce085312a5b,2026-09-07T00:43:05.402214+00:00,1,18.769694340997376,True,11.0,4.891915678274181e-08,4,0.244,NAA-GDP,0.024,4,50,,0,s4_p50_NAA-GDP_l4_r0,fcf8b4f93626e8cf9603afe70c3a614f6523366181d2f4df2620ee6efbb41bdb,3ea87f4a1b7b84a26ee106434a73c8c3b1666cf072e5654900cb743a0c6ff2ae,a12dcb1ba4e2a21b6a4474c284e3079c1b8e06dc282072a6d2d3a684bd02794b,1a980269c1778978c64462bf76cf00949cd95e29e33d5066107809299e5dec35,p50,celeba-three-workers-v1,
0.8647719298245614,,,24.978128295995703,988babfb79a4be0620cf47d259d4da35f8fc07573e92f83a2e388003c17759ba,0.8648748476926292,9e6b34785c76ea03b316f0e97fd7505cbf81a983e7090ec2bd252ce085312a5b,2026-09-07T00:43:52.740306+00:00,1,21.120284267002717,True,11.0,4.970730626980993e-08,4,0.248,NAA-GDP,0.024,4,50,,1,s4_p50_NAA-GDP_l4_r1,fcf8b4f93626e8cf9603afe70c3a614f6523366181d2f4df2620ee6efbb41bdb,3ea87f4a1b7b84a26ee106434a73c8c3b1666cf072e5654900cb743a0c6ff2ae,a12dcb1ba4e2a21b6a4474c284e3079c1b8e06dc282072a6d2d3a684bd02794b,1a980269c1778978c64462bf76cf00949cd95e29e33d5066107809299e5dec35,p50,celeba-three-workers-v1,
0.860140350877193,,,24.93378016499628,988babfb79a4be0620cf47d259d4da35f8fc07573e92f83a2e388003c17759ba,0.8592071888921028,9e6b34785c76ea03b316f0e97fd7505cbf81a983e7090ec2bd252ce085312a5b,2026-09-07T00:44:39.315485+00:00,1,20.377960573001474,True,11.0,4.8546334135147644e-08,4,0.274,NAA-GDP,0.024,4,50,,2,s4_p50_NAA-GDP_l4_r2,fcf8b4f93626e8cf9603afe70c3a614f6523366181d2f4df2620ee6efbb41bdb,3ea87f4a1b7b84a26ee106434a73c8c3b1666cf072e5654900cb743a0c6ff2ae,a12dcb1ba4e2a21b6a4474c284e3079c1b8e06dc282072a6d2d3a684bd02794b,1a980269c1778978c64462bf76cf00949cd95e29e33d5066107809299e5dec35,p50,celeba-three-workers-v1,
0.8627368421052631,,,24.93856832900201,988babfb79a4be0620cf47d259d4da35f8fc07573e92f83a2e388003c17759ba,0.8618484076227855,9e6b34785c76ea03b316f0e97fd7505cbf81a983e7090ec2bd252ce085312a5b,2026-09-07T00:45:25.095056+00:00,1,19.580558367000776,True,11.0,4.897261422861194e-08,4,0.278,NAA-GDP,0.024,4,50,,3,s4_p50_NAA-GDP_l4_r3,fcf8b4f93626e8cf9603afe70c3a614f6523366181d2f4df2620ee6efbb41bdb,3ea87f4a1b7b84a26ee106434a73c8c3b1666cf072e5654900cb743a0c6ff2ae,a12dcb1ba4e2a21b6a4474c284e3079c1b8e06dc282072a6d2d3a684bd02794b,1a980269c1778978c64462bf76cf00949cd95e29e33d5066107809299e5dec35,p50,celeba-three-workers-v1,
0.8479298245614035,,,32.030140985996695,988babfb79a4be0620cf47d259d4da35f8fc07573e92f83a2e388003c17759ba,0.8480400946142155,9e6b34785c76ea03b316f0e97fd7505cbf81a983e7090ec2bd252ce085312a5b,2026-09-07T00:46:20.926827+00:00,1,22.55644683099672,True,15.0,4.8858188596858074e-08,5,0.26,NAA-GDP,0.03,4,50,,0,s4_p50_NAA-GDP_l5_r0,fcf8b4f93626e8cf9603afe70c3a614f6523366181d2f4df2620ee6efbb41bdb,3ea87f4a1b7b84a26ee106434a73c8c3b1666cf072e5654900cb743a0c6ff2ae,a12dcb1ba4e2a21b6a4474c284e3079c1b8e06dc282072a6d2d3a684bd02794b,1a980269c1778978c64462bf76cf00949cd95e29e33d5066107809299e5dec35,p50,celeba-three-workers-v1,
0.8529824561403508,,,32.027551888000744,988babfb79a4be0620cf47d259d4da35f8fc07573e92f83a2e388003c17759ba,0.852735715255002,9e6b34785c76ea03b316f0e97fd7505cbf81a983e7090ec2bd252ce085312a5b,2026-09-07T00:47:16.615773+00:00,1,22.39886588799709,True,15.0,5.220957766766275e-08,5,0.171,NAA-GDP,0.03,4,50,,1,s4_p50_NAA-GDP_l5_r1,fcf8b4f93626e8cf9603afe70c3a614f6523366181d2f4df2620ee6efbb41bdb,3ea87f4a1b7b84a26ee106434a73c8c3b1666cf072e5654900cb743a0c6ff2ae,a12dcb1ba4e2a21b6a4474c284e3079c1b8e06dc282072a6d2d3a684bd02794b,1a980269c1778978c64462bf76cf00949cd95e29e33d5066107809299e5dec35,p50,celeba-three-workers-v1,
0.856,,,32.052674031001516,988babfb79a4be0620cf47d259d4da35f8fc07573e92f83a2e388003c17759ba,0.8556386980861521,9e6b34785c76ea03b316f0e97fd7505cbf81a983e7090ec2bd252ce085312a5b,2026-09-07T00:48:05.577987+00:00,1,15.662113760001375,True,15.0,5.0180463401311785e-08,5,0.185,NAA-GDP,0.03,4,50,,2,s4_p50_NAA-GDP_l5_r2,fcf8b4f93626e8cf9603afe70c3a614f6523366181d2f4df2620ee6efbb41bdb,3ea87f4a1b7b84a26ee106434a73c8c3b1666cf072e5654900cb743a0c6ff2ae,a12dcb1ba4e2a21b6a4474c284e3079c1b8e06dc282072a6d2d3a684bd02794b,1a980269c1778978c64462bf76cf00949cd95e29e33d5066107809299e5dec35,p50,celeba-three-workers-v1,
0.8504561403508772,,,32.017655258998275,988babfb79a4be0620cf47d259d4da35f8fc07573e92f83a2e388003c17759ba,0.8491157641860898,9e6b34785c76ea03b316f0e97fd7505cbf81a983e7090ec2bd252ce085312a5b,2026-09-07T00:48:52.219113+00:00,1,13.375139603995194,True,15.0,5.12660189788414e-08,5,0.232,NAA-GDP,0.03,4,50,,3,s4_p50_NAA-GDP_l5_r3,fcf8b4f93626e8cf9603afe70c3a614f6523366181d2f4df2620ee6efbb41bdb,3ea87f4a1b7b84a26ee106434a73c8c3b1666cf072e5654900cb743a0c6ff2ae,a12dcb1ba4e2a21b6a4474c284e3079c1b8e06dc282072a6d2d3a684bd02794b,1a980269c1778978c64462bf76cf00949cd95e29e33d5066107809299e5dec35,p50,celeba-three-workers-v1,
0.8477894736842105,,,42.756962681000005,988babfb79a4be0620cf47d259d4da35f8fc07573e92f83a2e388003c17759ba,0.8455572652807756,9e6b34785c76ea03b316f0e97fd7505cbf81a983e7090ec2bd252ce085312a5b,2026-09-07T00:49:58.284871+00:00,1,22.06617544000619,True,21.0,7.730944646802518e-08,6,0.17,NAA-GDP,0.036,4,50,,0,s4_p50_NAA-GDP_l6_r0,fcf8b4f93626e8cf9603afe70c3a614f6523366181d2f4df2620ee6efbb41bdb,3ea87f4a1b7b84a26ee106434a73c8c3b1666cf072e5654900cb743a0c6ff2ae,a12dcb1ba4e2a21b6a4474c284e3079c1b8e06dc282072a6d2d3a684bd02794b,1a980269c1778978c64462bf76cf00949cd95e29e33d5066107809299e5dec35,p50,celeba-three-workers-v1,
0.8444912280701754,,,42.690929832999245,988babfb79a4be0620cf47d259d4da35f8fc07573e92f83a2e388003c17759ba,0.8434393970294751,9e6b34785c76ea03b316f0e97fd7505cbf81a983e7090ec2bd252ce085312a5b,2026-09-07T00:50:59.364796+00:00,1,17.14621957000054,True,21.0,7.8151657011593e-08,6,0.221,NAA-GDP,0.036,4,50,,1,s4_p50_NAA-GDP_l6_r1,fcf8b4f93626e8cf9603afe70c3a614f6523366181d2f4df2620ee6efbb41bdb,3ea87f4a1b7b84a26ee106434a73c8c3b1666cf072e5654900cb743a0c6ff2ae,a12dcb1ba4e2a21b6a4474c284e3079c1b8e06dc282072a6d2d3a684bd02794b,1a980269c1778978c64462bf76cf00949cd95e29e33d5066107809299e5dec35,p50,celeba-three-workers-v1,
0.8468771929824561,,,42.690220520002185,988babfb79a4be0620cf47d259d4da35f8fc07573e92f83a2e388003c17759ba,0.8452944940915088,9e6b34785c76ea03b316f0e97fd7505cbf81a983e7090ec2bd252ce085312a5b,2026-09-07T00:52:00.356127+00:00,1,17.04663135699957,True,21.0,7.370435941839628e-08,6,0.164,NAA-GDP,0.036,4,50,,2,s4_p50_NAA-GDP_l6_r2,fcf8b4f93626e8cf9603afe70c3a614f6523366181d2f4df2620ee6efbb41bdb,3ea87f4a1b7b84a26ee106434a73c8c3b1666cf072e5654900cb743a0c6ff2ae,a12dcb1ba4e2a21b6a4474c284e3079c1b8e06dc282072a6d2d3a684bd02794b,1a980269c1778978c64462bf76cf00949cd95e29e33d5066107809299e5dec35,p50,celeba-three-workers-v1,
0.8463157894736842,,,42.726583832998585,988babfb79a4be0620cf47d259d4da35f8fc07573e92f83a2e388003c17759ba,0.8453590662557007,9e6b34785c76ea03b316f0e97fd7505cbf81a983e7090ec2bd252ce085312a5b,2026-09-07T00:53:06.910818+00:00,1,22.58440247100225,True,21.0,8.184352501429109e-08,6,0.219,NAA-GDP,0.036,4,50,,3,s4_p50_NAA-GDP_l6_r3,fcf8b4f93626e8cf9603afe70c3a614f6523366181d2f4df2620ee6efbb41bdb,3ea87f4a1b7b84a26ee106434a73c8c3b1666cf072e5654900cb743a0c6ff2ae,a12dcb1ba4e2a21b6a4474c284e3079c1b8e06dc282072a6d2d3a684bd02794b,1a980269c1778978c64462bf76cf00949cd95e29e33d5066107809299e5dec35,p50,celeba-three-workers-v1,
0.8397894736842105,,,75.46937128900026,988babfb79a4be0620cf47d259d4da35f8fc07573e92f83a2e388003c17759ba,0.8384925571003552,9e6b34785c76ea03b316f0e97fd7505cbf81a983e7090ec2bd252ce085312a5b,2026-09-07T00:54:37.693158+00:00,1,14.053021560997877,True,39.0,8.038145072499575e-08,7,0.183,NAA-GDP,0.042,4,50,,0,s4_p50_NAA-GDP_l7_r0,fcf8b4f93626e8cf9603afe70c3a614f6523366181d2f4df2620ee6efbb41bdb,3ea87f4a1b7b84a26ee106434a73c8c3b1666cf072e5654900cb743a0c6ff2ae,a12dcb1ba4e2a21b6a4474c284e3079c1b8e06dc282072a6d2d3a684bd02794b,1a980269c1778978c64462bf76cf00949cd95e29e33d5066107809299e5dec35,p50,celeba-three-workers-v1,
0.8411228070175438,,,73.5743320679976,988babfb79a4be0620cf47d259d4da35f8fc07573e92f83a2e388003c17759ba,0.8392610645884356,9e6b34785c76ea03b316f0e97fd7505cbf81a983e7090ec2bd252ce085312a5b,2026-09-07T00:56:11.137041+00:00,1,18.634546142995532,True,38.0,8.23534970435769e-08,7,0.154,NAA-GDP,0.042,4,50,,1,s4_p50_NAA-GDP_l7_r1,fcf8b4f93626e8cf9603afe70c3a614f6523366181d2f4df2620ee6efbb41bdb,3ea87f4a1b7b84a26ee106434a73c8c3b1666cf072e5654900cb743a0c6ff2ae,a12dcb1ba4e2a21b6a4474c284e3079c1b8e06dc282072a6d2d3a684bd02794b,1a980269c1778978c64462bf76cf00949cd95e29e33d5066107809299e5dec35,p50,celeba-three-workers-v1,
0.8414035087719298,,,71.78320539099514,988babfb79a4be0620cf47d259d4da35f8fc07573e92f83a2e388003c17759ba,0.8403022561790625,9e6b34785c76ea03b316f0e97fd7505cbf81a983e7090ec2bd252ce085312a5b,2026-09-07T00:57:43.068043+00:00,1,18.905310542002553,True,37.0,7.683217149421143e-08,7,0.168,NAA-GDP,0.042,4,50,,2,s4_p50_NAA-GDP_l7_r2,fcf8b4f93626e8cf9603afe70c3a614f6523366181d2f4df2620ee6efbb41bdb,3ea87f4a1b7b84a26ee106434a73c8c3b1666cf072e5654900cb743a0c6ff2ae,a12dcb1ba4e2a21b6a4474c284e3079c1b8e06dc282072a6d2d3a684bd02794b,1a980269c1778978c64462bf76cf00949cd95e29e33d5066107809299e5dec35,p50,celeba-three-workers-v1,
0.836,,,75.41555801300274,988babfb79a4be0620cf47d259d4da35f8fc07573e92f83a2e388003c17759ba,0.8348959073017018,9e6b34785c76ea03b316f0e97fd7505cbf81a983e7090ec2bd252ce085312a5b,2026-09-07T00:59:16.787887+00:00,1,17.066362545003358,True,39.0,9.060853208769132e-08,7,0.169,NAA-GDP,0.042,4,50,,3,s4_p50_NAA-GDP_l7_r3,fcf8b4f93626e8cf9603afe70c3a614f6523366181d2f4df2620ee6efbb41bdb,3ea87f4a1b7b84a26ee106434a73c8c3b1666cf072e5654900cb743a0c6ff2ae,a12dcb1ba4e2a21b6a4474c284e3079c1b8e06dc282072a6d2d3a684bd02794b,1a980269c1778978c64462bf76cf00949cd95e29e33d5066107809299e5dec35,p50,celeba-three-workers-v1,
0.8367719298245614,,,917.9531343400013,988babfb79a4be0620cf47d259d4da35f8fc07573e92f83a2e388003c17759ba,0.8360356948604665,9e6b34785c76ea03b316f0e97fd7505cbf81a983e7090ec2bd252ce085312a5b,2026-09-07T01:14:59.149293+00:00,1,23.158353917002387,False,500.0,1.1684685317366559e-07,8,0.152,NAA-GDP,0.048,4,50,,0,s4_p50_NAA-GDP_l8_r0,fcf8b4f93626e8cf9603afe70c3a614f6523366181d2f4df2620ee6efbb41bdb,3ea87f4a1b7b84a26ee106434a73c8c3b1666cf072e5654900cb743a0c6ff2ae,a12dcb1ba4e2a21b6a4474c284e3079c1b8e06dc282072a6d2d3a684bd02794b,1a980269c1778978c64462bf76cf00949cd95e29e33d5066107809299e5dec35,p50,celeba-three-workers-v1,
0.8294035087719298,,,917.6622268350038,988babfb79a4be0620cf47d259d4da35f8fc07573e92f83a2e388003c17759ba,0.8289244828737243,9e6b34785c76ea03b316f0e97fd7505cbf81a983e7090ec2bd252ce085312a5b,2026-09-07T01:30:36.494326+00:00,1,18.432853245001752,False,500.0,0.002124018272231771,8,0.16,NAA-GDP,0.048,4,50,,1,s4_p50_NAA-GDP_l8_r1,fcf8b4f93626e8cf9603afe70c3a614f6523366181d2f4df2620ee6efbb41bdb,3ea87f4a1b7b84a26ee106434a73c8c3b1666cf072e5654900cb743a0c6ff2ae,a12dcb1ba4e2a21b6a4474c284e3079c1b8e06dc282072a6d2d3a684bd02794b,1a980269c1778978c64462bf76cf00949cd95e29e33d5066107809299e5dec35,p50,celeba-three-workers-v1,
0.8294035087719298,,,917.6098515259946,988babfb79a4be0620cf47d259d4da35f8fc07573e92f83a2e388003c17759ba,0.8276488568080862,9e6b34785c76ea03b316f0e97fd7505cbf81a983e7090ec2bd252ce085312a5b,2026-09-07T01:46:14.011705+00:00,1,18.65459982700122,False,500.0,6.437897609696249e-05,8,0.151,NAA-GDP,0.048,4,50,,2,s4_p50_NAA-GDP_l8_r2,fcf8b4f93626e8cf9603afe70c3a614f6523366181d2f4df2620ee6efbb41bdb,3ea87f4a1b7b84a26ee106434a73c8c3b1666cf072e5654900cb743a0c6ff2ae,a12dcb1ba4e2a21b6a4474c284e3079c1b8e06dc282072a6d2d3a684bd02794b,1a980269c1778978c64462bf76cf00949cd95e29e33d5066107809299e5dec35,p50,celeba-three-workers-v1,
0.8272982456140351,,,918.0097167249987,988babfb79a4be0620cf47d259d4da35f8fc07573e92f83a2e388003c17759ba,0.8251829110221643,9e6b34785c76ea03b316f0e97fd7505cbf81a983e7090ec2bd252ce085312a5b,2026-09-07T02:01:48.890168+00:00,1,15.612223659001756,False,500.0,0.0005843282260101445,8,0.138,NAA-GDP,0.048,4,50,,3,s4_p50_NAA-GDP_l8_r3,fcf8b4f93626e8cf9603afe70c3a614f6523366181d2f4df2620ee6efbb41bdb,3ea87f4a1b7b84a26ee106434a73c8c3b1666cf072e5654900cb743a0c6ff2ae,a12dcb1ba4e2a21b6a4474c284e3079c1b8e06dc282072a6d2d3a684bd02794b,1a980269c1778978c64462bf76cf00949cd95e29e33d5066107809299e5dec35,p50,celeba-three-workers-v1,
0.8208421052631579,,,916.2057062029999,988babfb79a4be0620cf47d259d4da35f8fc07573e92f83a2e388003c17759ba,0.8201189525897348,9e6b34785c76ea03b316f0e97fd7505cbf81a983e7090ec2bd252ce085312a5b,2026-09-07T02:17:26.459662+00:00,1,20.119752316000813,False,500.0,0.013472275903158757,9,0.152,NAA-GDP,0.054,4,50,,0,s4_p50_NAA-GDP_l9_r0,fcf8b4f93626e8cf9603afe70c3a614f6523366181d2f4df2620ee6efbb41bdb,3ea87f4a1b7b84a26ee106434a73c8c3b1666cf072e5654900cb743a0c6ff2ae,a12dcb1ba4e2a21b6a4474c284e3079c1b8e06dc282072a6d2d3a684bd02794b,1a980269c1778978c64462bf76cf00949cd95e29e33d5066107809299e5dec35,p50,celeba-three-workers-v1,
0.8138947368421052,,,916.2582845630022,988babfb79a4be0620cf47d259d4da35f8fc07573e92f83a2e388003c17759ba,0.8141408339832676,9e6b34785c76ea03b316f0e97fd7505cbf81a983e7090ec2bd252ce085312a5b,2026-09-07T02:33:09.682733+00:00,1,25.710717677000503,False,500.0,0.013309141178881906,9,0.132,NAA-GDP,0.054,4,50,,1,s4_p50_NAA-GDP_l9_r1,fcf8b4f93626e8cf9603afe70c3a614f6523366181d2f4df2620ee6efbb41bdb,3ea87f4a1b7b84a26ee106434a73c8c3b1666cf072e5654900cb743a0c6ff2ae,a12dcb1ba4e2a21b6a4474c284e3079c1b8e06dc282072a6d2d3a684bd02794b,1a980269c1778978c64462bf76cf00949cd95e29e33d5066107809299e5dec35,p50,celeba-three-workers-v1,
0.8247017543859649,,,916.6352783420007,988babfb79a4be0620cf47d259d4da35f8fc07573e92f83a2e388003c17759ba,0.8236709350381122,9e6b34785c76ea03b316f0e97fd7505cbf81a983e7090ec2bd252ce085312a5b,2026-09-07T02:48:52.846097+00:00,1,25.2756545700031,False,500.0,0.005945065881679193,9,0.137,NAA-GDP,0.054,4,50,,2,s4_p50_NAA-GDP_l9_r2,fcf8b4f93626e8cf9603afe70c3a614f6523366181d2f4df2620ee6efbb41bdb,3ea87f4a1b7b84a26ee106434a73c8c3b1666cf072e5654900cb743a0c6ff2ae,a12dcb1ba4e2a21b6a4474c284e3079c1b8e06dc282072a6d2d3a684bd02794b,1a980269c1778978c64462bf76cf00949cd95e29e33d5066107809299e5dec35,p50,celeba-three-workers-v1,
0.8139649122807018,,,916.6924802069989,988babfb79a4be0620cf47d259d4da35f8fc07573e92f83a2e388003c17759ba,0.8138382531661688,9e6b34785c76ea03b316f0e97fd7505cbf81a983e7090ec2bd252ce085312a5b,2026-09-07T03:04:33.414045+00:00,1,22.636463718001323,False,500.0,0.013167618659022764,9,0.114,NAA-GDP,0.054,4,50,,3,s4_p50_NAA-GDP_l9_r3,fcf8b4f93626e8cf9603afe70c3a614f6523366181d2f4df2620ee6efbb41bdb,3ea87f4a1b7b84a26ee106434a73c8c3b1666cf072e5654900cb743a0c6ff2ae,a12dcb1ba4e2a21b6a4474c284e3079c1b8e06dc282072a6d2d3a684bd02794b,1a980269c1778978c64462bf76cf00949cd95e29e33d5066107809299e5dec35,p50,celeba-three-workers-v1,
0.8116491228070175,,,917.1201188560008,988babfb79a4be0620cf47d259d4da35f8fc07573e92f83a2e388003c17759ba,0.8114505443571669,9e6b34785c76ea03b316f0e97fd7505cbf81a983e7090ec2bd252ce085312a5b,2026-09-07T03:20:10.340604+00:00,1,18.55956644199614,False,500.0,0.033061815240312965,10,0.132,NAA-GDP,0.06,4,50,,0,s4_p50_NAA-GDP_l10_r0,fcf8b4f93626e8cf9603afe70c3a614f6523366181d2f4df2620ee6efbb41bdb,3ea87f4a1b7b84a26ee106434a73c8c3b1666cf072e5654900cb743a0c6ff2ae,a12dcb1ba4e2a21b6a4474c284e3079c1b8e06dc282072a6d2d3a684bd02794b,1a980269c1778978c64462bf76cf00949cd95e29e33d5066107809299e5dec35,p50,celeba-three-workers-v1,
0.8176140350877193,,,916.8773572369973,988babfb79a4be0620cf47d259d4da35f8fc07573e92f83a2e388003c17759ba,0.8170293226344432,9e6b34785c76ea03b316f0e97fd7505cbf81a983e7090ec2bd252ce085312a5b,2026-09-07T03:35:55.580931+00:00,1,27.12631040300039,False,500.0,0.026304690411596013,10,0.152,NAA-GDP,0.06,4,50,,1,s4_p50_NAA-GDP_l10_r1,fcf8b4f93626e8cf9603afe70c3a614f6523366181d2f4df2620ee6efbb41bdb,3ea87f4a1b7b84a26ee106434a73c8c3b1666cf072e5654900cb743a0c6ff2ae,a12dcb1ba4e2a21b6a4474c284e3079c1b8e06dc282072a6d2d3a684bd02794b,1a980269c1778978c64462bf76cf00949cd95e29e33d5066107809299e5dec35,p50,celeba-three-workers-v1,
0.8177543859649122,,,917.522359538998,988babfb79a4be0620cf47d259d4da35f8fc07573e92f83a2e388003c17759ba,0.8168493696887914,9e6b34785c76ea03b316f0e97fd7505cbf81a983e7090ec2bd252ce085312a5b,2026-09-07T03:51:41.531665+00:00,1,27.177672526995593,False,500.0,0.026717830321462504,10,0.137,NAA-GDP,0.06,4,50,,2,s4_p50_NAA-GDP_l10_r2,fcf8b4f93626e8cf9603afe70c3a614f6523366181d2f4df2620ee6efbb41bdb,3ea87f4a1b7b84a26ee106434a73c8c3b1666cf072e5654900cb743a0c6ff2ae,a12dcb1ba4e2a21b6a4474c284e3079c1b8e06dc282072a6d2d3a684bd02794b,1a980269c1778978c64462bf76cf00949cd95e29e33d5066107809299e5dec35,p50,celeba-three-workers-v1,
0.8128421052631579,,,916.2677087020056,988babfb79a4be0620cf47d259d4da35f8fc07573e92f83a2e388003c17759ba,0.8122247389349376,9e6b34785c76ea03b316f0e97fd7505cbf81a983e7090ec2bd252ce085312a5b,2026-09-07T04:07:14.157630+00:00,1,15.122245327998826,False,500.0,0.027872688510602754,10,0.159,NAA-GDP,0.06,4,50,,3,s4_p50_NAA-GDP_l10_r3,fcf8b4f93626e8cf9603afe70c3a614f6523366181d2f4df2620ee6efbb41bdb,3ea87f4a1b7b84a26ee106434a73c8c3b1666cf072e5654900cb743a0c6ff2ae,a12dcb1ba4e2a21b6a4474c284e3079c1b8e06dc282072a6d2d3a684bd02794b,1a980269c1778978c64462bf76cf00949cd95e29e33d5066107809299e5dec35,p50,celeba-three-workers-v1,
0.8498233215547704,,,0.0,988babfb79a4be0620cf47d259d4da35f8fc07573e92f83a2e388003c17759ba,0.8473264305722289,2774aed934e9b55963588c876b6d3f7f5fc8814e91c160cc44d904a8910dda15,2026-09-06T08:26:01.601889+00:00,1,1.5184021200002462,,,,0,0.747,C-GDP,0.0,0,2,,0,s0_p2_C-GDP_l0_r0,fcf8b4f93626e8cf9603afe70c3a614f6523366181d2f4df2620ee6efbb41bdb,3ea87f4a1b7b84a26ee106434a73c8c3b1666cf072e5654900cb743a0c6ff2ae,,,,,
0.8303886925795053,,,0.0,988babfb79a4be0620cf47d259d4da35f8fc07573e92f83a2e388003c17759ba,0.8299944977991196,2774aed934e9b55963588c876b6d3f7f5fc8814e91c160cc44d904a8910dda15,2026-09-06T08:26:02.451495+00:00,1,0.8116993120002007,,,,0,,I-GDP,0.0,0,2,,0,s0_p2_I-GDP_l0_r0,fcf8b4f93626e8cf9603afe70c3a614f6523366181d2f4df2620ee6efbb41bdb,3ea87f4a1b7b84a26ee106434a73c8c3b1666cf072e5654900cb743a0c6ff2ae,,,,,
0.8586572438162544,,,0.0,988babfb79a4be0620cf47d259d4da35f8fc07573e92f83a2e388003c17759ba,0.8562424969987995,2774aed934e9b55963588c876b6d3f7f5fc8814e91c160cc44d904a8910dda15,2026-09-06T08:26:03.432686+00:00,1,0.9276263049996487,,,,0,0.747,AA-GDP,0.0,0,2,,0,s0_p2_AA-GDP_l0_r0,fcf8b4f93626e8cf9603afe70c3a614f6523366181d2f4df2620ee6efbb41bdb,3ea87f4a1b7b84a26ee106434a73c8c3b1666cf072e5654900cb743a0c6ff2ae,,,,,
0.8877533039647577,,,0.0,988babfb79a4be0620cf47d259d4da35f8fc07573e92f83a2e388003c17759ba,0.887674783959226,2774aed934e9b55963588c876b6d3f7f5fc8814e91c160cc44d904a8910dda15,2026-09-06T08:26:27.533574+00:00,1,7.014692894000291,,,,0,0.747,C-GDP,0.0,0,20,,0,s0_p20_C-GDP_l0_r0,fcf8b4f93626e8cf9603afe70c3a614f6523366181d2f4df2620ee6efbb41bdb,3ea87f4a1b7b84a26ee106434a73c8c3b1666cf072e5654900cb743a0c6ff2ae,,,,,
0.8204405286343612,,,0.0,988babfb79a4be0620cf47d259d4da35f8fc07573e92f83a2e388003c17759ba,0.8191438711749817,2774aed934e9b55963588c876b6d3f7f5fc8814e91c160cc44d904a8910dda15,2026-09-06T08:26:38.636827+00:00,1,10.555696677000014,,,,0,,I-GDP,0.0,0,20,,0,s0_p20_I-GDP_l0_r0,fcf8b4f93626e8cf9603afe70c3a614f6523366181d2f4df2620ee6efbb41bdb,3ea87f4a1b7b84a26ee106434a73c8c3b1666cf072e5654900cb743a0c6ff2ae,,,,,
0.8896916299559471,,,0.0,988babfb79a4be0620cf47d259d4da35f8fc07573e92f83a2e388003c17759ba,0.8882584442576112,2774aed934e9b55963588c876b6d3f7f5fc8814e91c160cc44d904a8910dda15,2026-09-06T08:26:47.855175+00:00,1,9.002287291000357,,,,0,0.747,AA-GDP,0.0,0,20,,0,s0_p20_AA-GDP_l0_r0,fcf8b4f93626e8cf9603afe70c3a614f6523366181d2f4df2620ee6efbb41bdb,3ea87f4a1b7b84a26ee106434a73c8c3b1666cf072e5654900cb743a0c6ff2ae,,,,,
0.8480565371024735,,,0.8484732440001608,988babfb79a4be0620cf47d259d4da35f8fc07573e92f83a2e388003c17759ba,0.8478266306522608,2774aed934e9b55963588c876b6d3f7f5fc8814e91c160cc44d904a8910dda15,2026-09-06T08:27:50.791670+00:00,1,0.8966245559995514,True,6.0,7.768601288183838e-09,1,0.664,NAA-GDP,0.006,0,2,,0,s0_p2_NAA-GDP_l1_r0,fcf8b4f93626e8cf9603afe70c3a614f6523366181d2f4df2620ee6efbb41bdb,3ea87f4a1b7b84a26ee106434a73c8c3b1666cf072e5654900cb743a0c6ff2ae,,,,,
0.8861674008810573,,,6.00210925600004,988babfb79a4be0620cf47d259d4da35f8fc07573e92f83a2e388003c17759ba,0.8852743931189417,2774aed934e9b55963588c876b6d3f7f5fc8814e91c160cc44d904a8910dda15,2026-09-06T08:28:17.038940+00:00,1,9.108467974999257,True,5.0,2.9099875641314513e-09,1,0.664,NAA-GDP,0.006,0,20,,0,s0_p20_NAA-GDP_l1_r0,fcf8b4f93626e8cf9603afe70c3a614f6523366181d2f4df2620ee6efbb41bdb,3ea87f4a1b7b84a26ee106434a73c8c3b1666cf072e5654900cb743a0c6ff2ae,,,,,
0.8498233215547704,,,0.8139266850002969,988babfb79a4be0620cf47d259d4da35f8fc07573e92f83a2e388003c17759ba,0.8491146458583434,2774aed934e9b55963588c876b6d3f7f5fc8814e91c160cc44d904a8910dda15,2026-09-06T08:28:57.106138+00:00,1,0.7702595370001291,True,6.0,7.712724038918458e-09,1,0.661,NAA-GDP,0.006,0,2,,1,s0_p2_NAA-GDP_l1_r1,fcf8b4f93626e8cf9603afe70c3a614f6523366181d2f4df2620ee6efbb41bdb,3ea87f4a1b7b84a26ee106434a73c8c3b1666cf072e5654900cb743a0c6ff2ae,,,,,
0.8810572687224669,,,5.974720746000457,988babfb79a4be0620cf47d259d4da35f8fc07573e92f83a2e388003c17759ba,0.8807808370819548,2774aed934e9b55963588c876b6d3f7f5fc8814e91c160cc44d904a8910dda15,2026-09-06T08:29:22.033492+00:00,1,7.0864136979998875,True,5.0,2.9010244174877803e-09,1,0.661,NAA-GDP,0.006,0,20,,1,s0_p20_NAA-GDP_l1_r1,fcf8b4f93626e8cf9603afe70c3a614f6523366181d2f4df2620ee6efbb41bdb,3ea87f4a1b7b84a26ee106434a73c8c3b1666cf072e5654900cb743a0c6ff2ae,,,,,
0.8586572438162544,,,0.7906613039995136,988babfb79a4be0620cf47d259d4da35f8fc07573e92f83a2e388003c17759ba,0.8577556022408963,2774aed934e9b55963588c876b6d3f7f5fc8814e91c160cc44d904a8910dda15,2026-09-06T08:29:53.174795+00:00,1,1.51442090799992,True,6.0,8.058902579990754e-09,1,0.643,NAA-GDP,0.006,0,2,,2,s0_p2_NAA-GDP_l1_r2,fcf8b4f93626e8cf9603afe70c3a614f6523366181d2f4df2620ee6efbb41bdb,3ea87f4a1b7b84a26ee106434a73c8c3b1666cf072e5654900cb743a0c6ff2ae,,,,,
0.8815859030837004,,,5.995107112000369,988babfb79a4be0620cf47d259d4da35f8fc07573e92f83a2e388003c17759ba,0.8815043320122029,2774aed934e9b55963588c876b6d3f7f5fc8814e91c160cc44d904a8910dda15,2026-09-06T08:30:16.749493+00:00,1,6.921615117000329,True,5.0,2.8751462934611683e-09,1,0.643,NAA-GDP,0.006,0,20,,2,s0_p20_NAA-GDP_l1_r2,fcf8b4f93626e8cf9603afe70c3a614f6523366181d2f4df2620ee6efbb41bdb,3ea87f4a1b7b84a26ee106434a73c8c3b1666cf072e5654900cb743a0c6ff2ae,,,,,
0.8480565371024735,,,0.8161990870003137,988babfb79a4be0620cf47d259d4da35f8fc07573e92f83a2e388003c17759ba,0.8489270708283314,2774aed934e9b55963588c876b6d3f7f5fc8814e91c160cc44d904a8910dda15,2026-09-06T08:30:57.343738+00:00,1,1.4643252280002343,True,6.0,7.851492118066114e-09,1,0.655,NAA-GDP,0.006,0,2,,3,s0_p2_NAA-GDP_l1_r3,fcf8b4f93626e8cf9603afe70c3a614f6523366181d2f4df2620ee6efbb41bdb,3ea87f4a1b7b84a26ee106434a73c8c3b1666cf072e5654900cb743a0c6ff2ae,,,,,
0.8852863436123348,,,6.000568444999772,988babfb79a4be0620cf47d259d4da35f8fc07573e92f83a2e388003c17759ba,0.8853043132514712,2774aed934e9b55963588c876b6d3f7f5fc8814e91c160cc44d904a8910dda15,2026-09-06T08:31:21.494237+00:00,1,7.103978260000076,True,5.0,2.907604291176827e-09,1,0.655,NAA-GDP,0.006,0,20,,3,s0_p20_NAA-GDP_l1_r3,fcf8b4f93626e8cf9603afe70c3a614f6523366181d2f4df2620ee6efbb41bdb,3ea87f4a1b7b84a26ee106434a73c8c3b1666cf072e5654900cb743a0c6ff2ae,,,,,
0.8586572438162544,,,1.105714524999712,988babfb79a4be0620cf47d259d4da35f8fc07573e92f83a2e388003c17759ba,0.858030712284914,2774aed934e9b55963588c876b6d3f7f5fc8814e91c160cc44d904a8910dda15,2026-09-06T08:32:13.059369+00:00,1,1.5915561159999925,True,10.0,3.365218979690724e-08,2,0.579,NAA-GDP,0.012,0,2,,0,s0_p2_NAA-GDP_l2_r0,fcf8b4f93626e8cf9603afe70c3a614f6523366181d2f4df2620ee6efbb41bdb,3ea87f4a1b7b84a26ee106434a73c8c3b1666cf072e5654900cb743a0c6ff2ae,,,,,
0.877885462555066,,,7.293082522999612,988babfb79a4be0620cf47d259d4da35f8fc07573e92f83a2e388003c17759ba,0.8769858943681229,2774aed934e9b55963588c876b6d3f7f5fc8814e91c160cc44d904a8910dda15,2026-09-06T08:32:39.963254+00:00,1,7.253513499000292,True,7.0,1.1355720746169352e-08,2,0.579,NAA-GDP,0.012,0,20,,0,s0_p20_NAA-GDP_l2_r0,fcf8b4f93626e8cf9603afe70c3a614f6523366181d2f4df2620ee6efbb41bdb,3ea87f4a1b7b84a26ee106434a73c8c3b1666cf072e5654900cb743a0c6ff2ae,,,,,
0.842756183745583,,,1.081796141000268,988babfb79a4be0620cf47d259d4da35f8fc07573e92f83a2e388003c17759ba,0.841624149659864,2774aed934e9b55963588c876b6d3f7f5fc8814e91c160cc44d904a8910dda15,2026-09-06T08:33:15.199396+00:00,1,0.9735604870002135,True,10.0,3.3591144624535913e-08,2,0.464,NAA-GDP,0.012,0,2,,1,s0_p2_NAA-GDP_l2_r1,fcf8b4f93626e8cf9603afe70c3a614f6523366181d2f4df2620ee6efbb41bdb,3ea87f4a1b7b84a26ee106434a73c8c3b1666cf072e5654900cb743a0c6ff2ae,,,,,
0.8718942731277532,,,7.314425026999743,988babfb79a4be0620cf47d259d4da35f8fc07573e92f83a2e388003c17759ba,0.8713008825754852,2774aed934e9b55963588c876b6d3f7f5fc8814e91c160cc44d904a8910dda15,2026-09-06T08:33:39.787964+00:00,1,5.087779696000325,True,7.0,1.1197681809316674e-08,2,0.464,NAA-GDP,0.012,0,20,,1,s0_p20_NAA-GDP_l2_r1,fcf8b4f93626e8cf9603afe70c3a614f6523366181d2f4df2620ee6efbb41bdb,3ea87f4a1b7b84a26ee106434a73c8c3b1666cf072e5654900cb743a0c6ff2ae,,,,,
0.8392226148409894,,,1.0698850290000337,988babfb79a4be0620cf47d259d4da35f8fc07573e92f83a2e388003c17759ba,0.8389105642256903,2774aed934e9b55963588c876b6d3f7f5fc8814e91c160cc44d904a8910dda15,2026-09-06T08:34:26.282292+00:00,1,1.4831531650006582,True,10.0,3.191462136728874e-08,2,0.505,NAA-GDP,0.012,0,2,,2,s0_p2_NAA-GDP_l2_r2,fcf8b4f93626e8cf9603afe70c3a614f6523366181d2f4df2620ee6efbb41bdb,3ea87f4a1b7b84a26ee106434a73c8c3b1666cf072e5654900cb743a0c6ff2ae,,,,,
0.8766519823788547,,,7.2772441379993325,988babfb79a4be0620cf47d259d4da35f8fc07573e92f83a2e388003c17759ba,0.8761311489604588,2774aed934e9b55963588c876b6d3f7f5fc8814e91c160cc44d904a8910dda15,2026-09-06T08:34:54.398997+00:00,1,8.881346729000143,True,7.0,1.1225445230189069e-08,2,0.505,NAA-GDP,0.012,0,20,,2,s0_p20_NAA-GDP_l2_r2,fcf8b4f93626e8cf9603afe70c3a614f6523366181d2f4df2620ee6efbb41bdb,3ea87f4a1b7b84a26ee106434a73c8c3b1666cf072e5654900cb743a0c6ff2ae,,,,,
0.8480565371024735,,,1.0787164940002185,988babfb79a4be0620cf47d259d4da35f8fc07573e92f83a2e388003c17759ba,0.8475515206082433,2774aed934e9b55963588c876b6d3f7f5fc8814e91c160cc44d904a8910dda15,2026-09-06T08:35:33.021581+00:00,1,1.1366671350006072,True,10.0,3.297361548801448e-08,2,0.467,NAA-GDP,0.012,0,2,,3,s0_p2_NAA-GDP_l2_r3,fcf8b4f93626e8cf9603afe70c3a614f6523366181d2f4df2620ee6efbb41bdb,3ea87f4a1b7b84a26ee106434a73c8c3b1666cf072e5654900cb743a0c6ff2ae,,,,,
0.8750660792951542,,,7.305974485000661,988babfb79a4be0620cf47d259d4da35f8fc07573e92f83a2e388003c17759ba,0.8746360131902375,2774aed934e9b55963588c876b6d3f7f5fc8814e91c160cc44d904a8910dda15,2026-09-06T08:36:02.755618+00:00,1,9.133211807999942,True,7.0,1.1253621293716555e-08,2,0.467,NAA-GDP,0.012,0,20,,3,s0_p20_NAA-GDP_l2_r3,fcf8b4f93626e8cf9603afe70c3a614f6523366181d2f4df2620ee6efbb41bdb,3ea87f4a1b7b84a26ee106434a73c8c3b1666cf072e5654900cb743a0c6ff2ae,,,,,
0.8250883392226148,,,1.772208631000467,988babfb79a4be0620cf47d259d4da35f8fc07573e92f83a2e388003c17759ba,0.8273684473789515,2774aed934e9b55963588c876b6d3f7f5fc8814e91c160cc44d904a8910dda15,2026-09-06T08:36:40.223663+00:00,1,0.7546925110000302,True,19.0,4.9820021765535085e-08,3,0.339,NAA-GDP,0.018,0,2,,0,s0_p2_NAA-GDP_l3_r0,fcf8b4f93626e8cf9603afe70c3a614f6523366181d2f4df2620ee6efbb41bdb,3ea87f4a1b7b84a26ee106434a73c8c3b1666cf072e5654900cb743a0c6ff2ae,,,,,
0.8687224669603524,,,8.656150196999988,988babfb79a4be0620cf47d259d4da35f8fc07573e92f83a2e388003c17759ba,0.866758745200649,2774aed934e9b55963588c876b6d3f7f5fc8814e91c160cc44d904a8910dda15,2026-09-06T08:37:11.746479+00:00,1,7.701012033000552,True,9.0,6.833425580473562e-08,3,0.339,NAA-GDP,0.018,0,20,,0,s0_p20_NAA-GDP_l3_r0,fcf8b4f93626e8cf9603afe70c3a614f6523366181d2f4df2620ee6efbb41bdb,3ea87f4a1b7b84a26ee106434a73c8c3b1666cf072e5654900cb743a0c6ff2ae,,,,,
0.8551236749116607,,,1.694392606999827,988babfb79a4be0620cf47d259d4da35f8fc07573e92f83a2e388003c17759ba,0.8551795718287314,2774aed934e9b55963588c876b6d3f7f5fc8814e91c160cc44d904a8910dda15,2026-09-06T08:37:55.201562+00:00,1,1.2455277629997,True,18.0,9.759519079716167e-08,3,0.417,NAA-GDP,0.018,0,2,,1,s0_p2_NAA-GDP_l3_r1,fcf8b4f93626e8cf9603afe70c3a614f6523366181d2f4df2620ee6efbb41bdb,3ea87f4a1b7b84a26ee106434a73c8c3b1666cf072e5654900cb743a0c6ff2ae,,,,,
0.8711894273127754,,,8.659077430999787,988babfb79a4be0620cf47d259d4da35f8fc07573e92f83a2e388003c17759ba,0.8700057327222743,2774aed934e9b55963588c876b6d3f7f5fc8814e91c160cc44d904a8910dda15,2026-09-06T08:38:26.532445+00:00,1,8.936387698000544,True,9.0,6.956933719571828e-08,3,0.417,NAA-GDP,0.018,0,20,,1,s0_p20_NAA-GDP_l3_r1,fcf8b4f93626e8cf9603afe70c3a614f6523366181d2f4df2620ee6efbb41bdb,3ea87f4a1b7b84a26ee106434a73c8c3b1666cf072e5654900cb743a0c6ff2ae,,,,,
0.8533568904593639,,,1.6746977199991306,988babfb79a4be0620cf47d259d4da35f8fc07573e92f83a2e388003c17759ba,0.8519657863145258,2774aed934e9b55963588c876b6d3f7f5fc8814e91c160cc44d904a8910dda15,2026-09-06T08:39:09.510022+00:00,1,0.7708797270006471,True,18.0,9.478210177273164e-08,3,0.322,NAA-GDP,0.018,0,2,,2,s0_p2_NAA-GDP_l3_r2,fcf8b4f93626e8cf9603afe70c3a614f6523366181d2f4df2620ee6efbb41bdb,3ea87f4a1b7b84a26ee106434a73c8c3b1666cf072e5654900cb743a0c6ff2ae,,,,,
0.8729515418502203,,,8.648335607999798,988babfb79a4be0620cf47d259d4da35f8fc07573e92f83a2e388003c17759ba,0.8725610737707304,2774aed934e9b55963588c876b6d3f7f5fc8814e91c160cc44d904a8910dda15,2026-09-06T08:39:42.208685+00:00,1,9.072399749000397,True,9.0,6.91820691960232e-08,3,0.322,NAA-GDP,0.018,0,20,,2,s0_p20_NAA-GDP_l3_r2,fcf8b4f93626e8cf9603afe70c3a614f6523366181d2f4df2620ee6efbb41bdb,3ea87f4a1b7b84a26ee106434a73c8c3b1666cf072e5654900cb743a0c6ff2ae,,,,,
0.8462897526501767,,,1.7683371020002596,988babfb79a4be0620cf47d259d4da35f8fc07573e92f83a2e388003c17759ba,0.845438175270108,2774aed934e9b55963588c876b6d3f7f5fc8814e91c160cc44d904a8910dda15,2026-09-06T08:40:24.888891+00:00,1,0.8213479399992138,True,19.0,4.7279238546577145e-08,3,0.385,NAA-GDP,0.018,0,2,,3,s0_p2_NAA-GDP_l3_r3,fcf8b4f93626e8cf9603afe70c3a614f6523366181d2f4df2620ee6efbb41bdb,3ea87f4a1b7b84a26ee106434a73c8c3b1666cf072e5654900cb743a0c6ff2ae,,,,,
0.8657268722466961,,,8.657484461999957,988babfb79a4be0620cf47d259d4da35f8fc07573e92f83a2e388003c17759ba,0.8638515782278972,2774aed934e9b55963588c876b6d3f7f5fc8814e91c160cc44d904a8910dda15,2026-09-06T08:40:55.805430+00:00,1,8.04264756900011,True,9.0,6.983280006691504e-08,3,0.385,NAA-GDP,0.018,0,20,,3,s0_p20_NAA-GDP_l3_r3,fcf8b4f93626e8cf9603afe70c3a614f6523366181d2f4df2620ee6efbb41bdb,3ea87f4a1b7b84a26ee106434a73c8c3b1666cf072e5654900cb743a0c6ff2ae,,,,,
0.8321554770318021,,,4.004033412999888,988babfb79a4be0620cf47d259d4da35f8fc07573e92f83a2e388003c17759ba,0.8318327330932374,2774aed934e9b55963588c876b6d3f7f5fc8814e91c160cc44d904a8910dda15,2026-09-06T08:41:40.996877+00:00,1,1.2138881789996958,True,49.0,9.081463540874312e-08,4,0.259,NAA-GDP,0.024,0,2,,0,s0_p2_NAA-GDP_l4_r0,fcf8b4f93626e8cf9603afe70c3a614f6523366181d2f4df2620ee6efbb41bdb,3ea87f4a1b7b84a26ee106434a73c8c3b1666cf072e5654900cb743a0c6ff2ae,,,,,
0.8699559471365639,,,11.552210339999874,988babfb79a4be0620cf47d259d4da35f8fc07573e92f83a2e388003c17759ba,0.8691366181865141,2774aed934e9b55963588c876b6d3f7f5fc8814e91c160cc44d904a8910dda15,2026-09-06T08:42:19.812193+00:00,1,8.890474208000342,True,13.0,5.481402112074903e-08,4,0.259,NAA-GDP,0.024,0,20,,0,s0_p20_NAA-GDP_l4_r0,fcf8b4f93626e8cf9603afe70c3a614f6523366181d2f4df2620ee6efbb41bdb,3ea87f4a1b7b84a26ee106434a73c8c3b1666cf072e5654900cb743a0c6ff2ae,,,,,
0.8286219081272085,,,4.12876295300066,988babfb79a4be0620cf47d259d4da35f8fc07573e92f83a2e388003c17759ba,0.8278811524609844,2774aed934e9b55963588c876b6d3f7f5fc8814e91c160cc44d904a8910dda15,2026-09-06T08:43:11.880001+00:00,1,1.6547414429996934,True,50.0,9.516530294916674e-08,4,0.287,NAA-GDP,0.024,0,2,,1,s0_p2_NAA-GDP_l4_r1,fcf8b4f93626e8cf9603afe70c3a614f6523366181d2f4df2620ee6efbb41bdb,3ea87f4a1b7b84a26ee106434a73c8c3b1666cf072e5654900cb743a0c6ff2ae,,,,,
0.8659030837004406,,,11.544678623999971,988babfb79a4be0620cf47d259d4da35f8fc07573e92f83a2e388003c17759ba,0.8653859647333078,2774aed934e9b55963588c876b6d3f7f5fc8814e91c160cc44d904a8910dda15,2026-09-06T08:43:51.316552+00:00,1,9.121089761999428,True,13.0,5.5010230619649356e-08,4,0.287,NAA-GDP,0.024,0,20,,1,s0_p20_NAA-GDP_l4_r1,fcf8b4f93626e8cf9603afe70c3a614f6523366181d2f4df2620ee6efbb41bdb,3ea87f4a1b7b84a26ee106434a73c8c3b1666cf072e5654900cb743a0c6ff2ae,,,,,
0.8374558303886925,,,4.039773165000042,988babfb79a4be0620cf47d259d4da35f8fc07573e92f83a2e388003c17759ba,0.8388605442176871,2774aed934e9b55963588c876b6d3f7f5fc8814e91c160cc44d904a8910dda15,2026-09-06T08:44:42.929155+00:00,1,1.665899449999415,True,49.0,8.804933931474804e-08,4,0.339,NAA-GDP,0.024,0,2,,2,s0_p2_NAA-GDP_l4_r2,fcf8b4f93626e8cf9603afe70c3a614f6523366181d2f4df2620ee6efbb41bdb,3ea87f4a1b7b84a26ee106434a73c8c3b1666cf072e5654900cb743a0c6ff2ae,,,,,
0.8632599118942731,,,11.55712457000027,988babfb79a4be0620cf47d259d4da35f8fc07573e92f83a2e388003c17759ba,0.8637226915031551,2774aed934e9b55963588c876b6d3f7f5fc8814e91c160cc44d904a8910dda15,2026-09-06T08:45:22.623203+00:00,1,8.811133322999922,True,13.0,5.413948273445592e-08,4,0.339,NAA-GDP,0.024,0,20,,2,s0_p20_NAA-GDP_l4_r2,fcf8b4f93626e8cf9603afe70c3a614f6523366181d2f4df2620ee6efbb41bdb,3ea87f4a1b7b84a26ee106434a73c8c3b1666cf072e5654900cb743a0c6ff2ae,,,,,
0.8392226148409894,,,4.294144645000415,988babfb79a4be0620cf47d259d4da35f8fc07573e92f83a2e388003c17759ba,0.8394607843137255,2774aed934e9b55963588c876b6d3f7f5fc8814e91c160cc44d904a8910dda15,2026-09-06T08:46:12.804977+00:00,1,1.3823993840005642,True,52.0,8.244752145847778e-08,4,0.34,NAA-GDP,0.024,0,2,,3,s0_p2_NAA-GDP_l4_r3,fcf8b4f93626e8cf9603afe70c3a614f6523366181d2f4df2620ee6efbb41bdb,3ea87f4a1b7b84a26ee106434a73c8c3b1666cf072e5654900cb743a0c6ff2ae,,,,,
0.866079295154185,,,11.563013089999913,988babfb79a4be0620cf47d259d4da35f8fc07573e92f83a2e388003c17759ba,0.8665754921644087,2774aed934e9b55963588c876b6d3f7f5fc8814e91c160cc44d904a8910dda15,2026-09-06T08:46:52.322098+00:00,1,8.862839054999313,True,13.0,5.411226268898276e-08,4,0.34,NAA-GDP,0.024,0,20,,3,s0_p20_NAA-GDP_l4_r3,fcf8b4f93626e8cf9603afe70c3a614f6523366181d2f4df2620ee6efbb41bdb,3ea87f4a1b7b84a26ee106434a73c8c3b1666cf072e5654900cb743a0c6ff2ae,,,,,
0.8127208480565371,,,38.19253932100037,988babfb79a4be0620cf47d259d4da35f8fc07573e92f83a2e388003c17759ba,0.8127125850340136,2774aed934e9b55963588c876b6d3f7f5fc8814e91c160cc44d904a8910dda15,2026-09-06T08:48:19.907921+00:00,1,1.067706955000176,False,500.0,4.1826389423183724e-07,5,0.23,NAA-GDP,0.03,0,2,,0,s0_p2_NAA-GDP_l5_r0,fcf8b4f93626e8cf9603afe70c3a614f6523366181d2f4df2620ee6efbb41bdb,3ea87f4a1b7b84a26ee106434a73c8c3b1666cf072e5654900cb743a0c6ff2ae,,,,,
0.8604405286343613,,,15.869086085999697,988babfb79a4be0620cf47d259d4da35f8fc07573e92f83a2e388003c17759ba,0.8598496827470687,2774aed934e9b55963588c876b6d3f7f5fc8814e91c160cc44d904a8910dda15,2026-09-06T08:49:10.223723+00:00,1,7.146501634000742,True,19.0,7.89445216508571e-08,5,0.23,NAA-GDP,0.03,0,20,,0,s0_p20_NAA-GDP_l5_r0,fcf8b4f93626e8cf9603afe70c3a614f6523366181d2f4df2620ee6efbb41bdb,3ea87f4a1b7b84a26ee106434a73c8c3b1666cf072e5654900cb743a0c6ff2ae,,,,,
0.8356890459363958,,,25.088562857999932,988babfb79a4be0620cf47d259d4da35f8fc07573e92f83a2e388003c17759ba,0.835921868747499,2774aed934e9b55963588c876b6d3f7f5fc8814e91c160cc44d904a8910dda15,2026-09-06T08:50:29.250810+00:00,1,0.8431157689992688,True,327.0,9.946908626032149e-08,5,0.236,NAA-GDP,0.03,0,2,,1,s0_p2_NAA-GDP_l5_r1,fcf8b4f93626e8cf9603afe70c3a614f6523366181d2f4df2620ee6efbb41bdb,3ea87f4a1b7b84a26ee106434a73c8c3b1666cf072e5654900cb743a0c6ff2ae,,,,,
0.8618502202643172,,,15.833014421999906,988babfb79a4be0620cf47d259d4da35f8fc07573e92f83a2e388003c17759ba,0.86057199580098,2774aed934e9b55963588c876b6d3f7f5fc8814e91c160cc44d904a8910dda15,2026-09-06T08:51:21.949048+00:00,1,8.88402019499972,True,19.0,8.216881456687037e-08,5,0.236,NAA-GDP,0.03,0,20,,1,s0_p20_NAA-GDP_l5_r1,fcf8b4f93626e8cf9603afe70c3a614f6523366181d2f4df2620ee6efbb41bdb,3ea87f4a1b7b84a26ee106434a73c8c3b1666cf072e5654900cb743a0c6ff2ae,,,,,
0.8127208480565371,,,28.462314388999403,988babfb79a4be0620cf47d259d4da35f8fc07573e92f83a2e388003c17759ba,0.8118872549019608,2774aed934e9b55963588c876b6d3f7f5fc8814e91c160cc44d904a8910dda15,2026-09-06T08:52:44.709764+00:00,1,1.0730548510000517,True,370.0,9.925855103314555e-08,5,0.222,NAA-GDP,0.03,0,2,,2,s0_p2_NAA-GDP_l5_r2,fcf8b4f93626e8cf9603afe70c3a614f6523366181d2f4df2620ee6efbb41bdb,3ea87f4a1b7b84a26ee106434a73c8c3b1666cf072e5654900cb743a0c6ff2ae,,,,,
0.8551541850220264,,,15.862085486000069,988babfb79a4be0620cf47d259d4da35f8fc07573e92f83a2e388003c17759ba,0.8559196329067216,2774aed934e9b55963588c876b6d3f7f5fc8814e91c160cc44d904a8910dda15,2026-09-06T08:53:37.976691+00:00,1,8.578044260000752,True,19.0,8.226234383403685e-08,5,0.222,NAA-GDP,0.03,0,20,,2,s0_p20_NAA-GDP_l5_r2,fcf8b4f93626e8cf9603afe70c3a614f6523366181d2f4df2620ee6efbb41bdb,3ea87f4a1b7b84a26ee106434a73c8c3b1666cf072e5654900cb743a0c6ff2ae,,,,,
0.8480565371024735,,,38.24541390900049,988babfb79a4be0620cf47d259d4da35f8fc07573e92f83a2e388003c17759ba,0.8465886354541816,2774aed934e9b55963588c876b6d3f7f5fc8814e91c160cc44d904a8910dda15,2026-09-06T08:55:10.556251+00:00,1,1.08920410599967,False,500.0,2.1876653028794774e-07,5,0.26,NAA-GDP,0.03,0,2,,3,s0_p2_NAA-GDP_l5_r3,fcf8b4f93626e8cf9603afe70c3a614f6523366181d2f4df2620ee6efbb41bdb,3ea87f4a1b7b84a26ee106434a73c8c3b1666cf072e5654900cb743a0c6ff2ae,,,,,
0.853920704845815,,,15.906630569999834,988babfb79a4be0620cf47d259d4da35f8fc07573e92f83a2e388003c17759ba,0.8517599880369233,2774aed934e9b55963588c876b6d3f7f5fc8814e91c160cc44d904a8910dda15,2026-09-06T08:56:00.935885+00:00,1,5.537856156000089,True,19.0,8.035861208207142e-08,5,0.26,NAA-GDP,0.03,0,20,,3,s0_p20_NAA-GDP_l5_r3,fcf8b4f93626e8cf9603afe70c3a614f6523366181d2f4df2620ee6efbb41bdb,3ea87f4a1b7b84a26ee106434a73c8c3b1666cf072e5654900cb743a0c6ff2ae,,,,,
0.8356890459363958,,,38.09903774099985,988babfb79a4be0620cf47d259d4da35f8fc07573e92f83a2e388003c17759ba,0.8334458783513405,2774aed934e9b55963588c876b6d3f7f5fc8814e91c160cc44d904a8910dda15,2026-09-06T08:57:35.805546+00:00,1,1.0796099129993308,False,500.0,0.0037158435548247347,6,0.216,NAA-GDP,0.036,0,2,,0,s0_p2_NAA-GDP_l6_r0,fcf8b4f93626e8cf9603afe70c3a614f6523366181d2f4df2620ee6efbb41bdb,3ea87f4a1b7b84a26ee106434a73c8c3b1666cf072e5654900cb743a0c6ff2ae,,,,,
0.8595594713656388,,,25.98753739699987,988babfb79a4be0620cf47d259d4da35f8fc07573e92f83a2e388003c17759ba,0.8581553075080498,2774aed934e9b55963588c876b6d3f7f5fc8814e91c160cc44d904a8910dda15,2026-09-06T09:00:17.557492+00:00,1,9.15277296899967,True,33.0,8.891154377179833e-08,6,0.216,NAA-GDP,0.036,0,20,,0,s0_p20_NAA-GDP_l6_r0,fcf8b4f93626e8cf9603afe70c3a614f6523366181d2f4df2620ee6efbb41bdb,3ea87f4a1b7b84a26ee106434a73c8c3b1666cf072e5654900cb743a0c6ff2ae,,,,,
0.8604240282685512,,,38.111470482000186,988babfb79a4be0620cf47d259d4da35f8fc07573e92f83a2e388003c17759ba,0.8591811724689875,2774aed934e9b55963588c876b6d3f7f5fc8814e91c160cc44d904a8910dda15,2026-09-06T09:01:58.361990+00:00,1,1.0172560439996232,False,500.0,0.0014427624182395717,6,0.186,NAA-GDP,0.036,0,2,,1,s0_p2_NAA-GDP_l6_r1,fcf8b4f93626e8cf9603afe70c3a614f6523366181d2f4df2620ee6efbb41bdb,3ea87f4a1b7b84a26ee106434a73c8c3b1666cf072e5654900cb743a0c6ff2ae,,,,,
0.8433480176211454,,,26.03771195599984,988babfb79a4be0620cf47d259d4da35f8fc07573e92f83a2e388003c17759ba,0.84408668702148,2774aed934e9b55963588c876b6d3f7f5fc8814e91c160cc44d904a8910dda15,2026-09-06T09:04:42.017483+00:00,1,8.772875329000271,True,33.0,7.621412949354805e-08,6,0.186,NAA-GDP,0.036,0,20,,1,s0_p20_NAA-GDP_l6_r1,fcf8b4f93626e8cf9603afe70c3a614f6523366181d2f4df2620ee6efbb41bdb,3ea87f4a1b7b84a26ee106434a73c8c3b1666cf072e5654900cb743a0c6ff2ae,,,,,
0.823321554770318,,,38.17398773399964,988babfb79a4be0620cf47d259d4da35f8fc07573e92f83a2e388003c17759ba,0.824154661864746,2774aed934e9b55963588c876b6d3f7f5fc8814e91c160cc44d904a8910dda15,2026-09-06T09:06:22.366255+00:00,1,1.601219447999938,False,500.0,0.0007391519363610661,6,0.186,NAA-GDP,0.036,0,2,,2,s0_p2_NAA-GDP_l6_r2,fcf8b4f93626e8cf9603afe70c3a614f6523366181d2f4df2620ee6efbb41bdb,3ea87f4a1b7b84a26ee106434a73c8c3b1666cf072e5654900cb743a0c6ff2ae,,,,,
0.852511013215859,,,26.006443120999393,988babfb79a4be0620cf47d259d4da35f8fc07573e92f83a2e388003c17759ba,0.850175527297238,2774aed934e9b55963588c876b6d3f7f5fc8814e91c160cc44d904a8910dda15,2026-09-06T09:09:03.547369+00:00,1,8.541947046999667,True,33.0,7.774580344111863e-08,6,0.186,NAA-GDP,0.036,0,20,,2,s0_p20_NAA-GDP_l6_r2,fcf8b4f93626e8cf9603afe70c3a614f6523366181d2f4df2620ee6efbb41bdb,3ea87f4a1b7b84a26ee106434a73c8c3b1666cf072e5654900cb743a0c6ff2ae,,,,,
0.8639575971731449,,,38.21615216100054,988babfb79a4be0620cf47d259d4da35f8fc07573e92f83a2e388003c17759ba,0.8620323129251701,2774aed934e9b55963588c876b6d3f7f5fc8814e91c160cc44d904a8910dda15,2026-09-06T09:10:49.774014+00:00,1,1.5416436770001383,False,500.0,0.0013155304830167595,6,0.199,NAA-GDP,0.036,0,2,,3,s0_p2_NAA-GDP_l6_r3,fcf8b4f93626e8cf9603afe70c3a614f6523366181d2f4df2620ee6efbb41bdb,3ea87f4a1b7b84a26ee106434a73c8c3b1666cf072e5654900cb743a0c6ff2ae,,,,,
0.8516299559471365,,,26.77342707599928,988babfb79a4be0620cf47d259d4da35f8fc07573e92f83a2e388003c17759ba,0.8517142058798721,2774aed934e9b55963588c876b6d3f7f5fc8814e91c160cc44d904a8910dda15,2026-09-06T09:13:34.218412+00:00,1,6.88126132600064,True,34.0,6.239268439585746e-08,6,0.199,NAA-GDP,0.036,0,20,,3,s0_p20_NAA-GDP_l6_r3,fcf8b4f93626e8cf9603afe70c3a614f6523366181d2f4df2620ee6efbb41bdb,3ea87f4a1b7b84a26ee106434a73c8c3b1666cf072e5654900cb743a0c6ff2ae,,,,,
0.8409893992932862,,,38.17295365700011,988babfb79a4be0620cf47d259d4da35f8fc07573e92f83a2e388003c17759ba,0.8400610244097639,2774aed934e9b55963588c876b6d3f7f5fc8814e91c160cc44d904a8910dda15,2026-09-06T09:15:18.062276+00:00,1,1.1113039030005893,False,500.0,0.004372176299972953,7,0.212,NAA-GDP,0.042,0,2,,0,s0_p2_NAA-GDP_l7_r0,fcf8b4f93626e8cf9603afe70c3a614f6523366181d2f4df2620ee6efbb41bdb,3ea87f4a1b7b84a26ee106434a73c8c3b1666cf072e5654900cb743a0c6ff2ae,,,,,
0.8408810572687224,,,105.93965389200002,988babfb79a4be0620cf47d259d4da35f8fc07573e92f83a2e388003c17759ba,0.8397045383802522,2774aed934e9b55963588c876b6d3f7f5fc8814e91c160cc44d904a8910dda15,2026-09-06T09:21:58.617872+00:00,1,7.53597896699921,True,142.0,9.919037476247563e-08,7,0.212,NAA-GDP,0.042,0,20,,0,s0_p20_NAA-GDP_l7_r0,fcf8b4f93626e8cf9603afe70c3a614f6523366181d2f4df2620ee6efbb41bdb,3ea87f4a1b7b84a26ee106434a73c8c3b1666cf072e5654900cb743a0c6ff2ae,,,,,
0.823321554770318,,,38.111337942998944,988babfb79a4be0620cf47d259d4da35f8fc07573e92f83a2e388003c17759ba,0.8236044417767108,2774aed934e9b55963588c876b6d3f7f5fc8814e91c160cc44d904a8910dda15,2026-09-06T09:24:13.367528+00:00,1,1.0197898090009403,False,500.0,0.0012443973554930965,7,0.183,NAA-GDP,0.042,0,2,,1,s0_p2_NAA-GDP_l7_r1,fcf8b4f93626e8cf9603afe70c3a614f6523366181d2f4df2620ee6efbb41bdb,3ea87f4a1b7b84a26ee106434a73c8c3b1666cf072e5654900cb743a0c6ff2ae,,,,,
0.8401762114537445,,,204.4756833700012,988babfb79a4be0620cf47d259d4da35f8fc07573e92f83a2e388003c17759ba,0.840708449022439,2774aed934e9b55963588c876b6d3f7f5fc8814e91c160cc44d904a8910dda15,2026-09-06T09:32:33.404864+00:00,1,7.803266782000719,True,276.0,9.930685173888526e-08,7,0.183,NAA-GDP,0.042,0,20,,1,s0_p20_NAA-GDP_l7_r1,fcf8b4f93626e8cf9603afe70c3a614f6523366181d2f4df2620ee6efbb41bdb,3ea87f4a1b7b84a26ee106434a73c8c3b1666cf072e5654900cb743a0c6ff2ae,,,,,
0.8498233215547704,,,38.07402259000082,988babfb79a4be0620cf47d259d4da35f8fc07573e92f83a2e388003c17759ba,0.8509028611444578,2774aed934e9b55963588c876b6d3f7f5fc8814e91c160cc44d904a8910dda15,2026-09-06T09:34:45.376208+00:00,1,1.0489284609993774,False,500.0,0.0006096329701026688,7,0.179,NAA-GDP,0.042,0,2,,2,s0_p2_NAA-GDP_l7_r2,fcf8b4f93626e8cf9603afe70c3a614f6523366181d2f4df2620ee6efbb41bdb,3ea87f4a1b7b84a26ee106434a73c8c3b1666cf072e5654900cb743a0c6ff2ae,,,,,
0.8421145374449339,,,92.10009269699913,988babfb79a4be0620cf47d259d4da35f8fc07573e92f83a2e388003c17759ba,0.8417519214199037,2774aed934e9b55963588c876b6d3f7f5fc8814e91c160cc44d904a8910dda15,2026-09-06T09:41:14.258668+00:00,1,8.87381791199914,True,123.0,9.11868446408375e-08,7,0.179,NAA-GDP,0.042,0,20,,2,s0_p20_NAA-GDP_l7_r2,fcf8b4f93626e8cf9603afe70c3a614f6523366181d2f4df2620ee6efbb41bdb,3ea87f4a1b7b84a26ee106434a73c8c3b1666cf072e5654900cb743a0c6ff2ae,,,,,
0.8127208480565371,,,38.096070498999325,988babfb79a4be0620cf47d259d4da35f8fc07573e92f83a2e388003c17759ba,0.811749699879952,2774aed934e9b55963588c876b6d3f7f5fc8814e91c160cc44d904a8910dda15,2026-09-06T09:43:28.550667+00:00,1,1.005752074999691,False,500.0,0.0005535406597500699,7,0.15,NAA-GDP,0.042,0,2,,3,s0_p2_NAA-GDP_l7_r3,fcf8b4f93626e8cf9603afe70c3a614f6523366181d2f4df2620ee6efbb41bdb,3ea87f4a1b7b84a26ee106434a73c8c3b1666cf072e5654900cb743a0c6ff2ae,,,,,
0.8387665198237886,,,87.83796838600028,988babfb79a4be0620cf47d259d4da35f8fc07573e92f83a2e388003c17759ba,0.8365519143535274,2774aed934e9b55963588c876b6d3f7f5fc8814e91c160cc44d904a8910dda15,2026-09-06T09:49:58.700602+00:00,1,12.326093181000033,True,117.0,8.952131397891671e-08,7,0.15,NAA-GDP,0.042,0,20,,3,s0_p20_NAA-GDP_l7_r3,fcf8b4f93626e8cf9603afe70c3a614f6523366181d2f4df2620ee6efbb41bdb,3ea87f4a1b7b84a26ee106434a73c8c3b1666cf072e5654900cb743a0c6ff2ae,,,,,
0.8303886925795053,,,38.30808962999981,988babfb79a4be0620cf47d259d4da35f8fc07573e92f83a2e388003c17759ba,0.8304071628651462,2774aed934e9b55963588c876b6d3f7f5fc8814e91c160cc44d904a8910dda15,2026-09-06T09:52:18.081194+00:00,1,1.3822507839995524,False,500.0,0.0011431294378047559,8,0.124,NAA-GDP,0.048,0,2,,0,s0_p2_NAA-GDP_l8_r0,fcf8b4f93626e8cf9603afe70c3a614f6523366181d2f4df2620ee6efbb41bdb,3ea87f4a1b7b84a26ee106434a73c8c3b1666cf072e5654900cb743a0c6ff2ae,,,,,
0.8359471365638766,,,368.7497009940016,988babfb79a4be0620cf47d259d4da35f8fc07573e92f83a2e388003c17759ba,0.835179133886186,2774aed934e9b55963588c876b6d3f7f5fc8814e91c160cc44d904a8910dda15,2026-09-06T10:03:22.639028+00:00,1,7.804196363000301,False,500.0,0.02225896474519787,8,0.124,NAA-GDP,0.048,0,20,,0,s0_p20_NAA-GDP_l8_r0,fcf8b4f93626e8cf9603afe70c3a614f6523366181d2f4df2620ee6efbb41bdb,3ea87f4a1b7b84a26ee106434a73c8c3b1666cf072e5654900cb743a0c6ff2ae,,,,,
0.8215547703180212,,,38.10798997799975,988babfb79a4be0620cf47d259d4da35f8fc07573e92f83a2e388003c17759ba,0.8209408763505402,2774aed934e9b55963588c876b6d3f7f5fc8814e91c160cc44d904a8910dda15,2026-09-06T10:19:40.041910+00:00,1,1.0691375039987179,False,500.0,0.0005166477342305956,8,0.132,NAA-GDP,0.048,0,2,,1,s0_p2_NAA-GDP_l8_r1,fcf8b4f93626e8cf9603afe70c3a614f6523366181d2f4df2620ee6efbb41bdb,3ea87f4a1b7b84a26ee106434a73c8c3b1666cf072e5654900cb743a0c6ff2ae,,,,,
0.838942731277533,,,368.91267386099935,988babfb79a4be0620cf47d259d4da35f8fc07573e92f83a2e388003c17759ba,0.8379426095779756,2774aed934e9b55963588c876b6d3f7f5fc8814e91c160cc44d904a8910dda15,2026-09-06T10:30:46.633836+00:00,1,8.746091975999661,False,500.0,0.008789958917368149,8,0.132,NAA-GDP,0.048,0,20,,1,s0_p20_NAA-GDP_l8_r1,fcf8b4f93626e8cf9603afe70c3a614f6523366181d2f4df2620ee6efbb41bdb,3ea87f4a1b7b84a26ee106434a73c8c3b1666cf072e5654900cb743a0c6ff2ae,,,,,
0.8250883392226148,,,38.116191158999754,988babfb79a4be0620cf47d259d4da35f8fc07573e92f83a2e388003c17759ba,0.8258553421368547,2774aed934e9b55963588c876b6d3f7f5fc8814e91c160cc44d904a8910dda15,2026-09-06T11:01:48.837452+00:00,1,2.291595920999953,False,500.0,0.0011919686653195335,8,0.146,NAA-GDP,0.048,0,2,,2,s0_p2_NAA-GDP_l8_r2,fcf8b4f93626e8cf9603afe70c3a614f6523366181d2f4df2620ee6efbb41bdb,3ea87f4a1b7b84a26ee106434a73c8c3b1666cf072e5654900cb743a0c6ff2ae,a12dcb1ba4e2a21b6a4474c284e3079c1b8e06dc282072a6d2d3a684bd02794b,1a980269c1778978c64462bf76cf00949cd95e29e33d5066107809299e5dec35,p2_20,celeba-three-workers-v1,
0.8348898678414097,,,369.1862175370002,988babfb79a4be0620cf47d259d4da35f8fc07573e92f83a2e388003c17759ba,0.8341344796123844,2774aed934e9b55963588c876b6d3f7f5fc8814e91c160cc44d904a8910dda15,2026-09-06T11:08:06.615718+00:00,1,8.209067609999693,False,500.0,0.009872854497603322,8,0.146,NAA-GDP,0.048,0,20,,2,s0_p20_NAA-GDP_l8_r2,fcf8b4f93626e8cf9603afe70c3a614f6523366181d2f4df2620ee6efbb41bdb,3ea87f4a1b7b84a26ee106434a73c8c3b1666cf072e5654900cb743a0c6ff2ae,a12dcb1ba4e2a21b6a4474c284e3079c1b8e06dc282072a6d2d3a684bd02794b,1a980269c1778978c64462bf76cf00949cd95e29e33d5066107809299e5dec35,p2_20,celeba-three-workers-v1,
0.8321554770318021,,,38.105229663000046,988babfb79a4be0620cf47d259d4da35f8fc07573e92f83a2e388003c17759ba,0.8319702881152461,2774aed934e9b55963588c876b6d3f7f5fc8814e91c160cc44d904a8910dda15,2026-09-06T11:08:46.628613+00:00,1,0.9712910579996787,False,500.0,0.001401928921398792,8,0.093,NAA-GDP,0.048,0,2,,3,s0_p2_NAA-GDP_l8_r3,fcf8b4f93626e8cf9603afe70c3a614f6523366181d2f4df2620ee6efbb41bdb,3ea87f4a1b7b84a26ee106434a73c8c3b1666cf072e5654900cb743a0c6ff2ae,a12dcb1ba4e2a21b6a4474c284e3079c1b8e06dc282072a6d2d3a684bd02794b,1a980269c1778978c64462bf76cf00949cd95e29e33d5066107809299e5dec35,p2_20,celeba-three-workers-v1,
0.8322466960352423,,,369.18093250699985,988babfb79a4be0620cf47d259d4da35f8fc07573e92f83a2e388003c17759ba,0.8310199244445119,2774aed934e9b55963588c876b6d3f7f5fc8814e91c160cc44d904a8910dda15,2026-09-06T11:15:03.556329+00:00,1,7.3932803100001365,False,500.0,0.01746024629067866,8,0.093,NAA-GDP,0.048,0,20,,3,s0_p20_NAA-GDP_l8_r3,fcf8b4f93626e8cf9603afe70c3a614f6523366181d2f4df2620ee6efbb41bdb,3ea87f4a1b7b84a26ee106434a73c8c3b1666cf072e5654900cb743a0c6ff2ae,a12dcb1ba4e2a21b6a4474c284e3079c1b8e06dc282072a6d2d3a684bd02794b,1a980269c1778978c64462bf76cf00949cd95e29e33d5066107809299e5dec35,p2_20,celeba-three-workers-v1,
0.8127208480565371,,,38.12879654800008,988babfb79a4be0620cf47d259d4da35f8fc07573e92f83a2e388003c17759ba,0.8129876950780313,2774aed934e9b55963588c876b6d3f7f5fc8814e91c160cc44d904a8910dda15,2026-09-06T11:15:43.718692+00:00,1,1.2190533279999727,False,500.0,0.0010729656188850115,9,0.117,NAA-GDP,0.054,0,2,,0,s0_p2_NAA-GDP_l9_r0,fcf8b4f93626e8cf9603afe70c3a614f6523366181d2f4df2620ee6efbb41bdb,3ea87f4a1b7b84a26ee106434a73c8c3b1666cf072e5654900cb743a0c6ff2ae,a12dcb1ba4e2a21b6a4474c284e3079c1b8e06dc282072a6d2d3a684bd02794b,1a980269c1778978c64462bf76cf00949cd95e29e33d5066107809299e5dec35,p2_20,celeba-three-workers-v1,
0.8262555066079296,,,369.79147137200016,988babfb79a4be0620cf47d259d4da35f8fc07573e92f83a2e388003c17759ba,0.8254211274204517,2774aed934e9b55963588c876b6d3f7f5fc8814e91c160cc44d904a8910dda15,2026-09-06T11:22:01.488636+00:00,1,7.6276787329998115,False,500.0,0.043836931335662424,9,0.117,NAA-GDP,0.054,0,20,,0,s0_p20_NAA-GDP_l9_r0,fcf8b4f93626e8cf9603afe70c3a614f6523366181d2f4df2620ee6efbb41bdb,3ea87f4a1b7b84a26ee106434a73c8c3b1666cf072e5654900cb743a0c6ff2ae,a12dcb1ba4e2a21b6a4474c284e3079c1b8e06dc282072a6d2d3a684bd02794b,1a980269c1778978c64462bf76cf00949cd95e29e33d5066107809299e5dec35,p2_20,celeba-three-workers-v1,
0.8374558303886925,,,38.16508160600006,988babfb79a4be0620cf47d259d4da35f8fc07573e92f83a2e388003c17759ba,0.837484993997599,2774aed934e9b55963588c876b6d3f7f5fc8814e91c160cc44d904a8910dda15,2026-09-06T11:22:41.796904+00:00,1,1.3307873580001797,False,500.0,0.002445672987752878,9,0.156,NAA-GDP,0.054,0,2,,1,s0_p2_NAA-GDP_l9_r1,fcf8b4f93626e8cf9603afe70c3a614f6523366181d2f4df2620ee6efbb41bdb,3ea87f4a1b7b84a26ee106434a73c8c3b1666cf072e5654900cb743a0c6ff2ae,a12dcb1ba4e2a21b6a4474c284e3079c1b8e06dc282072a6d2d3a684bd02794b,1a980269c1778978c64462bf76cf00949cd95e29e33d5066107809299e5dec35,p2_20,celeba-three-workers-v1,
0.8230837004405286,,,369.56135656800006,988babfb79a4be0620cf47d259d4da35f8fc07573e92f83a2e388003c17759ba,0.8219997820371219,2774aed934e9b55963588c876b6d3f7f5fc8814e91c160cc44d904a8910dda15,2026-09-06T11:29:02.083136+00:00,1,10.376577196999733,False,500.0,0.04433596633257488,9,0.156,NAA-GDP,0.054,0,20,,1,s0_p20_NAA-GDP_l9_r1,fcf8b4f93626e8cf9603afe70c3a614f6523366181d2f4df2620ee6efbb41bdb,3ea87f4a1b7b84a26ee106434a73c8c3b1666cf072e5654900cb743a0c6ff2ae,a12dcb1ba4e2a21b6a4474c284e3079c1b8e06dc282072a6d2d3a684bd02794b,1a980269c1778978c64462bf76cf00949cd95e29e33d5066107809299e5dec35,p2_20,celeba-three-workers-v1,
0.8250883392226148,,,38.17537402100015,988babfb79a4be0620cf47d259d4da35f8fc07573e92f83a2e388003c17759ba,0.8251675670268107,2774aed934e9b55963588c876b6d3f7f5fc8814e91c160cc44d904a8910dda15,2026-09-06T11:29:42.482118+00:00,1,1.406734699000026,False,500.0,0.00271377177695869,9,0.13,NAA-GDP,0.054,0,2,,2,s0_p2_NAA-GDP_l9_r2,fcf8b4f93626e8cf9603afe70c3a614f6523366181d2f4df2620ee6efbb41bdb,3ea87f4a1b7b84a26ee106434a73c8c3b1666cf072e5654900cb743a0c6ff2ae,a12dcb1ba4e2a21b6a4474c284e3079c1b8e06dc282072a6d2d3a684bd02794b,1a980269c1778978c64462bf76cf00949cd95e29e33d5066107809299e5dec35,p2_20,celeba-three-workers-v1,
0.8317180616740089,,,370.0872163609997,988babfb79a4be0620cf47d259d4da35f8fc07573e92f83a2e388003c17759ba,0.8309574094066906,2774aed934e9b55963588c876b6d3f7f5fc8814e91c160cc44d904a8910dda15,2026-09-06T11:36:00.587189+00:00,1,7.66732478799986,False,500.0,0.03264017033731904,9,0.13,NAA-GDP,0.054,0,20,,2,s0_p20_NAA-GDP_l9_r2,fcf8b4f93626e8cf9603afe70c3a614f6523366181d2f4df2620ee6efbb41bdb,3ea87f4a1b7b84a26ee106434a73c8c3b1666cf072e5654900cb743a0c6ff2ae,a12dcb1ba4e2a21b6a4474c284e3079c1b8e06dc282072a6d2d3a684bd02794b,1a980269c1778978c64462bf76cf00949cd95e29e33d5066107809299e5dec35,p2_20,celeba-three-workers-v1,
0.8250883392226148,,,37.97497018099966,988babfb79a4be0620cf47d259d4da35f8fc07573e92f83a2e388003c17759ba,0.8253051220488196,2774aed934e9b55963588c876b6d3f7f5fc8814e91c160cc44d904a8910dda15,2026-09-06T11:36:40.193707+00:00,1,0.8173217869998552,False,500.0,0.00183996505853292,9,0.119,NAA-GDP,0.054,0,2,,3,s0_p2_NAA-GDP_l9_r3,fcf8b4f93626e8cf9603afe70c3a614f6523366181d2f4df2620ee6efbb41bdb,3ea87f4a1b7b84a26ee106434a73c8c3b1666cf072e5654900cb743a0c6ff2ae,a12dcb1ba4e2a21b6a4474c284e3079c1b8e06dc282072a6d2d3a684bd02794b,1a980269c1778978c64462bf76cf00949cd95e29e33d5066107809299e5dec35,p2_20,celeba-three-workers-v1,
0.8251982378854625,,,369.43773403999967,988babfb79a4be0620cf47d259d4da35f8fc07573e92f83a2e388003c17759ba,0.8225947012627166,2774aed934e9b55963588c876b6d3f7f5fc8814e91c160cc44d904a8910dda15,2026-09-06T11:42:57.232913+00:00,1,7.264386883000043,False,500.0,0.03867061863942374,9,0.119,NAA-GDP,0.054,0,20,,3,s0_p20_NAA-GDP_l9_r3,fcf8b4f93626e8cf9603afe70c3a614f6523366181d2f4df2620ee6efbb41bdb,3ea87f4a1b7b84a26ee106434a73c8c3b1666cf072e5654900cb743a0c6ff2ae,a12dcb1ba4e2a21b6a4474c284e3079c1b8e06dc282072a6d2d3a684bd02794b,1a980269c1778978c64462bf76cf00949cd95e29e33d5066107809299e5dec35,p2_20,celeba-three-workers-v1,
0.8392226148409894,,,38.16763100999924,988babfb79a4be0620cf47d259d4da35f8fc07573e92f83a2e388003c17759ba,0.8386354541816726,2774aed934e9b55963588c876b6d3f7f5fc8814e91c160cc44d904a8910dda15,2026-09-06T11:43:37.267691+00:00,1,1.0560384270002032,False,500.0,0.006387501420149599,10,0.124,NAA-GDP,0.06,0,2,,0,s0_p2_NAA-GDP_l10_r0,fcf8b4f93626e8cf9603afe70c3a614f6523366181d2f4df2620ee6efbb41bdb,3ea87f4a1b7b84a26ee106434a73c8c3b1666cf072e5654900cb743a0c6ff2ae,a12dcb1ba4e2a21b6a4474c284e3079c1b8e06dc282072a6d2d3a684bd02794b,1a980269c1778978c64462bf76cf00949cd95e29e33d5066107809299e5dec35,p2_20,celeba-three-workers-v1,
0.8243171806167401,,,370.63266169300005,988babfb79a4be0620cf47d259d4da35f8fc07573e92f83a2e388003c17759ba,0.8227683126762084,2774aed934e9b55963588c876b6d3f7f5fc8814e91c160cc44d904a8910dda15,2026-09-06T11:49:55.604992+00:00,1,7.364146892999997,False,500.0,0.039115995093079704,10,0.124,NAA-GDP,0.06,0,20,,0,s0_p20_NAA-GDP_l10_r0,fcf8b4f93626e8cf9603afe70c3a614f6523366181d2f4df2620ee6efbb41bdb,3ea87f4a1b7b84a26ee106434a73c8c3b1666cf072e5654900cb743a0c6ff2ae,a12dcb1ba4e2a21b6a4474c284e3079c1b8e06dc282072a6d2d3a684bd02794b,1a980269c1778978c64462bf76cf00949cd95e29e33d5066107809299e5dec35,p2_20,celeba-three-workers-v1,
0.8268551236749117,,,38.14016834300037,988babfb79a4be0620cf47d259d4da35f8fc07573e92f83a2e388003c17759ba,0.8271433573429372,2774aed934e9b55963588c876b6d3f7f5fc8814e91c160cc44d904a8910dda15,2026-09-06T11:50:35.841885+00:00,1,1.2689948639999784,False,500.0,0.0003747352805722806,10,0.152,NAA-GDP,0.06,0,2,,1,s0_p2_NAA-GDP_l10_r1,fcf8b4f93626e8cf9603afe70c3a614f6523366181d2f4df2620ee6efbb41bdb,3ea87f4a1b7b84a26ee106434a73c8c3b1666cf072e5654900cb743a0c6ff2ae,a12dcb1ba4e2a21b6a4474c284e3079c1b8e06dc282072a6d2d3a684bd02794b,1a980269c1778978c64462bf76cf00949cd95e29e33d5066107809299e5dec35,p2_20,celeba-three-workers-v1,
0.8207929515418502,,,370.26669760499954,988babfb79a4be0620cf47d259d4da35f8fc07573e92f83a2e388003c17759ba,0.8205889327109281,2774aed934e9b55963588c876b6d3f7f5fc8814e91c160cc44d904a8910dda15,2026-09-06T11:56:57.922722+00:00,1,11.471044109000104,False,500.0,0.03805540251125388,10,0.152,NAA-GDP,0.06,0,20,,1,s0_p20_NAA-GDP_l10_r1,fcf8b4f93626e8cf9603afe70c3a614f6523366181d2f4df2620ee6efbb41bdb,3ea87f4a1b7b84a26ee106434a73c8c3b1666cf072e5654900cb743a0c6ff2ae,a12dcb1ba4e2a21b6a4474c284e3079c1b8e06dc282072a6d2d3a684bd02794b,1a980269c1778978c64462bf76cf00949cd95e29e33d5066107809299e5dec35,p2_20,celeba-three-workers-v1,
0.8127208480565371,,,38.040273782999975,988babfb79a4be0620cf47d259d4da35f8fc07573e92f83a2e388003c17759ba,0.8113370348139256,2774aed934e9b55963588c876b6d3f7f5fc8814e91c160cc44d904a8910dda15,2026-09-06T11:57:37.790802+00:00,1,1.012202468000396,False,500.0,0.0016423447475503654,10,0.162,NAA-GDP,0.06,0,2,,2,s0_p2_NAA-GDP_l10_r2,fcf8b4f93626e8cf9603afe70c3a614f6523366181d2f4df2620ee6efbb41bdb,3ea87f4a1b7b84a26ee106434a73c8c3b1666cf072e5654900cb743a0c6ff2ae,a12dcb1ba4e2a21b6a4474c284e3079c1b8e06dc282072a6d2d3a684bd02794b,1a980269c1778978c64462bf76cf00949cd95e29e33d5066107809299e5dec35,p2_20,celeba-three-workers-v1,
0.8190308370044053,,,370.52510900200014,988babfb79a4be0620cf47d259d4da35f8fc07573e92f83a2e388003c17759ba,0.8177318399724511,2774aed934e9b55963588c876b6d3f7f5fc8814e91c160cc44d904a8910dda15,2026-09-06T12:03:57.785914+00:00,1,9.122724832999666,False,500.0,0.03278172256239732,10,0.162,NAA-GDP,0.06,0,20,,2,s0_p20_NAA-GDP_l10_r2,fcf8b4f93626e8cf9603afe70c3a614f6523366181d2f4df2620ee6efbb41bdb,3ea87f4a1b7b84a26ee106434a73c8c3b1666cf072e5654900cb743a0c6ff2ae,a12dcb1ba4e2a21b6a4474c284e3079c1b8e06dc282072a6d2d3a684bd02794b,1a980269c1778978c64462bf76cf00949cd95e29e33d5066107809299e5dec35,p2_20,celeba-three-workers-v1,
0.823321554770318,,,38.11765953199938,988babfb79a4be0620cf47d259d4da35f8fc07573e92f83a2e388003c17759ba,0.8249799919967987,2774aed934e9b55963588c876b6d3f7f5fc8814e91c160cc44d904a8910dda15,2026-09-06T12:04:37.851624+00:00,1,1.119420297999568,False,500.0,0.0022604866128049135,10,0.097,NAA-GDP,0.06,0,2,,3,s0_p2_NAA-GDP_l10_r3,fcf8b4f93626e8cf9603afe70c3a614f6523366181d2f4df2620ee6efbb41bdb,3ea87f4a1b7b84a26ee106434a73c8c3b1666cf072e5654900cb743a0c6ff2ae,a12dcb1ba4e2a21b6a4474c284e3079c1b8e06dc282072a6d2d3a684bd02794b,1a980269c1778978c64462bf76cf00949cd95e29e33d5066107809299e5dec35,p2_20,celeba-three-workers-v1,
0.8223788546255507,,,370.8580179010005,988babfb79a4be0620cf47d259d4da35f8fc07573e92f83a2e388003c17759ba,0.8213368738201453,2774aed934e9b55963588c876b6d3f7f5fc8814e91c160cc44d904a8910dda15,2026-09-06T12:10:57.983700+00:00,1,8.932748021999942,False,500.0,0.05164447282337571,10,0.097,NAA-GDP,0.06,0,20,,3,s0_p20_NAA-GDP_l10_r3,fcf8b4f93626e8cf9603afe70c3a614f6523366181d2f4df2620ee6efbb41bdb,3ea87f4a1b7b84a26ee106434a73c8c3b1666cf072e5654900cb743a0c6ff2ae,a12dcb1ba4e2a21b6a4474c284e3079c1b8e06dc282072a6d2d3a684bd02794b,1a980269c1778978c64462bf76cf00949cd95e29e33d5066107809299e5dec35,p2_20,celeba-three-workers-v1,
0.8621291448516579,,,0.0,988babfb79a4be0620cf47d259d4da35f8fc07573e92f83a2e388003c17759ba,0.8611348383160464,de125d04e78b221d9268ef4e9e1c30f5c2aabf852422fb12bb0d870272447993,2026-09-06T12:11:31.317106+00:00,1,0.9439834280001378,,,,0,0.767,C-GDP,0.0,1,2,,0,s1_p2_C-GDP_l0_r0,fcf8b4f93626e8cf9603afe70c3a614f6523366181d2f4df2620ee6efbb41bdb,3ea87f4a1b7b84a26ee106434a73c8c3b1666cf072e5654900cb743a0c6ff2ae,a12dcb1ba4e2a21b6a4474c284e3079c1b8e06dc282072a6d2d3a684bd02794b,1a980269c1778978c64462bf76cf00949cd95e29e33d5066107809299e5dec35,p2_20,celeba-three-workers-v1,
0.8359511343804538,,,0.0,988babfb79a4be0620cf47d259d4da35f8fc07573e92f83a2e388003c17759ba,0.8354057352043929,de125d04e78b221d9268ef4e9e1c30f5c2aabf852422fb12bb0d870272447993,2026-09-06T12:11:32.016676+00:00,1,0.6681775950000883,,,,0,,I-GDP,0.0,1,2,,0,s1_p2_I-GDP_l0_r0,fcf8b4f93626e8cf9603afe70c3a614f6523366181d2f4df2620ee6efbb41bdb,3ea87f4a1b7b84a26ee106434a73c8c3b1666cf072e5654900cb743a0c6ff2ae,a12dcb1ba4e2a21b6a4474c284e3079c1b8e06dc282072a6d2d3a684bd02794b,1a980269c1778978c64462bf76cf00949cd95e29e33d5066107809299e5dec35,p2_20,celeba-three-workers-v1,
0.8429319371727748,,,0.0,988babfb79a4be0620cf47d259d4da35f8fc07573e92f83a2e388003c17759ba,0.843941427699817,de125d04e78b221d9268ef4e9e1c30f5c2aabf852422fb12bb0d870272447993,2026-09-06T12:11:33.041909+00:00,1,0.9697332929999902,,,,0,0.767,AA-GDP,0.0,1,2,,0,s1_p2_AA-GDP_l0_r0,fcf8b4f93626e8cf9603afe70c3a614f6523366181d2f4df2620ee6efbb41bdb,3ea87f4a1b7b84a26ee106434a73c8c3b1666cf072e5654900cb743a0c6ff2ae,a12dcb1ba4e2a21b6a4474c284e3079c1b8e06dc282072a6d2d3a684bd02794b,1a980269c1778978c64462bf76cf00949cd95e29e33d5066107809299e5dec35,p2_20,celeba-three-workers-v1,1.1377277090818087e-14
0.883554469273743,,,0.0,988babfb79a4be0620cf47d259d4da35f8fc07573e92f83a2e388003c17759ba,0.8824838265486695,de125d04e78b221d9268ef4e9e1c30f5c2aabf852422fb12bb0d870272447993,2026-09-06T12:11:39.963408+00:00,1,6.850126087999342,,,,0,0.767,C-GDP,0.0,1,20,,0,s1_p20_C-GDP_l0_r0,fcf8b4f93626e8cf9603afe70c3a614f6523366181d2f4df2620ee6efbb41bdb,3ea87f4a1b7b84a26ee106434a73c8c3b1666cf072e5654900cb743a0c6ff2ae,a12dcb1ba4e2a21b6a4474c284e3079c1b8e06dc282072a6d2d3a684bd02794b,1a980269c1778978c64462bf76cf00949cd95e29e33d5066107809299e5dec35,p2_20,celeba-three-workers-v1,
0.8119762569832403,,,0.0,988babfb79a4be0620cf47d259d4da35f8fc07573e92f83a2e388003c17759ba,0.8107402509105368,de125d04e78b221d9268ef4e9e1c30f5c2aabf852422fb12bb0d870272447993,2026-09-06T12:11:48.239615+00:00,1,8.199956899999961,,,,0,,I-GDP,0.0,1,20,,0,s1_p20_I-GDP_l0_r0,fcf8b4f93626e8cf9603afe70c3a614f6523366181d2f4df2620ee6efbb41bdb,3ea87f4a1b7b84a26ee106434a73c8c3b1666cf072e5654900cb743a0c6ff2ae,a12dcb1ba4e2a21b6a4474c284e3079c1b8e06dc282072a6d2d3a684bd02794b,1a980269c1778978c64462bf76cf00949cd95e29e33d5066107809299e5dec35,p2_20,celeba-three-workers-v1,
0.8847765363128491,,,0.0,988babfb79a4be0620cf47d259d4da35f8fc07573e92f83a2e388003c17759ba,0.8840015201963802,de125d04e78b221d9268ef4e9e1c30f5c2aabf852422fb12bb0d870272447993,2026-09-06T12:11:57.381569+00:00,1,8.929136960000505,,,,0,0.767,AA-GDP,0.0,1,20,,0,s1_p20_AA-GDP_l0_r0,fcf8b4f93626e8cf9603afe70c3a614f6523366181d2f4df2620ee6efbb41bdb,3ea87f4a1b7b84a26ee106434a73c8c3b1666cf072e5654900cb743a0c6ff2ae,a12dcb1ba4e2a21b6a4474c284e3079c1b8e06dc282072a6d2d3a684bd02794b,1a980269c1778978c64462bf76cf00949cd95e29e33d5066107809299e5dec35,p2_20,celeba-three-workers-v1,8.758094943717154e-11
0.8342059336823735,,,0.812079131000246,988babfb79a4be0620cf47d259d4da35f8fc07573e92f83a2e388003c17759ba,0.8351311775472849,de125d04e78b221d9268ef4e9e1c30f5c2aabf852422fb12bb0d870272447993,2026-09-06T12:11:59.938985+00:00,1,0.8857612769998013,True,6.0,7.848356814069508e-09,1,0.653,NAA-GDP,0.006,1,2,,0,s1_p2_NAA-GDP_l1_r0,fcf8b4f93626e8cf9603afe70c3a614f6523366181d2f4df2620ee6efbb41bdb,3ea87f4a1b7b84a26ee106434a73c8c3b1666cf072e5654900cb743a0c6ff2ae,a12dcb1ba4e2a21b6a4474c284e3079c1b8e06dc282072a6d2d3a684bd02794b,1a980269c1778978c64462bf76cf00949cd95e29e33d5066107809299e5dec35,p2_20,celeba-three-workers-v1,
0.879713687150838,,,5.967885867000405,988babfb79a4be0620cf47d259d4da35f8fc07573e92f83a2e388003c17759ba,0.8792516390151345,de125d04e78b221d9268ef4e9e1c30f5c2aabf852422fb12bb0d870272447993,2026-09-06T12:12:11.688691+00:00,1,5.44350875300006,True,5.0,2.926337107122356e-09,1,0.653,NAA-GDP,0.006,1,20,,0,s1_p20_NAA-GDP_l1_r0,fcf8b4f93626e8cf9603afe70c3a614f6523366181d2f4df2620ee6efbb41bdb,3ea87f4a1b7b84a26ee106434a73c8c3b1666cf072e5654900cb743a0c6ff2ae,a12dcb1ba4e2a21b6a4474c284e3079c1b8e06dc282072a6d2d3a684bd02794b,1a980269c1778978c64462bf76cf00949cd95e29e33d5066107809299e5dec35,p2_20,celeba-three-workers-v1,
0.8516579406631762,,,0.808022295000228,988babfb79a4be0620cf47d259d4da35f8fc07573e92f83a2e388003c17759ba,0.8520500305064063,de125d04e78b221d9268ef4e9e1c30f5c2aabf852422fb12bb0d870272447993,2026-09-06T12:12:14.213872+00:00,1,0.8774069600003713,True,6.0,8.292868322190772e-09,1,0.614,NAA-GDP,0.006,1,2,,1,s1_p2_NAA-GDP_l1_r1,fcf8b4f93626e8cf9603afe70c3a614f6523366181d2f4df2620ee6efbb41bdb,3ea87f4a1b7b84a26ee106434a73c8c3b1666cf072e5654900cb743a0c6ff2ae,a12dcb1ba4e2a21b6a4474c284e3079c1b8e06dc282072a6d2d3a684bd02794b,1a980269c1778978c64462bf76cf00949cd95e29e33d5066107809299e5dec35,p2_20,celeba-three-workers-v1,
0.8783170391061452,,,5.958299666999665,988babfb79a4be0620cf47d259d4da35f8fc07573e92f83a2e388003c17759ba,0.8779052909841685,de125d04e78b221d9268ef4e9e1c30f5c2aabf852422fb12bb0d870272447993,2026-09-06T12:12:30.800522+00:00,1,10.284985231999599,True,5.0,2.910385940793178e-09,1,0.614,NAA-GDP,0.006,1,20,,1,s1_p20_NAA-GDP_l1_r1,fcf8b4f93626e8cf9603afe70c3a614f6523366181d2f4df2620ee6efbb41bdb,3ea87f4a1b7b84a26ee106434a73c8c3b1666cf072e5654900cb743a0c6ff2ae,a12dcb1ba4e2a21b6a4474c284e3079c1b8e06dc282072a6d2d3a684bd02794b,1a980269c1778978c64462bf76cf00949cd95e29e33d5066107809299e5dec35,p2_20,celeba-three-workers-v1,
0.8586387434554974,,,0.8021654009999111,988babfb79a4be0620cf47d259d4da35f8fc07573e92f83a2e388003c17759ba,0.858901769371568,de125d04e78b221d9268ef4e9e1c30f5c2aabf852422fb12bb0d870272447993,2026-09-06T12:12:33.473639+00:00,1,1.0332571879998795,True,6.0,7.632835902522446e-09,1,0.603,NAA-GDP,0.006,1,2,,2,s1_p2_NAA-GDP_l1_r2,fcf8b4f93626e8cf9603afe70c3a614f6523366181d2f4df2620ee6efbb41bdb,3ea87f4a1b7b84a26ee106434a73c8c3b1666cf072e5654900cb743a0c6ff2ae,a12dcb1ba4e2a21b6a4474c284e3079c1b8e06dc282072a6d2d3a684bd02794b,1a980269c1778978c64462bf76cf00949cd95e29e33d5066107809299e5dec35,p2_20,celeba-three-workers-v1,
0.8791899441340782,,,5.963467221999963,988babfb79a4be0620cf47d259d4da35f8fc07573e92f83a2e388003c17759ba,0.8777409041847763,de125d04e78b221d9268ef4e9e1c30f5c2aabf852422fb12bb0d870272447993,2026-09-06T12:12:45.436228+00:00,1,5.65388406800048,True,5.0,2.9066072579131974e-09,1,0.603,NAA-GDP,0.006,1,20,,2,s1_p20_NAA-GDP_l1_r2,fcf8b4f93626e8cf9603afe70c3a614f6523366181d2f4df2620ee6efbb41bdb,3ea87f4a1b7b84a26ee106434a73c8c3b1666cf072e5654900cb743a0c6ff2ae,a12dcb1ba4e2a21b6a4474c284e3079c1b8e06dc282072a6d2d3a684bd02794b,1a980269c1778978c64462bf76cf00949cd95e29e33d5066107809299e5dec35,p2_20,celeba-three-workers-v1,
0.8342059336823735,,,0.8139750979999008,988babfb79a4be0620cf47d259d4da35f8fc07573e92f83a2e388003c17759ba,0.8351311775472849,de125d04e78b221d9268ef4e9e1c30f5c2aabf852422fb12bb0d870272447993,2026-09-06T12:12:47.931592+00:00,1,0.8545984719994522,True,6.0,7.93303468686143e-09,1,0.616,NAA-GDP,0.006,1,2,,3,s1_p2_NAA-GDP_l1_r3,fcf8b4f93626e8cf9603afe70c3a614f6523366181d2f4df2620ee6efbb41bdb,3ea87f4a1b7b84a26ee106434a73c8c3b1666cf072e5654900cb743a0c6ff2ae,a12dcb1ba4e2a21b6a4474c284e3079c1b8e06dc282072a6d2d3a684bd02794b,1a980269c1778978c64462bf76cf00949cd95e29e33d5066107809299e5dec35,p2_20,celeba-three-workers-v1,
0.8798882681564246,,,5.967813223000121,988babfb79a4be0620cf47d259d4da35f8fc07573e92f83a2e388003c17759ba,0.8795113738207094,de125d04e78b221d9268ef4e9e1c30f5c2aabf852422fb12bb0d870272447993,2026-09-06T12:12:59.607813+00:00,1,5.350247177999336,True,5.0,2.904216657582873e-09,1,0.616,NAA-GDP,0.006,1,20,,3,s1_p20_NAA-GDP_l1_r3,fcf8b4f93626e8cf9603afe70c3a614f6523366181d2f4df2620ee6efbb41bdb,3ea87f4a1b7b84a26ee106434a73c8c3b1666cf072e5654900cb743a0c6ff2ae,a12dcb1ba4e2a21b6a4474c284e3079c1b8e06dc282072a6d2d3a684bd02794b,1a980269c1778978c64462bf76cf00949cd95e29e33d5066107809299e5dec35,p2_20,celeba-three-workers-v1,
0.8621291448516579,,,1.07799582700045,988babfb79a4be0620cf47d259d4da35f8fc07573e92f83a2e388003c17759ba,0.861555826723612,de125d04e78b221d9268ef4e9e1c30f5c2aabf852422fb12bb0d870272447993,2026-09-06T12:13:02.264930+00:00,1,0.7594631100000697,True,10.0,3.400929733121636e-08,2,0.446,NAA-GDP,0.012,1,2,,0,s1_p2_NAA-GDP_l2_r0,fcf8b4f93626e8cf9603afe70c3a614f6523366181d2f4df2620ee6efbb41bdb,3ea87f4a1b7b84a26ee106434a73c8c3b1666cf072e5654900cb743a0c6ff2ae,a12dcb1ba4e2a21b6a4474c284e3079c1b8e06dc282072a6d2d3a684bd02794b,1a980269c1778978c64462bf76cf00949cd95e29e33d5066107809299e5dec35,p2_20,celeba-three-workers-v1,
0.8781424581005587,,,7.269746070999645,988babfb79a4be0620cf47d259d4da35f8fc07573e92f83a2e388003c17759ba,0.8765613236012442,de125d04e78b221d9268ef4e9e1c30f5c2aabf852422fb12bb0d870272447993,2026-09-06T12:13:17.092687+00:00,1,7.2193059770006585,True,7.0,1.10540750324457e-08,2,0.446,NAA-GDP,0.012,1,20,,0,s1_p20_NAA-GDP_l2_r0,fcf8b4f93626e8cf9603afe70c3a614f6523366181d2f4df2620ee6efbb41bdb,3ea87f4a1b7b84a26ee106434a73c8c3b1666cf072e5654900cb743a0c6ff2ae,a12dcb1ba4e2a21b6a4474c284e3079c1b8e06dc282072a6d2d3a684bd02794b,1a980269c1778978c64462bf76cf00949cd95e29e33d5066107809299e5dec35,p2_20,celeba-three-workers-v1,
0.8219895287958116,,,1.075721842999883,988babfb79a4be0620cf47d259d4da35f8fc07573e92f83a2e388003c17759ba,0.8242281879194631,de125d04e78b221d9268ef4e9e1c30f5c2aabf852422fb12bb0d870272447993,2026-09-06T12:13:19.721332+00:00,1,0.7396593690000373,True,10.0,3.662458140443946e-08,2,0.486,NAA-GDP,0.012,1,2,,1,s1_p2_NAA-GDP_l2_r1,fcf8b4f93626e8cf9603afe70c3a614f6523366181d2f4df2620ee6efbb41bdb,3ea87f4a1b7b84a26ee106434a73c8c3b1666cf072e5654900cb743a0c6ff2ae,a12dcb1ba4e2a21b6a4474c284e3079c1b8e06dc282072a6d2d3a684bd02794b,1a980269c1778978c64462bf76cf00949cd95e29e33d5066107809299e5dec35,p2_20,celeba-three-workers-v1,
0.8760474860335196,,,7.260417016000247,988babfb79a4be0620cf47d259d4da35f8fc07573e92f83a2e388003c17759ba,0.875221079796026,de125d04e78b221d9268ef4e9e1c30f5c2aabf852422fb12bb0d870272447993,2026-09-06T12:13:34.229690+00:00,1,6.906353465000393,True,7.0,1.1188218361268844e-08,2,0.486,NAA-GDP,0.012,1,20,,1,s1_p20_NAA-GDP_l2_r1,fcf8b4f93626e8cf9603afe70c3a614f6523366181d2f4df2620ee6efbb41bdb,3ea87f4a1b7b84a26ee106434a73c8c3b1666cf072e5654900cb743a0c6ff2ae,a12dcb1ba4e2a21b6a4474c284e3079c1b8e06dc282072a6d2d3a684bd02794b,1a980269c1778978c64462bf76cf00949cd95e29e33d5066107809299e5dec35,p2_20,celeba-three-workers-v1,
0.8184991273996509,,,1.0842709830003514,988babfb79a4be0620cf47d259d4da35f8fc07573e92f83a2e388003c17759ba,0.8198901769371567,de125d04e78b221d9268ef4e9e1c30f5c2aabf852422fb12bb0d870272447993,2026-09-06T12:13:36.856773+00:00,1,0.7171430680000412,True,10.0,3.341619930118666e-08,2,0.463,NAA-GDP,0.012,1,2,,2,s1_p2_NAA-GDP_l2_r2,fcf8b4f93626e8cf9603afe70c3a614f6523366181d2f4df2620ee6efbb41bdb,3ea87f4a1b7b84a26ee106434a73c8c3b1666cf072e5654900cb743a0c6ff2ae,a12dcb1ba4e2a21b6a4474c284e3079c1b8e06dc282072a6d2d3a684bd02794b,1a980269c1778978c64462bf76cf00949cd95e29e33d5066107809299e5dec35,p2_20,celeba-three-workers-v1,
0.8729050279329609,,,7.2708617160005815,988babfb79a4be0620cf47d259d4da35f8fc07573e92f83a2e388003c17759ba,0.8723354902004592,de125d04e78b221d9268ef4e9e1c30f5c2aabf852422fb12bb0d870272447993,2026-09-06T12:13:51.149024+00:00,1,6.683370922999529,True,7.0,1.1250485989829933e-08,2,0.463,NAA-GDP,0.012,1,20,,2,s1_p20_NAA-GDP_l2_r2,fcf8b4f93626e8cf9603afe70c3a614f6523366181d2f4df2620ee6efbb41bdb,3ea87f4a1b7b84a26ee106434a73c8c3b1666cf072e5654900cb743a0c6ff2ae,a12dcb1ba4e2a21b6a4474c284e3079c1b8e06dc282072a6d2d3a684bd02794b,1a980269c1778978c64462bf76cf00949cd95e29e33d5066107809299e5dec35,p2_20,celeba-three-workers-v1,
0.8586387434554974,,,1.0910998320005092,988babfb79a4be0620cf47d259d4da35f8fc07573e92f83a2e388003c17759ba,0.8566564978645516,de125d04e78b221d9268ef4e9e1c30f5c2aabf852422fb12bb0d870272447993,2026-09-06T12:13:54.326606+00:00,1,1.2643620459994054,True,10.0,3.037140895085319e-08,2,0.459,NAA-GDP,0.012,1,2,,3,s1_p2_NAA-GDP_l2_r3,fcf8b4f93626e8cf9603afe70c3a614f6523366181d2f4df2620ee6efbb41bdb,3ea87f4a1b7b84a26ee106434a73c8c3b1666cf072e5654900cb743a0c6ff2ae,a12dcb1ba4e2a21b6a4474c284e3079c1b8e06dc282072a6d2d3a684bd02794b,1a980269c1778978c64462bf76cf00949cd95e29e33d5066107809299e5dec35,p2_20,celeba-three-workers-v1,
0.8772695530726257,,,7.272270293000474,988babfb79a4be0620cf47d259d4da35f8fc07573e92f83a2e388003c17759ba,0.8761901256335118,de125d04e78b221d9268ef4e9e1c30f5c2aabf852422fb12bb0d870272447993,2026-09-06T12:14:11.821765+00:00,1,9.870245711999814,True,7.0,1.1203501917181824e-08,2,0.459,NAA-GDP,0.012,1,20,,3,s1_p20_NAA-GDP_l2_r3,fcf8b4f93626e8cf9603afe70c3a614f6523366181d2f4df2620ee6efbb41bdb,3ea87f4a1b7b84a26ee106434a73c8c3b1666cf072e5654900cb743a0c6ff2ae,a12dcb1ba4e2a21b6a4474c284e3079c1b8e06dc282072a6d2d3a684bd02794b,1a980269c1778978c64462bf76cf00949cd95e29e33d5066107809299e5dec35,p2_20,celeba-three-workers-v1,
0.8516579406631762,,,1.7610038030006763,988babfb79a4be0620cf47d259d4da35f8fc07573e92f83a2e388003c17759ba,0.8502257474069554,de125d04e78b221d9268ef4e9e1c30f5c2aabf852422fb12bb0d870272447993,2026-09-06T12:14:15.150566+00:00,1,0.7539005210001051,True,19.0,5.595065578954343e-08,3,0.346,NAA-GDP,0.018,1,2,,0,s1_p2_NAA-GDP_l3_r0,fcf8b4f93626e8cf9603afe70c3a614f6523366181d2f4df2620ee6efbb41bdb,3ea87f4a1b7b84a26ee106434a73c8c3b1666cf072e5654900cb743a0c6ff2ae,a12dcb1ba4e2a21b6a4474c284e3079c1b8e06dc282072a6d2d3a684bd02794b,1a980269c1778978c64462bf76cf00949cd95e29e33d5066107809299e5dec35,p2_20,celeba-three-workers-v1,
0.8666201117318436,,,8.635807239000314,988babfb79a4be0620cf47d259d4da35f8fc07573e92f83a2e388003c17759ba,0.8659503479835973,de125d04e78b221d9268ef4e9e1c30f5c2aabf852422fb12bb0d870272447993,2026-09-06T12:14:32.938605+00:00,1,8.798555986999418,True,9.0,6.915749866632167e-08,3,0.346,NAA-GDP,0.018,1,20,,0,s1_p20_NAA-GDP_l3_r0,fcf8b4f93626e8cf9603afe70c3a614f6523366181d2f4df2620ee6efbb41bdb,3ea87f4a1b7b84a26ee106434a73c8c3b1666cf072e5654900cb743a0c6ff2ae,a12dcb1ba4e2a21b6a4474c284e3079c1b8e06dc282072a6d2d3a684bd02794b,1a980269c1778978c64462bf76cf00949cd95e29e33d5066107809299e5dec35,p2_20,celeba-three-workers-v1,
0.8359511343804538,,,1.7601923960000931,988babfb79a4be0620cf47d259d4da35f8fc07573e92f83a2e388003c17759ba,0.8344234289200732,de125d04e78b221d9268ef4e9e1c30f5c2aabf852422fb12bb0d870272447993,2026-09-06T12:14:36.110718+00:00,1,0.594518314999732,True,19.0,5.5463288334612614e-08,3,0.397,NAA-GDP,0.018,1,2,,1,s1_p2_NAA-GDP_l3_r1,fcf8b4f93626e8cf9603afe70c3a614f6523366181d2f4df2620ee6efbb41bdb,3ea87f4a1b7b84a26ee106434a73c8c3b1666cf072e5654900cb743a0c6ff2ae,a12dcb1ba4e2a21b6a4474c284e3079c1b8e06dc282072a6d2d3a684bd02794b,1a980269c1778978c64462bf76cf00949cd95e29e33d5066107809299e5dec35,p2_20,celeba-three-workers-v1,
0.8734287709497207,,,8.626037967999764,988babfb79a4be0620cf47d259d4da35f8fc07573e92f83a2e388003c17759ba,0.8725137946345565,de125d04e78b221d9268ef4e9e1c30f5c2aabf852422fb12bb0d870272447993,2026-09-06T12:14:52.085747+00:00,1,7.011848655999529,True,9.0,6.941201014266803e-08,3,0.397,NAA-GDP,0.018,1,20,,1,s1_p20_NAA-GDP_l3_r1,fcf8b4f93626e8cf9603afe70c3a614f6523366181d2f4df2620ee6efbb41bdb,3ea87f4a1b7b84a26ee106434a73c8c3b1666cf072e5654900cb743a0c6ff2ae,a12dcb1ba4e2a21b6a4474c284e3079c1b8e06dc282072a6d2d3a684bd02794b,1a980269c1778978c64462bf76cf00949cd95e29e33d5066107809299e5dec35,p2_20,celeba-three-workers-v1,
0.849912739965096,,,1.7550259700001334,988babfb79a4be0620cf47d259d4da35f8fc07573e92f83a2e388003c17759ba,0.8493898718730933,de125d04e78b221d9268ef4e9e1c30f5c2aabf852422fb12bb0d870272447993,2026-09-06T12:14:55.668058+00:00,1,0.9964211559999967,True,19.0,5.270866750788634e-08,3,0.322,NAA-GDP,0.018,1,2,,2,s1_p2_NAA-GDP_l3_r2,fcf8b4f93626e8cf9603afe70c3a614f6523366181d2f4df2620ee6efbb41bdb,3ea87f4a1b7b84a26ee106434a73c8c3b1666cf072e5654900cb743a0c6ff2ae,a12dcb1ba4e2a21b6a4474c284e3079c1b8e06dc282072a6d2d3a684bd02794b,1a980269c1778978c64462bf76cf00949cd95e29e33d5066107809299e5dec35,p2_20,celeba-three-workers-v1,
0.8716829608938548,,,8.64138192199971,988babfb79a4be0620cf47d259d4da35f8fc07573e92f83a2e388003c17759ba,0.8709745530699555,de125d04e78b221d9268ef4e9e1c30f5c2aabf852422fb12bb0d870272447993,2026-09-06T12:15:11.238577+00:00,1,6.582165795000037,True,9.0,7.040351227478783e-08,3,0.322,NAA-GDP,0.018,1,20,,2,s1_p20_NAA-GDP_l3_r2,fcf8b4f93626e8cf9603afe70c3a614f6523366181d2f4df2620ee6efbb41bdb,3ea87f4a1b7b84a26ee106434a73c8c3b1666cf072e5654900cb743a0c6ff2ae,a12dcb1ba4e2a21b6a4474c284e3079c1b8e06dc282072a6d2d3a684bd02794b,1a980269c1778978c64462bf76cf00949cd95e29e33d5066107809299e5dec35,p2_20,celeba-three-workers-v1,
0.8272251308900523,,,1.7446056049993786,988babfb79a4be0620cf47d259d4da35f8fc07573e92f83a2e388003c17759ba,0.8287004270896888,de125d04e78b221d9268ef4e9e1c30f5c2aabf852422fb12bb0d870272447993,2026-09-06T12:15:14.671783+00:00,1,0.8583989540002221,True,19.0,5.2176643930931633e-08,3,0.246,NAA-GDP,0.018,1,2,,3,s1_p2_NAA-GDP_l3_r3,fcf8b4f93626e8cf9603afe70c3a614f6523366181d2f4df2620ee6efbb41bdb,3ea87f4a1b7b84a26ee106434a73c8c3b1666cf072e5654900cb743a0c6ff2ae,a12dcb1ba4e2a21b6a4474c284e3079c1b8e06dc282072a6d2d3a684bd02794b,1a980269c1778978c64462bf76cf00949cd95e29e33d5066107809299e5dec35,p2_20,celeba-three-workers-v1,
0.8706354748603352,,,8.617134542999338,988babfb79a4be0620cf47d259d4da35f8fc07573e92f83a2e388003c17759ba,0.8703305572535477,de125d04e78b221d9268ef4e9e1c30f5c2aabf852422fb12bb0d870272447993,2026-09-06T12:15:30.032413+00:00,1,6.405624577000708,True,9.0,6.850580670273802e-08,3,0.246,NAA-GDP,0.018,1,20,,3,s1_p20_NAA-GDP_l3_r3,fcf8b4f93626e8cf9603afe70c3a614f6523366181d2f4df2620ee6efbb41bdb,3ea87f4a1b7b84a26ee106434a73c8c3b1666cf072e5654900cb743a0c6ff2ae,a12dcb1ba4e2a21b6a4474c284e3079c1b8e06dc282072a6d2d3a684bd02794b,1a980269c1778978c64462bf76cf00949cd95e29e33d5066107809299e5dec35,p2_20,celeba-three-workers-v1,
0.8150087260034904,,,4.0416609439998865,988babfb79a4be0620cf47d259d4da35f8fc07573e92f83a2e388003c17759ba,0.8161134838316046,de125d04e78b221d9268ef4e9e1c30f5c2aabf852422fb12bb0d870272447993,2026-09-06T12:15:35.501532+00:00,1,0.6075243240002237,True,49.0,7.702903344176418e-08,4,0.261,NAA-GDP,0.024,1,2,,0,s1_p2_NAA-GDP_l4_r0,fcf8b4f93626e8cf9603afe70c3a614f6523366181d2f4df2620ee6efbb41bdb,3ea87f4a1b7b84a26ee106434a73c8c3b1666cf072e5654900cb743a0c6ff2ae,a12dcb1ba4e2a21b6a4474c284e3079c1b8e06dc282072a6d2d3a684bd02794b,1a980269c1778978c64462bf76cf00949cd95e29e33d5066107809299e5dec35,p2_20,celeba-three-workers-v1,
0.8552723463687151,,,11.527632454000013,988babfb79a4be0620cf47d259d4da35f8fc07573e92f83a2e388003c17759ba,0.8539792898270514,de125d04e78b221d9268ef4e9e1c30f5c2aabf852422fb12bb0d870272447993,2026-09-06T12:15:54.605106+00:00,1,7.227563104999717,True,13.0,5.4297063327705616e-08,4,0.261,NAA-GDP,0.024,1,20,,0,s1_p20_NAA-GDP_l4_r0,fcf8b4f93626e8cf9603afe70c3a614f6523366181d2f4df2620ee6efbb41bdb,3ea87f4a1b7b84a26ee106434a73c8c3b1666cf072e5654900cb743a0c6ff2ae,a12dcb1ba4e2a21b6a4474c284e3079c1b8e06dc282072a6d2d3a684bd02794b,1a980269c1778978c64462bf76cf00949cd95e29e33d5066107809299e5dec35,p2_20,celeba-three-workers-v1,
0.8534031413612565,,,4.033383328999662,988babfb79a4be0620cf47d259d4da35f8fc07573e92f83a2e388003c17759ba,0.8513422818791947,de125d04e78b221d9268ef4e9e1c30f5c2aabf852422fb12bb0d870272447993,2026-09-06T12:16:00.345039+00:00,1,0.8938603320002585,True,49.0,8.074414670376501e-08,4,0.215,NAA-GDP,0.024,1,2,,1,s1_p2_NAA-GDP_l4_r1,fcf8b4f93626e8cf9603afe70c3a614f6523366181d2f4df2620ee6efbb41bdb,3ea87f4a1b7b84a26ee106434a73c8c3b1666cf072e5654900cb743a0c6ff2ae,a12dcb1ba4e2a21b6a4474c284e3079c1b8e06dc282072a6d2d3a684bd02794b,1a980269c1778978c64462bf76cf00949cd95e29e33d5066107809299e5dec35,p2_20,celeba-three-workers-v1,
0.8601606145251397,,,11.529679063000003,988babfb79a4be0620cf47d259d4da35f8fc07573e92f83a2e388003c17759ba,0.8609775404780367,de125d04e78b221d9268ef4e9e1c30f5c2aabf852422fb12bb0d870272447993,2026-09-06T12:16:17.904306+00:00,1,5.680052190999959,True,13.0,5.4361716702365433e-08,4,0.215,NAA-GDP,0.024,1,20,,1,s1_p20_NAA-GDP_l4_r1,fcf8b4f93626e8cf9603afe70c3a614f6523366181d2f4df2620ee6efbb41bdb,3ea87f4a1b7b84a26ee106434a73c8c3b1666cf072e5654900cb743a0c6ff2ae,a12dcb1ba4e2a21b6a4474c284e3079c1b8e06dc282072a6d2d3a684bd02794b,1a980269c1778978c64462bf76cf00949cd95e29e33d5066107809299e5dec35,p2_20,celeba-three-workers-v1,
0.8272251308900523,,,4.338237957999809,988babfb79a4be0620cf47d259d4da35f8fc07573e92f83a2e388003c17759ba,0.8270164734594265,de125d04e78b221d9268ef4e9e1c30f5c2aabf852422fb12bb0d870272447993,2026-09-06T12:16:24.013264+00:00,1,0.9558379380005135,True,53.0,8.699508118478285e-08,4,0.277,NAA-GDP,0.024,1,2,,2,s1_p2_NAA-GDP_l4_r2,fcf8b4f93626e8cf9603afe70c3a614f6523366181d2f4df2620ee6efbb41bdb,3ea87f4a1b7b84a26ee106434a73c8c3b1666cf072e5654900cb743a0c6ff2ae,a12dcb1ba4e2a21b6a4474c284e3079c1b8e06dc282072a6d2d3a684bd02794b,1a980269c1778978c64462bf76cf00949cd95e29e33d5066107809299e5dec35,p2_20,celeba-three-workers-v1,
0.8577164804469274,,,11.541308070000014,988babfb79a4be0620cf47d259d4da35f8fc07573e92f83a2e388003c17759ba,0.8564007140967449,de125d04e78b221d9268ef4e9e1c30f5c2aabf852422fb12bb0d870272447993,2026-09-06T12:16:41.372341+00:00,1,5.471210286999849,True,13.0,5.4635772268578657e-08,4,0.277,NAA-GDP,0.024,1,20,,2,s1_p20_NAA-GDP_l4_r2,fcf8b4f93626e8cf9603afe70c3a614f6523366181d2f4df2620ee6efbb41bdb,3ea87f4a1b7b84a26ee106434a73c8c3b1666cf072e5654900cb743a0c6ff2ae,a12dcb1ba4e2a21b6a4474c284e3079c1b8e06dc282072a6d2d3a684bd02794b,1a980269c1778978c64462bf76cf00949cd95e29e33d5066107809299e5dec35,p2_20,celeba-three-workers-v1,
0.8289703315881326,,,3.957041214000128,988babfb79a4be0620cf47d259d4da35f8fc07573e92f83a2e388003c17759ba,0.8281330079316657,de125d04e78b221d9268ef4e9e1c30f5c2aabf852422fb12bb0d870272447993,2026-09-06T12:16:47.175261+00:00,1,1.0180396570003722,True,48.0,8.65380030842514e-08,4,0.234,NAA-GDP,0.024,1,2,,3,s1_p2_NAA-GDP_l4_r3,fcf8b4f93626e8cf9603afe70c3a614f6523366181d2f4df2620ee6efbb41bdb,3ea87f4a1b7b84a26ee106434a73c8c3b1666cf072e5654900cb743a0c6ff2ae,a12dcb1ba4e2a21b6a4474c284e3079c1b8e06dc282072a6d2d3a684bd02794b,1a980269c1778978c64462bf76cf00949cd95e29e33d5066107809299e5dec35,p2_20,celeba-three-workers-v1,
0.8554469273743017,,,11.509940504999577,988babfb79a4be0620cf47d259d4da35f8fc07573e92f83a2e388003c17759ba,0.8557674006753959,de125d04e78b221d9268ef4e9e1c30f5c2aabf852422fb12bb0d870272447993,2026-09-06T12:17:06.462623+00:00,1,7.4379721410005,True,13.0,5.4644420050985717e-08,4,0.234,NAA-GDP,0.024,1,20,,3,s1_p20_NAA-GDP_l4_r3,fcf8b4f93626e8cf9603afe70c3a614f6523366181d2f4df2620ee6efbb41bdb,3ea87f4a1b7b84a26ee106434a73c8c3b1666cf072e5654900cb743a0c6ff2ae,a12dcb1ba4e2a21b6a4474c284e3079c1b8e06dc282072a6d2d3a684bd02794b,1a980269c1778978c64462bf76cf00949cd95e29e33d5066107809299e5dec35,p2_20,celeba-three-workers-v1,
0.8219895287958116,,,38.32235283200043,988babfb79a4be0620cf47d259d4da35f8fc07573e92f83a2e388003c17759ba,0.8226845637583893,de125d04e78b221d9268ef4e9e1c30f5c2aabf852422fb12bb0d870272447993,2026-09-06T12:17:46.453092+00:00,1,0.8503138120004223,False,500.0,0.0005024821734855509,5,0.243,NAA-GDP,0.03,1,2,,0,s1_p2_NAA-GDP_l5_r0,fcf8b4f93626e8cf9603afe70c3a614f6523366181d2f4df2620ee6efbb41bdb,3ea87f4a1b7b84a26ee106434a73c8c3b1666cf072e5654900cb743a0c6ff2ae,a12dcb1ba4e2a21b6a4474c284e3079c1b8e06dc282072a6d2d3a684bd02794b,1a980269c1778978c64462bf76cf00949cd95e29e33d5066107809299e5dec35,p2_20,celeba-three-workers-v1,
0.8591131284916201,,,15.854569781999999,988babfb79a4be0620cf47d259d4da35f8fc07573e92f83a2e388003c17759ba,0.8601245359720192,de125d04e78b221d9268ef4e9e1c30f5c2aabf852422fb12bb0d870272447993,2026-09-06T12:18:10.187082+00:00,1,7.535484900000483,True,19.0,8.23096875732169e-08,5,0.243,NAA-GDP,0.03,1,20,,0,s1_p20_NAA-GDP_l5_r0,fcf8b4f93626e8cf9603afe70c3a614f6523366181d2f4df2620ee6efbb41bdb,3ea87f4a1b7b84a26ee106434a73c8c3b1666cf072e5654900cb743a0c6ff2ae,a12dcb1ba4e2a21b6a4474c284e3079c1b8e06dc282072a6d2d3a684bd02794b,1a980269c1778978c64462bf76cf00949cd95e29e33d5066107809299e5dec35,p2_20,celeba-three-workers-v1,
0.8464223385689355,,,38.04627697700016,988babfb79a4be0620cf47d259d4da35f8fc07573e92f83a2e388003c17759ba,0.847156802928615,de125d04e78b221d9268ef4e9e1c30f5c2aabf852422fb12bb0d870272447993,2026-09-06T12:18:50.224881+00:00,1,1.1800585420005518,False,500.0,2.1300028825223488e-05,5,0.211,NAA-GDP,0.03,1,2,,1,s1_p2_NAA-GDP_l5_r1,fcf8b4f93626e8cf9603afe70c3a614f6523366181d2f4df2620ee6efbb41bdb,3ea87f4a1b7b84a26ee106434a73c8c3b1666cf072e5654900cb743a0c6ff2ae,a12dcb1ba4e2a21b6a4474c284e3079c1b8e06dc282072a6d2d3a684bd02794b,1a980269c1778978c64462bf76cf00949cd95e29e33d5066107809299e5dec35,p2_20,celeba-three-workers-v1,
0.8566689944134078,,,15.861814115000016,988babfb79a4be0620cf47d259d4da35f8fc07573e92f83a2e388003c17759ba,0.855051313952905,de125d04e78b221d9268ef4e9e1c30f5c2aabf852422fb12bb0d870272447993,2026-09-06T12:19:13.184448+00:00,1,6.745412166999813,True,19.0,8.56666951872754e-08,5,0.211,NAA-GDP,0.03,1,20,,1,s1_p20_NAA-GDP_l5_r1,fcf8b4f93626e8cf9603afe70c3a614f6523366181d2f4df2620ee6efbb41bdb,3ea87f4a1b7b84a26ee106434a73c8c3b1666cf072e5654900cb743a0c6ff2ae,a12dcb1ba4e2a21b6a4474c284e3079c1b8e06dc282072a6d2d3a684bd02794b,1a980269c1778978c64462bf76cf00949cd95e29e33d5066107809299e5dec35,p2_20,celeba-three-workers-v1,
0.8307155322862129,,,38.18467416899966,988babfb79a4be0620cf47d259d4da35f8fc07573e92f83a2e388003c17759ba,0.8307931665649786,de125d04e78b221d9268ef4e9e1c30f5c2aabf852422fb12bb0d870272447993,2026-09-06T12:19:53.100369+00:00,1,0.9175303000001804,False,500.0,0.00018797773161635095,5,0.24,NAA-GDP,0.03,1,2,,2,s1_p2_NAA-GDP_l5_r2,fcf8b4f93626e8cf9603afe70c3a614f6523366181d2f4df2620ee6efbb41bdb,3ea87f4a1b7b84a26ee106434a73c8c3b1666cf072e5654900cb743a0c6ff2ae,a12dcb1ba4e2a21b6a4474c284e3079c1b8e06dc282072a6d2d3a684bd02794b,1a980269c1778978c64462bf76cf00949cd95e29e33d5066107809299e5dec35,p2_20,celeba-three-workers-v1,
0.8512569832402235,,,15.810786254999584,988babfb79a4be0620cf47d259d4da35f8fc07573e92f83a2e388003c17759ba,0.8513103392032789,de125d04e78b221d9268ef4e9e1c30f5c2aabf852422fb12bb0d870272447993,2026-09-06T12:20:16.504088+00:00,1,7.238930040000014,True,19.0,8.229440941724362e-08,5,0.24,NAA-GDP,0.03,1,20,,2,s1_p20_NAA-GDP_l5_r2,fcf8b4f93626e8cf9603afe70c3a614f6523366181d2f4df2620ee6efbb41bdb,3ea87f4a1b7b84a26ee106434a73c8c3b1666cf072e5654900cb743a0c6ff2ae,a12dcb1ba4e2a21b6a4474c284e3079c1b8e06dc282072a6d2d3a684bd02794b,1a980269c1778978c64462bf76cf00949cd95e29e33d5066107809299e5dec35,p2_20,celeba-three-workers-v1,
0.8534031413612565,,,38.01878561000012,988babfb79a4be0620cf47d259d4da35f8fc07573e92f83a2e388003c17759ba,0.8513422818791947,de125d04e78b221d9268ef4e9e1c30f5c2aabf852422fb12bb0d870272447993,2026-09-06T12:20:56.463377+00:00,1,1.1215696999997817,False,500.0,0.0009576500944830626,5,0.187,NAA-GDP,0.03,1,2,,3,s1_p2_NAA-GDP_l5_r3,fcf8b4f93626e8cf9603afe70c3a614f6523366181d2f4df2620ee6efbb41bdb,3ea87f4a1b7b84a26ee106434a73c8c3b1666cf072e5654900cb743a0c6ff2ae,a12dcb1ba4e2a21b6a4474c284e3079c1b8e06dc282072a6d2d3a684bd02794b,1a980269c1778978c64462bf76cf00949cd95e29e33d5066107809299e5dec35,p2_20,celeba-three-workers-v1,
0.8592877094972067,,,15.82673446300032,988babfb79a4be0620cf47d259d4da35f8fc07573e92f83a2e388003c17759ba,0.8586076969159132,de125d04e78b221d9268ef4e9e1c30f5c2aabf852422fb12bb0d870272447993,2026-09-06T12:21:20.440664+00:00,1,7.804072158000054,True,19.0,8.598920044798004e-08,5,0.187,NAA-GDP,0.03,1,20,,3,s1_p20_NAA-GDP_l5_r3,fcf8b4f93626e8cf9603afe70c3a614f6523366181d2f4df2620ee6efbb41bdb,3ea87f4a1b7b84a26ee106434a73c8c3b1666cf072e5654900cb743a0c6ff2ae,a12dcb1ba4e2a21b6a4474c284e3079c1b8e06dc282072a6d2d3a684bd02794b,1a980269c1778978c64462bf76cf00949cd95e29e33d5066107809299e5dec35,p2_20,celeba-three-workers-v1,
0.837696335078534,,,38.207496681999146,988babfb79a4be0620cf47d259d4da35f8fc07573e92f83a2e388003c17759ba,0.8370835875533862,de125d04e78b221d9268ef4e9e1c30f5c2aabf852422fb12bb0d870272447993,2026-09-06T12:22:00.315096+00:00,1,0.8404454159999659,False,500.0,0.0003182274314547232,6,0.155,NAA-GDP,0.036,1,2,,0,s1_p2_NAA-GDP_l6_r0,fcf8b4f93626e8cf9603afe70c3a614f6523366181d2f4df2620ee6efbb41bdb,3ea87f4a1b7b84a26ee106434a73c8c3b1666cf072e5654900cb743a0c6ff2ae,a12dcb1ba4e2a21b6a4474c284e3079c1b8e06dc282072a6d2d3a684bd02794b,1a980269c1778978c64462bf76cf00949cd95e29e33d5066107809299e5dec35,p2_20,celeba-three-workers-v1,
0.8444483240223464,,,26.05973217599967,988babfb79a4be0620cf47d259d4da35f8fc07573e92f83a2e388003c17759ba,0.843767164319775,de125d04e78b221d9268ef4e9e1c30f5c2aabf852422fb12bb0d870272447993,2026-09-06T12:22:32.705550+00:00,1,5.987451995999436,True,33.0,7.506886988992983e-08,6,0.155,NAA-GDP,0.036,1,20,,0,s1_p20_NAA-GDP_l6_r0,fcf8b4f93626e8cf9603afe70c3a614f6523366181d2f4df2620ee6efbb41bdb,3ea87f4a1b7b84a26ee106434a73c8c3b1666cf072e5654900cb743a0c6ff2ae,a12dcb1ba4e2a21b6a4474c284e3079c1b8e06dc282072a6d2d3a684bd02794b,1a980269c1778978c64462bf76cf00949cd95e29e33d5066107809299e5dec35,p2_20,celeba-three-workers-v1,
0.8446771378708552,,,37.99636289499995,988babfb79a4be0620cf47d259d4da35f8fc07573e92f83a2e388003c17759ba,0.8439353264185478,de125d04e78b221d9268ef4e9e1c30f5c2aabf852422fb12bb0d870272447993,2026-09-06T12:23:12.635558+00:00,1,1.102322383999308,False,500.0,0.0019051655438052783,6,0.202,NAA-GDP,0.036,1,2,,1,s1_p2_NAA-GDP_l6_r1,fcf8b4f93626e8cf9603afe70c3a614f6523366181d2f4df2620ee6efbb41bdb,3ea87f4a1b7b84a26ee106434a73c8c3b1666cf072e5654900cb743a0c6ff2ae,a12dcb1ba4e2a21b6a4474c284e3079c1b8e06dc282072a6d2d3a684bd02794b,1a980269c1778978c64462bf76cf00949cd95e29e33d5066107809299e5dec35,p2_20,celeba-three-workers-v1,
0.8397346368715084,,,26.047452220000196,988babfb79a4be0620cf47d259d4da35f8fc07573e92f83a2e388003c17759ba,0.8394453114479749,de125d04e78b221d9268ef4e9e1c30f5c2aabf852422fb12bb0d870272447993,2026-09-06T12:23:46.270971+00:00,1,7.2484607770002185,True,33.0,8.442665781313139e-08,6,0.202,NAA-GDP,0.036,1,20,,1,s1_p20_NAA-GDP_l6_r1,fcf8b4f93626e8cf9603afe70c3a614f6523366181d2f4df2620ee6efbb41bdb,3ea87f4a1b7b84a26ee106434a73c8c3b1666cf072e5654900cb743a0c6ff2ae,a12dcb1ba4e2a21b6a4474c284e3079c1b8e06dc282072a6d2d3a684bd02794b,1a980269c1778978c64462bf76cf00949cd95e29e33d5066107809299e5dec35,p2_20,celeba-three-workers-v1,
0.8307155322862129,,,37.994694815,988babfb79a4be0620cf47d259d4da35f8fc07573e92f83a2e388003c17759ba,0.832196461256864,de125d04e78b221d9268ef4e9e1c30f5c2aabf852422fb12bb0d870272447993,2026-09-06T12:24:26.218243+00:00,1,1.1294055220005248,False,500.0,0.003761392082666322,6,0.168,NAA-GDP,0.036,1,2,,2,s1_p2_NAA-GDP_l6_r2,fcf8b4f93626e8cf9603afe70c3a614f6523366181d2f4df2620ee6efbb41bdb,3ea87f4a1b7b84a26ee106434a73c8c3b1666cf072e5654900cb743a0c6ff2ae,a12dcb1ba4e2a21b6a4474c284e3079c1b8e06dc282072a6d2d3a684bd02794b,1a980269c1778978c64462bf76cf00949cd95e29e33d5066107809299e5dec35,p2_20,celeba-three-workers-v1,
0.8442737430167597,,,26.031793975000255,988babfb79a4be0620cf47d259d4da35f8fc07573e92f83a2e388003c17759ba,0.8435858077728037,de125d04e78b221d9268ef4e9e1c30f5c2aabf852422fb12bb0d870272447993,2026-09-06T12:25:00.113307+00:00,1,7.521405366000181,True,33.0,7.997945309523331e-08,6,0.168,NAA-GDP,0.036,1,20,,2,s1_p20_NAA-GDP_l6_r2,fcf8b4f93626e8cf9603afe70c3a614f6523366181d2f4df2620ee6efbb41bdb,3ea87f4a1b7b84a26ee106434a73c8c3b1666cf072e5654900cb743a0c6ff2ae,a12dcb1ba4e2a21b6a4474c284e3079c1b8e06dc282072a6d2d3a684bd02794b,1a980269c1778978c64462bf76cf00949cd95e29e33d5066107809299e5dec35,p2_20,celeba-three-workers-v1,
0.8516579406631762,,,38.01278791099958,988babfb79a4be0620cf47d259d4da35f8fc07573e92f83a2e388003c17759ba,0.8503660768761441,de125d04e78b221d9268ef4e9e1c30f5c2aabf852422fb12bb0d870272447993,2026-09-06T12:25:39.711999+00:00,1,0.7614933209997616,False,500.0,0.0005212989411083363,6,0.181,NAA-GDP,0.036,1,2,,3,s1_p2_NAA-GDP_l6_r3,fcf8b4f93626e8cf9603afe70c3a614f6523366181d2f4df2620ee6efbb41bdb,3ea87f4a1b7b84a26ee106434a73c8c3b1666cf072e5654900cb743a0c6ff2ae,a12dcb1ba4e2a21b6a4474c284e3079c1b8e06dc282072a6d2d3a684bd02794b,1a980269c1778978c64462bf76cf00949cd95e29e33d5066107809299e5dec35,p2_20,celeba-three-workers-v1,
0.8397346368715084,,,26.04931451899938,988babfb79a4be0620cf47d259d4da35f8fc07573e92f83a2e388003c17759ba,0.8401637788185076,de125d04e78b221d9268ef4e9e1c30f5c2aabf852422fb12bb0d870272447993,2026-09-06T12:26:13.653061+00:00,1,7.548876257000302,True,33.0,8.174441039211445e-08,6,0.181,NAA-GDP,0.036,1,20,,3,s1_p20_NAA-GDP_l6_r3,fcf8b4f93626e8cf9603afe70c3a614f6523366181d2f4df2620ee6efbb41bdb,3ea87f4a1b7b84a26ee106434a73c8c3b1666cf072e5654900cb743a0c6ff2ae,a12dcb1ba4e2a21b6a4474c284e3079c1b8e06dc282072a6d2d3a684bd02794b,1a980269c1778978c64462bf76cf00949cd95e29e33d5066107809299e5dec35,p2_20,celeba-three-workers-v1,
0.8359511343804538,,,38.00836177400015,988babfb79a4be0620cf47d259d4da35f8fc07573e92f83a2e388003c17759ba,0.8372300183038438,de125d04e78b221d9268ef4e9e1c30f5c2aabf852422fb12bb0d870272447993,2026-09-06T12:26:53.772263+00:00,1,1.3003595219997806,False,500.0,0.0004577417470633594,7,0.187,NAA-GDP,0.042,1,2,,0,s1_p2_NAA-GDP_l7_r0,fcf8b4f93626e8cf9603afe70c3a614f6523366181d2f4df2620ee6efbb41bdb,3ea87f4a1b7b84a26ee106434a73c8c3b1666cf072e5654900cb743a0c6ff2ae,a12dcb1ba4e2a21b6a4474c284e3079c1b8e06dc282072a6d2d3a684bd02794b,1a980269c1778978c64462bf76cf00949cd95e29e33d5066107809299e5dec35,p2_20,celeba-three-workers-v1,
0.8399092178770949,,,95.94817873600005,988babfb79a4be0620cf47d259d4da35f8fc07573e92f83a2e388003c17759ba,0.8395352266932421,de125d04e78b221d9268ef4e9e1c30f5c2aabf852422fb12bb0d870272447993,2026-09-06T12:28:37.819823+00:00,1,7.756252627000322,True,128.0,9.11451296125672e-08,7,0.187,NAA-GDP,0.042,1,20,,0,s1_p20_NAA-GDP_l7_r0,fcf8b4f93626e8cf9603afe70c3a614f6523366181d2f4df2620ee6efbb41bdb,3ea87f4a1b7b84a26ee106434a73c8c3b1666cf072e5654900cb743a0c6ff2ae,a12dcb1ba4e2a21b6a4474c284e3079c1b8e06dc282072a6d2d3a684bd02794b,1a980269c1778978c64462bf76cf00949cd95e29e33d5066107809299e5dec35,p2_20,celeba-three-workers-v1,
0.8359511343804538,,,37.93039020300057,988babfb79a4be0620cf47d259d4da35f8fc07573e92f83a2e388003c17759ba,0.8355460646735815,de125d04e78b221d9268ef4e9e1c30f5c2aabf852422fb12bb0d870272447993,2026-09-06T12:29:17.497346+00:00,1,0.9306747239998003,False,500.0,0.00032178628285581815,7,0.169,NAA-GDP,0.042,1,2,,1,s1_p2_NAA-GDP_l7_r1,fcf8b4f93626e8cf9603afe70c3a614f6523366181d2f4df2620ee6efbb41bdb,3ea87f4a1b7b84a26ee106434a73c8c3b1666cf072e5654900cb743a0c6ff2ae,a12dcb1ba4e2a21b6a4474c284e3079c1b8e06dc282072a6d2d3a684bd02794b,1a980269c1778978c64462bf76cf00949cd95e29e33d5066107809299e5dec35,p2_20,celeba-three-workers-v1,
0.8303072625698324,,,132.06972103700082,988babfb79a4be0620cf47d259d4da35f8fc07573e92f83a2e388003c17759ba,0.8292209774892025,de125d04e78b221d9268ef4e9e1c30f5c2aabf852422fb12bb0d870272447993,2026-09-06T12:31:38.631638+00:00,1,8.713435626000319,True,177.0,9.349245809121834e-08,7,0.169,NAA-GDP,0.042,1,20,,1,s1_p20_NAA-GDP_l7_r1,fcf8b4f93626e8cf9603afe70c3a614f6523366181d2f4df2620ee6efbb41bdb,3ea87f4a1b7b84a26ee106434a73c8c3b1666cf072e5654900cb743a0c6ff2ae,a12dcb1ba4e2a21b6a4474c284e3079c1b8e06dc282072a6d2d3a684bd02794b,1a980269c1778978c64462bf76cf00949cd95e29e33d5066107809299e5dec35,p2_20,celeba-three-workers-v1,
0.8272251308900523,,,38.00943418300085,988babfb79a4be0620cf47d259d4da35f8fc07573e92f83a2e388003c17759ba,0.8275777913361806,de125d04e78b221d9268ef4e9e1c30f5c2aabf852422fb12bb0d870272447993,2026-09-06T12:32:18.363726+00:00,1,0.8979398959991158,False,500.0,0.0017621048612857413,7,0.158,NAA-GDP,0.042,1,2,,2,s1_p2_NAA-GDP_l7_r2,fcf8b4f93626e8cf9603afe70c3a614f6523366181d2f4df2620ee6efbb41bdb,3ea87f4a1b7b84a26ee106434a73c8c3b1666cf072e5654900cb743a0c6ff2ae,a12dcb1ba4e2a21b6a4474c284e3079c1b8e06dc282072a6d2d3a684bd02794b,1a980269c1778978c64462bf76cf00949cd95e29e33d5066107809299e5dec35,p2_20,celeba-three-workers-v1,
0.8453212290502793,,,101.83996981499968,988babfb79a4be0620cf47d259d4da35f8fc07573e92f83a2e388003c17759ba,0.8440599840289038,de125d04e78b221d9268ef4e9e1c30f5c2aabf852422fb12bb0d870272447993,2026-09-06T12:34:07.662239+00:00,1,7.105892909999966,True,136.0,9.565033975746815e-08,7,0.158,NAA-GDP,0.042,1,20,,2,s1_p20_NAA-GDP_l7_r2,fcf8b4f93626e8cf9603afe70c3a614f6523366181d2f4df2620ee6efbb41bdb,3ea87f4a1b7b84a26ee106434a73c8c3b1666cf072e5654900cb743a0c6ff2ae,a12dcb1ba4e2a21b6a4474c284e3079c1b8e06dc282072a6d2d3a684bd02794b,1a980269c1778978c64462bf76cf00949cd95e29e33d5066107809299e5dec35,p2_20,celeba-three-workers-v1,
0.8429319371727748,,,37.91190765899955,988babfb79a4be0620cf47d259d4da35f8fc07573e92f83a2e388003c17759ba,0.8418364856619891,de125d04e78b221d9268ef4e9e1c30f5c2aabf852422fb12bb0d870272447993,2026-09-06T12:34:47.469636+00:00,1,1.0733071929998914,False,500.0,0.0004735243539601957,7,0.118,NAA-GDP,0.042,1,2,,3,s1_p2_NAA-GDP_l7_r3,fcf8b4f93626e8cf9603afe70c3a614f6523366181d2f4df2620ee6efbb41bdb,3ea87f4a1b7b84a26ee106434a73c8c3b1666cf072e5654900cb743a0c6ff2ae,a12dcb1ba4e2a21b6a4474c284e3079c1b8e06dc282072a6d2d3a684bd02794b,1a980269c1778978c64462bf76cf00949cd95e29e33d5066107809299e5dec35,p2_20,celeba-three-workers-v1,
0.8318784916201117,,,85.64742673299952,988babfb79a4be0620cf47d259d4da35f8fc07573e92f83a2e388003c17759ba,0.8317022842134834,de125d04e78b221d9268ef4e9e1c30f5c2aabf852422fb12bb0d870272447993,2026-09-06T12:36:22.319347+00:00,1,8.850837113000125,True,114.0,9.658446667638713e-08,7,0.118,NAA-GDP,0.042,1,20,,3,s1_p20_NAA-GDP_l7_r3,fcf8b4f93626e8cf9603afe70c3a614f6523366181d2f4df2620ee6efbb41bdb,3ea87f4a1b7b84a26ee106434a73c8c3b1666cf072e5654900cb743a0c6ff2ae,a12dcb1ba4e2a21b6a4474c284e3079c1b8e06dc282072a6d2d3a684bd02794b,1a980269c1778978c64462bf76cf00949cd95e29e33d5066107809299e5dec35,p2_20,celeba-three-workers-v1,
0.8272251308900523,,,38.19017030500072,988babfb79a4be0620cf47d259d4da35f8fc07573e92f83a2e388003c17759ba,0.8264551555826724,de125d04e78b221d9268ef4e9e1c30f5c2aabf852422fb12bb0d870272447993,2026-09-06T12:37:02.305022+00:00,1,0.9760769079994134,False,500.0,0.0014709731265754678,8,0.115,NAA-GDP,0.048,1,2,,0,s1_p2_NAA-GDP_l8_r0,fcf8b4f93626e8cf9603afe70c3a614f6523366181d2f4df2620ee6efbb41bdb,3ea87f4a1b7b84a26ee106434a73c8c3b1666cf072e5654900cb743a0c6ff2ae,a12dcb1ba4e2a21b6a4474c284e3079c1b8e06dc282072a6d2d3a684bd02794b,1a980269c1778978c64462bf76cf00949cd95e29e33d5066107809299e5dec35,p2_20,celeba-three-workers-v1,
0.8358938547486033,,,369.4060647489996,988babfb79a4be0620cf47d259d4da35f8fc07573e92f83a2e388003c17759ba,0.8355730348025106,de125d04e78b221d9268ef4e9e1c30f5c2aabf852422fb12bb0d870272447993,2026-09-06T12:43:19.566662+00:00,1,7.504554694000035,False,500.0,0.005361578441017956,8,0.115,NAA-GDP,0.048,1,20,,0,s1_p20_NAA-GDP_l8_r0,fcf8b4f93626e8cf9603afe70c3a614f6523366181d2f4df2620ee6efbb41bdb,3ea87f4a1b7b84a26ee106434a73c8c3b1666cf072e5654900cb743a0c6ff2ae,a12dcb1ba4e2a21b6a4474c284e3079c1b8e06dc282072a6d2d3a684bd02794b,1a980269c1778978c64462bf76cf00949cd95e29e33d5066107809299e5dec35,p2_20,celeba-three-workers-v1,
0.8237347294938918,,,38.004023914001664,988babfb79a4be0620cf47d259d4da35f8fc07573e92f83a2e388003c17759ba,0.8230994508846858,de125d04e78b221d9268ef4e9e1c30f5c2aabf852422fb12bb0d870272447993,2026-09-06T12:43:59.543767+00:00,1,1.1587411759992392,False,500.0,0.00188701680464951,8,0.116,NAA-GDP,0.048,1,2,,1,s1_p2_NAA-GDP_l8_r1,fcf8b4f93626e8cf9603afe70c3a614f6523366181d2f4df2620ee6efbb41bdb,3ea87f4a1b7b84a26ee106434a73c8c3b1666cf072e5654900cb743a0c6ff2ae,a12dcb1ba4e2a21b6a4474c284e3079c1b8e06dc282072a6d2d3a684bd02794b,1a980269c1778978c64462bf76cf00949cd95e29e33d5066107809299e5dec35,p2_20,celeba-three-workers-v1,
0.8200069832402235,,,369.50874162000036,988babfb79a4be0620cf47d259d4da35f8fc07573e92f83a2e388003c17759ba,0.8201538216054676,de125d04e78b221d9268ef4e9e1c30f5c2aabf852422fb12bb0d870272447993,2026-09-06T12:50:18.387807+00:00,1,8.976780999000766,False,500.0,0.02010857140915705,8,0.116,NAA-GDP,0.048,1,20,,1,s1_p20_NAA-GDP_l8_r1,fcf8b4f93626e8cf9603afe70c3a614f6523366181d2f4df2620ee6efbb41bdb,3ea87f4a1b7b84a26ee106434a73c8c3b1666cf072e5654900cb743a0c6ff2ae,a12dcb1ba4e2a21b6a4474c284e3079c1b8e06dc282072a6d2d3a684bd02794b,1a980269c1778978c64462bf76cf00949cd95e29e33d5066107809299e5dec35,p2_20,celeba-three-workers-v1,
0.8132635253054101,,,38.061871881000116,988babfb79a4be0620cf47d259d4da35f8fc07573e92f83a2e388003c17759ba,0.8130323367907261,de125d04e78b221d9268ef4e9e1c30f5c2aabf852422fb12bb0d870272447993,2026-09-06T12:50:57.855240+00:00,1,0.5971576729989465,False,500.0,0.003723839783390703,8,0.135,NAA-GDP,0.048,1,2,,2,s1_p2_NAA-GDP_l8_r2,fcf8b4f93626e8cf9603afe70c3a614f6523366181d2f4df2620ee6efbb41bdb,3ea87f4a1b7b84a26ee106434a73c8c3b1666cf072e5654900cb743a0c6ff2ae,a12dcb1ba4e2a21b6a4474c284e3079c1b8e06dc282072a6d2d3a684bd02794b,1a980269c1778978c64462bf76cf00949cd95e29e33d5066107809299e5dec35,p2_20,celeba-three-workers-v1,
0.8205307262569832,,,369.3155336209984,988babfb79a4be0620cf47d259d4da35f8fc07573e92f83a2e388003c17759ba,0.8197442891000382,de125d04e78b221d9268ef4e9e1c30f5c2aabf852422fb12bb0d870272447993,2026-09-06T12:57:13.501779+00:00,1,5.989748562000386,False,500.0,0.01329427948547829,8,0.135,NAA-GDP,0.048,1,20,,2,s1_p20_NAA-GDP_l8_r2,fcf8b4f93626e8cf9603afe70c3a614f6523366181d2f4df2620ee6efbb41bdb,3ea87f4a1b7b84a26ee106434a73c8c3b1666cf072e5654900cb743a0c6ff2ae,a12dcb1ba4e2a21b6a4474c284e3079c1b8e06dc282072a6d2d3a684bd02794b,1a980269c1778978c64462bf76cf00949cd95e29e33d5066107809299e5dec35,p2_20,celeba-three-workers-v1,
0.8359511343804538,,,37.97097545500037,988babfb79a4be0620cf47d259d4da35f8fc07573e92f83a2e388003c17759ba,0.8358267236119585,de125d04e78b221d9268ef4e9e1c30f5c2aabf852422fb12bb0d870272447993,2026-09-06T12:57:53.286016+00:00,1,0.9862974709994887,False,500.0,0.0017823148003813193,8,0.179,NAA-GDP,0.048,1,2,,3,s1_p2_NAA-GDP_l8_r3,fcf8b4f93626e8cf9603afe70c3a614f6523366181d2f4df2620ee6efbb41bdb,3ea87f4a1b7b84a26ee106434a73c8c3b1666cf072e5654900cb743a0c6ff2ae,a12dcb1ba4e2a21b6a4474c284e3079c1b8e06dc282072a6d2d3a684bd02794b,1a980269c1778978c64462bf76cf00949cd95e29e33d5066107809299e5dec35,p2_20,celeba-three-workers-v1,
0.8317039106145251,,,369.5335113729998,988babfb79a4be0620cf47d259d4da35f8fc07573e92f83a2e388003c17759ba,0.8301493081409494,de125d04e78b221d9268ef4e9e1c30f5c2aabf852422fb12bb0d870272447993,2026-09-06T13:04:10.930351+00:00,1,7.7701425260002,False,500.0,0.012909514240306962,8,0.179,NAA-GDP,0.048,1,20,,3,s1_p20_NAA-GDP_l8_r3,fcf8b4f93626e8cf9603afe70c3a614f6523366181d2f4df2620ee6efbb41bdb,3ea87f4a1b7b84a26ee106434a73c8c3b1666cf072e5654900cb743a0c6ff2ae,a12dcb1ba4e2a21b6a4474c284e3079c1b8e06dc282072a6d2d3a684bd02794b,1a980269c1778978c64462bf76cf00949cd95e29e33d5066107809299e5dec35,p2_20,celeba-three-workers-v1,
0.8202443280977313,,,38.09159143600118,988babfb79a4be0620cf47d259d4da35f8fc07573e92f83a2e388003c17759ba,0.8198840756558877,de125d04e78b221d9268ef4e9e1c30f5c2aabf852422fb12bb0d870272447993,2026-09-06T13:04:50.883263+00:00,1,1.0295363499990344,False,500.0,0.004334331042168757,9,0.134,NAA-GDP,0.054,1,2,,0,s1_p2_NAA-GDP_l9_r0,fcf8b4f93626e8cf9603afe70c3a614f6523366181d2f4df2620ee6efbb41bdb,3ea87f4a1b7b84a26ee106434a73c8c3b1666cf072e5654900cb743a0c6ff2ae,a12dcb1ba4e2a21b6a4474c284e3079c1b8e06dc282072a6d2d3a684bd02794b,1a980269c1778978c64462bf76cf00949cd95e29e33d5066107809299e5dec35,p2_20,celeba-three-workers-v1,
0.8196578212290503,,,369.6796491639998,988babfb79a4be0620cf47d259d4da35f8fc07573e92f83a2e388003c17759ba,0.8192685867875011,de125d04e78b221d9268ef4e9e1c30f5c2aabf852422fb12bb0d870272447993,2026-09-06T13:11:14.605110+00:00,1,13.707366524000463,False,500.0,0.03179650311732377,9,0.134,NAA-GDP,0.054,1,20,,0,s1_p20_NAA-GDP_l9_r0,fcf8b4f93626e8cf9603afe70c3a614f6523366181d2f4df2620ee6efbb41bdb,3ea87f4a1b7b84a26ee106434a73c8c3b1666cf072e5654900cb743a0c6ff2ae,a12dcb1ba4e2a21b6a4474c284e3079c1b8e06dc282072a6d2d3a684bd02794b,1a980269c1778978c64462bf76cf00949cd95e29e33d5066107809299e5dec35,p2_20,celeba-three-workers-v1,
0.8342059336823735,,,38.064541157998974,988babfb79a4be0620cf47d259d4da35f8fc07573e92f83a2e388003c17759ba,0.8349908480780963,de125d04e78b221d9268ef4e9e1c30f5c2aabf852422fb12bb0d870272447993,2026-09-06T13:11:54.327899+00:00,1,0.846606642999177,False,500.0,0.0003999709906455859,9,0.161,NAA-GDP,0.054,1,2,,1,s1_p2_NAA-GDP_l9_r1,fcf8b4f93626e8cf9603afe70c3a614f6523366181d2f4df2620ee6efbb41bdb,3ea87f4a1b7b84a26ee106434a73c8c3b1666cf072e5654900cb743a0c6ff2ae,a12dcb1ba4e2a21b6a4474c284e3079c1b8e06dc282072a6d2d3a684bd02794b,1a980269c1778978c64462bf76cf00949cd95e29e33d5066107809299e5dec35,p2_20,celeba-three-workers-v1,
0.8158170391061452,,,369.99416286700034,988babfb79a4be0620cf47d259d4da35f8fc07573e92f83a2e388003c17759ba,0.8165850470641909,de125d04e78b221d9268ef4e9e1c30f5c2aabf852422fb12bb0d870272447993,2026-09-06T13:18:13.059114+00:00,1,8.396377951999966,False,500.0,0.03198596769793401,9,0.161,NAA-GDP,0.054,1,20,,1,s1_p20_NAA-GDP_l9_r1,fcf8b4f93626e8cf9603afe70c3a614f6523366181d2f4df2620ee6efbb41bdb,3ea87f4a1b7b84a26ee106434a73c8c3b1666cf072e5654900cb743a0c6ff2ae,a12dcb1ba4e2a21b6a4474c284e3079c1b8e06dc282072a6d2d3a684bd02794b,1a980269c1778978c64462bf76cf00949cd95e29e33d5066107809299e5dec35,p2_20,celeba-three-workers-v1,
0.8202443280977313,,,38.02015779499925,988babfb79a4be0620cf47d259d4da35f8fc07573e92f83a2e388003c17759ba,0.8208663819402073,de125d04e78b221d9268ef4e9e1c30f5c2aabf852422fb12bb0d870272447993,2026-09-06T13:18:52.811834+00:00,1,0.9218996549989242,False,500.0,0.0007948111743588197,9,0.122,NAA-GDP,0.054,1,2,,2,s1_p2_NAA-GDP_l9_r2,fcf8b4f93626e8cf9603afe70c3a614f6523366181d2f4df2620ee6efbb41bdb,3ea87f4a1b7b84a26ee106434a73c8c3b1666cf072e5654900cb743a0c6ff2ae,a12dcb1ba4e2a21b6a4474c284e3079c1b8e06dc282072a6d2d3a684bd02794b,1a980269c1778978c64462bf76cf00949cd95e29e33d5066107809299e5dec35,p2_20,celeba-three-workers-v1,
0.8215782122905028,,,369.7683081359992,988babfb79a4be0620cf47d259d4da35f8fc07573e92f83a2e388003c17759ba,0.8191342327787888,de125d04e78b221d9268ef4e9e1c30f5c2aabf852422fb12bb0d870272447993,2026-09-06T13:25:12.023010+00:00,1,9.105202038999778,False,500.0,0.03182492656637494,9,0.122,NAA-GDP,0.054,1,20,,2,s1_p20_NAA-GDP_l9_r2,fcf8b4f93626e8cf9603afe70c3a614f6523366181d2f4df2620ee6efbb41bdb,3ea87f4a1b7b84a26ee106434a73c8c3b1666cf072e5654900cb743a0c6ff2ae,a12dcb1ba4e2a21b6a4474c284e3079c1b8e06dc282072a6d2d3a684bd02794b,1a980269c1778978c64462bf76cf00949cd95e29e33d5066107809299e5dec35,p2_20,celeba-three-workers-v1,
0.8027923211169284,,,38.042693237001004,988babfb79a4be0620cf47d259d4da35f8fc07573e92f83a2e388003c17759ba,0.804228187919463,de125d04e78b221d9268ef4e9e1c30f5c2aabf852422fb12bb0d870272447993,2026-09-06T13:25:51.581065+00:00,1,0.6949591890006559,False,500.0,0.001103230727549321,9,0.171,NAA-GDP,0.054,1,2,,3,s1_p2_NAA-GDP_l9_r3,fcf8b4f93626e8cf9603afe70c3a614f6523366181d2f4df2620ee6efbb41bdb,3ea87f4a1b7b84a26ee106434a73c8c3b1666cf072e5654900cb743a0c6ff2ae,a12dcb1ba4e2a21b6a4474c284e3079c1b8e06dc282072a6d2d3a684bd02794b,1a980269c1778978c64462bf76cf00949cd95e29e33d5066107809299e5dec35,p2_20,celeba-three-workers-v1,
0.8212290502793296,,,369.94453274700027,988babfb79a4be0620cf47d259d4da35f8fc07573e92f83a2e388003c17759ba,0.8202998957276157,de125d04e78b221d9268ef4e9e1c30f5c2aabf852422fb12bb0d870272447993,2026-09-06T13:32:09.527411+00:00,1,7.661945833000573,False,500.0,0.03104177464346714,9,0.171,NAA-GDP,0.054,1,20,,3,s1_p20_NAA-GDP_l9_r3,fcf8b4f93626e8cf9603afe70c3a614f6523366181d2f4df2620ee6efbb41bdb,3ea87f4a1b7b84a26ee106434a73c8c3b1666cf072e5654900cb743a0c6ff2ae,a12dcb1ba4e2a21b6a4474c284e3079c1b8e06dc282072a6d2d3a684bd02794b,1a980269c1778978c64462bf76cf00949cd95e29e33d5066107809299e5dec35,p2_20,celeba-three-workers-v1,
0.8359511343804538,,,38.03054979100125,988babfb79a4be0620cf47d259d4da35f8fc07573e92f83a2e388003c17759ba,0.8372300183038438,de125d04e78b221d9268ef4e9e1c30f5c2aabf852422fb12bb0d870272447993,2026-09-06T13:32:49.488833+00:00,1,1.1030599850000726,False,500.0,0.0008877806676251059,10,0.15,NAA-GDP,0.06,1,2,,0,s1_p2_NAA-GDP_l10_r0,fcf8b4f93626e8cf9603afe70c3a614f6523366181d2f4df2620ee6efbb41bdb,3ea87f4a1b7b84a26ee106434a73c8c3b1666cf072e5654900cb743a0c6ff2ae,a12dcb1ba4e2a21b6a4474c284e3079c1b8e06dc282072a6d2d3a684bd02794b,1a980269c1778978c64462bf76cf00949cd95e29e33d5066107809299e5dec35,p2_20,celeba-three-workers-v1,
0.8193086592178771,,,370.2348496079994,988babfb79a4be0620cf47d259d4da35f8fc07573e92f83a2e388003c17759ba,0.8186838019608482,de125d04e78b221d9268ef4e9e1c30f5c2aabf852422fb12bb0d870272447993,2026-09-06T13:39:07.215190+00:00,1,7.143339517999266,False,500.0,0.04544197591082621,10,0.15,NAA-GDP,0.06,1,20,,0,s1_p20_NAA-GDP_l10_r0,fcf8b4f93626e8cf9603afe70c3a614f6523366181d2f4df2620ee6efbb41bdb,3ea87f4a1b7b84a26ee106434a73c8c3b1666cf072e5654900cb743a0c6ff2ae,a12dcb1ba4e2a21b6a4474c284e3079c1b8e06dc282072a6d2d3a684bd02794b,1a980269c1778978c64462bf76cf00949cd95e29e33d5066107809299e5dec35,p2_20,celeba-three-workers-v1,
0.8184991273996509,,,38.12241166900094,988babfb79a4be0620cf47d259d4da35f8fc07573e92f83a2e388003c17759ba,0.8179255643685174,de125d04e78b221d9268ef4e9e1c30f5c2aabf852422fb12bb0d870272447993,2026-09-06T13:39:47.171525+00:00,1,1.0214867569993658,False,500.0,0.0013371672558080265,10,0.076,NAA-GDP,0.06,1,2,,1,s1_p2_NAA-GDP_l10_r1,fcf8b4f93626e8cf9603afe70c3a614f6523366181d2f4df2620ee6efbb41bdb,3ea87f4a1b7b84a26ee106434a73c8c3b1666cf072e5654900cb743a0c6ff2ae,a12dcb1ba4e2a21b6a4474c284e3079c1b8e06dc282072a6d2d3a684bd02794b,1a980269c1778978c64462bf76cf00949cd95e29e33d5066107809299e5dec35,p2_20,celeba-three-workers-v1,
0.8119762569832403,,,370.2171837780006,988babfb79a4be0620cf47d259d4da35f8fc07573e92f83a2e388003c17759ba,0.8126474552032237,de125d04e78b221d9268ef4e9e1c30f5c2aabf852422fb12bb0d870272447993,2026-09-06T13:46:05.056519+00:00,1,7.321359195000696,False,500.0,0.044539086884753824,10,0.076,NAA-GDP,0.06,1,20,,1,s1_p20_NAA-GDP_l10_r1,fcf8b4f93626e8cf9603afe70c3a614f6523366181d2f4df2620ee6efbb41bdb,3ea87f4a1b7b84a26ee106434a73c8c3b1666cf072e5654900cb743a0c6ff2ae,a12dcb1ba4e2a21b6a4474c284e3079c1b8e06dc282072a6d2d3a684bd02794b,1a980269c1778978c64462bf76cf00949cd95e29e33d5066107809299e5dec35,p2_20,celeba-three-workers-v1,
0.8429319371727748,,,38.02005091799947,988babfb79a4be0620cf47d259d4da35f8fc07573e92f83a2e388003c17759ba,0.8411348383160464,de125d04e78b221d9268ef4e9e1c30f5c2aabf852422fb12bb0d870272447993,2026-09-06T13:46:44.786290+00:00,1,0.8880265429997962,False,500.0,0.0019618220196657406,10,0.127,NAA-GDP,0.06,1,2,,2,s1_p2_NAA-GDP_l10_r2,fcf8b4f93626e8cf9603afe70c3a614f6523366181d2f4df2620ee6efbb41bdb,3ea87f4a1b7b84a26ee106434a73c8c3b1666cf072e5654900cb743a0c6ff2ae,a12dcb1ba4e2a21b6a4474c284e3079c1b8e06dc282072a6d2d3a684bd02794b,1a980269c1778978c64462bf76cf00949cd95e29e33d5066107809299e5dec35,p2_20,celeba-three-workers-v1,
0.8177374301675978,,,370.18250525200165,988babfb79a4be0620cf47d259d4da35f8fc07573e92f83a2e388003c17759ba,0.8176786191069347,de125d04e78b221d9268ef4e9e1c30f5c2aabf852422fb12bb0d870272447993,2026-09-06T13:53:02.927201+00:00,1,7.618758402000822,False,500.0,0.04063787593509266,10,0.127,NAA-GDP,0.06,1,20,,2,s1_p20_NAA-GDP_l10_r2,fcf8b4f93626e8cf9603afe70c3a614f6523366181d2f4df2620ee6efbb41bdb,3ea87f4a1b7b84a26ee106434a73c8c3b1666cf072e5654900cb743a0c6ff2ae,a12dcb1ba4e2a21b6a4474c284e3079c1b8e06dc282072a6d2d3a684bd02794b,1a980269c1778978c64462bf76cf00949cd95e29e33d5066107809299e5dec35,p2_20,celeba-three-workers-v1,
0.8394415357766143,,,38.19197118699958,988babfb79a4be0620cf47d259d4da35f8fc07573e92f83a2e388003c17759ba,0.8383404514948138,de125d04e78b221d9268ef4e9e1c30f5c2aabf852422fb12bb0d870272447993,2026-09-06T13:53:42.897418+00:00,1,0.9605695719983487,False,500.0,0.0006908547947344005,10,0.119,NAA-GDP,0.06,1,2,,3,s1_p2_NAA-GDP_l10_r3,fcf8b4f93626e8cf9603afe70c3a614f6523366181d2f4df2620ee6efbb41bdb,3ea87f4a1b7b84a26ee106434a73c8c3b1666cf072e5654900cb743a0c6ff2ae,a12dcb1ba4e2a21b6a4474c284e3079c1b8e06dc282072a6d2d3a684bd02794b,1a980269c1778978c64462bf76cf00949cd95e29e33d5066107809299e5dec35,p2_20,celeba-three-workers-v1,
0.8203561452513967,,,370.61997516299925,988babfb79a4be0620cf47d259d4da35f8fc07573e92f83a2e388003c17759ba,0.820203021664996,de125d04e78b221d9268ef4e9e1c30f5c2aabf852422fb12bb0d870272447993,2026-09-06T14:00:04.816878+00:00,1,10.954687626999657,False,500.0,0.032859764164406585,10,0.119,NAA-GDP,0.06,1,20,,3,s1_p20_NAA-GDP_l10_r3,fcf8b4f93626e8cf9603afe70c3a614f6523366181d2f4df2620ee6efbb41bdb,3ea87f4a1b7b84a26ee106434a73c8c3b1666cf072e5654900cb743a0c6ff2ae,a12dcb1ba4e2a21b6a4474c284e3079c1b8e06dc282072a6d2d3a684bd02794b,1a980269c1778978c64462bf76cf00949cd95e29e33d5066107809299e5dec35,p2_20,celeba-three-workers-v1,
0.8385964912280702,,,0.0,988babfb79a4be0620cf47d259d4da35f8fc07573e92f83a2e388003c17759ba,0.8375346687211094,b743fe7228434906b9048ef7faf033fd6e5448453864a9c29b94ea2944f572a4,2026-09-06T14:00:27.250033+00:00,1,1.197037146999719,,,,0,0.74,C-GDP,0.0,2,2,,0,s2_p2_C-GDP_l0_r0,fcf8b4f93626e8cf9603afe70c3a614f6523366181d2f4df2620ee6efbb41bdb,3ea87f4a1b7b84a26ee106434a73c8c3b1666cf072e5654900cb743a0c6ff2ae,a12dcb1ba4e2a21b6a4474c284e3079c1b8e06dc282072a6d2d3a684bd02794b,1a980269c1778978c64462bf76cf00949cd95e29e33d5066107809299e5dec35,p2_20,celeba-three-workers-v1,
0.843859649122807,,,0.0,988babfb79a4be0620cf47d259d4da35f8fc07573e92f83a2e388003c17759ba,0.8422496147919877,b743fe7228434906b9048ef7faf033fd6e5448453864a9c29b94ea2944f572a4,2026-09-06T14:00:28.011734+00:00,1,0.7203000270001212,,,,0,,I-GDP,0.0,2,2,,0,s2_p2_I-GDP_l0_r0,fcf8b4f93626e8cf9603afe70c3a614f6523366181d2f4df2620ee6efbb41bdb,3ea87f4a1b7b84a26ee106434a73c8c3b1666cf072e5654900cb743a0c6ff2ae,a12dcb1ba4e2a21b6a4474c284e3079c1b8e06dc282072a6d2d3a684bd02794b,1a980269c1778978c64462bf76cf00949cd95e29e33d5066107809299e5dec35,p2_20,celeba-three-workers-v1,
0.8385964912280702,,,0.0,988babfb79a4be0620cf47d259d4da35f8fc07573e92f83a2e388003c17759ba,0.8375346687211094,b743fe7228434906b9048ef7faf033fd6e5448453864a9c29b94ea2944f572a4,2026-09-06T14:00:29.189974+00:00,1,1.1327768189985363,,,,0,0.74,AA-GDP,0.0,2,2,,0,s2_p2_AA-GDP_l0_r0,fcf8b4f93626e8cf9603afe70c3a614f6523366181d2f4df2620ee6efbb41bdb,3ea87f4a1b7b84a26ee106434a73c8c3b1666cf072e5654900cb743a0c6ff2ae,a12dcb1ba4e2a21b6a4474c284e3079c1b8e06dc282072a6d2d3a684bd02794b,1a980269c1778978c64462bf76cf00949cd95e29e33d5066107809299e5dec35,p2_20,celeba-three-workers-v1,0.0
0.8820126227208976,,,0.0,988babfb79a4be0620cf47d259d4da35f8fc07573e92f83a2e388003c17759ba,0.881693585125644,b743fe7228434906b9048ef7faf033fd6e5448453864a9c29b94ea2944f572a4,2026-09-06T14:00:41.233351+00:00,1,11.975806967999233,,,,0,0.74,C-GDP,0.0,2,20,,0,s2_p20_C-GDP_l0_r0,fcf8b4f93626e8cf9603afe70c3a614f6523366181d2f4df2620ee6efbb41bdb,3ea87f4a1b7b84a26ee106434a73c8c3b1666cf072e5654900cb743a0c6ff2ae,a12dcb1ba4e2a21b6a4474c284e3079c1b8e06dc282072a6d2d3a684bd02794b,1a980269c1778978c64462bf76cf00949cd95e29e33d5066107809299e5dec35,p2_20,celeba-three-workers-v1,
0.8071528751753155,,,0.0,988babfb79a4be0620cf47d259d4da35f8fc07573e92f83a2e388003c17759ba,0.8056772544612002,b743fe7228434906b9048ef7faf033fd6e5448453864a9c29b94ea2944f572a4,2026-09-06T14:00:52.265378+00:00,1,10.951291547999062,,,,0,,I-GDP,0.0,2,20,,0,s2_p20_I-GDP_l0_r0,fcf8b4f93626e8cf9603afe70c3a614f6523366181d2f4df2620ee6efbb41bdb,3ea87f4a1b7b84a26ee106434a73c8c3b1666cf072e5654900cb743a0c6ff2ae,a12dcb1ba4e2a21b6a4474c284e3079c1b8e06dc282072a6d2d3a684bd02794b,1a980269c1778978c64462bf76cf00949cd95e29e33d5066107809299e5dec35,p2_20,celeba-three-workers-v1,
0.8846423562412342,,,0.0,988babfb79a4be0620cf47d259d4da35f8fc07573e92f83a2e388003c17759ba,0.8837111001669968,b743fe7228434906b9048ef7faf033fd6e5448453864a9c29b94ea2944f572a4,2026-09-06T14:01:02.978704+00:00,1,10.516260812000837,,,,0,0.74,AA-GDP,0.0,2,20,,0,s2_p20_AA-GDP_l0_r0,fcf8b4f93626e8cf9603afe70c3a614f6523366181d2f4df2620ee6efbb41bdb,3ea87f4a1b7b84a26ee106434a73c8c3b1666cf072e5654900cb743a0c6ff2ae,a12dcb1ba4e2a21b6a4474c284e3079c1b8e06dc282072a6d2d3a684bd02794b,1a980269c1778978c64462bf76cf00949cd95e29e33d5066107809299e5dec35,p2_20,celeba-three-workers-v1,1.918111225407415e-10
0.8385964912280702,,,0.79813736899996,988babfb79a4be0620cf47d259d4da35f8fc07573e92f83a2e388003c17759ba,0.8375346687211094,b743fe7228434906b9048ef7faf033fd6e5448453864a9c29b94ea2944f572a4,2026-09-06T14:01:05.540369+00:00,1,0.9463062459999492,True,6.0,7.866662919701937e-09,1,0.67,NAA-GDP,0.006,2,2,,0,s2_p2_NAA-GDP_l1_r0,fcf8b4f93626e8cf9603afe70c3a614f6523366181d2f4df2620ee6efbb41bdb,3ea87f4a1b7b84a26ee106434a73c8c3b1666cf072e5654900cb743a0c6ff2ae,a12dcb1ba4e2a21b6a4474c284e3079c1b8e06dc282072a6d2d3a684bd02794b,1a980269c1778978c64462bf76cf00949cd95e29e33d5066107809299e5dec35,p2_20,celeba-three-workers-v1,
0.8718443197755961,,,5.964471254999808,988babfb79a4be0620cf47d259d4da35f8fc07573e92f83a2e388003c17759ba,0.8724025901690315,b743fe7228434906b9048ef7faf033fd6e5448453864a9c29b94ea2944f572a4,2026-09-06T14:01:21.404968+00:00,1,9.547013871000672,True,5.0,2.896178887007365e-09,1,0.67,NAA-GDP,0.006,2,20,,0,s2_p20_NAA-GDP_l1_r0,fcf8b4f93626e8cf9603afe70c3a614f6523366181d2f4df2620ee6efbb41bdb,3ea87f4a1b7b84a26ee106434a73c8c3b1666cf072e5654900cb743a0c6ff2ae,a12dcb1ba4e2a21b6a4474c284e3079c1b8e06dc282072a6d2d3a684bd02794b,1a980269c1778978c64462bf76cf00949cd95e29e33d5066107809299e5dec35,p2_20,celeba-three-workers-v1,
0.8403508771929824,,,0.8035222480011726,988babfb79a4be0620cf47d259d4da35f8fc07573e92f83a2e388003c17759ba,0.8387365177195686,b743fe7228434906b9048ef7faf033fd6e5448453864a9c29b94ea2944f572a4,2026-09-06T14:01:23.913857+00:00,1,0.8820132559994818,True,6.0,8.184509264804232e-09,1,0.618,NAA-GDP,0.006,2,2,,1,s2_p2_NAA-GDP_l1_r1,fcf8b4f93626e8cf9603afe70c3a614f6523366181d2f4df2620ee6efbb41bdb,3ea87f4a1b7b84a26ee106434a73c8c3b1666cf072e5654900cb743a0c6ff2ae,a12dcb1ba4e2a21b6a4474c284e3079c1b8e06dc282072a6d2d3a684bd02794b,1a980269c1778978c64462bf76cf00949cd95e29e33d5066107809299e5dec35,p2_20,celeba-three-workers-v1,
0.8862201963534362,,,5.975584706999143,988babfb79a4be0620cf47d259d4da35f8fc07573e92f83a2e388003c17759ba,0.885248192938962,b743fe7228434906b9048ef7faf033fd6e5448453864a9c29b94ea2944f572a4,2026-09-06T14:01:37.730181+00:00,1,7.487757914001122,True,5.0,2.932895416780758e-09,1,0.618,NAA-GDP,0.006,2,20,,1,s2_p20_NAA-GDP_l1_r1,fcf8b4f93626e8cf9603afe70c3a614f6523366181d2f4df2620ee6efbb41bdb,3ea87f4a1b7b84a26ee106434a73c8c3b1666cf072e5654900cb743a0c6ff2ae,a12dcb1ba4e2a21b6a4474c284e3079c1b8e06dc282072a6d2d3a684bd02794b,1a980269c1778978c64462bf76cf00949cd95e29e33d5066107809299e5dec35,p2_20,celeba-three-workers-v1,
0.8350877192982457,,,0.7992490440010442,988babfb79a4be0620cf47d259d4da35f8fc07573e92f83a2e388003c17759ba,0.8350077041602466,b743fe7228434906b9048ef7faf033fd6e5448453864a9c29b94ea2944f572a4,2026-09-06T14:01:40.123292+00:00,1,0.7671575449985539,True,6.0,7.836102279432992e-09,1,0.617,NAA-GDP,0.006,2,2,,2,s2_p2_NAA-GDP_l1_r2,fcf8b4f93626e8cf9603afe70c3a614f6523366181d2f4df2620ee6efbb41bdb,3ea87f4a1b7b84a26ee106434a73c8c3b1666cf072e5654900cb743a0c6ff2ae,a12dcb1ba4e2a21b6a4474c284e3079c1b8e06dc282072a6d2d3a684bd02794b,1a980269c1778978c64462bf76cf00949cd95e29e33d5066107809299e5dec35,p2_20,celeba-three-workers-v1,
0.8742987377279102,,,5.959502980998877,988babfb79a4be0620cf47d259d4da35f8fc07573e92f83a2e388003c17759ba,0.8744212745702511,b743fe7228434906b9048ef7faf033fd6e5448453864a9c29b94ea2944f572a4,2026-09-06T14:01:55.990433+00:00,1,9.561184002999653,True,5.0,2.931945148655132e-09,1,0.617,NAA-GDP,0.006,2,20,,2,s2_p20_NAA-GDP_l1_r2,fcf8b4f93626e8cf9603afe70c3a614f6523366181d2f4df2620ee6efbb41bdb,3ea87f4a1b7b84a26ee106434a73c8c3b1666cf072e5654900cb743a0c6ff2ae,a12dcb1ba4e2a21b6a4474c284e3079c1b8e06dc282072a6d2d3a684bd02794b,1a980269c1778978c64462bf76cf00949cd95e29e33d5066107809299e5dec35,p2_20,celeba-three-workers-v1,
0.8456140350877193,,,0.8016254679987469,988babfb79a4be0620cf47d259d4da35f8fc07573e92f83a2e388003c17759ba,0.8446841294298921,b743fe7228434906b9048ef7faf033fd6e5448453864a9c29b94ea2944f572a4,2026-09-06T14:01:58.373305+00:00,1,0.7670593149996421,True,6.0,7.974139772113348e-09,1,0.641,NAA-GDP,0.006,2,2,,3,s2_p2_NAA-GDP_l1_r3,fcf8b4f93626e8cf9603afe70c3a614f6523366181d2f4df2620ee6efbb41bdb,3ea87f4a1b7b84a26ee106434a73c8c3b1666cf072e5654900cb743a0c6ff2ae,a12dcb1ba4e2a21b6a4474c284e3079c1b8e06dc282072a6d2d3a684bd02794b,1a980269c1778978c64462bf76cf00949cd95e29e33d5066107809299e5dec35,p2_20,celeba-three-workers-v1,
0.8832398316970547,,,5.962825583999802,988babfb79a4be0620cf47d259d4da35f8fc07573e92f83a2e388003c17759ba,0.8830380412459073,b743fe7228434906b9048ef7faf033fd6e5448453864a9c29b94ea2944f572a4,2026-09-06T14:02:13.977264+00:00,1,9.292042941000545,True,5.0,2.906881952349261e-09,1,0.641,NAA-GDP,0.006,2,20,,3,s2_p20_NAA-GDP_l1_r3,fcf8b4f93626e8cf9603afe70c3a614f6523366181d2f4df2620ee6efbb41bdb,3ea87f4a1b7b84a26ee106434a73c8c3b1666cf072e5654900cb743a0c6ff2ae,a12dcb1ba4e2a21b6a4474c284e3079c1b8e06dc282072a6d2d3a684bd02794b,1a980269c1778978c64462bf76cf00949cd95e29e33d5066107809299e5dec35,p2_20,celeba-three-workers-v1,
0.8192982456140351,,,1.11949930999981,988babfb79a4be0620cf47d259d4da35f8fc07573e92f83a2e388003c17759ba,0.8202465331278891,b743fe7228434906b9048ef7faf033fd6e5448453864a9c29b94ea2944f572a4,2026-09-06T14:02:17.307235+00:00,1,1.368317948999902,True,10.0,3.48817935083781e-08,2,0.486,NAA-GDP,0.012,2,2,,0,s2_p2_NAA-GDP_l2_r0,fcf8b4f93626e8cf9603afe70c3a614f6523366181d2f4df2620ee6efbb41bdb,3ea87f4a1b7b84a26ee106434a73c8c3b1666cf072e5654900cb743a0c6ff2ae,a12dcb1ba4e2a21b6a4474c284e3079c1b8e06dc282072a6d2d3a684bd02794b,1a980269c1778978c64462bf76cf00949cd95e29e33d5066107809299e5dec35,p2_20,celeba-three-workers-v1,
0.8718443197755961,,,7.262973711000086,988babfb79a4be0620cf47d259d4da35f8fc07573e92f83a2e388003c17759ba,0.8711230642939903,b743fe7228434906b9048ef7faf033fd6e5448453864a9c29b94ea2944f572a4,2026-09-06T14:02:33.058047+00:00,1,8.143129781001335,True,7.0,1.12710518057162e-08,2,0.486,NAA-GDP,0.012,2,20,,0,s2_p20_NAA-GDP_l2_r0,fcf8b4f93626e8cf9603afe70c3a614f6523366181d2f4df2620ee6efbb41bdb,3ea87f4a1b7b84a26ee106434a73c8c3b1666cf072e5654900cb743a0c6ff2ae,a12dcb1ba4e2a21b6a4474c284e3079c1b8e06dc282072a6d2d3a684bd02794b,1a980269c1778978c64462bf76cf00949cd95e29e33d5066107809299e5dec35,p2_20,celeba-three-workers-v1,
0.8298245614035088,,,1.067425610999635,988babfb79a4be0620cf47d259d4da35f8fc07573e92f83a2e388003c17759ba,0.8289368258859784,b743fe7228434906b9048ef7faf033fd6e5448453864a9c29b94ea2944f572a4,2026-09-06T14:02:35.924018+00:00,1,0.9678519600001891,True,10.0,3.435173174295863e-08,2,0.476,NAA-GDP,0.012,2,2,,1,s2_p2_NAA-GDP_l2_r1,fcf8b4f93626e8cf9603afe70c3a614f6523366181d2f4df2620ee6efbb41bdb,3ea87f4a1b7b84a26ee106434a73c8c3b1666cf072e5654900cb743a0c6ff2ae,a12dcb1ba4e2a21b6a4474c284e3079c1b8e06dc282072a6d2d3a684bd02794b,1a980269c1778978c64462bf76cf00949cd95e29e33d5066107809299e5dec35,p2_20,celeba-three-workers-v1,
0.8695652173913043,,,7.269209579000744,988babfb79a4be0620cf47d259d4da35f8fc07573e92f83a2e388003c17759ba,0.8694078595507713,b743fe7228434906b9048ef7faf033fd6e5448453864a9c29b94ea2944f572a4,2026-09-06T14:02:54.731145+00:00,1,11.19930598099927,True,7.0,1.1314066508121763e-08,2,0.476,NAA-GDP,0.012,2,20,,1,s2_p20_NAA-GDP_l2_r1,fcf8b4f93626e8cf9603afe70c3a614f6523366181d2f4df2620ee6efbb41bdb,3ea87f4a1b7b84a26ee106434a73c8c3b1666cf072e5654900cb743a0c6ff2ae,a12dcb1ba4e2a21b6a4474c284e3079c1b8e06dc282072a6d2d3a684bd02794b,1a980269c1778978c64462bf76cf00949cd95e29e33d5066107809299e5dec35,p2_20,celeba-three-workers-v1,
0.856140350877193,,,1.0680149779982457,988babfb79a4be0620cf47d259d4da35f8fc07573e92f83a2e388003c17759ba,0.8541140215716487,b743fe7228434906b9048ef7faf033fd6e5448453864a9c29b94ea2944f572a4,2026-09-06T14:02:57.375540+00:00,1,0.7596933320000971,True,10.0,3.470144342860108e-08,2,0.491,NAA-GDP,0.012,2,2,,2,s2_p2_NAA-GDP_l2_r2,fcf8b4f93626e8cf9603afe70c3a614f6523366181d2f4df2620ee6efbb41bdb,3ea87f4a1b7b84a26ee106434a73c8c3b1666cf072e5654900cb743a0c6ff2ae,a12dcb1ba4e2a21b6a4474c284e3079c1b8e06dc282072a6d2d3a684bd02794b,1a980269c1778978c64462bf76cf00949cd95e29e33d5066107809299e5dec35,p2_20,celeba-three-workers-v1,
0.8707924263674615,,,7.27196597800139,988babfb79a4be0620cf47d259d4da35f8fc07573e92f83a2e388003c17759ba,0.8693631161495614,b743fe7228434906b9048ef7faf033fd6e5448453864a9c29b94ea2944f572a4,2026-09-06T14:03:13.817606+00:00,1,8.811305304001507,True,7.0,1.1372034506277487e-08,2,0.491,NAA-GDP,0.012,2,20,,2,s2_p20_NAA-GDP_l2_r2,fcf8b4f93626e8cf9603afe70c3a614f6523366181d2f4df2620ee6efbb41bdb,3ea87f4a1b7b84a26ee106434a73c8c3b1666cf072e5654900cb743a0c6ff2ae,a12dcb1ba4e2a21b6a4474c284e3079c1b8e06dc282072a6d2d3a684bd02794b,1a980269c1778978c64462bf76cf00949cd95e29e33d5066107809299e5dec35,p2_20,celeba-three-workers-v1,
0.8456140350877193,,,1.0713380159995722,988babfb79a4be0620cf47d259d4da35f8fc07573e92f83a2e388003c17759ba,0.8444375963020031,b743fe7228434906b9048ef7faf033fd6e5448453864a9c29b94ea2944f572a4,2026-09-06T14:03:16.528276+00:00,1,0.8230500560002838,True,10.0,3.299533879232706e-08,2,0.485,NAA-GDP,0.012,2,2,,3,s2_p2_NAA-GDP_l2_r3,fcf8b4f93626e8cf9603afe70c3a614f6523366181d2f4df2620ee6efbb41bdb,3ea87f4a1b7b84a26ee106434a73c8c3b1666cf072e5654900cb743a0c6ff2ae,a12dcb1ba4e2a21b6a4474c284e3079c1b8e06dc282072a6d2d3a684bd02794b,1a980269c1778978c64462bf76cf00949cd95e29e33d5066107809299e5dec35,p2_20,celeba-three-workers-v1,
0.8711430575035063,,,7.2604403590012225,988babfb79a4be0620cf47d259d4da35f8fc07573e92f83a2e388003c17759ba,0.8710058821263098,b743fe7228434906b9048ef7faf033fd6e5448453864a9c29b94ea2944f572a4,2026-09-06T14:03:30.702908+00:00,1,6.562039694999839,True,7.0,1.127993704506017e-08,2,0.485,NAA-GDP,0.012,2,20,,3,s2_p20_NAA-GDP_l2_r3,fcf8b4f93626e8cf9603afe70c3a614f6523366181d2f4df2620ee6efbb41bdb,3ea87f4a1b7b84a26ee106434a73c8c3b1666cf072e5654900cb743a0c6ff2ae,a12dcb1ba4e2a21b6a4474c284e3079c1b8e06dc282072a6d2d3a684bd02794b,1a980269c1778978c64462bf76cf00949cd95e29e33d5066107809299e5dec35,p2_20,celeba-three-workers-v1,
0.8491228070175438,,,1.7314005450007244,988babfb79a4be0620cf47d259d4da35f8fc07573e92f83a2e388003c17759ba,0.8479506933744222,b743fe7228434906b9048ef7faf033fd6e5448453864a9c29b94ea2944f572a4,2026-09-06T14:03:33.997444+00:00,1,0.7440764969996962,True,19.0,6.520743746245465e-08,3,0.327,NAA-GDP,0.018,2,2,,0,s2_p2_NAA-GDP_l3_r0,fcf8b4f93626e8cf9603afe70c3a614f6523366181d2f4df2620ee6efbb41bdb,3ea87f4a1b7b84a26ee106434a73c8c3b1666cf072e5654900cb743a0c6ff2ae,a12dcb1ba4e2a21b6a4474c284e3079c1b8e06dc282072a6d2d3a684bd02794b,1a980269c1778978c64462bf76cf00949cd95e29e33d5066107809299e5dec35,p2_20,celeba-three-workers-v1,
0.8648316970546984,,,8.638350838999031,988babfb79a4be0620cf47d259d4da35f8fc07573e92f83a2e388003c17759ba,0.8646503497062998,b743fe7228434906b9048ef7faf033fd6e5448453864a9c29b94ea2944f572a4,2026-09-06T14:03:52.150707+00:00,1,9.164210718001414,True,9.0,6.983274894407496e-08,3,0.327,NAA-GDP,0.018,2,20,,0,s2_p20_NAA-GDP_l3_r0,fcf8b4f93626e8cf9603afe70c3a614f6523366181d2f4df2620ee6efbb41bdb,3ea87f4a1b7b84a26ee106434a73c8c3b1666cf072e5654900cb743a0c6ff2ae,a12dcb1ba4e2a21b6a4474c284e3079c1b8e06dc282072a6d2d3a684bd02794b,1a980269c1778978c64462bf76cf00949cd95e29e33d5066107809299e5dec35,p2_20,celeba-three-workers-v1,
0.8385964912280702,,,1.744181985999603,988babfb79a4be0620cf47d259d4da35f8fc07573e92f83a2e388003c17759ba,0.8364252696456087,b743fe7228434906b9048ef7faf033fd6e5448453864a9c29b94ea2944f572a4,2026-09-06T14:03:55.701510+00:00,1,0.9795832780000637,True,19.0,7.036490888931291e-08,3,0.283,NAA-GDP,0.018,2,2,,1,s2_p2_NAA-GDP_l3_r1,fcf8b4f93626e8cf9603afe70c3a614f6523366181d2f4df2620ee6efbb41bdb,3ea87f4a1b7b84a26ee106434a73c8c3b1666cf072e5654900cb743a0c6ff2ae,a12dcb1ba4e2a21b6a4474c284e3079c1b8e06dc282072a6d2d3a684bd02794b,1a980269c1778978c64462bf76cf00949cd95e29e33d5066107809299e5dec35,p2_20,celeba-three-workers-v1,
0.865007012622721,,,8.630710702000215,988babfb79a4be0620cf47d259d4da35f8fc07573e92f83a2e388003c17759ba,0.8652462924214526,b743fe7228434906b9048ef7faf033fd6e5448453864a9c29b94ea2944f572a4,2026-09-06T14:04:13.659517+00:00,1,8.9875958119992,True,9.0,6.850348843210136e-08,3,0.283,NAA-GDP,0.018,2,20,,1,s2_p20_NAA-GDP_l3_r1,fcf8b4f93626e8cf9603afe70c3a614f6523366181d2f4df2620ee6efbb41bdb,3ea87f4a1b7b84a26ee106434a73c8c3b1666cf072e5654900cb743a0c6ff2ae,a12dcb1ba4e2a21b6a4474c284e3079c1b8e06dc282072a6d2d3a684bd02794b,1a980269c1778978c64462bf76cf00949cd95e29e33d5066107809299e5dec35,p2_20,celeba-three-workers-v1,
0.8543859649122807,,,1.752718834000916,988babfb79a4be0620cf47d259d4da35f8fc07573e92f83a2e388003c17759ba,0.8522958397534668,b743fe7228434906b9048ef7faf033fd6e5448453864a9c29b94ea2944f572a4,2026-09-06T14:04:16.963086+00:00,1,0.7254268320011761,True,19.0,5.341933291300017e-08,3,0.336,NAA-GDP,0.018,2,2,,2,s2_p2_NAA-GDP_l3_r2,fcf8b4f93626e8cf9603afe70c3a614f6523366181d2f4df2620ee6efbb41bdb,3ea87f4a1b7b84a26ee106434a73c8c3b1666cf072e5654900cb743a0c6ff2ae,a12dcb1ba4e2a21b6a4474c284e3079c1b8e06dc282072a6d2d3a684bd02794b,1a980269c1778978c64462bf76cf00949cd95e29e33d5066107809299e5dec35,p2_20,celeba-three-workers-v1,
0.863429172510519,,,8.636963209999521,988babfb79a4be0620cf47d259d4da35f8fc07573e92f83a2e388003c17759ba,0.8626124631851664,b743fe7228434906b9048ef7faf033fd6e5448453864a9c29b94ea2944f572a4,2026-09-06T14:04:35.497643+00:00,1,9.555414522999854,True,9.0,6.986517448266099e-08,3,0.336,NAA-GDP,0.018,2,20,,2,s2_p20_NAA-GDP_l3_r2,fcf8b4f93626e8cf9603afe70c3a614f6523366181d2f4df2620ee6efbb41bdb,3ea87f4a1b7b84a26ee106434a73c8c3b1666cf072e5654900cb743a0c6ff2ae,a12dcb1ba4e2a21b6a4474c284e3079c1b8e06dc282072a6d2d3a684bd02794b,1a980269c1778978c64462bf76cf00949cd95e29e33d5066107809299e5dec35,p2_20,celeba-three-workers-v1,
0.843859649122807,,,1.6726765149996936,988babfb79a4be0620cf47d259d4da35f8fc07573e92f83a2e388003c17759ba,0.8423728813559322,b743fe7228434906b9048ef7faf033fd6e5448453864a9c29b94ea2944f572a4,2026-09-06T14:04:38.861552+00:00,1,0.8698049129998253,True,18.0,9.418580591691117e-08,3,0.315,NAA-GDP,0.018,2,2,,3,s2_p2_NAA-GDP_l3_r3,fcf8b4f93626e8cf9603afe70c3a614f6523366181d2f4df2620ee6efbb41bdb,3ea87f4a1b7b84a26ee106434a73c8c3b1666cf072e5654900cb743a0c6ff2ae,a12dcb1ba4e2a21b6a4474c284e3079c1b8e06dc282072a6d2d3a684bd02794b,1a980269c1778978c64462bf76cf00949cd95e29e33d5066107809299e5dec35,p2_20,celeba-three-workers-v1,
0.8643057503506312,,,8.630518213001778,988babfb79a4be0620cf47d259d4da35f8fc07573e92f83a2e388003c17759ba,0.8632524723037116,b743fe7228434906b9048ef7faf033fd6e5448453864a9c29b94ea2944f572a4,2026-09-06T14:04:56.784923+00:00,1,8.94625339400045,True,9.0,6.885131728523257e-08,3,0.315,NAA-GDP,0.018,2,20,,3,s2_p20_NAA-GDP_l3_r3,fcf8b4f93626e8cf9603afe70c3a614f6523366181d2f4df2620ee6efbb41bdb,3ea87f4a1b7b84a26ee106434a73c8c3b1666cf072e5654900cb743a0c6ff2ae,a12dcb1ba4e2a21b6a4474c284e3079c1b8e06dc282072a6d2d3a684bd02794b,1a980269c1778978c64462bf76cf00949cd95e29e33d5066107809299e5dec35,p2_20,celeba-three-workers-v1,
0.8333333333333334,,,3.94816152400017,988babfb79a4be0620cf47d259d4da35f8fc07573e92f83a2e388003c17759ba,0.8323266563944529,b743fe7228434906b9048ef7faf033fd6e5448453864a9c29b94ea2944f572a4,2026-09-06T14:05:02.654858+00:00,1,1.0990336730010313,True,48.0,8.979168152885008e-08,4,0.251,NAA-GDP,0.024,2,2,,0,s2_p2_NAA-GDP_l4_r0,fcf8b4f93626e8cf9603afe70c3a614f6523366181d2f4df2620ee6efbb41bdb,3ea87f4a1b7b84a26ee106434a73c8c3b1666cf072e5654900cb743a0c6ff2ae,a12dcb1ba4e2a21b6a4474c284e3079c1b8e06dc282072a6d2d3a684bd02794b,1a980269c1778978c64462bf76cf00949cd95e29e33d5066107809299e5dec35,p2_20,celeba-three-workers-v1,
0.8567671809256662,,,11.545057220000672,988babfb79a4be0620cf47d259d4da35f8fc07573e92f83a2e388003c17759ba,0.8560764800741694,b743fe7228434906b9048ef7faf033fd6e5448453864a9c29b94ea2944f572a4,2026-09-06T14:05:21.333554+00:00,1,6.779047895999611,True,13.0,5.380434605979933e-08,4,0.251,NAA-GDP,0.024,2,20,,0,s2_p20_NAA-GDP_l4_r0,fcf8b4f93626e8cf9603afe70c3a614f6523366181d2f4df2620ee6efbb41bdb,3ea87f4a1b7b84a26ee106434a73c8c3b1666cf072e5654900cb743a0c6ff2ae,a12dcb1ba4e2a21b6a4474c284e3079c1b8e06dc282072a6d2d3a684bd02794b,1a980269c1778978c64462bf76cf00949cd95e29e33d5066107809299e5dec35,p2_20,celeba-three-workers-v1,
0.8298245614035088,,,4.397322990000248,988babfb79a4be0620cf47d259d4da35f8fc07573e92f83a2e388003c17759ba,0.8279506933744222,b743fe7228434906b9048ef7faf033fd6e5448453864a9c29b94ea2944f572a4,2026-09-06T14:05:27.415748+00:00,1,0.8526325930015446,True,54.0,7.90937515050713e-08,4,0.268,NAA-GDP,0.024,2,2,,1,s2_p2_NAA-GDP_l4_r1,fcf8b4f93626e8cf9603afe70c3a614f6523366181d2f4df2620ee6efbb41bdb,3ea87f4a1b7b84a26ee106434a73c8c3b1666cf072e5654900cb743a0c6ff2ae,a12dcb1ba4e2a21b6a4474c284e3079c1b8e06dc282072a6d2d3a684bd02794b,1a980269c1778978c64462bf76cf00949cd95e29e33d5066107809299e5dec35,p2_20,celeba-three-workers-v1,
0.8560659186535764,,,11.529840245999367,988babfb79a4be0620cf47d259d4da35f8fc07573e92f83a2e388003c17759ba,0.8558983681029155,b743fe7228434906b9048ef7faf033fd6e5448453864a9c29b94ea2944f572a4,2026-09-06T14:05:46.699361+00:00,1,7.395655285999965,True,13.0,5.443952178804916e-08,4,0.268,NAA-GDP,0.024,2,20,,1,s2_p20_NAA-GDP_l4_r1,fcf8b4f93626e8cf9603afe70c3a614f6523366181d2f4df2620ee6efbb41bdb,3ea87f4a1b7b84a26ee106434a73c8c3b1666cf072e5654900cb743a0c6ff2ae,a12dcb1ba4e2a21b6a4474c284e3079c1b8e06dc282072a6d2d3a684bd02794b,1a980269c1778978c64462bf76cf00949cd95e29e33d5066107809299e5dec35,p2_20,celeba-three-workers-v1,
0.8368421052631579,,,4.233743319999121,988babfb79a4be0620cf47d259d4da35f8fc07573e92f83a2e388003c17759ba,0.8348536209553159,b743fe7228434906b9048ef7faf033fd6e5448453864a9c29b94ea2944f572a4,2026-09-06T14:05:52.503603+00:00,1,0.7510913520000031,True,52.0,9.228965000354879e-08,4,0.255,NAA-GDP,0.024,2,2,,2,s2_p2_NAA-GDP_l4_r2,fcf8b4f93626e8cf9603afe70c3a614f6523366181d2f4df2620ee6efbb41bdb,3ea87f4a1b7b84a26ee106434a73c8c3b1666cf072e5654900cb743a0c6ff2ae,a12dcb1ba4e2a21b6a4474c284e3079c1b8e06dc282072a6d2d3a684bd02794b,1a980269c1778978c64462bf76cf00949cd95e29e33d5066107809299e5dec35,p2_20,celeba-three-workers-v1,
0.8615007012622721,,,11.529430890001095,988babfb79a4be0620cf47d259d4da35f8fc07573e92f83a2e388003c17759ba,0.8613823581508013,b743fe7228434906b9048ef7faf033fd6e5448453864a9c29b94ea2944f572a4,2026-09-06T14:06:13.344877+00:00,1,8.96201549199941,True,13.0,5.565359563525923e-08,4,0.255,NAA-GDP,0.024,2,20,,2,s2_p20_NAA-GDP_l4_r2,fcf8b4f93626e8cf9603afe70c3a614f6523366181d2f4df2620ee6efbb41bdb,3ea87f4a1b7b84a26ee106434a73c8c3b1666cf072e5654900cb743a0c6ff2ae,a12dcb1ba4e2a21b6a4474c284e3079c1b8e06dc282072a6d2d3a684bd02794b,1a980269c1778978c64462bf76cf00949cd95e29e33d5066107809299e5dec35,p2_20,celeba-three-workers-v1,
0.8368421052631579,,,4.262659257999985,988babfb79a4be0620cf47d259d4da35f8fc07573e92f83a2e388003c17759ba,0.8352234206471494,b743fe7228434906b9048ef7faf033fd6e5448453864a9c29b94ea2944f572a4,2026-09-06T14:06:19.662684+00:00,1,1.235673332999795,True,52.0,8.117927228739192e-08,4,0.286,NAA-GDP,0.024,2,2,,3,s2_p2_NAA-GDP_l4_r3,fcf8b4f93626e8cf9603afe70c3a614f6523366181d2f4df2620ee6efbb41bdb,3ea87f4a1b7b84a26ee106434a73c8c3b1666cf072e5654900cb743a0c6ff2ae,a12dcb1ba4e2a21b6a4474c284e3079c1b8e06dc282072a6d2d3a684bd02794b,1a980269c1778978c64462bf76cf00949cd95e29e33d5066107809299e5dec35,p2_20,celeba-three-workers-v1,
0.8583450210378681,,,11.50695378599994,988babfb79a4be0620cf47d259d4da35f8fc07573e92f83a2e388003c17759ba,0.8580400814711482,b743fe7228434906b9048ef7faf033fd6e5448453864a9c29b94ea2944f572a4,2026-09-06T14:06:38.538416+00:00,1,7.012696795998636,True,13.0,5.474801964004941e-08,4,0.286,NAA-GDP,0.024,2,20,,3,s2_p20_NAA-GDP_l4_r3,fcf8b4f93626e8cf9603afe70c3a614f6523366181d2f4df2620ee6efbb41bdb,3ea87f4a1b7b84a26ee106434a73c8c3b1666cf072e5654900cb743a0c6ff2ae,a12dcb1ba4e2a21b6a4474c284e3079c1b8e06dc282072a6d2d3a684bd02794b,1a980269c1778978c64462bf76cf00949cd95e29e33d5066107809299e5dec35,p2_20,celeba-three-workers-v1,
0.8210526315789474,,,38.118768608999744,988babfb79a4be0620cf47d259d4da35f8fc07573e92f83a2e388003c17759ba,0.8205855161787365,b743fe7228434906b9048ef7faf033fd6e5448453864a9c29b94ea2944f572a4,2026-09-06T14:07:18.226569+00:00,1,0.7510004510004364,False,500.0,0.0006815454217640801,5,0.249,NAA-GDP,0.03,2,2,,0,s2_p2_NAA-GDP_l5_r0,fcf8b4f93626e8cf9603afe70c3a614f6523366181d2f4df2620ee6efbb41bdb,3ea87f4a1b7b84a26ee106434a73c8c3b1666cf072e5654900cb743a0c6ff2ae,a12dcb1ba4e2a21b6a4474c284e3079c1b8e06dc282072a6d2d3a684bd02794b,1a980269c1778978c64462bf76cf00949cd95e29e33d5066107809299e5dec35,p2_20,celeba-three-workers-v1,
0.8441444600280504,,,15.847118580000824,988babfb79a4be0620cf47d259d4da35f8fc07573e92f83a2e388003c17759ba,0.8436822502127312,b743fe7228434906b9048ef7faf033fd6e5448453864a9c29b94ea2944f572a4,2026-09-06T14:07:43.836668+00:00,1,9.42080696100129,True,19.0,8.675664510941315e-08,5,0.249,NAA-GDP,0.03,2,20,,0,s2_p20_NAA-GDP_l5_r0,fcf8b4f93626e8cf9603afe70c3a614f6523366181d2f4df2620ee6efbb41bdb,3ea87f4a1b7b84a26ee106434a73c8c3b1666cf072e5654900cb743a0c6ff2ae,a12dcb1ba4e2a21b6a4474c284e3079c1b8e06dc282072a6d2d3a684bd02794b,1a980269c1778978c64462bf76cf00949cd95e29e33d5066107809299e5dec35,p2_20,celeba-three-workers-v1,
0.8315789473684211,,,38.14816080500168,988babfb79a4be0620cf47d259d4da35f8fc07573e92f83a2e388003c17759ba,0.8290292758089368,b743fe7228434906b9048ef7faf033fd6e5448453864a9c29b94ea2944f572a4,2026-09-06T14:08:23.565308+00:00,1,0.753147502999127,False,500.0,8.011253800279702e-05,5,0.212,NAA-GDP,0.03,2,2,,1,s2_p2_NAA-GDP_l5_r1,fcf8b4f93626e8cf9603afe70c3a614f6523366181d2f4df2620ee6efbb41bdb,3ea87f4a1b7b84a26ee106434a73c8c3b1666cf072e5654900cb743a0c6ff2ae,a12dcb1ba4e2a21b6a4474c284e3079c1b8e06dc282072a6d2d3a684bd02794b,1a980269c1778978c64462bf76cf00949cd95e29e33d5066107809299e5dec35,p2_20,celeba-three-workers-v1,
0.8553646563814866,,,15.862488888998996,988babfb79a4be0620cf47d259d4da35f8fc07573e92f83a2e388003c17759ba,0.8542213829637562,b743fe7228434906b9048ef7faf033fd6e5448453864a9c29b94ea2944f572a4,2026-09-06T14:08:48.399682+00:00,1,8.626372438000544,True,19.0,8.433280315052503e-08,5,0.212,NAA-GDP,0.03,2,20,,1,s2_p20_NAA-GDP_l5_r1,fcf8b4f93626e8cf9603afe70c3a614f6523366181d2f4df2620ee6efbb41bdb,3ea87f4a1b7b84a26ee106434a73c8c3b1666cf072e5654900cb743a0c6ff2ae,a12dcb1ba4e2a21b6a4474c284e3079c1b8e06dc282072a6d2d3a684bd02794b,1a980269c1778978c64462bf76cf00949cd95e29e33d5066107809299e5dec35,p2_20,celeba-three-workers-v1,
0.8526315789473684,,,38.28477206000025,988babfb79a4be0620cf47d259d4da35f8fc07573e92f83a2e388003c17759ba,0.8509707241910631,b743fe7228434906b9048ef7faf033fd6e5448453864a9c29b94ea2944f572a4,2026-09-06T14:09:28.286928+00:00,1,0.7782373469999584,False,500.0,5.695183117549652e-06,5,0.233,NAA-GDP,0.03,2,2,,2,s2_p2_NAA-GDP_l5_r2,fcf8b4f93626e8cf9603afe70c3a614f6523366181d2f4df2620ee6efbb41bdb,3ea87f4a1b7b84a26ee106434a73c8c3b1666cf072e5654900cb743a0c6ff2ae,a12dcb1ba4e2a21b6a4474c284e3079c1b8e06dc282072a6d2d3a684bd02794b,1a980269c1778978c64462bf76cf00949cd95e29e33d5066107809299e5dec35,p2_20,celeba-three-workers-v1,
0.8497545582047685,,,15.845857521000653,988babfb79a4be0620cf47d259d4da35f8fc07573e92f83a2e388003c17759ba,0.8492381866650386,b743fe7228434906b9048ef7faf033fd6e5448453864a9c29b94ea2944f572a4,2026-09-06T14:09:53.857427+00:00,1,9.379392456999994,True,19.0,8.658535435302788e-08,5,0.233,NAA-GDP,0.03,2,20,,2,s2_p20_NAA-GDP_l5_r2,fcf8b4f93626e8cf9603afe70c3a614f6523366181d2f4df2620ee6efbb41bdb,3ea87f4a1b7b84a26ee106434a73c8c3b1666cf072e5654900cb743a0c6ff2ae,a12dcb1ba4e2a21b6a4474c284e3079c1b8e06dc282072a6d2d3a684bd02794b,1a980269c1778978c64462bf76cf00949cd95e29e33d5066107809299e5dec35,p2_20,celeba-three-workers-v1,
0.8508771929824561,,,27.7674669299995,988babfb79a4be0620cf47d259d4da35f8fc07573e92f83a2e388003c17759ba,0.8492758089368259,b743fe7228434906b9048ef7faf033fd6e5448453864a9c29b94ea2944f572a4,2026-09-06T14:10:23.262888+00:00,1,0.7859412409998185,True,364.0,9.814790428782022e-08,5,0.222,NAA-GDP,0.03,2,2,,3,s2_p2_NAA-GDP_l5_r3,fcf8b4f93626e8cf9603afe70c3a614f6523366181d2f4df2620ee6efbb41bdb,3ea87f4a1b7b84a26ee106434a73c8c3b1666cf072e5654900cb743a0c6ff2ae,a12dcb1ba4e2a21b6a4474c284e3079c1b8e06dc282072a6d2d3a684bd02794b,1a980269c1778978c64462bf76cf00949cd95e29e33d5066107809299e5dec35,p2_20,celeba-three-workers-v1,
0.8529102384291725,,,15.835492983998847,988babfb79a4be0620cf47d259d4da35f8fc07573e92f83a2e388003c17759ba,0.8517640039768082,b743fe7228434906b9048ef7faf033fd6e5448453864a9c29b94ea2944f572a4,2026-09-06T14:10:46.318971+00:00,1,6.880203609000091,True,19.0,8.502636223073687e-08,5,0.222,NAA-GDP,0.03,2,20,,3,s2_p20_NAA-GDP_l5_r3,fcf8b4f93626e8cf9603afe70c3a614f6523366181d2f4df2620ee6efbb41bdb,3ea87f4a1b7b84a26ee106434a73c8c3b1666cf072e5654900cb743a0c6ff2ae,a12dcb1ba4e2a21b6a4474c284e3079c1b8e06dc282072a6d2d3a684bd02794b,1a980269c1778978c64462bf76cf00949cd95e29e33d5066107809299e5dec35,p2_20,celeba-three-workers-v1,
0.8421052631578947,,,38.025806199000726,988babfb79a4be0620cf47d259d4da35f8fc07573e92f83a2e388003c17759ba,0.8401848998459167,b743fe7228434906b9048ef7faf033fd6e5448453864a9c29b94ea2944f572a4,2026-09-06T14:11:25.929197+00:00,1,0.7676319889997103,False,500.0,0.00013172325369243556,6,0.148,NAA-GDP,0.036,2,2,,0,s2_p2_NAA-GDP_l6_r0,fcf8b4f93626e8cf9603afe70c3a614f6523366181d2f4df2620ee6efbb41bdb,3ea87f4a1b7b84a26ee106434a73c8c3b1666cf072e5654900cb743a0c6ff2ae,a12dcb1ba4e2a21b6a4474c284e3079c1b8e06dc282072a6d2d3a684bd02794b,1a980269c1778978c64462bf76cf00949cd95e29e33d5066107809299e5dec35,p2_20,celeba-three-workers-v1,
0.8450210378681627,,,26.10660631200153,988babfb79a4be0620cf47d259d4da35f8fc07573e92f83a2e388003c17759ba,0.8438104489812599,b743fe7228434906b9048ef7faf033fd6e5448453864a9c29b94ea2944f572a4,2026-09-06T14:11:59.913740+00:00,1,7.538712753999789,True,33.0,7.204903871827655e-08,6,0.148,NAA-GDP,0.036,2,20,,0,s2_p20_NAA-GDP_l6_r0,fcf8b4f93626e8cf9603afe70c3a614f6523366181d2f4df2620ee6efbb41bdb,3ea87f4a1b7b84a26ee106434a73c8c3b1666cf072e5654900cb743a0c6ff2ae,a12dcb1ba4e2a21b6a4474c284e3079c1b8e06dc282072a6d2d3a684bd02794b,1a980269c1778978c64462bf76cf00949cd95e29e33d5066107809299e5dec35,p2_20,celeba-three-workers-v1,
0.8315789473684211,,,37.94895980399997,988babfb79a4be0620cf47d259d4da35f8fc07573e92f83a2e388003c17759ba,0.831617873651772,b743fe7228434906b9048ef7faf033fd6e5448453864a9c29b94ea2944f572a4,2026-09-06T14:12:39.753225+00:00,1,1.078426877000311,False,500.0,0.0012482009246394517,6,0.214,NAA-GDP,0.036,2,2,,1,s2_p2_NAA-GDP_l6_r1,fcf8b4f93626e8cf9603afe70c3a614f6523366181d2f4df2620ee6efbb41bdb,3ea87f4a1b7b84a26ee106434a73c8c3b1666cf072e5654900cb743a0c6ff2ae,a12dcb1ba4e2a21b6a4474c284e3079c1b8e06dc282072a6d2d3a684bd02794b,1a980269c1778978c64462bf76cf00949cd95e29e33d5066107809299e5dec35,p2_20,celeba-three-workers-v1,
0.8480014025245441,,,26.023064712000632,988babfb79a4be0620cf47d259d4da35f8fc07573e92f83a2e388003c17759ba,0.8462155760457493,b743fe7228434906b9048ef7faf033fd6e5448453864a9c29b94ea2944f572a4,2026-09-06T14:13:14.328389+00:00,1,8.209573300000557,True,33.0,7.849675491191685e-08,6,0.214,NAA-GDP,0.036,2,20,,1,s2_p20_NAA-GDP_l6_r1,fcf8b4f93626e8cf9603afe70c3a614f6523366181d2f4df2620ee6efbb41bdb,3ea87f4a1b7b84a26ee106434a73c8c3b1666cf072e5654900cb743a0c6ff2ae,a12dcb1ba4e2a21b6a4474c284e3079c1b8e06dc282072a6d2d3a684bd02794b,1a980269c1778978c64462bf76cf00949cd95e29e33d5066107809299e5dec35,p2_20,celeba-three-workers-v1,
0.8228070175438597,,,38.06272500299929,988babfb79a4be0620cf47d259d4da35f8fc07573e92f83a2e388003c17759ba,0.8224036979969183,b743fe7228434906b9048ef7faf033fd6e5448453864a9c29b94ea2944f572a4,2026-09-06T14:13:54.149258+00:00,1,0.9437927460003266,False,500.0,0.0014881092910269164,6,0.178,NAA-GDP,0.036,2,2,,2,s2_p2_NAA-GDP_l6_r2,fcf8b4f93626e8cf9603afe70c3a614f6523366181d2f4df2620ee6efbb41bdb,3ea87f4a1b7b84a26ee106434a73c8c3b1666cf072e5654900cb743a0c6ff2ae,a12dcb1ba4e2a21b6a4474c284e3079c1b8e06dc282072a6d2d3a684bd02794b,1a980269c1778978c64462bf76cf00949cd95e29e33d5066107809299e5dec35,p2_20,celeba-three-workers-v1,
0.8366058906030855,,,26.060827088000224,988babfb79a4be0620cf47d259d4da35f8fc07573e92f83a2e388003c17759ba,0.8365306299046185,b743fe7228434906b9048ef7faf033fd6e5448453864a9c29b94ea2944f572a4,2026-09-06T14:14:30.126623+00:00,1,9.57214515600026,True,33.0,7.659021341449854e-08,6,0.178,NAA-GDP,0.036,2,20,,2,s2_p20_NAA-GDP_l6_r2,fcf8b4f93626e8cf9603afe70c3a614f6523366181d2f4df2620ee6efbb41bdb,3ea87f4a1b7b84a26ee106434a73c8c3b1666cf072e5654900cb743a0c6ff2ae,a12dcb1ba4e2a21b6a4474c284e3079c1b8e06dc282072a6d2d3a684bd02794b,1a980269c1778978c64462bf76cf00949cd95e29e33d5066107809299e5dec35,p2_20,celeba-three-workers-v1,
0.8350877192982457,,,37.94436174799921,988babfb79a4be0620cf47d259d4da35f8fc07573e92f83a2e388003c17759ba,0.8334052388289677,b743fe7228434906b9048ef7faf033fd6e5448453864a9c29b94ea2944f572a4,2026-09-06T14:15:09.788866+00:00,1,0.8859334750013659,False,500.0,0.0002460475952754027,6,0.206,NAA-GDP,0.036,2,2,,3,s2_p2_NAA-GDP_l6_r3,fcf8b4f93626e8cf9603afe70c3a614f6523366181d2f4df2620ee6efbb41bdb,3ea87f4a1b7b84a26ee106434a73c8c3b1666cf072e5654900cb743a0c6ff2ae,a12dcb1ba4e2a21b6a4474c284e3079c1b8e06dc282072a6d2d3a684bd02794b,1a980269c1778978c64462bf76cf00949cd95e29e33d5066107809299e5dec35,p2_20,celeba-three-workers-v1,
0.8409887798036466,,,26.05946111599951,988babfb79a4be0620cf47d259d4da35f8fc07573e92f83a2e388003c17759ba,0.8400840683580698,b743fe7228434906b9048ef7faf033fd6e5448453864a9c29b94ea2944f572a4,2026-09-06T14:15:44.938578+00:00,1,8.74697376399854,True,33.0,7.546171631237346e-08,6,0.206,NAA-GDP,0.036,2,20,,3,s2_p20_NAA-GDP_l6_r3,fcf8b4f93626e8cf9603afe70c3a614f6523366181d2f4df2620ee6efbb41bdb,3ea87f4a1b7b84a26ee106434a73c8c3b1666cf072e5654900cb743a0c6ff2ae,a12dcb1ba4e2a21b6a4474c284e3079c1b8e06dc282072a6d2d3a684bd02794b,1a980269c1778978c64462bf76cf00949cd95e29e33d5066107809299e5dec35,p2_20,celeba-three-workers-v1,
0.8175438596491228,,,38.087671797999064,988babfb79a4be0620cf47d259d4da35f8fc07573e92f83a2e388003c17759ba,0.8149768875192605,b743fe7228434906b9048ef7faf033fd6e5448453864a9c29b94ea2944f572a4,2026-09-06T14:16:24.884750+00:00,1,1.0358730960015237,False,500.0,0.001070717259186549,7,0.178,NAA-GDP,0.042,2,2,,0,s2_p2_NAA-GDP_l7_r0,fcf8b4f93626e8cf9603afe70c3a614f6523366181d2f4df2620ee6efbb41bdb,3ea87f4a1b7b84a26ee106434a73c8c3b1666cf072e5654900cb743a0c6ff2ae,a12dcb1ba4e2a21b6a4474c284e3079c1b8e06dc282072a6d2d3a684bd02794b,1a980269c1778978c64462bf76cf00949cd95e29e33d5066107809299e5dec35,p2_20,celeba-three-workers-v1,
0.8413394109396914,,,121.57100008899943,988babfb79a4be0620cf47d259d4da35f8fc07573e92f83a2e388003c17759ba,0.8401426594419101,b743fe7228434906b9048ef7faf033fd6e5448453864a9c29b94ea2944f572a4,2026-09-06T14:18:35.137672+00:00,1,8.33424448400001,True,163.0,9.713335825802821e-08,7,0.178,NAA-GDP,0.042,2,20,,0,s2_p20_NAA-GDP_l7_r0,fcf8b4f93626e8cf9603afe70c3a614f6523366181d2f4df2620ee6efbb41bdb,3ea87f4a1b7b84a26ee106434a73c8c3b1666cf072e5654900cb743a0c6ff2ae,a12dcb1ba4e2a21b6a4474c284e3079c1b8e06dc282072a6d2d3a684bd02794b,1a980269c1778978c64462bf76cf00949cd95e29e33d5066107809299e5dec35,p2_20,celeba-three-workers-v1,
0.8526315789473684,,,38.00460930999907,988babfb79a4be0620cf47d259d4da35f8fc07573e92f83a2e388003c17759ba,0.8510939907550077,b743fe7228434906b9048ef7faf033fd6e5448453864a9c29b94ea2944f572a4,2026-09-06T14:19:14.692674+00:00,1,0.7274532880001061,False,500.0,0.0004834736148987155,7,0.163,NAA-GDP,0.042,2,2,,1,s2_p2_NAA-GDP_l7_r1,fcf8b4f93626e8cf9603afe70c3a614f6523366181d2f4df2620ee6efbb41bdb,3ea87f4a1b7b84a26ee106434a73c8c3b1666cf072e5654900cb743a0c6ff2ae,a12dcb1ba4e2a21b6a4474c284e3079c1b8e06dc282072a6d2d3a684bd02794b,1a980269c1778978c64462bf76cf00949cd95e29e33d5066107809299e5dec35,p2_20,celeba-three-workers-v1,
0.8350280504908836,,,144.4261208909993,988babfb79a4be0620cf47d259d4da35f8fc07573e92f83a2e388003c17759ba,0.8341161479611965,b743fe7228434906b9048ef7faf033fd6e5448453864a9c29b94ea2944f572a4,2026-09-06T14:21:46.224853+00:00,1,6.749563654999292,True,194.0,9.385714105600984e-08,7,0.163,NAA-GDP,0.042,2,20,,1,s2_p20_NAA-GDP_l7_r1,fcf8b4f93626e8cf9603afe70c3a614f6523366181d2f4df2620ee6efbb41bdb,3ea87f4a1b7b84a26ee106434a73c8c3b1666cf072e5654900cb743a0c6ff2ae,a12dcb1ba4e2a21b6a4474c284e3079c1b8e06dc282072a6d2d3a684bd02794b,1a980269c1778978c64462bf76cf00949cd95e29e33d5066107809299e5dec35,p2_20,celeba-three-workers-v1,
0.8228070175438597,,,38.044268960999034,988babfb79a4be0620cf47d259d4da35f8fc07573e92f83a2e388003c17759ba,0.8216640986132511,b743fe7228434906b9048ef7faf033fd6e5448453864a9c29b94ea2944f572a4,2026-09-06T14:22:25.923122+00:00,1,0.8337500109992106,False,500.0,0.0005125738483327159,7,0.182,NAA-GDP,0.042,2,2,,2,s2_p2_NAA-GDP_l7_r2,fcf8b4f93626e8cf9603afe70c3a614f6523366181d2f4df2620ee6efbb41bdb,3ea87f4a1b7b84a26ee106434a73c8c3b1666cf072e5654900cb743a0c6ff2ae,a12dcb1ba4e2a21b6a4474c284e3079c1b8e06dc282072a6d2d3a684bd02794b,1a980269c1778978c64462bf76cf00949cd95e29e33d5066107809299e5dec35,p2_20,celeba-three-workers-v1,
0.8413394109396914,,,84.22708594800133,988babfb79a4be0620cf47d259d4da35f8fc07573e92f83a2e388003c17759ba,0.8405082382633504,b743fe7228434906b9048ef7faf033fd6e5448453864a9c29b94ea2944f572a4,2026-09-06T14:23:56.286357+00:00,1,5.781501540001045,True,112.0,9.79520834836532e-08,7,0.182,NAA-GDP,0.042,2,20,,2,s2_p20_NAA-GDP_l7_r2,fcf8b4f93626e8cf9603afe70c3a614f6523366181d2f4df2620ee6efbb41bdb,3ea87f4a1b7b84a26ee106434a73c8c3b1666cf072e5654900cb743a0c6ff2ae,a12dcb1ba4e2a21b6a4474c284e3079c1b8e06dc282072a6d2d3a684bd02794b,1a980269c1778978c64462bf76cf00949cd95e29e33d5066107809299e5dec35,p2_20,celeba-three-workers-v1,
0.8105263157894737,,,38.09536568600015,988babfb79a4be0620cf47d259d4da35f8fc07573e92f83a2e388003c17759ba,0.8117719568567026,b743fe7228434906b9048ef7faf033fd6e5448453864a9c29b94ea2944f572a4,2026-09-06T14:24:35.775476+00:00,1,0.5777267169996776,False,500.0,0.001062944136216487,7,0.193,NAA-GDP,0.042,2,2,,3,s2_p2_NAA-GDP_l7_r3,fcf8b4f93626e8cf9603afe70c3a614f6523366181d2f4df2620ee6efbb41bdb,3ea87f4a1b7b84a26ee106434a73c8c3b1666cf072e5654900cb743a0c6ff2ae,a12dcb1ba4e2a21b6a4474c284e3079c1b8e06dc282072a6d2d3a684bd02794b,1a980269c1778978c64462bf76cf00949cd95e29e33d5066107809299e5dec35,p2_20,celeba-three-workers-v1,
0.8316970546984572,,,90.04154348499833,988babfb79a4be0620cf47d259d4da35f8fc07573e92f83a2e388003c17759ba,0.832590748787897,b743fe7228434906b9048ef7faf033fd6e5448453864a9c29b94ea2944f572a4,2026-09-06T14:26:14.252648+00:00,1,8.08354989000145,True,120.0,9.78694755849995e-08,7,0.193,NAA-GDP,0.042,2,20,,3,s2_p20_NAA-GDP_l7_r3,fcf8b4f93626e8cf9603afe70c3a614f6523366181d2f4df2620ee6efbb41bdb,3ea87f4a1b7b84a26ee106434a73c8c3b1666cf072e5654900cb743a0c6ff2ae,a12dcb1ba4e2a21b6a4474c284e3079c1b8e06dc282072a6d2d3a684bd02794b,1a980269c1778978c64462bf76cf00949cd95e29e33d5066107809299e5dec35,p2_20,celeba-three-workers-v1,
0.8245614035087719,,,38.10235715300041,988babfb79a4be0620cf47d259d4da35f8fc07573e92f83a2e388003c17759ba,0.8222496147919877,b743fe7228434906b9048ef7faf033fd6e5448453864a9c29b94ea2944f572a4,2026-09-06T14:26:53.970543+00:00,1,0.801336511000045,False,500.0,0.0004959811635543949,8,0.154,NAA-GDP,0.048,2,2,,0,s2_p2_NAA-GDP_l8_r0,fcf8b4f93626e8cf9603afe70c3a614f6523366181d2f4df2620ee6efbb41bdb,3ea87f4a1b7b84a26ee106434a73c8c3b1666cf072e5654900cb743a0c6ff2ae,a12dcb1ba4e2a21b6a4474c284e3079c1b8e06dc282072a6d2d3a684bd02794b,1a980269c1778978c64462bf76cf00949cd95e29e33d5066107809299e5dec35,p2_20,celeba-three-workers-v1,
0.8320476858345021,,,369.5319702079996,988babfb79a4be0620cf47d259d4da35f8fc07573e92f83a2e388003c17759ba,0.8315160455252721,b743fe7228434906b9048ef7faf033fd6e5448453864a9c29b94ea2944f572a4,2026-09-06T14:33:11.877462+00:00,1,8.029868894000174,False,500.0,0.012457768581840707,8,0.154,NAA-GDP,0.048,2,20,,0,s2_p20_NAA-GDP_l8_r0,fcf8b4f93626e8cf9603afe70c3a614f6523366181d2f4df2620ee6efbb41bdb,3ea87f4a1b7b84a26ee106434a73c8c3b1666cf072e5654900cb743a0c6ff2ae,a12dcb1ba4e2a21b6a4474c284e3079c1b8e06dc282072a6d2d3a684bd02794b,1a980269c1778978c64462bf76cf00949cd95e29e33d5066107809299e5dec35,p2_20,celeba-three-workers-v1,
0.8157894736842105,,,38.00059917899853,988babfb79a4be0620cf47d259d4da35f8fc07573e92f83a2e388003c17759ba,0.8134052388289676,b743fe7228434906b9048ef7faf033fd6e5448453864a9c29b94ea2944f572a4,2026-09-06T14:33:51.531671+00:00,1,0.8280320419999043,False,500.0,0.0012459044554025724,8,0.125,NAA-GDP,0.048,2,2,,1,s2_p2_NAA-GDP_l8_r1,fcf8b4f93626e8cf9603afe70c3a614f6523366181d2f4df2620ee6efbb41bdb,3ea87f4a1b7b84a26ee106434a73c8c3b1666cf072e5654900cb743a0c6ff2ae,a12dcb1ba4e2a21b6a4474c284e3079c1b8e06dc282072a6d2d3a684bd02794b,1a980269c1778978c64462bf76cf00949cd95e29e33d5066107809299e5dec35,p2_20,celeba-three-workers-v1,
0.8278401122019635,,,369.4320942360009,988babfb79a4be0620cf47d259d4da35f8fc07573e92f83a2e388003c17759ba,0.8271815362262147,b743fe7228434906b9048ef7faf033fd6e5448453864a9c29b94ea2944f572a4,2026-09-06T14:40:09.720350+00:00,1,8.4036949500005,False,500.0,0.009822409547747345,8,0.125,NAA-GDP,0.048,2,20,,1,s2_p20_NAA-GDP_l8_r1,fcf8b4f93626e8cf9603afe70c3a614f6523366181d2f4df2620ee6efbb41bdb,3ea87f4a1b7b84a26ee106434a73c8c3b1666cf072e5654900cb743a0c6ff2ae,a12dcb1ba4e2a21b6a4474c284e3079c1b8e06dc282072a6d2d3a684bd02794b,1a980269c1778978c64462bf76cf00949cd95e29e33d5066107809299e5dec35,p2_20,celeba-three-workers-v1,
0.7929824561403509,,,38.016701512999134,988babfb79a4be0620cf47d259d4da35f8fc07573e92f83a2e388003c17759ba,0.7935901386748845,b743fe7228434906b9048ef7faf033fd6e5448453864a9c29b94ea2944f572a4,2026-09-06T14:40:49.693483+00:00,1,1.1370834989993455,False,500.0,0.0012080686519869803,8,0.157,NAA-GDP,0.048,2,2,,2,s2_p2_NAA-GDP_l8_r2,fcf8b4f93626e8cf9603afe70c3a614f6523366181d2f4df2620ee6efbb41bdb,3ea87f4a1b7b84a26ee106434a73c8c3b1666cf072e5654900cb743a0c6ff2ae,a12dcb1ba4e2a21b6a4474c284e3079c1b8e06dc282072a6d2d3a684bd02794b,1a980269c1778978c64462bf76cf00949cd95e29e33d5066107809299e5dec35,p2_20,celeba-three-workers-v1,
0.8234572230014026,,,369.44243741899845,988babfb79a4be0620cf47d259d4da35f8fc07573e92f83a2e388003c17759ba,0.8220561088405698,b743fe7228434906b9048ef7faf033fd6e5448453864a9c29b94ea2944f572a4,2026-09-06T14:47:06.271313+00:00,1,6.777342936999048,False,500.0,0.0038320114096335087,8,0.157,NAA-GDP,0.048,2,20,,2,s2_p20_NAA-GDP_l8_r2,fcf8b4f93626e8cf9603afe70c3a614f6523366181d2f4df2620ee6efbb41bdb,3ea87f4a1b7b84a26ee106434a73c8c3b1666cf072e5654900cb743a0c6ff2ae,a12dcb1ba4e2a21b6a4474c284e3079c1b8e06dc282072a6d2d3a684bd02794b,1a980269c1778978c64462bf76cf00949cd95e29e33d5066107809299e5dec35,p2_20,celeba-three-workers-v1,
0.8263157894736842,,,38.0733076359993,988babfb79a4be0620cf47d259d4da35f8fc07573e92f83a2e388003c17759ba,0.8250539291217257,b743fe7228434906b9048ef7faf033fd6e5448453864a9c29b94ea2944f572a4,2026-09-06T14:47:45.925384+00:00,1,0.7659187179997389,False,500.0,0.004517007650414174,8,0.131,NAA-GDP,0.048,2,2,,3,s2_p2_NAA-GDP_l8_r3,fcf8b4f93626e8cf9603afe70c3a614f6523366181d2f4df2620ee6efbb41bdb,3ea87f4a1b7b84a26ee106434a73c8c3b1666cf072e5654900cb743a0c6ff2ae,a12dcb1ba4e2a21b6a4474c284e3079c1b8e06dc282072a6d2d3a684bd02794b,1a980269c1778978c64462bf76cf00949cd95e29e33d5066107809299e5dec35,p2_20,celeba-three-workers-v1,
0.8271388499298737,,,369.31855566099875,988babfb79a4be0620cf47d259d4da35f8fc07573e92f83a2e388003c17759ba,0.8265647296692324,b743fe7228434906b9048ef7faf033fd6e5448453864a9c29b94ea2944f572a4,2026-09-06T14:54:03.700926+00:00,1,8.112167503999444,False,500.0,0.024557382599232628,8,0.131,NAA-GDP,0.048,2,20,,3,s2_p20_NAA-GDP_l8_r3,fcf8b4f93626e8cf9603afe70c3a614f6523366181d2f4df2620ee6efbb41bdb,3ea87f4a1b7b84a26ee106434a73c8c3b1666cf072e5654900cb743a0c6ff2ae,a12dcb1ba4e2a21b6a4474c284e3079c1b8e06dc282072a6d2d3a684bd02794b,1a980269c1778978c64462bf76cf00949cd95e29e33d5066107809299e5dec35,p2_20,celeba-three-workers-v1,
0.8403508771929824,,,38.03648221600088,988babfb79a4be0620cf47d259d4da35f8fc07573e92f83a2e388003c17759ba,0.838366718027735,b743fe7228434906b9048ef7faf033fd6e5448453864a9c29b94ea2944f572a4,2026-09-06T14:54:43.396554+00:00,1,0.8280415309982345,False,500.0,0.003513695386411362,9,0.129,NAA-GDP,0.054,2,2,,0,s2_p2_NAA-GDP_l9_r0,fcf8b4f93626e8cf9603afe70c3a614f6523366181d2f4df2620ee6efbb41bdb,3ea87f4a1b7b84a26ee106434a73c8c3b1666cf072e5654900cb743a0c6ff2ae,a12dcb1ba4e2a21b6a4474c284e3079c1b8e06dc282072a6d2d3a684bd02794b,1a980269c1778978c64462bf76cf00949cd95e29e33d5066107809299e5dec35,p2_20,celeba-three-workers-v1,
0.8192496493688639,,,369.9555810610018,988babfb79a4be0620cf47d259d4da35f8fc07573e92f83a2e388003c17759ba,0.819634795373717,b743fe7228434906b9048ef7faf033fd6e5448453864a9c29b94ea2944f572a4,2026-09-06T15:01:04.639128+00:00,1,10.941693196000415,False,500.0,0.03304015770575779,9,0.129,NAA-GDP,0.054,2,20,,0,s2_p20_NAA-GDP_l9_r0,fcf8b4f93626e8cf9603afe70c3a614f6523366181d2f4df2620ee6efbb41bdb,3ea87f4a1b7b84a26ee106434a73c8c3b1666cf072e5654900cb743a0c6ff2ae,a12dcb1ba4e2a21b6a4474c284e3079c1b8e06dc282072a6d2d3a684bd02794b,1a980269c1778978c64462bf76cf00949cd95e29e33d5066107809299e5dec35,p2_20,celeba-three-workers-v1,
0.8421052631578947,,,38.11082502499994,988babfb79a4be0620cf47d259d4da35f8fc07573e92f83a2e388003c17759ba,0.8412942989214176,b743fe7228434906b9048ef7faf033fd6e5448453864a9c29b94ea2944f572a4,2026-09-06T15:01:44.539647+00:00,1,0.9618445609994524,False,500.0,0.0003220375040051541,9,0.111,NAA-GDP,0.054,2,2,,1,s2_p2_NAA-GDP_l9_r1,fcf8b4f93626e8cf9603afe70c3a614f6523366181d2f4df2620ee6efbb41bdb,3ea87f4a1b7b84a26ee106434a73c8c3b1666cf072e5654900cb743a0c6ff2ae,a12dcb1ba4e2a21b6a4474c284e3079c1b8e06dc282072a6d2d3a684bd02794b,1a980269c1778978c64462bf76cf00949cd95e29e33d5066107809299e5dec35,p2_20,celeba-three-workers-v1,
0.8178471248246845,,,369.8354880580009,988babfb79a4be0620cf47d259d4da35f8fc07573e92f83a2e388003c17759ba,0.8165976600739798,b743fe7228434906b9048ef7faf033fd6e5448453864a9c29b94ea2944f572a4,2026-09-06T15:08:01.513324+00:00,1,6.793068597999081,False,500.0,0.032532642836893465,9,0.111,NAA-GDP,0.054,2,20,,1,s2_p20_NAA-GDP_l9_r1,fcf8b4f93626e8cf9603afe70c3a614f6523366181d2f4df2620ee6efbb41bdb,3ea87f4a1b7b84a26ee106434a73c8c3b1666cf072e5654900cb743a0c6ff2ae,a12dcb1ba4e2a21b6a4474c284e3079c1b8e06dc282072a6d2d3a684bd02794b,1a980269c1778978c64462bf76cf00949cd95e29e33d5066107809299e5dec35,p2_20,celeba-three-workers-v1,
0.8350877192982457,,,38.12936606299991,988babfb79a4be0620cf47d259d4da35f8fc07573e92f83a2e388003c17759ba,0.8334052388289677,b743fe7228434906b9048ef7faf033fd6e5448453864a9c29b94ea2944f572a4,2026-09-06T15:08:41.598814+00:00,1,1.1172825239991653,False,500.0,0.0009949361714641902,9,0.149,NAA-GDP,0.054,2,2,,2,s2_p2_NAA-GDP_l9_r2,fcf8b4f93626e8cf9603afe70c3a614f6523366181d2f4df2620ee6efbb41bdb,3ea87f4a1b7b84a26ee106434a73c8c3b1666cf072e5654900cb743a0c6ff2ae,a12dcb1ba4e2a21b6a4474c284e3079c1b8e06dc282072a6d2d3a684bd02794b,1a980269c1778978c64462bf76cf00949cd95e29e33d5066107809299e5dec35,p2_20,celeba-three-workers-v1,
0.8166199158485273,,,369.81182663300206,988babfb79a4be0620cf47d259d4da35f8fc07573e92f83a2e388003c17759ba,0.8149851128179935,b743fe7228434906b9048ef7faf033fd6e5448453864a9c29b94ea2944f572a4,2026-09-06T15:15:00.710414+00:00,1,8.953197499002272,False,500.0,0.037664081839521704,9,0.149,NAA-GDP,0.054,2,20,,2,s2_p20_NAA-GDP_l9_r2,fcf8b4f93626e8cf9603afe70c3a614f6523366181d2f4df2620ee6efbb41bdb,3ea87f4a1b7b84a26ee106434a73c8c3b1666cf072e5654900cb743a0c6ff2ae,a12dcb1ba4e2a21b6a4474c284e3079c1b8e06dc282072a6d2d3a684bd02794b,1a980269c1778978c64462bf76cf00949cd95e29e33d5066107809299e5dec35,p2_20,celeba-three-workers-v1,
0.8350877192982457,,,38.09363505299916,988babfb79a4be0620cf47d259d4da35f8fc07573e92f83a2e388003c17759ba,0.8338983050847457,b743fe7228434906b9048ef7faf033fd6e5448453864a9c29b94ea2944f572a4,2026-09-06T15:15:40.543900+00:00,1,0.8993794020025234,False,500.0,0.0016226433614702372,9,0.135,NAA-GDP,0.054,2,2,,3,s2_p2_NAA-GDP_l9_r3,fcf8b4f93626e8cf9603afe70c3a614f6523366181d2f4df2620ee6efbb41bdb,3ea87f4a1b7b84a26ee106434a73c8c3b1666cf072e5654900cb743a0c6ff2ae,a12dcb1ba4e2a21b6a4474c284e3079c1b8e06dc282072a6d2d3a684bd02794b,1a980269c1778978c64462bf76cf00949cd95e29e33d5066107809299e5dec35,p2_20,celeba-three-workers-v1,
0.8259116409537167,,,369.8691864420034,988babfb79a4be0620cf47d259d4da35f8fc07573e92f83a2e388003c17759ba,0.824160094966792,b743fe7228434906b9048ef7faf033fd6e5448453864a9c29b94ea2944f572a4,2026-09-06T15:21:58.679834+00:00,1,7.911109694003244,False,500.0,0.03739710913353957,9,0.135,NAA-GDP,0.054,2,20,,3,s2_p20_NAA-GDP_l9_r3,fcf8b4f93626e8cf9603afe70c3a614f6523366181d2f4df2620ee6efbb41bdb,3ea87f4a1b7b84a26ee106434a73c8c3b1666cf072e5654900cb743a0c6ff2ae,a12dcb1ba4e2a21b6a4474c284e3079c1b8e06dc282072a6d2d3a684bd02794b,1a980269c1778978c64462bf76cf00949cd95e29e33d5066107809299e5dec35,p2_20,celeba-three-workers-v1,
0.8105263157894737,,,38.2327376539979,988babfb79a4be0620cf47d259d4da35f8fc07573e92f83a2e388003c17759ba,0.8105392912172573,b743fe7228434906b9048ef7faf033fd6e5448453864a9c29b94ea2944f572a4,2026-09-06T15:22:38.844464+00:00,1,1.107001995002065,False,500.0,0.0013935519623863354,10,0.114,NAA-GDP,0.06,2,2,,0,s2_p2_NAA-GDP_l10_r0,fcf8b4f93626e8cf9603afe70c3a614f6523366181d2f4df2620ee6efbb41bdb,3ea87f4a1b7b84a26ee106434a73c8c3b1666cf072e5654900cb743a0c6ff2ae,a12dcb1ba4e2a21b6a4474c284e3079c1b8e06dc282072a6d2d3a684bd02794b,1a980269c1778978c64462bf76cf00949cd95e29e33d5066107809299e5dec35,p2_20,celeba-three-workers-v1,
0.814866760168303,,,370.8238508149989,988babfb79a4be0620cf47d259d4da35f8fc07573e92f83a2e388003c17759ba,0.8140463014809143,b743fe7228434906b9048ef7faf033fd6e5448453864a9c29b94ea2944f572a4,2026-09-06T15:29:00.372226+00:00,1,10.360066790999554,False,500.0,0.04346528257802596,10,0.114,NAA-GDP,0.06,2,20,,0,s2_p20_NAA-GDP_l10_r0,fcf8b4f93626e8cf9603afe70c3a614f6523366181d2f4df2620ee6efbb41bdb,3ea87f4a1b7b84a26ee106434a73c8c3b1666cf072e5654900cb743a0c6ff2ae,a12dcb1ba4e2a21b6a4474c284e3079c1b8e06dc282072a6d2d3a684bd02794b,1a980269c1778978c64462bf76cf00949cd95e29e33d5066107809299e5dec35,p2_20,celeba-three-workers-v1,
0.8280701754385965,,,38.183610240001144,988babfb79a4be0620cf47d259d4da35f8fc07573e92f83a2e388003c17759ba,0.8268721109399075,b743fe7228434906b9048ef7faf033fd6e5448453864a9c29b94ea2944f572a4,2026-09-06T15:29:40.298596+00:00,1,0.9284243959991727,False,500.0,0.0014294966558560998,10,0.105,NAA-GDP,0.06,2,2,,1,s2_p2_NAA-GDP_l10_r1,fcf8b4f93626e8cf9603afe70c3a614f6523366181d2f4df2620ee6efbb41bdb,3ea87f4a1b7b84a26ee106434a73c8c3b1666cf072e5654900cb743a0c6ff2ae,a12dcb1ba4e2a21b6a4474c284e3079c1b8e06dc282072a6d2d3a684bd02794b,1a980269c1778978c64462bf76cf00949cd95e29e33d5066107809299e5dec35,p2_20,celeba-three-workers-v1,
0.8197755960729313,,,370.5042541039984,988babfb79a4be0620cf47d259d4da35f8fc07573e92f83a2e388003c17759ba,0.8193997540405384,b743fe7228434906b9048ef7faf033fd6e5448453864a9c29b94ea2944f572a4,2026-09-06T15:36:01.999787+00:00,1,10.853673497000273,False,500.0,0.047341091938373464,10,0.105,NAA-GDP,0.06,2,20,,1,s2_p20_NAA-GDP_l10_r1,fcf8b4f93626e8cf9603afe70c3a614f6523366181d2f4df2620ee6efbb41bdb,3ea87f4a1b7b84a26ee106434a73c8c3b1666cf072e5654900cb743a0c6ff2ae,a12dcb1ba4e2a21b6a4474c284e3079c1b8e06dc282072a6d2d3a684bd02794b,1a980269c1778978c64462bf76cf00949cd95e29e33d5066107809299e5dec35,p2_20,celeba-three-workers-v1,
0.8333333333333334,,,38.07231029800096,988babfb79a4be0620cf47d259d4da35f8fc07573e92f83a2e388003c17759ba,0.8323266563944529,b743fe7228434906b9048ef7faf033fd6e5448453864a9c29b94ea2944f572a4,2026-09-06T15:36:41.599893+00:00,1,0.6973512650001794,False,500.0,9.22376781082977e-05,10,0.098,NAA-GDP,0.06,2,2,,2,s2_p2_NAA-GDP_l10_r2,fcf8b4f93626e8cf9603afe70c3a614f6523366181d2f4df2620ee6efbb41bdb,3ea87f4a1b7b84a26ee106434a73c8c3b1666cf072e5654900cb743a0c6ff2ae,a12dcb1ba4e2a21b6a4474c284e3079c1b8e06dc282072a6d2d3a684bd02794b,1a980269c1778978c64462bf76cf00949cd95e29e33d5066107809299e5dec35,p2_20,celeba-three-workers-v1,
0.8157433380084151,,,370.55573177599945,988babfb79a4be0620cf47d259d4da35f8fc07573e92f83a2e388003c17759ba,0.8149544017351824,b743fe7228434906b9048ef7faf033fd6e5448453864a9c29b94ea2944f572a4,2026-09-06T15:43:01.530367+00:00,1,9.015266909002094,False,500.0,0.048736209086013255,10,0.098,NAA-GDP,0.06,2,20,,2,s2_p20_NAA-GDP_l10_r2,fcf8b4f93626e8cf9603afe70c3a614f6523366181d2f4df2620ee6efbb41bdb,3ea87f4a1b7b84a26ee106434a73c8c3b1666cf072e5654900cb743a0c6ff2ae,a12dcb1ba4e2a21b6a4474c284e3079c1b8e06dc282072a6d2d3a684bd02794b,1a980269c1778978c64462bf76cf00949cd95e29e33d5066107809299e5dec35,p2_20,celeba-three-workers-v1,
0.8350877192982457,,,38.0822010089978,988babfb79a4be0620cf47d259d4da35f8fc07573e92f83a2e388003c17759ba,0.8336517719568567,b743fe7228434906b9048ef7faf033fd6e5448453864a9c29b94ea2944f572a4,2026-09-06T15:43:41.613427+00:00,1,1.1736324230005266,False,500.0,0.0005128408526127899,10,0.115,NAA-GDP,0.06,2,2,,3,s2_p2_NAA-GDP_l10_r3,fcf8b4f93626e8cf9603afe70c3a614f6523366181d2f4df2620ee6efbb41bdb,3ea87f4a1b7b84a26ee106434a73c8c3b1666cf072e5654900cb743a0c6ff2ae,a12dcb1ba4e2a21b6a4474c284e3079c1b8e06dc282072a6d2d3a684bd02794b,1a980269c1778978c64462bf76cf00949cd95e29e33d5066107809299e5dec35,p2_20,celeba-three-workers-v1,
0.8169705469845723,,,370.26538578500185,988babfb79a4be0620cf47d259d4da35f8fc07573e92f83a2e388003c17759ba,0.8162257420911576,b743fe7228434906b9048ef7faf033fd6e5448453864a9c29b94ea2944f572a4,2026-09-06T15:50:03.110540+00:00,1,10.877253908998682,False,500.0,0.03435401845203937,10,0.115,NAA-GDP,0.06,2,20,,3,s2_p20_NAA-GDP_l10_r3,fcf8b4f93626e8cf9603afe70c3a614f6523366181d2f4df2620ee6efbb41bdb,3ea87f4a1b7b84a26ee106434a73c8c3b1666cf072e5654900cb743a0c6ff2ae,a12dcb1ba4e2a21b6a4474c284e3079c1b8e06dc282072a6d2d3a684bd02794b,1a980269c1778978c64462bf76cf00949cd95e29e33d5066107809299e5dec35,p2_20,celeba-three-workers-v1,
0.8591549295774648,,,0.0,988babfb79a4be0620cf47d259d4da35f8fc07573e92f83a2e388003c17759ba,0.8597972972972974,caa86f237e43056408787c677572585176b7f771bfcba7cecd40feeb7dc79e4e,2026-09-06T15:50:19.319575+00:00,1,0.8427761700004339,,,,0,0.754,C-GDP,0.0,3,2,,0,s3_p2_C-GDP_l0_r0,fcf8b4f93626e8cf9603afe70c3a614f6523366181d2f4df2620ee6efbb41bdb,3ea87f4a1b7b84a26ee106434a73c8c3b1666cf072e5654900cb743a0c6ff2ae,a12dcb1ba4e2a21b6a4474c284e3079c1b8e06dc282072a6d2d3a684bd02794b,1a980269c1778978c64462bf76cf00949cd95e29e33d5066107809299e5dec35,p2_20,celeba-three-workers-v1,
0.823943661971831,,,0.0,988babfb79a4be0620cf47d259d4da35f8fc07573e92f83a2e388003c17759ba,0.8230325914149443,caa86f237e43056408787c677572585176b7f771bfcba7cecd40feeb7dc79e4e,2026-09-06T15:50:20.201588+00:00,1,0.850711222999962,,,,0,,I-GDP,0.0,3,2,,0,s3_p2_I-GDP_l0_r0,fcf8b4f93626e8cf9603afe70c3a614f6523366181d2f4df2620ee6efbb41bdb,3ea87f4a1b7b84a26ee106434a73c8c3b1666cf072e5654900cb743a0c6ff2ae,a12dcb1ba4e2a21b6a4474c284e3079c1b8e06dc282072a6d2d3a684bd02794b,1a980269c1778978c64462bf76cf00949cd95e29e33d5066107809299e5dec35,p2_20,celeba-three-workers-v1,
0.8591549295774648,,,0.0,988babfb79a4be0620cf47d259d4da35f8fc07573e92f83a2e388003c17759ba,0.8597972972972974,caa86f237e43056408787c677572585176b7f771bfcba7cecd40feeb7dc79e4e,2026-09-06T15:50:21.081715+00:00,1,0.8341442349992576,,,,0,0.754,AA-GDP,0.0,3,2,,0,s3_p2_AA-GDP_l0_r0,fcf8b4f93626e8cf9603afe70c3a614f6523366181d2f4df2620ee6efbb41bdb,3ea87f4a1b7b84a26ee106434a73c8c3b1666cf072e5654900cb743a0c6ff2ae,a12dcb1ba4e2a21b6a4474c284e3079c1b8e06dc282072a6d2d3a684bd02794b,1a980269c1778978c64462bf76cf00949cd95e29e33d5066107809299e5dec35,p2_20,celeba-three-workers-v1,0.0
0.8890845070422535,,,0.0,988babfb79a4be0620cf47d259d4da35f8fc07573e92f83a2e388003c17759ba,0.889039250958434,caa86f237e43056408787c677572585176b7f771bfcba7cecd40feeb7dc79e4e,2026-09-06T15:50:30.065761+00:00,1,8.903773829999409,,,,0,0.754,C-GDP,0.0,3,20,,0,s3_p20_C-GDP_l0_r0,fcf8b4f93626e8cf9603afe70c3a614f6523366181d2f4df2620ee6efbb41bdb,3ea87f4a1b7b84a26ee106434a73c8c3b1666cf072e5654900cb743a0c6ff2ae,a12dcb1ba4e2a21b6a4474c284e3079c1b8e06dc282072a6d2d3a684bd02794b,1a980269c1778978c64462bf76cf00949cd95e29e33d5066107809299e5dec35,p2_20,celeba-three-workers-v1,
0.805281690140845,,,0.0,988babfb79a4be0620cf47d259d4da35f8fc07573e92f83a2e388003c17759ba,0.8049742687112597,caa86f237e43056408787c677572585176b7f771bfcba7cecd40feeb7dc79e4e,2026-09-06T15:50:40.577099+00:00,1,10.445576754002104,,,,0,,I-GDP,0.0,3,20,,0,s3_p20_I-GDP_l0_r0,fcf8b4f93626e8cf9603afe70c3a614f6523366181d2f4df2620ee6efbb41bdb,3ea87f4a1b7b84a26ee106434a73c8c3b1666cf072e5654900cb743a0c6ff2ae,a12dcb1ba4e2a21b6a4474c284e3079c1b8e06dc282072a6d2d3a684bd02794b,1a980269c1778978c64462bf76cf00949cd95e29e33d5066107809299e5dec35,p2_20,celeba-three-workers-v1,
0.8853873239436619,,,0.0,988babfb79a4be0620cf47d259d4da35f8fc07573e92f83a2e388003c17759ba,0.8851231718712973,caa86f237e43056408787c677572585176b7f771bfcba7cecd40feeb7dc79e4e,2026-09-06T15:50:49.548398+00:00,1,8.769107168998744,,,,0,0.754,AA-GDP,0.0,3,20,,0,s3_p20_AA-GDP_l0_r0,fcf8b4f93626e8cf9603afe70c3a614f6523366181d2f4df2620ee6efbb41bdb,3ea87f4a1b7b84a26ee106434a73c8c3b1666cf072e5654900cb743a0c6ff2ae,a12dcb1ba4e2a21b6a4474c284e3079c1b8e06dc282072a6d2d3a684bd02794b,1a980269c1778978c64462bf76cf00949cd95e29e33d5066107809299e5dec35,p2_20,celeba-three-workers-v1,1.484509876137352e-10
0.8538732394366197,,,0.8134834070006036,988babfb79a4be0620cf47d259d4da35f8fc07573e92f83a2e388003c17759ba,0.854133545310016,caa86f237e43056408787c677572585176b7f771bfcba7cecd40feeb7dc79e4e,2026-09-06T15:50:52.216790+00:00,1,1.019102432001091,True,6.0,7.729665575209021e-09,1,0.65,NAA-GDP,0.006,3,2,,0,s3_p2_NAA-GDP_l1_r0,fcf8b4f93626e8cf9603afe70c3a614f6523366181d2f4df2620ee6efbb41bdb,3ea87f4a1b7b84a26ee106434a73c8c3b1666cf072e5654900cb743a0c6ff2ae,a12dcb1ba4e2a21b6a4474c284e3079c1b8e06dc282072a6d2d3a684bd02794b,1a980269c1778978c64462bf76cf00949cd95e29e33d5066107809299e5dec35,p2_20,celeba-three-workers-v1,
0.8876760563380282,,,5.9670785019989125,988babfb79a4be0620cf47d259d4da35f8fc07573e92f83a2e388003c17759ba,0.8865438698725583,caa86f237e43056408787c677572585176b7f771bfcba7cecd40feeb7dc79e4e,2026-09-06T15:51:06.863461+00:00,1,8.34202533899952,True,5.0,2.9117553634909626e-09,1,0.65,NAA-GDP,0.006,3,20,,0,s3_p20_NAA-GDP_l1_r0,fcf8b4f93626e8cf9603afe70c3a614f6523366181d2f4df2620ee6efbb41bdb,3ea87f4a1b7b84a26ee106434a73c8c3b1666cf072e5654900cb743a0c6ff2ae,a12dcb1ba4e2a21b6a4474c284e3079c1b8e06dc282072a6d2d3a684bd02794b,1a980269c1778978c64462bf76cf00949cd95e29e33d5066107809299e5dec35,p2_20,celeba-three-workers-v1,
0.8626760563380281,,,0.8040027109964285,988babfb79a4be0620cf47d259d4da35f8fc07573e92f83a2e388003c17759ba,0.8631756756756757,caa86f237e43056408787c677572585176b7f771bfcba7cecd40feeb7dc79e4e,2026-09-06T15:51:09.580328+00:00,1,1.0656194369985315,True,6.0,8.06359366745514e-09,1,0.601,NAA-GDP,0.006,3,2,,1,s3_p2_NAA-GDP_l1_r1,fcf8b4f93626e8cf9603afe70c3a614f6523366181d2f4df2620ee6efbb41bdb,3ea87f4a1b7b84a26ee106434a73c8c3b1666cf072e5654900cb743a0c6ff2ae,a12dcb1ba4e2a21b6a4474c284e3079c1b8e06dc282072a6d2d3a684bd02794b,1a980269c1778978c64462bf76cf00949cd95e29e33d5066107809299e5dec35,p2_20,celeba-three-workers-v1,
0.8802816901408451,,,5.9764530709981045,988babfb79a4be0620cf47d259d4da35f8fc07573e92f83a2e388003c17759ba,0.8790634397111856,caa86f237e43056408787c677572585176b7f771bfcba7cecd40feeb7dc79e4e,2026-09-06T15:51:21.236501+00:00,1,5.33174489099838,True,5.0,2.8998419472730936e-09,1,0.601,NAA-GDP,0.006,3,20,,1,s3_p20_NAA-GDP_l1_r1,fcf8b4f93626e8cf9603afe70c3a614f6523366181d2f4df2620ee6efbb41bdb,3ea87f4a1b7b84a26ee106434a73c8c3b1666cf072e5654900cb743a0c6ff2ae,a12dcb1ba4e2a21b6a4474c284e3079c1b8e06dc282072a6d2d3a684bd02794b,1a980269c1778978c64462bf76cf00949cd95e29e33d5066107809299e5dec35,p2_20,celeba-three-workers-v1,
0.8485915492957746,,,0.7889839240015135,988babfb79a4be0620cf47d259d4da35f8fc07573e92f83a2e388003c17759ba,0.8465321939586645,caa86f237e43056408787c677572585176b7f771bfcba7cecd40feeb7dc79e4e,2026-09-06T15:51:23.898576+00:00,1,1.0505046580001363,True,6.0,7.91962867481173e-09,1,0.64,NAA-GDP,0.006,3,2,,2,s3_p2_NAA-GDP_l1_r2,fcf8b4f93626e8cf9603afe70c3a614f6523366181d2f4df2620ee6efbb41bdb,3ea87f4a1b7b84a26ee106434a73c8c3b1666cf072e5654900cb743a0c6ff2ae,a12dcb1ba4e2a21b6a4474c284e3079c1b8e06dc282072a6d2d3a684bd02794b,1a980269c1778978c64462bf76cf00949cd95e29e33d5066107809299e5dec35,p2_20,celeba-three-workers-v1,
0.8811619718309859,,,5.9739815419998195,988babfb79a4be0620cf47d259d4da35f8fc07573e92f83a2e388003c17759ba,0.8808905127330011,caa86f237e43056408787c677572585176b7f771bfcba7cecd40feeb7dc79e4e,2026-09-06T15:51:37.330794+00:00,1,7.102061113000673,True,5.0,2.9020357809902306e-09,1,0.64,NAA-GDP,0.006,3,20,,2,s3_p20_NAA-GDP_l1_r2,fcf8b4f93626e8cf9603afe70c3a614f6523366181d2f4df2620ee6efbb41bdb,3ea87f4a1b7b84a26ee106434a73c8c3b1666cf072e5654900cb743a0c6ff2ae,a12dcb1ba4e2a21b6a4474c284e3079c1b8e06dc282072a6d2d3a684bd02794b,1a980269c1778978c64462bf76cf00949cd95e29e33d5066107809299e5dec35,p2_20,celeba-three-workers-v1,
0.8591549295774648,,,0.788871269000083,988babfb79a4be0620cf47d259d4da35f8fc07573e92f83a2e388003c17759ba,0.8580087440381559,caa86f237e43056408787c677572585176b7f771bfcba7cecd40feeb7dc79e4e,2026-09-06T15:51:40.046079+00:00,1,1.1111681910006155,True,6.0,8.153579689520468e-09,1,0.617,NAA-GDP,0.006,3,2,,3,s3_p2_NAA-GDP_l1_r3,fcf8b4f93626e8cf9603afe70c3a614f6523366181d2f4df2620ee6efbb41bdb,3ea87f4a1b7b84a26ee106434a73c8c3b1666cf072e5654900cb743a0c6ff2ae,a12dcb1ba4e2a21b6a4474c284e3079c1b8e06dc282072a6d2d3a684bd02794b,1a980269c1778978c64462bf76cf00949cd95e29e33d5066107809299e5dec35,p2_20,celeba-three-workers-v1,
0.8801056338028169,,,5.977431156999955,988babfb79a4be0620cf47d259d4da35f8fc07573e92f83a2e388003c17759ba,0.8804039059693907,caa86f237e43056408787c677572585176b7f771bfcba7cecd40feeb7dc79e4e,2026-09-06T15:51:54.421276+00:00,1,8.046626567000203,True,5.0,2.9099801013132443e-09,1,0.617,NAA-GDP,0.006,3,20,,3,s3_p20_NAA-GDP_l1_r3,fcf8b4f93626e8cf9603afe70c3a614f6523366181d2f4df2620ee6efbb41bdb,3ea87f4a1b7b84a26ee106434a73c8c3b1666cf072e5654900cb743a0c6ff2ae,a12dcb1ba4e2a21b6a4474c284e3079c1b8e06dc282072a6d2d3a684bd02794b,1a980269c1778978c64462bf76cf00949cd95e29e33d5066107809299e5dec35,p2_20,celeba-three-workers-v1,
0.8556338028169014,,,1.0679684640017513,988babfb79a4be0620cf47d259d4da35f8fc07573e92f83a2e388003c17759ba,0.8537360890302067,caa86f237e43056408787c677572585176b7f771bfcba7cecd40feeb7dc79e4e,2026-09-06T15:51:57.139889+00:00,1,0.8237796539979172,True,10.0,3.5222076551057315e-08,2,0.435,NAA-GDP,0.012,3,2,,0,s3_p2_NAA-GDP_l2_r0,fcf8b4f93626e8cf9603afe70c3a614f6523366181d2f4df2620ee6efbb41bdb,3ea87f4a1b7b84a26ee106434a73c8c3b1666cf072e5654900cb743a0c6ff2ae,a12dcb1ba4e2a21b6a4474c284e3079c1b8e06dc282072a6d2d3a684bd02794b,1a980269c1778978c64462bf76cf00949cd95e29e33d5066107809299e5dec35,p2_20,celeba-three-workers-v1,
0.8786971830985916,,,7.271617051999783,988babfb79a4be0620cf47d259d4da35f8fc07573e92f83a2e388003c17759ba,0.8775421415367434,caa86f237e43056408787c677572585176b7f771bfcba7cecd40feeb7dc79e4e,2026-09-06T15:52:14.353842+00:00,1,9.5992087659979,True,7.0,1.129675942250107e-08,2,0.435,NAA-GDP,0.012,3,20,,0,s3_p20_NAA-GDP_l2_r0,fcf8b4f93626e8cf9603afe70c3a614f6523366181d2f4df2620ee6efbb41bdb,3ea87f4a1b7b84a26ee106434a73c8c3b1666cf072e5654900cb743a0c6ff2ae,a12dcb1ba4e2a21b6a4474c284e3079c1b8e06dc282072a6d2d3a684bd02794b,1a980269c1778978c64462bf76cf00949cd95e29e33d5066107809299e5dec35,p2_20,celeba-three-workers-v1,
0.8626760563380281,,,1.086362674999691,988babfb79a4be0620cf47d259d4da35f8fc07573e92f83a2e388003c17759ba,0.8613871224165341,caa86f237e43056408787c677572585176b7f771bfcba7cecd40feeb7dc79e4e,2026-09-06T15:52:17.132840+00:00,1,0.8615325409991783,True,10.0,3.1753834887906014e-08,2,0.483,NAA-GDP,0.012,3,2,,1,s3_p2_NAA-GDP_l2_r1,fcf8b4f93626e8cf9603afe70c3a614f6523366181d2f4df2620ee6efbb41bdb,3ea87f4a1b7b84a26ee106434a73c8c3b1666cf072e5654900cb743a0c6ff2ae,a12dcb1ba4e2a21b6a4474c284e3079c1b8e06dc282072a6d2d3a684bd02794b,1a980269c1778978c64462bf76cf00949cd95e29e33d5066107809299e5dec35,p2_20,celeba-three-workers-v1,
0.8751760563380282,,,7.262880114998552,988babfb79a4be0620cf47d259d4da35f8fc07573e92f83a2e388003c17759ba,0.8742640662639679,caa86f237e43056408787c677572585176b7f771bfcba7cecd40feeb7dc79e4e,2026-09-06T15:52:36.071767+00:00,1,11.328024483998888,True,7.0,1.1431089681205155e-08,2,0.483,NAA-GDP,0.012,3,20,,1,s3_p20_NAA-GDP_l2_r1,fcf8b4f93626e8cf9603afe70c3a614f6523366181d2f4df2620ee6efbb41bdb,3ea87f4a1b7b84a26ee106434a73c8c3b1666cf072e5654900cb743a0c6ff2ae,a12dcb1ba4e2a21b6a4474c284e3079c1b8e06dc282072a6d2d3a684bd02794b,1a980269c1778978c64462bf76cf00949cd95e29e33d5066107809299e5dec35,p2_20,celeba-three-workers-v1,
0.8485915492957746,,,1.0871373850022792,988babfb79a4be0620cf47d259d4da35f8fc07573e92f83a2e388003c17759ba,0.8480226550079492,caa86f237e43056408787c677572585176b7f771bfcba7cecd40feeb7dc79e4e,2026-09-06T15:52:38.631998+00:00,1,0.6418613499990897,True,10.0,3.3475514706273884e-08,2,0.51,NAA-GDP,0.012,3,2,,2,s3_p2_NAA-GDP_l2_r2,fcf8b4f93626e8cf9603afe70c3a614f6523366181d2f4df2620ee6efbb41bdb,3ea87f4a1b7b84a26ee106434a73c8c3b1666cf072e5654900cb743a0c6ff2ae,a12dcb1ba4e2a21b6a4474c284e3079c1b8e06dc282072a6d2d3a684bd02794b,1a980269c1778978c64462bf76cf00949cd95e29e33d5066107809299e5dec35,p2_20,celeba-three-workers-v1,
0.8723591549295775,,,7.261202534002223,988babfb79a4be0620cf47d259d4da35f8fc07573e92f83a2e388003c17759ba,0.8729811035615442,caa86f237e43056408787c677572585176b7f771bfcba7cecd40feeb7dc79e4e,2026-09-06T15:52:55.958990+00:00,1,9.719566079998913,True,7.0,1.1250207347843008e-08,2,0.51,NAA-GDP,0.012,3,20,,2,s3_p20_NAA-GDP_l2_r2,fcf8b4f93626e8cf9603afe70c3a614f6523366181d2f4df2620ee6efbb41bdb,3ea87f4a1b7b84a26ee106434a73c8c3b1666cf072e5654900cb743a0c6ff2ae,a12dcb1ba4e2a21b6a4474c284e3079c1b8e06dc282072a6d2d3a684bd02794b,1a980269c1778978c64462bf76cf00949cd95e29e33d5066107809299e5dec35,p2_20,celeba-three-workers-v1,
0.8397887323943662,,,1.0865584530001797,988babfb79a4be0620cf47d259d4da35f8fc07573e92f83a2e388003c17759ba,0.8391295707472177,caa86f237e43056408787c677572585176b7f771bfcba7cecd40feeb7dc79e4e,2026-09-06T15:52:59.047391+00:00,1,1.183562524998706,True,10.0,3.1055794232533425e-08,2,0.436,NAA-GDP,0.012,3,2,,3,s3_p2_NAA-GDP_l2_r3,fcf8b4f93626e8cf9603afe70c3a614f6523366181d2f4df2620ee6efbb41bdb,3ea87f4a1b7b84a26ee106434a73c8c3b1666cf072e5654900cb743a0c6ff2ae,a12dcb1ba4e2a21b6a4474c284e3079c1b8e06dc282072a6d2d3a684bd02794b,1a980269c1778978c64462bf76cf00949cd95e29e33d5066107809299e5dec35,p2_20,celeba-three-workers-v1,
0.8755281690140845,,,7.272935755001527,988babfb79a4be0620cf47d259d4da35f8fc07573e92f83a2e388003c17759ba,0.8749245498701139,caa86f237e43056408787c677572585176b7f771bfcba7cecd40feeb7dc79e4e,2026-09-06T15:53:14.594314+00:00,1,7.920020706998912,True,7.0,1.130431248963017e-08,2,0.436,NAA-GDP,0.012,3,20,,3,s3_p20_NAA-GDP_l2_r3,fcf8b4f93626e8cf9603afe70c3a614f6523366181d2f4df2620ee6efbb41bdb,3ea87f4a1b7b84a26ee106434a73c8c3b1666cf072e5654900cb743a0c6ff2ae,a12dcb1ba4e2a21b6a4474c284e3079c1b8e06dc282072a6d2d3a684bd02794b,1a980269c1778978c64462bf76cf00949cd95e29e33d5066107809299e5dec35,p2_20,celeba-three-workers-v1,
0.8573943661971831,,,1.7474940060019435,988babfb79a4be0620cf47d259d4da35f8fc07573e92f83a2e388003c17759ba,0.8575119236883944,caa86f237e43056408787c677572585176b7f771bfcba7cecd40feeb7dc79e4e,2026-09-06T15:53:17.809263+00:00,1,0.6428251389988873,True,19.0,6.031105881122754e-08,3,0.355,NAA-GDP,0.018,3,2,,0,s3_p2_NAA-GDP_l3_r0,fcf8b4f93626e8cf9603afe70c3a614f6523366181d2f4df2620ee6efbb41bdb,3ea87f4a1b7b84a26ee106434a73c8c3b1666cf072e5654900cb743a0c6ff2ae,a12dcb1ba4e2a21b6a4474c284e3079c1b8e06dc282072a6d2d3a684bd02794b,1a980269c1778978c64462bf76cf00949cd95e29e33d5066107809299e5dec35,p2_20,celeba-three-workers-v1,
0.8779929577464789,,,8.639577608999389,988babfb79a4be0620cf47d259d4da35f8fc07573e92f83a2e388003c17759ba,0.8768953196825109,caa86f237e43056408787c677572585176b7f771bfcba7cecd40feeb7dc79e4e,2026-09-06T15:53:32.638910+00:00,1,5.830264386997442,True,9.0,6.99310645121603e-08,3,0.355,NAA-GDP,0.018,3,20,,0,s3_p20_NAA-GDP_l3_r0,fcf8b4f93626e8cf9603afe70c3a614f6523366181d2f4df2620ee6efbb41bdb,3ea87f4a1b7b84a26ee106434a73c8c3b1666cf072e5654900cb743a0c6ff2ae,a12dcb1ba4e2a21b6a4474c284e3079c1b8e06dc282072a6d2d3a684bd02794b,1a980269c1778978c64462bf76cf00949cd95e29e33d5066107809299e5dec35,p2_20,celeba-three-workers-v1,
0.8415492957746479,,,1.663307378999889,988babfb79a4be0620cf47d259d4da35f8fc07573e92f83a2e388003c17759ba,0.840818759936407,caa86f237e43056408787c677572585176b7f771bfcba7cecd40feeb7dc79e4e,2026-09-06T15:53:36.077928+00:00,1,0.9520898529990518,True,18.0,7.380469631854375e-08,3,0.348,NAA-GDP,0.018,3,2,,1,s3_p2_NAA-GDP_l3_r1,fcf8b4f93626e8cf9603afe70c3a614f6523366181d2f4df2620ee6efbb41bdb,3ea87f4a1b7b84a26ee106434a73c8c3b1666cf072e5654900cb743a0c6ff2ae,a12dcb1ba4e2a21b6a4474c284e3079c1b8e06dc282072a6d2d3a684bd02794b,1a980269c1778978c64462bf76cf00949cd95e29e33d5066107809299e5dec35,p2_20,celeba-three-workers-v1,
0.8762323943661972,,,8.622732690000703,988babfb79a4be0620cf47d259d4da35f8fc07573e92f83a2e388003c17759ba,0.8747799836953201,caa86f237e43056408787c677572585176b7f771bfcba7cecd40feeb7dc79e4e,2026-09-06T15:53:54.099594+00:00,1,9.057923477001168,True,9.0,6.93367295034009e-08,3,0.348,NAA-GDP,0.018,3,20,,1,s3_p20_NAA-GDP_l3_r1,fcf8b4f93626e8cf9603afe70c3a614f6523366181d2f4df2620ee6efbb41bdb,3ea87f4a1b7b84a26ee106434a73c8c3b1666cf072e5654900cb743a0c6ff2ae,a12dcb1ba4e2a21b6a4474c284e3079c1b8e06dc282072a6d2d3a684bd02794b,1a980269c1778978c64462bf76cf00949cd95e29e33d5066107809299e5dec35,p2_20,celeba-three-workers-v1,
0.8485915492957746,,,1.7559405049978523,988babfb79a4be0620cf47d259d4da35f8fc07573e92f83a2e388003c17759ba,0.8480226550079492,caa86f237e43056408787c677572585176b7f771bfcba7cecd40feeb7dc79e4e,2026-09-06T15:53:57.440717+00:00,1,0.7654323630013096,True,19.0,5.22464093592577e-08,3,0.408,NAA-GDP,0.018,3,2,,2,s3_p2_NAA-GDP_l3_r2,fcf8b4f93626e8cf9603afe70c3a614f6523366181d2f4df2620ee6efbb41bdb,3ea87f4a1b7b84a26ee106434a73c8c3b1666cf072e5654900cb743a0c6ff2ae,a12dcb1ba4e2a21b6a4474c284e3079c1b8e06dc282072a6d2d3a684bd02794b,1a980269c1778978c64462bf76cf00949cd95e29e33d5066107809299e5dec35,p2_20,celeba-three-workers-v1,
0.8732394366197183,,,8.636180305999005,988babfb79a4be0620cf47d259d4da35f8fc07573e92f83a2e388003c17759ba,0.8712322751188697,caa86f237e43056408787c677572585176b7f771bfcba7cecd40feeb7dc79e4e,2026-09-06T15:54:11.806836+00:00,1,5.385494498998014,True,9.0,6.905237904224626e-08,3,0.408,NAA-GDP,0.018,3,20,,2,s3_p20_NAA-GDP_l3_r2,fcf8b4f93626e8cf9603afe70c3a614f6523366181d2f4df2620ee6efbb41bdb,3ea87f4a1b7b84a26ee106434a73c8c3b1666cf072e5654900cb743a0c6ff2ae,a12dcb1ba4e2a21b6a4474c284e3079c1b8e06dc282072a6d2d3a684bd02794b,1a980269c1778978c64462bf76cf00949cd95e29e33d5066107809299e5dec35,p2_20,celeba-three-workers-v1,
0.8274647887323944,,,1.6789757120022841,988babfb79a4be0620cf47d259d4da35f8fc07573e92f83a2e388003c17759ba,0.8265600158982512,caa86f237e43056408787c677572585176b7f771bfcba7cecd40feeb7dc79e4e,2026-09-06T15:54:15.755058+00:00,1,1.438772641999094,True,18.0,8.19797061800862e-08,3,0.33,NAA-GDP,0.018,3,2,,3,s3_p2_NAA-GDP_l3_r3,fcf8b4f93626e8cf9603afe70c3a614f6523366181d2f4df2620ee6efbb41bdb,3ea87f4a1b7b84a26ee106434a73c8c3b1666cf072e5654900cb743a0c6ff2ae,a12dcb1ba4e2a21b6a4474c284e3079c1b8e06dc282072a6d2d3a684bd02794b,1a980269c1778978c64462bf76cf00949cd95e29e33d5066107809299e5dec35,p2_20,celeba-three-workers-v1,
0.8702464788732395,,,8.635179139000684,988babfb79a4be0620cf47d259d4da35f8fc07573e92f83a2e388003c17759ba,0.8702785606375617,caa86f237e43056408787c677572585176b7f771bfcba7cecd40feeb7dc79e4e,2026-09-06T15:54:30.597825+00:00,1,5.86911563099784,True,9.0,6.791465099852354e-08,3,0.33,NAA-GDP,0.018,3,20,,3,s3_p20_NAA-GDP_l3_r3,fcf8b4f93626e8cf9603afe70c3a614f6523366181d2f4df2620ee6efbb41bdb,3ea87f4a1b7b84a26ee106434a73c8c3b1666cf072e5654900cb743a0c6ff2ae,a12dcb1ba4e2a21b6a4474c284e3079c1b8e06dc282072a6d2d3a684bd02794b,1a980269c1778978c64462bf76cf00949cd95e29e33d5066107809299e5dec35,p2_20,celeba-three-workers-v1,
0.8433098591549296,,,4.009223540997482,988babfb79a4be0620cf47d259d4da35f8fc07573e92f83a2e388003c17759ba,0.8413155802861685,caa86f237e43056408787c677572585176b7f771bfcba7cecd40feeb7dc79e4e,2026-09-06T15:54:36.355326+00:00,1,0.9331371999978728,True,49.0,9.702441543661337e-08,4,0.254,NAA-GDP,0.024,3,2,,0,s3_p2_NAA-GDP_l4_r0,fcf8b4f93626e8cf9603afe70c3a614f6523366181d2f4df2620ee6efbb41bdb,3ea87f4a1b7b84a26ee106434a73c8c3b1666cf072e5654900cb743a0c6ff2ae,a12dcb1ba4e2a21b6a4474c284e3079c1b8e06dc282072a6d2d3a684bd02794b,1a980269c1778978c64462bf76cf00949cd95e29e33d5066107809299e5dec35,p2_20,celeba-three-workers-v1,
0.8586267605633803,,,11.529761759000394,988babfb79a4be0620cf47d259d4da35f8fc07573e92f83a2e388003c17759ba,0.858975820686277,caa86f237e43056408787c677572585176b7f771bfcba7cecd40feeb7dc79e4e,2026-09-06T15:54:58.192209+00:00,1,9.957700615999784,True,13.0,5.501118042120129e-08,4,0.254,NAA-GDP,0.024,3,20,,0,s3_p20_NAA-GDP_l4_r0,fcf8b4f93626e8cf9603afe70c3a614f6523366181d2f4df2620ee6efbb41bdb,3ea87f4a1b7b84a26ee106434a73c8c3b1666cf072e5654900cb743a0c6ff2ae,a12dcb1ba4e2a21b6a4474c284e3079c1b8e06dc282072a6d2d3a684bd02794b,1a980269c1778978c64462bf76cf00949cd95e29e33d5066107809299e5dec35,p2_20,celeba-three-workers-v1,
0.8309859154929577,,,4.2255830300018715,988babfb79a4be0620cf47d259d4da35f8fc07573e92f83a2e388003c17759ba,0.8311307631160573,caa86f237e43056408787c677572585176b7f771bfcba7cecd40feeb7dc79e4e,2026-09-06T15:55:04.733906+00:00,1,1.4931036999987555,True,52.0,8.20798932202767e-08,4,0.262,NAA-GDP,0.024,3,2,,1,s3_p2_NAA-GDP_l4_r1,fcf8b4f93626e8cf9603afe70c3a614f6523366181d2f4df2620ee6efbb41bdb,3ea87f4a1b7b84a26ee106434a73c8c3b1666cf072e5654900cb743a0c6ff2ae,a12dcb1ba4e2a21b6a4474c284e3079c1b8e06dc282072a6d2d3a684bd02794b,1a980269c1778978c64462bf76cf00949cd95e29e33d5066107809299e5dec35,p2_20,celeba-three-workers-v1,
0.8700704225352113,,,11.536900243998389,988babfb79a4be0620cf47d259d4da35f8fc07573e92f83a2e388003c17759ba,0.8683508874425647,caa86f237e43056408787c677572585176b7f771bfcba7cecd40feeb7dc79e4e,2026-09-06T15:55:22.758933+00:00,1,6.1271459569979925,True,13.0,5.408359181336084e-08,4,0.262,NAA-GDP,0.024,3,20,,1,s3_p20_NAA-GDP_l4_r1,fcf8b4f93626e8cf9603afe70c3a614f6523366181d2f4df2620ee6efbb41bdb,3ea87f4a1b7b84a26ee106434a73c8c3b1666cf072e5654900cb743a0c6ff2ae,a12dcb1ba4e2a21b6a4474c284e3079c1b8e06dc282072a6d2d3a684bd02794b,1a980269c1778978c64462bf76cf00949cd95e29e33d5066107809299e5dec35,p2_20,celeba-three-workers-v1,
0.8591549295774648,,,4.427945313997043,988babfb79a4be0620cf47d259d4da35f8fc07573e92f83a2e388003c17759ba,0.8569654213036566,caa86f237e43056408787c677572585176b7f771bfcba7cecd40feeb7dc79e4e,2026-09-06T15:55:28.953891+00:00,1,0.9458870399976149,True,54.0,9.23223774909138e-08,4,0.33,NAA-GDP,0.024,3,2,,2,s3_p2_NAA-GDP_l4_r2,fcf8b4f93626e8cf9603afe70c3a614f6523366181d2f4df2620ee6efbb41bdb,3ea87f4a1b7b84a26ee106434a73c8c3b1666cf072e5654900cb743a0c6ff2ae,a12dcb1ba4e2a21b6a4474c284e3079c1b8e06dc282072a6d2d3a684bd02794b,1a980269c1778978c64462bf76cf00949cd95e29e33d5066107809299e5dec35,p2_20,celeba-three-workers-v1,
0.8704225352112676,,,11.515775954001583,988babfb79a4be0620cf47d259d4da35f8fc07573e92f83a2e388003c17759ba,0.8698467250793499,caa86f237e43056408787c677572585176b7f771bfcba7cecd40feeb7dc79e4e,2026-09-06T15:55:49.021598+00:00,1,8.20254253299936,True,13.0,5.570620151605008e-08,4,0.33,NAA-GDP,0.024,3,20,,2,s3_p20_NAA-GDP_l4_r2,fcf8b4f93626e8cf9603afe70c3a614f6523366181d2f4df2620ee6efbb41bdb,3ea87f4a1b7b84a26ee106434a73c8c3b1666cf072e5654900cb743a0c6ff2ae,a12dcb1ba4e2a21b6a4474c284e3079c1b8e06dc282072a6d2d3a684bd02794b,1a980269c1778978c64462bf76cf00949cd95e29e33d5066107809299e5dec35,p2_20,celeba-three-workers-v1,
0.8591549295774648,,,4.098742049001885,988babfb79a4be0620cf47d259d4da35f8fc07573e92f83a2e388003c17759ba,0.8587539745627981,caa86f237e43056408787c677572585176b7f771bfcba7cecd40feeb7dc79e4e,2026-09-06T15:55:54.895652+00:00,1,0.9527762340003392,True,50.0,8.160209290482902e-08,4,0.235,NAA-GDP,0.024,3,2,,3,s3_p2_NAA-GDP_l4_r3,fcf8b4f93626e8cf9603afe70c3a614f6523366181d2f4df2620ee6efbb41bdb,3ea87f4a1b7b84a26ee106434a73c8c3b1666cf072e5654900cb743a0c6ff2ae,a12dcb1ba4e2a21b6a4474c284e3079c1b8e06dc282072a6d2d3a684bd02794b,1a980269c1778978c64462bf76cf00949cd95e29e33d5066107809299e5dec35,p2_20,celeba-three-workers-v1,
0.8584507042253521,,,11.5286222729992,988babfb79a4be0620cf47d259d4da35f8fc07573e92f83a2e388003c17759ba,0.8581179868638529,caa86f237e43056408787c677572585176b7f771bfcba7cecd40feeb7dc79e4e,2026-09-06T15:56:16.125784+00:00,1,9.35966532999737,True,13.0,5.665649727985064e-08,4,0.235,NAA-GDP,0.024,3,20,,3,s3_p20_NAA-GDP_l4_r3,fcf8b4f93626e8cf9603afe70c3a614f6523366181d2f4df2620ee6efbb41bdb,3ea87f4a1b7b84a26ee106434a73c8c3b1666cf072e5654900cb743a0c6ff2ae,a12dcb1ba4e2a21b6a4474c284e3079c1b8e06dc282072a6d2d3a684bd02794b,1a980269c1778978c64462bf76cf00949cd95e29e33d5066107809299e5dec35,p2_20,celeba-three-workers-v1,
0.852112676056338,,,38.410628388002806,988babfb79a4be0620cf47d259d4da35f8fc07573e92f83a2e388003c17759ba,0.8536367249602543,caa86f237e43056408787c677572585176b7f771bfcba7cecd40feeb7dc79e4e,2026-09-06T15:56:56.297503+00:00,1,0.9162760050021461,False,500.0,0.00020924636059061437,5,0.22,NAA-GDP,0.03,3,2,,0,s3_p2_NAA-GDP_l5_r0,fcf8b4f93626e8cf9603afe70c3a614f6523366181d2f4df2620ee6efbb41bdb,3ea87f4a1b7b84a26ee106434a73c8c3b1666cf072e5654900cb743a0c6ff2ae,a12dcb1ba4e2a21b6a4474c284e3079c1b8e06dc282072a6d2d3a684bd02794b,1a980269c1778978c64462bf76cf00949cd95e29e33d5066107809299e5dec35,p2_20,celeba-three-workers-v1,
0.8575704225352113,,,15.838580359999469,988babfb79a4be0620cf47d259d4da35f8fc07573e92f83a2e388003c17759ba,0.8571848892081599,caa86f237e43056408787c677572585176b7f771bfcba7cecd40feeb7dc79e4e,2026-09-06T15:57:18.824679+00:00,1,6.344098543002474,True,19.0,8.301329739014528e-08,5,0.22,NAA-GDP,0.03,3,20,,0,s3_p20_NAA-GDP_l5_r0,fcf8b4f93626e8cf9603afe70c3a614f6523366181d2f4df2620ee6efbb41bdb,3ea87f4a1b7b84a26ee106434a73c8c3b1666cf072e5654900cb743a0c6ff2ae,a12dcb1ba4e2a21b6a4474c284e3079c1b8e06dc282072a6d2d3a684bd02794b,1a980269c1778978c64462bf76cf00949cd95e29e33d5066107809299e5dec35,p2_20,celeba-three-workers-v1,
0.829225352112676,,,38.11919025300085,988babfb79a4be0620cf47d259d4da35f8fc07573e92f83a2e388003c17759ba,0.8298887122416534,caa86f237e43056408787c677572585176b7f771bfcba7cecd40feeb7dc79e4e,2026-09-06T15:57:58.683014+00:00,1,0.889508399002807,False,500.0,0.000554029287708723,5,0.199,NAA-GDP,0.03,3,2,,1,s3_p2_NAA-GDP_l5_r1,fcf8b4f93626e8cf9603afe70c3a614f6523366181d2f4df2620ee6efbb41bdb,3ea87f4a1b7b84a26ee106434a73c8c3b1666cf072e5654900cb743a0c6ff2ae,a12dcb1ba4e2a21b6a4474c284e3079c1b8e06dc282072a6d2d3a684bd02794b,1a980269c1778978c64462bf76cf00949cd95e29e33d5066107809299e5dec35,p2_20,celeba-three-workers-v1,
0.8566901408450704,,,15.852635815997928,988babfb79a4be0620cf47d259d4da35f8fc07573e92f83a2e388003c17759ba,0.8540974574734502,caa86f237e43056408787c677572585176b7f771bfcba7cecd40feeb7dc79e4e,2026-09-06T15:58:20.943758+00:00,1,6.061113730000216,True,19.0,8.726023219644202e-08,5,0.199,NAA-GDP,0.03,3,20,,1,s3_p20_NAA-GDP_l5_r1,fcf8b4f93626e8cf9603afe70c3a614f6523366181d2f4df2620ee6efbb41bdb,3ea87f4a1b7b84a26ee106434a73c8c3b1666cf072e5654900cb743a0c6ff2ae,a12dcb1ba4e2a21b6a4474c284e3079c1b8e06dc282072a6d2d3a684bd02794b,1a980269c1778978c64462bf76cf00949cd95e29e33d5066107809299e5dec35,p2_20,celeba-three-workers-v1,
0.8257042253521126,,,38.25356099399869,988babfb79a4be0620cf47d259d4da35f8fc07573e92f83a2e388003c17759ba,0.8263612877583466,caa86f237e43056408787c677572585176b7f771bfcba7cecd40feeb7dc79e4e,2026-09-06T15:59:01.078038+00:00,1,1.0538668670014886,False,500.0,8.58465652864312e-05,5,0.227,NAA-GDP,0.03,3,2,,2,s3_p2_NAA-GDP_l5_r2,fcf8b4f93626e8cf9603afe70c3a614f6523366181d2f4df2620ee6efbb41bdb,3ea87f4a1b7b84a26ee106434a73c8c3b1666cf072e5654900cb743a0c6ff2ae,a12dcb1ba4e2a21b6a4474c284e3079c1b8e06dc282072a6d2d3a684bd02794b,1a980269c1778978c64462bf76cf00949cd95e29e33d5066107809299e5dec35,p2_20,celeba-three-workers-v1,
0.861443661971831,,,15.837558251998416,988babfb79a4be0620cf47d259d4da35f8fc07573e92f83a2e388003c17759ba,0.8606398220693431,caa86f237e43056408787c677572585176b7f771bfcba7cecd40feeb7dc79e4e,2026-09-06T15:59:23.286923+00:00,1,6.025207827999111,True,19.0,8.085177855892871e-08,5,0.227,NAA-GDP,0.03,3,20,,2,s3_p20_NAA-GDP_l5_r2,fcf8b4f93626e8cf9603afe70c3a614f6523366181d2f4df2620ee6efbb41bdb,3ea87f4a1b7b84a26ee106434a73c8c3b1666cf072e5654900cb743a0c6ff2ae,a12dcb1ba4e2a21b6a4474c284e3079c1b8e06dc282072a6d2d3a684bd02794b,1a980269c1778978c64462bf76cf00949cd95e29e33d5066107809299e5dec35,p2_20,celeba-three-workers-v1,
0.8309859154929577,,,38.07723615600116,988babfb79a4be0620cf47d259d4da35f8fc07573e92f83a2e388003c17759ba,0.830087440381558,caa86f237e43056408787c677572585176b7f771bfcba7cecd40feeb7dc79e4e,2026-09-06T16:00:02.861593+00:00,1,0.6710818780011323,False,500.0,4.095779158605093e-05,5,0.263,NAA-GDP,0.03,3,2,,3,s3_p2_NAA-GDP_l5_r3,fcf8b4f93626e8cf9603afe70c3a614f6523366181d2f4df2620ee6efbb41bdb,3ea87f4a1b7b84a26ee106434a73c8c3b1666cf072e5654900cb743a0c6ff2ae,a12dcb1ba4e2a21b6a4474c284e3079c1b8e06dc282072a6d2d3a684bd02794b,1a980269c1778978c64462bf76cf00949cd95e29e33d5066107809299e5dec35,p2_20,celeba-three-workers-v1,
0.856161971830986,,,15.829666714002087,988babfb79a4be0620cf47d259d4da35f8fc07573e92f83a2e388003c17759ba,0.8564481481867874,caa86f237e43056408787c677572585176b7f771bfcba7cecd40feeb7dc79e4e,2026-09-06T16:00:25.055273+00:00,1,6.012672606000706,True,19.0,8.539282035264013e-08,5,0.263,NAA-GDP,0.03,3,20,,3,s3_p20_NAA-GDP_l5_r3,fcf8b4f93626e8cf9603afe70c3a614f6523366181d2f4df2620ee6efbb41bdb,3ea87f4a1b7b84a26ee106434a73c8c3b1666cf072e5654900cb743a0c6ff2ae,a12dcb1ba4e2a21b6a4474c284e3079c1b8e06dc282072a6d2d3a684bd02794b,1a980269c1778978c64462bf76cf00949cd95e29e33d5066107809299e5dec35,p2_20,celeba-three-workers-v1,
0.8274647887323944,,,38.15914213900032,988babfb79a4be0620cf47d259d4da35f8fc07573e92f83a2e388003c17759ba,0.825516693163752,caa86f237e43056408787c677572585176b7f771bfcba7cecd40feeb7dc79e4e,2026-09-06T16:01:04.794208+00:00,1,0.7452498249986093,False,500.0,0.0013193984262910119,6,0.149,NAA-GDP,0.036,3,2,,0,s3_p2_NAA-GDP_l6_r0,fcf8b4f93626e8cf9603afe70c3a614f6523366181d2f4df2620ee6efbb41bdb,3ea87f4a1b7b84a26ee106434a73c8c3b1666cf072e5654900cb743a0c6ff2ae,a12dcb1ba4e2a21b6a4474c284e3079c1b8e06dc282072a6d2d3a684bd02794b,1a980269c1778978c64462bf76cf00949cd95e29e33d5066107809299e5dec35,p2_20,celeba-three-workers-v1,
0.8459507042253521,,,26.02981370099951,988babfb79a4be0620cf47d259d4da35f8fc07573e92f83a2e388003c17759ba,0.8457355959181666,caa86f237e43056408787c677572585176b7f771bfcba7cecd40feeb7dc79e4e,2026-09-06T16:01:39.185971+00:00,1,8.01143391700316,True,33.0,8.31365025101277e-08,6,0.149,NAA-GDP,0.036,3,20,,0,s3_p20_NAA-GDP_l6_r0,fcf8b4f93626e8cf9603afe70c3a614f6523366181d2f4df2620ee6efbb41bdb,3ea87f4a1b7b84a26ee106434a73c8c3b1666cf072e5654900cb743a0c6ff2ae,a12dcb1ba4e2a21b6a4474c284e3079c1b8e06dc282072a6d2d3a684bd02794b,1a980269c1778978c64462bf76cf00949cd95e29e33d5066107809299e5dec35,p2_20,celeba-three-workers-v1,
0.8327464788732394,,,38.23046496200186,988babfb79a4be0620cf47d259d4da35f8fc07573e92f83a2e388003c17759ba,0.8334161367249602,caa86f237e43056408787c677572585176b7f771bfcba7cecd40feeb7dc79e4e,2026-09-06T16:02:19.033124+00:00,1,0.7837984679972578,False,500.0,0.00027053745859853133,6,0.197,NAA-GDP,0.036,3,2,,1,s3_p2_NAA-GDP_l6_r1,fcf8b4f93626e8cf9603afe70c3a614f6523366181d2f4df2620ee6efbb41bdb,3ea87f4a1b7b84a26ee106434a73c8c3b1666cf072e5654900cb743a0c6ff2ae,a12dcb1ba4e2a21b6a4474c284e3079c1b8e06dc282072a6d2d3a684bd02794b,1a980269c1778978c64462bf76cf00949cd95e29e33d5066107809299e5dec35,p2_20,celeba-three-workers-v1,
0.8519366197183098,,,25.993726273998618,988babfb79a4be0620cf47d259d4da35f8fc07573e92f83a2e388003c17759ba,0.8512628923468852,caa86f237e43056408787c677572585176b7f771bfcba7cecd40feeb7dc79e4e,2026-09-06T16:02:53.614059+00:00,1,8.233181507999689,True,33.0,7.609528825955488e-08,6,0.197,NAA-GDP,0.036,3,20,,1,s3_p20_NAA-GDP_l6_r1,fcf8b4f93626e8cf9603afe70c3a614f6523366181d2f4df2620ee6efbb41bdb,3ea87f4a1b7b84a26ee106434a73c8c3b1666cf072e5654900cb743a0c6ff2ae,a12dcb1ba4e2a21b6a4474c284e3079c1b8e06dc282072a6d2d3a684bd02794b,1a980269c1778978c64462bf76cf00949cd95e29e33d5066107809299e5dec35,p2_20,celeba-three-workers-v1,
0.8415492957746479,,,38.01119615800053,988babfb79a4be0620cf47d259d4da35f8fc07573e92f83a2e388003c17759ba,0.8415639904610492,caa86f237e43056408787c677572585176b7f771bfcba7cecd40feeb7dc79e4e,2026-09-06T16:03:33.434472+00:00,1,0.9839440079995256,False,500.0,0.00895253491527891,6,0.217,NAA-GDP,0.036,3,2,,2,s3_p2_NAA-GDP_l6_r2,fcf8b4f93626e8cf9603afe70c3a614f6523366181d2f4df2620ee6efbb41bdb,3ea87f4a1b7b84a26ee106434a73c8c3b1666cf072e5654900cb743a0c6ff2ae,a12dcb1ba4e2a21b6a4474c284e3079c1b8e06dc282072a6d2d3a684bd02794b,1a980269c1778978c64462bf76cf00949cd95e29e33d5066107809299e5dec35,p2_20,celeba-three-workers-v1,
0.8485915492957746,,,26.028099601000577,988babfb79a4be0620cf47d259d4da35f8fc07573e92f83a2e388003c17759ba,0.8481831608723451,caa86f237e43056408787c677572585176b7f771bfcba7cecd40feeb7dc79e4e,2026-09-06T16:04:09.314183+00:00,1,9.50052245400002,True,33.0,8.800156468509368e-08,6,0.217,NAA-GDP,0.036,3,20,,2,s3_p20_NAA-GDP_l6_r2,fcf8b4f93626e8cf9603afe70c3a614f6523366181d2f4df2620ee6efbb41bdb,3ea87f4a1b7b84a26ee106434a73c8c3b1666cf072e5654900cb743a0c6ff2ae,a12dcb1ba4e2a21b6a4474c284e3079c1b8e06dc282072a6d2d3a684bd02794b,1a980269c1778978c64462bf76cf00949cd95e29e33d5066107809299e5dec35,p2_20,celeba-three-workers-v1,
0.8362676056338029,,,38.10713709999982,988babfb79a4be0620cf47d259d4da35f8fc07573e92f83a2e388003c17759ba,0.8361983306836248,caa86f237e43056408787c677572585176b7f771bfcba7cecd40feeb7dc79e4e,2026-09-06T16:04:49.214924+00:00,1,0.9707688119997329,False,500.0,0.0009490828676258468,6,0.193,NAA-GDP,0.036,3,2,,3,s3_p2_NAA-GDP_l6_r3,fcf8b4f93626e8cf9603afe70c3a614f6523366181d2f4df2620ee6efbb41bdb,3ea87f4a1b7b84a26ee106434a73c8c3b1666cf072e5654900cb743a0c6ff2ae,a12dcb1ba4e2a21b6a4474c284e3079c1b8e06dc282072a6d2d3a684bd02794b,1a980269c1778978c64462bf76cf00949cd95e29e33d5066107809299e5dec35,p2_20,celeba-three-workers-v1,
0.856338028169014,,,26.059624711997458,988babfb79a4be0620cf47d259d4da35f8fc07573e92f83a2e388003c17759ba,0.8550783712608405,caa86f237e43056408787c677572585176b7f771bfcba7cecd40feeb7dc79e4e,2026-09-06T16:05:21.527329+00:00,1,5.900540274000377,True,33.0,6.98569097390732e-08,6,0.193,NAA-GDP,0.036,3,20,,3,s3_p20_NAA-GDP_l6_r3,fcf8b4f93626e8cf9603afe70c3a614f6523366181d2f4df2620ee6efbb41bdb,3ea87f4a1b7b84a26ee106434a73c8c3b1666cf072e5654900cb743a0c6ff2ae,a12dcb1ba4e2a21b6a4474c284e3079c1b8e06dc282072a6d2d3a684bd02794b,1a980269c1778978c64462bf76cf00949cd95e29e33d5066107809299e5dec35,p2_20,celeba-three-workers-v1,
0.8309859154929577,,,38.06184404300075,988babfb79a4be0620cf47d259d4da35f8fc07573e92f83a2e388003c17759ba,0.833664546899841,caa86f237e43056408787c677572585176b7f771bfcba7cecd40feeb7dc79e4e,2026-09-06T16:06:01.356093+00:00,1,0.9298625629999151,False,500.0,0.0008964599412419806,7,0.207,NAA-GDP,0.042,3,2,,0,s3_p2_NAA-GDP_l7_r0,fcf8b4f93626e8cf9603afe70c3a614f6523366181d2f4df2620ee6efbb41bdb,3ea87f4a1b7b84a26ee106434a73c8c3b1666cf072e5654900cb743a0c6ff2ae,a12dcb1ba4e2a21b6a4474c284e3079c1b8e06dc282072a6d2d3a684bd02794b,1a980269c1778978c64462bf76cf00949cd95e29e33d5066107809299e5dec35,p2_20,celeba-three-workers-v1,
0.8433098591549296,,,90.74363338100011,988babfb79a4be0620cf47d259d4da35f8fc07573e92f83a2e388003c17759ba,0.8417638762414186,caa86f237e43056408787c677572585176b7f771bfcba7cecd40feeb7dc79e4e,2026-09-06T16:07:39.774366+00:00,1,7.328887720999774,True,121.0,9.259222473040403e-08,7,0.207,NAA-GDP,0.042,3,20,,0,s3_p20_NAA-GDP_l7_r0,fcf8b4f93626e8cf9603afe70c3a614f6523366181d2f4df2620ee6efbb41bdb,3ea87f4a1b7b84a26ee106434a73c8c3b1666cf072e5654900cb743a0c6ff2ae,a12dcb1ba4e2a21b6a4474c284e3079c1b8e06dc282072a6d2d3a684bd02794b,1a980269c1778978c64462bf76cf00949cd95e29e33d5066107809299e5dec35,p2_20,celeba-three-workers-v1,
0.8169014084507042,,,38.188795957001275,988babfb79a4be0620cf47d259d4da35f8fc07573e92f83a2e388003c17759ba,0.8141891891891893,caa86f237e43056408787c677572585176b7f771bfcba7cecd40feeb7dc79e4e,2026-09-06T16:08:19.663065+00:00,1,0.8489917869992496,False,500.0,0.0012494690301723145,7,0.17,NAA-GDP,0.042,3,2,,1,s3_p2_NAA-GDP_l7_r1,fcf8b4f93626e8cf9603afe70c3a614f6523366181d2f4df2620ee6efbb41bdb,3ea87f4a1b7b84a26ee106434a73c8c3b1666cf072e5654900cb743a0c6ff2ae,a12dcb1ba4e2a21b6a4474c284e3079c1b8e06dc282072a6d2d3a684bd02794b,1a980269c1778978c64462bf76cf00949cd95e29e33d5066107809299e5dec35,p2_20,celeba-three-workers-v1,
0.8397887323943662,,,88.40823269199973,988babfb79a4be0620cf47d259d4da35f8fc07573e92f83a2e388003c17759ba,0.8390866696573483,caa86f237e43056408787c677572585176b7f771bfcba7cecd40feeb7dc79e4e,2026-09-06T16:09:58.168765+00:00,1,9.753692287002195,True,118.0,9.51723625500485e-08,7,0.17,NAA-GDP,0.042,3,20,,1,s3_p20_NAA-GDP_l7_r1,fcf8b4f93626e8cf9603afe70c3a614f6523366181d2f4df2620ee6efbb41bdb,3ea87f4a1b7b84a26ee106434a73c8c3b1666cf072e5654900cb743a0c6ff2ae,a12dcb1ba4e2a21b6a4474c284e3079c1b8e06dc282072a6d2d3a684bd02794b,1a980269c1778978c64462bf76cf00949cd95e29e33d5066107809299e5dec35,p2_20,celeba-three-workers-v1,
0.829225352112676,,,38.10749521299658,988babfb79a4be0620cf47d259d4da35f8fc07573e92f83a2e388003c17759ba,0.8281001589825119,caa86f237e43056408787c677572585176b7f771bfcba7cecd40feeb7dc79e4e,2026-09-06T16:10:38.047866+00:00,1,0.943924736999179,False,500.0,0.0008899849849402447,7,0.19,NAA-GDP,0.042,3,2,,2,s3_p2_NAA-GDP_l7_r2,fcf8b4f93626e8cf9603afe70c3a614f6523366181d2f4df2620ee6efbb41bdb,3ea87f4a1b7b84a26ee106434a73c8c3b1666cf072e5654900cb743a0c6ff2ae,a12dcb1ba4e2a21b6a4474c284e3079c1b8e06dc282072a6d2d3a684bd02794b,1a980269c1778978c64462bf76cf00949cd95e29e33d5066107809299e5dec35,p2_20,celeba-three-workers-v1,
0.8434859154929577,,,129.30581441100003,988babfb79a4be0620cf47d259d4da35f8fc07573e92f83a2e388003c17759ba,0.8424458460573923,caa86f237e43056408787c677572585176b7f771bfcba7cecd40feeb7dc79e4e,2026-09-06T16:12:55.987899+00:00,1,8.287877535000007,True,173.0,9.812670246127757e-08,7,0.19,NAA-GDP,0.042,3,20,,2,s3_p20_NAA-GDP_l7_r2,fcf8b4f93626e8cf9603afe70c3a614f6523366181d2f4df2620ee6efbb41bdb,3ea87f4a1b7b84a26ee106434a73c8c3b1666cf072e5654900cb743a0c6ff2ae,a12dcb1ba4e2a21b6a4474c284e3079c1b8e06dc282072a6d2d3a684bd02794b,1a980269c1778978c64462bf76cf00949cd95e29e33d5066107809299e5dec35,p2_20,celeba-three-workers-v1,
0.8151408450704225,,,37.911339811998914,988babfb79a4be0620cf47d259d4da35f8fc07573e92f83a2e388003c17759ba,0.8126490461049285,caa86f237e43056408787c677572585176b7f771bfcba7cecd40feeb7dc79e4e,2026-09-06T16:13:35.546276+00:00,1,0.818747995999729,False,500.0,0.002923067637227317,7,0.17,NAA-GDP,0.042,3,2,,3,s3_p2_NAA-GDP_l7_r3,fcf8b4f93626e8cf9603afe70c3a614f6523366181d2f4df2620ee6efbb41bdb,3ea87f4a1b7b84a26ee106434a73c8c3b1666cf072e5654900cb743a0c6ff2ae,a12dcb1ba4e2a21b6a4474c284e3079c1b8e06dc282072a6d2d3a684bd02794b,1a980269c1778978c64462bf76cf00949cd95e29e33d5066107809299e5dec35,p2_20,celeba-three-workers-v1,
0.8339788732394366,,,92.95345665300192,988babfb79a4be0620cf47d259d4da35f8fc07573e92f83a2e388003c17759ba,0.8339775470349279,caa86f237e43056408787c677572585176b7f771bfcba7cecd40feeb7dc79e4e,2026-09-06T16:15:14.781813+00:00,1,5.940765103001468,True,124.0,9.161085679661982e-08,7,0.17,NAA-GDP,0.042,3,20,,3,s3_p20_NAA-GDP_l7_r3,fcf8b4f93626e8cf9603afe70c3a614f6523366181d2f4df2620ee6efbb41bdb,3ea87f4a1b7b84a26ee106434a73c8c3b1666cf072e5654900cb743a0c6ff2ae,a12dcb1ba4e2a21b6a4474c284e3079c1b8e06dc282072a6d2d3a684bd02794b,1a980269c1778978c64462bf76cf00949cd95e29e33d5066107809299e5dec35,p2_20,celeba-three-workers-v1,
0.8309859154929577,,,38.09472656399885,988babfb79a4be0620cf47d259d4da35f8fc07573e92f83a2e388003c17759ba,0.8303855325914149,caa86f237e43056408787c677572585176b7f771bfcba7cecd40feeb7dc79e4e,2026-09-06T16:15:54.636367+00:00,1,0.9243091060016013,False,500.0,0.0008298110500127768,8,0.148,NAA-GDP,0.048,3,2,,0,s3_p2_NAA-GDP_l8_r0,fcf8b4f93626e8cf9603afe70c3a614f6523366181d2f4df2620ee6efbb41bdb,3ea87f4a1b7b84a26ee106434a73c8c3b1666cf072e5654900cb743a0c6ff2ae,a12dcb1ba4e2a21b6a4474c284e3079c1b8e06dc282072a6d2d3a684bd02794b,1a980269c1778978c64462bf76cf00949cd95e29e33d5066107809299e5dec35,p2_20,celeba-three-workers-v1,
0.8294014084507042,,,369.3057789449995,988babfb79a4be0620cf47d259d4da35f8fc07573e92f83a2e388003c17759ba,0.8289525062856478,caa86f237e43056408787c677572585176b7f771bfcba7cecd40feeb7dc79e4e,2026-09-06T16:22:12.236315+00:00,1,7.949591353000869,False,500.0,0.012570175141294961,8,0.148,NAA-GDP,0.048,3,20,,0,s3_p20_NAA-GDP_l8_r0,fcf8b4f93626e8cf9603afe70c3a614f6523366181d2f4df2620ee6efbb41bdb,3ea87f4a1b7b84a26ee106434a73c8c3b1666cf072e5654900cb743a0c6ff2ae,a12dcb1ba4e2a21b6a4474c284e3079c1b8e06dc282072a6d2d3a684bd02794b,1a980269c1778978c64462bf76cf00949cd95e29e33d5066107809299e5dec35,p2_20,celeba-three-workers-v1,
0.823943661971831,,,38.15478255799826,988babfb79a4be0620cf47d259d4da35f8fc07573e92f83a2e388003c17759ba,0.8251192368839427,caa86f237e43056408787c677572585176b7f771bfcba7cecd40feeb7dc79e4e,2026-09-06T16:22:52.056367+00:00,1,0.8360959609999554,False,500.0,0.0011929928446612363,8,0.159,NAA-GDP,0.048,3,2,,1,s3_p2_NAA-GDP_l8_r1,fcf8b4f93626e8cf9603afe70c3a614f6523366181d2f4df2620ee6efbb41bdb,3ea87f4a1b7b84a26ee106434a73c8c3b1666cf072e5654900cb743a0c6ff2ae,a12dcb1ba4e2a21b6a4474c284e3079c1b8e06dc282072a6d2d3a684bd02794b,1a980269c1778978c64462bf76cf00949cd95e29e33d5066107809299e5dec35,p2_20,celeba-three-workers-v1,
0.8343309859154929,,,369.04993062200083,988babfb79a4be0620cf47d259d4da35f8fc07573e92f83a2e388003c17759ba,0.8332457739233421,caa86f237e43056408787c677572585176b7f771bfcba7cecd40feeb7dc79e4e,2026-09-06T16:29:09.802643+00:00,1,8.35319778199846,False,500.0,0.011843566298067145,8,0.159,NAA-GDP,0.048,3,20,,1,s3_p20_NAA-GDP_l8_r1,fcf8b4f93626e8cf9603afe70c3a614f6523366181d2f4df2620ee6efbb41bdb,3ea87f4a1b7b84a26ee106434a73c8c3b1666cf072e5654900cb743a0c6ff2ae,a12dcb1ba4e2a21b6a4474c284e3079c1b8e06dc282072a6d2d3a684bd02794b,1a980269c1778978c64462bf76cf00949cd95e29e33d5066107809299e5dec35,p2_20,celeba-three-workers-v1,
0.8397887323943662,,,38.19639156300036,988babfb79a4be0620cf47d259d4da35f8fc07573e92f83a2e388003c17759ba,0.838831478537361,caa86f237e43056408787c677572585176b7f771bfcba7cecd40feeb7dc79e4e,2026-09-06T16:29:49.560726+00:00,1,0.7335514799997327,False,500.0,0.000176116951876699,8,0.122,NAA-GDP,0.048,3,2,,2,s3_p2_NAA-GDP_l8_r2,fcf8b4f93626e8cf9603afe70c3a614f6523366181d2f4df2620ee6efbb41bdb,3ea87f4a1b7b84a26ee106434a73c8c3b1666cf072e5654900cb743a0c6ff2ae,a12dcb1ba4e2a21b6a4474c284e3079c1b8e06dc282072a6d2d3a684bd02794b,1a980269c1778978c64462bf76cf00949cd95e29e33d5066107809299e5dec35,p2_20,celeba-three-workers-v1,
0.8367957746478873,,,369.28054755599806,988babfb79a4be0620cf47d259d4da35f8fc07573e92f83a2e388003c17759ba,0.837004494467984,caa86f237e43056408787c677572585176b7f771bfcba7cecd40feeb7dc79e4e,2026-09-06T16:36:07.873751+00:00,1,8.68898991199967,False,500.0,0.011883524937425212,8,0.122,NAA-GDP,0.048,3,20,,2,s3_p20_NAA-GDP_l8_r2,fcf8b4f93626e8cf9603afe70c3a614f6523366181d2f4df2620ee6efbb41bdb,3ea87f4a1b7b84a26ee106434a73c8c3b1666cf072e5654900cb743a0c6ff2ae,a12dcb1ba4e2a21b6a4474c284e3079c1b8e06dc282072a6d2d3a684bd02794b,1a980269c1778978c64462bf76cf00949cd95e29e33d5066107809299e5dec35,p2_20,celeba-three-workers-v1,
0.8080985915492958,,,38.12360933400123,988babfb79a4be0620cf47d259d4da35f8fc07573e92f83a2e388003c17759ba,0.8063394276629571,caa86f237e43056408787c677572585176b7f771bfcba7cecd40feeb7dc79e4e,2026-09-06T16:36:47.668518+00:00,1,0.8525683309999295,False,500.0,0.00199223763418625,8,0.158,NAA-GDP,0.048,3,2,,3,s3_p2_NAA-GDP_l8_r3,fcf8b4f93626e8cf9603afe70c3a614f6523366181d2f4df2620ee6efbb41bdb,3ea87f4a1b7b84a26ee106434a73c8c3b1666cf072e5654900cb743a0c6ff2ae,a12dcb1ba4e2a21b6a4474c284e3079c1b8e06dc282072a6d2d3a684bd02794b,1a980269c1778978c64462bf76cf00949cd95e29e33d5066107809299e5dec35,p2_20,celeba-three-workers-v1,
0.8283450704225352,,,369.45799947400155,988babfb79a4be0620cf47d259d4da35f8fc07573e92f83a2e388003c17759ba,0.8274839921526898,caa86f237e43056408787c677572585176b7f771bfcba7cecd40feeb7dc79e4e,2026-09-06T16:43:07.341828+00:00,1,9.86352668499967,False,500.0,0.010205687740745298,8,0.158,NAA-GDP,0.048,3,20,,3,s3_p20_NAA-GDP_l8_r3,fcf8b4f93626e8cf9603afe70c3a614f6523366181d2f4df2620ee6efbb41bdb,3ea87f4a1b7b84a26ee106434a73c8c3b1666cf072e5654900cb743a0c6ff2ae,a12dcb1ba4e2a21b6a4474c284e3079c1b8e06dc282072a6d2d3a684bd02794b,1a980269c1778978c64462bf76cf00949cd95e29e33d5066107809299e5dec35,p2_20,celeba-three-workers-v1,
0.8345070422535211,,,38.258449339002254,988babfb79a4be0620cf47d259d4da35f8fc07573e92f83a2e388003c17759ba,0.8351053259141494,caa86f237e43056408787c677572585176b7f771bfcba7cecd40feeb7dc79e4e,2026-09-06T16:43:47.282303+00:00,1,0.8431605080004374,False,500.0,0.0018561257609146762,9,0.156,NAA-GDP,0.054,3,2,,0,s3_p2_NAA-GDP_l9_r0,fcf8b4f93626e8cf9603afe70c3a614f6523366181d2f4df2620ee6efbb41bdb,3ea87f4a1b7b84a26ee106434a73c8c3b1666cf072e5654900cb743a0c6ff2ae,a12dcb1ba4e2a21b6a4474c284e3079c1b8e06dc282072a6d2d3a684bd02794b,1a980269c1778978c64462bf76cf00949cd95e29e33d5066107809299e5dec35,p2_20,celeba-three-workers-v1,
0.8246478873239437,,,369.90860038199753,988babfb79a4be0620cf47d259d4da35f8fc07573e92f83a2e388003c17759ba,0.8237291217381325,caa86f237e43056408787c677572585176b7f771bfcba7cecd40feeb7dc79e4e,2026-09-06T16:50:05.936325+00:00,1,8.406091747998289,False,500.0,0.02974073160661616,9,0.156,NAA-GDP,0.054,3,20,,0,s3_p20_NAA-GDP_l9_r0,fcf8b4f93626e8cf9603afe70c3a614f6523366181d2f4df2620ee6efbb41bdb,3ea87f4a1b7b84a26ee106434a73c8c3b1666cf072e5654900cb743a0c6ff2ae,a12dcb1ba4e2a21b6a4474c284e3079c1b8e06dc282072a6d2d3a684bd02794b,1a980269c1778978c64462bf76cf00949cd95e29e33d5066107809299e5dec35,p2_20,celeba-three-workers-v1,
0.8028169014084507,,,38.04814771100064,988babfb79a4be0620cf47d259d4da35f8fc07573e92f83a2e388003c17759ba,0.8051470588235294,caa86f237e43056408787c677572585176b7f771bfcba7cecd40feeb7dc79e4e,2026-09-06T16:50:45.482518+00:00,1,0.668659379996825,False,500.0,0.002933632426909281,9,0.137,NAA-GDP,0.054,3,2,,1,s3_p2_NAA-GDP_l9_r1,fcf8b4f93626e8cf9603afe70c3a614f6523366181d2f4df2620ee6efbb41bdb,3ea87f4a1b7b84a26ee106434a73c8c3b1666cf072e5654900cb743a0c6ff2ae,a12dcb1ba4e2a21b6a4474c284e3079c1b8e06dc282072a6d2d3a684bd02794b,1a980269c1778978c64462bf76cf00949cd95e29e33d5066107809299e5dec35,p2_20,celeba-three-workers-v1,
0.8318661971830986,,,370.07678901799954,988babfb79a4be0620cf47d259d4da35f8fc07573e92f83a2e388003c17759ba,0.831743974794813,caa86f237e43056408787c677572585176b7f771bfcba7cecd40feeb7dc79e4e,2026-09-06T16:57:06.753909+00:00,1,10.85167415899923,False,500.0,0.04048122356407954,9,0.137,NAA-GDP,0.054,3,20,,1,s3_p20_NAA-GDP_l9_r1,fcf8b4f93626e8cf9603afe70c3a614f6523366181d2f4df2620ee6efbb41bdb,3ea87f4a1b7b84a26ee106434a73c8c3b1666cf072e5654900cb743a0c6ff2ae,a12dcb1ba4e2a21b6a4474c284e3079c1b8e06dc282072a6d2d3a684bd02794b,1a980269c1778978c64462bf76cf00949cd95e29e33d5066107809299e5dec35,p2_20,celeba-three-workers-v1,
0.8362676056338029,,,38.09868649500277,988babfb79a4be0620cf47d259d4da35f8fc07573e92f83a2e388003c17759ba,0.8338135930047694,caa86f237e43056408787c677572585176b7f771bfcba7cecd40feeb7dc79e4e,2026-09-06T16:57:46.664048+00:00,1,0.986486744001013,False,500.0,0.0007355026345414124,9,0.101,NAA-GDP,0.054,3,2,,2,s3_p2_NAA-GDP_l9_r2,fcf8b4f93626e8cf9603afe70c3a614f6523366181d2f4df2620ee6efbb41bdb,3ea87f4a1b7b84a26ee106434a73c8c3b1666cf072e5654900cb743a0c6ff2ae,a12dcb1ba4e2a21b6a4474c284e3079c1b8e06dc282072a6d2d3a684bd02794b,1a980269c1778978c64462bf76cf00949cd95e29e33d5066107809299e5dec35,p2_20,celeba-three-workers-v1,
0.8165492957746479,,,370.11430384300184,988babfb79a4be0620cf47d259d4da35f8fc07573e92f83a2e388003c17759ba,0.8175070631257393,caa86f237e43056408787c677572585176b7f771bfcba7cecd40feeb7dc79e4e,2026-09-06T17:04:05.244476+00:00,1,8.120749911002349,False,500.0,0.036440087732013585,9,0.101,NAA-GDP,0.054,3,20,,2,s3_p20_NAA-GDP_l9_r2,fcf8b4f93626e8cf9603afe70c3a614f6523366181d2f4df2620ee6efbb41bdb,3ea87f4a1b7b84a26ee106434a73c8c3b1666cf072e5654900cb743a0c6ff2ae,a12dcb1ba4e2a21b6a4474c284e3079c1b8e06dc282072a6d2d3a684bd02794b,1a980269c1778978c64462bf76cf00949cd95e29e33d5066107809299e5dec35,p2_20,celeba-three-workers-v1,
0.823943661971831,,,37.9889469899972,988babfb79a4be0620cf47d259d4da35f8fc07573e92f83a2e388003c17759ba,0.8209459459459459,caa86f237e43056408787c677572585176b7f771bfcba7cecd40feeb7dc79e4e,2026-09-06T17:04:44.986169+00:00,1,0.9234683800023049,False,500.0,0.004162135481176028,9,0.119,NAA-GDP,0.054,3,2,,3,s3_p2_NAA-GDP_l9_r3,fcf8b4f93626e8cf9603afe70c3a614f6523366181d2f4df2620ee6efbb41bdb,3ea87f4a1b7b84a26ee106434a73c8c3b1666cf072e5654900cb743a0c6ff2ae,a12dcb1ba4e2a21b6a4474c284e3079c1b8e06dc282072a6d2d3a684bd02794b,1a980269c1778978c64462bf76cf00949cd95e29e33d5066107809299e5dec35,p2_20,celeba-three-workers-v1,
0.8269366197183099,,,369.8245940000015,988babfb79a4be0620cf47d259d4da35f8fc07573e92f83a2e388003c17759ba,0.8246515383877842,caa86f237e43056408787c677572585176b7f771bfcba7cecd40feeb7dc79e4e,2026-09-06T17:11:03.862172+00:00,1,8.689291711001715,False,500.0,0.03136749964737412,9,0.119,NAA-GDP,0.054,3,20,,3,s3_p20_NAA-GDP_l9_r3,fcf8b4f93626e8cf9603afe70c3a614f6523366181d2f4df2620ee6efbb41bdb,3ea87f4a1b7b84a26ee106434a73c8c3b1666cf072e5654900cb743a0c6ff2ae,a12dcb1ba4e2a21b6a4474c284e3079c1b8e06dc282072a6d2d3a684bd02794b,1a980269c1778978c64462bf76cf00949cd95e29e33d5066107809299e5dec35,p2_20,celeba-three-workers-v1,
0.8221830985915493,,,38.07421361700108,988babfb79a4be0620cf47d259d4da35f8fc07573e92f83a2e388003c17759ba,0.8220886327503975,caa86f237e43056408787c677572585176b7f771bfcba7cecd40feeb7dc79e4e,2026-09-06T17:11:43.730281+00:00,1,0.9739155869974638,False,500.0,0.0009523887490437137,10,0.12,NAA-GDP,0.06,3,2,,0,s3_p2_NAA-GDP_l10_r0,fcf8b4f93626e8cf9603afe70c3a614f6523366181d2f4df2620ee6efbb41bdb,3ea87f4a1b7b84a26ee106434a73c8c3b1666cf072e5654900cb743a0c6ff2ae,a12dcb1ba4e2a21b6a4474c284e3079c1b8e06dc282072a6d2d3a684bd02794b,1a980269c1778978c64462bf76cf00949cd95e29e33d5066107809299e5dec35,p2_20,celeba-three-workers-v1,
0.8202464788732394,,,371.0575768389972,988babfb79a4be0620cf47d259d4da35f8fc07573e92f83a2e388003c17759ba,0.820250715503207,caa86f237e43056408787c677572585176b7f771bfcba7cecd40feeb7dc79e4e,2026-09-06T17:18:06.795549+00:00,1,11.646466784997756,False,500.0,0.03658648689998739,10,0.12,NAA-GDP,0.06,3,20,,0,s3_p20_NAA-GDP_l10_r0,fcf8b4f93626e8cf9603afe70c3a614f6523366181d2f4df2620ee6efbb41bdb,3ea87f4a1b7b84a26ee106434a73c8c3b1666cf072e5654900cb743a0c6ff2ae,a12dcb1ba4e2a21b6a4474c284e3079c1b8e06dc282072a6d2d3a684bd02794b,1a980269c1778978c64462bf76cf00949cd95e29e33d5066107809299e5dec35,p2_20,celeba-three-workers-v1,
0.846830985915493,,,38.1106094780007,988babfb79a4be0620cf47d259d4da35f8fc07573e92f83a2e388003c17759ba,0.84633346581876,caa86f237e43056408787c677572585176b7f771bfcba7cecd40feeb7dc79e4e,2026-09-06T17:18:46.583047+00:00,1,0.8401993719999155,False,500.0,0.0003019045163643861,10,0.159,NAA-GDP,0.06,3,2,,1,s3_p2_NAA-GDP_l10_r1,fcf8b4f93626e8cf9603afe70c3a614f6523366181d2f4df2620ee6efbb41bdb,3ea87f4a1b7b84a26ee106434a73c8c3b1666cf072e5654900cb743a0c6ff2ae,a12dcb1ba4e2a21b6a4474c284e3079c1b8e06dc282072a6d2d3a684bd02794b,1a980269c1778978c64462bf76cf00949cd95e29e33d5066107809299e5dec35,p2_20,celeba-three-workers-v1,
0.8132042253521127,,,370.76658857000075,988babfb79a4be0620cf47d259d4da35f8fc07573e92f83a2e388003c17759ba,0.8130204195995964,caa86f237e43056408787c677572585176b7f771bfcba7cecd40feeb7dc79e4e,2026-09-06T17:25:07.675331+00:00,1,9.967990311000904,False,500.0,0.034208439916360044,10,0.159,NAA-GDP,0.06,3,20,,1,s3_p20_NAA-GDP_l10_r1,fcf8b4f93626e8cf9603afe70c3a614f6523366181d2f4df2620ee6efbb41bdb,3ea87f4a1b7b84a26ee106434a73c8c3b1666cf072e5654900cb743a0c6ff2ae,a12dcb1ba4e2a21b6a4474c284e3079c1b8e06dc282072a6d2d3a684bd02794b,1a980269c1778978c64462bf76cf00949cd95e29e33d5066107809299e5dec35,p2_20,celeba-three-workers-v1,
0.8169014084507042,,,38.182861416997184,988babfb79a4be0620cf47d259d4da35f8fc07573e92f83a2e388003c17759ba,0.8189586645468998,caa86f237e43056408787c677572585176b7f771bfcba7cecd40feeb7dc79e4e,2026-09-06T17:25:47.859454+00:00,1,1.1713398520005285,False,500.0,0.00012332032328546736,10,0.108,NAA-GDP,0.06,3,2,,2,s3_p2_NAA-GDP_l10_r2,fcf8b4f93626e8cf9603afe70c3a614f6523366181d2f4df2620ee6efbb41bdb,3ea87f4a1b7b84a26ee106434a73c8c3b1666cf072e5654900cb743a0c6ff2ae,a12dcb1ba4e2a21b6a4474c284e3079c1b8e06dc282072a6d2d3a684bd02794b,1a980269c1778978c64462bf76cf00949cd95e29e33d5066107809299e5dec35,p2_20,celeba-three-workers-v1,
0.8235915492957746,,,370.44402243199875,988babfb79a4be0620cf47d259d4da35f8fc07573e92f83a2e388003c17759ba,0.8238726943309691,caa86f237e43056408787c677572585176b7f771bfcba7cecd40feeb7dc79e4e,2026-09-06T17:32:10.016704+00:00,1,11.35415764499703,False,500.0,0.05680841556635519,10,0.108,NAA-GDP,0.06,3,20,,2,s3_p20_NAA-GDP_l10_r2,fcf8b4f93626e8cf9603afe70c3a614f6523366181d2f4df2620ee6efbb41bdb,3ea87f4a1b7b84a26ee106434a73c8c3b1666cf072e5654900cb743a0c6ff2ae,a12dcb1ba4e2a21b6a4474c284e3079c1b8e06dc282072a6d2d3a684bd02794b,1a980269c1778978c64462bf76cf00949cd95e29e33d5066107809299e5dec35,p2_20,celeba-three-workers-v1,
0.8362676056338029,,,38.03977857599966,988babfb79a4be0620cf47d259d4da35f8fc07573e92f83a2e388003c17759ba,0.8360492845786964,caa86f237e43056408787c677572585176b7f771bfcba7cecd40feeb7dc79e4e,2026-09-06T17:32:49.723202+00:00,1,0.8499495229989407,False,500.0,0.0002964394815392924,10,0.12,NAA-GDP,0.06,3,2,,3,s3_p2_NAA-GDP_l10_r3,fcf8b4f93626e8cf9603afe70c3a614f6523366181d2f4df2620ee6efbb41bdb,3ea87f4a1b7b84a26ee106434a73c8c3b1666cf072e5654900cb743a0c6ff2ae,a12dcb1ba4e2a21b6a4474c284e3079c1b8e06dc282072a6d2d3a684bd02794b,1a980269c1778978c64462bf76cf00949cd95e29e33d5066107809299e5dec35,p2_20,celeba-three-workers-v1,
0.8160211267605634,,,370.4885540119976,988babfb79a4be0620cf47d259d4da35f8fc07573e92f83a2e388003c17759ba,0.8151387363326592,caa86f237e43056408787c677572585176b7f771bfcba7cecd40feeb7dc79e4e,2026-09-06T17:39:12.175347+00:00,1,11.616828228001395,False,500.0,0.044153095874441786,10,0.12,NAA-GDP,0.06,3,20,,3,s3_p20_NAA-GDP_l10_r3,fcf8b4f93626e8cf9603afe70c3a614f6523366181d2f4df2620ee6efbb41bdb,3ea87f4a1b7b84a26ee106434a73c8c3b1666cf072e5654900cb743a0c6ff2ae,a12dcb1ba4e2a21b6a4474c284e3079c1b8e06dc282072a6d2d3a684bd02794b,1a980269c1778978c64462bf76cf00949cd95e29e33d5066107809299e5dec35,p2_20,celeba-three-workers-v1,
0.8368421052631579,,,0.0,988babfb79a4be0620cf47d259d4da35f8fc07573e92f83a2e388003c17759ba,0.8324074074074074,9e6b34785c76ea03b316f0e97fd7505cbf81a983e7090ec2bd252ce085312a5b,2026-09-06T17:39:37.910510+00:00,1,1.0158225880004466,,,,0,0.736,C-GDP,0.0,4,2,,0,s4_p2_C-GDP_l0_r0,fcf8b4f93626e8cf9603afe70c3a614f6523366181d2f4df2620ee6efbb41bdb,3ea87f4a1b7b84a26ee106434a73c8c3b1666cf072e5654900cb743a0c6ff2ae,a12dcb1ba4e2a21b6a4474c284e3079c1b8e06dc282072a6d2d3a684bd02794b,1a980269c1778978c64462bf76cf00949cd95e29e33d5066107809299e5dec35,p2_20,celeba-three-workers-v1,
0.8350877192982457,,,0.0,988babfb79a4be0620cf47d259d4da35f8fc07573e92f83a2e388003c17759ba,0.8322222222222222,9e6b34785c76ea03b316f0e97fd7505cbf81a983e7090ec2bd252ce085312a5b,2026-09-06T17:39:39.059651+00:00,1,1.1044981439990806,,,,0,,I-GDP,0.0,4,2,,0,s4_p2_I-GDP_l0_r0,fcf8b4f93626e8cf9603afe70c3a614f6523366181d2f4df2620ee6efbb41bdb,3ea87f4a1b7b84a26ee106434a73c8c3b1666cf072e5654900cb743a0c6ff2ae,a12dcb1ba4e2a21b6a4474c284e3079c1b8e06dc282072a6d2d3a684bd02794b,1a980269c1778978c64462bf76cf00949cd95e29e33d5066107809299e5dec35,p2_20,celeba-three-workers-v1,
0.8403508771929824,,,0.0,988babfb79a4be0620cf47d259d4da35f8fc07573e92f83a2e388003c17759ba,0.837037037037037,9e6b34785c76ea03b316f0e97fd7505cbf81a983e7090ec2bd252ce085312a5b,2026-09-06T17:39:40.116642+00:00,1,1.0123134040004516,,,,0,0.736,AA-GDP,0.0,4,2,,0,s4_p2_AA-GDP_l0_r0,fcf8b4f93626e8cf9603afe70c3a614f6523366181d2f4df2620ee6efbb41bdb,3ea87f4a1b7b84a26ee106434a73c8c3b1666cf072e5654900cb743a0c6ff2ae,a12dcb1ba4e2a21b6a4474c284e3079c1b8e06dc282072a6d2d3a684bd02794b,1a980269c1778978c64462bf76cf00949cd95e29e33d5066107809299e5dec35,p2_20,celeba-three-workers-v1,1.935662899768282e-14
0.8863157894736842,,,0.0,988babfb79a4be0620cf47d259d4da35f8fc07573e92f83a2e388003c17759ba,0.8852072215384206,9e6b34785c76ea03b316f0e97fd7505cbf81a983e7090ec2bd252ce085312a5b,2026-09-06T17:39:50.586392+00:00,1,10.403141603001131,,,,0,0.736,C-GDP,0.0,4,20,,0,s4_p20_C-GDP_l0_r0,fcf8b4f93626e8cf9603afe70c3a614f6523366181d2f4df2620ee6efbb41bdb,3ea87f4a1b7b84a26ee106434a73c8c3b1666cf072e5654900cb743a0c6ff2ae,a12dcb1ba4e2a21b6a4474c284e3079c1b8e06dc282072a6d2d3a684bd02794b,1a980269c1778978c64462bf76cf00949cd95e29e33d5066107809299e5dec35,p2_20,celeba-three-workers-v1,
0.8149122807017544,,,0.0,988babfb79a4be0620cf47d259d4da35f8fc07573e92f83a2e388003c17759ba,0.814216385468646,9e6b34785c76ea03b316f0e97fd7505cbf81a983e7090ec2bd252ce085312a5b,2026-09-06T17:39:59.045474+00:00,1,8.390478482000617,,,,0,,I-GDP,0.0,4,20,,0,s4_p20_I-GDP_l0_r0,fcf8b4f93626e8cf9603afe70c3a614f6523366181d2f4df2620ee6efbb41bdb,3ea87f4a1b7b84a26ee106434a73c8c3b1666cf072e5654900cb743a0c6ff2ae,a12dcb1ba4e2a21b6a4474c284e3079c1b8e06dc282072a6d2d3a684bd02794b,1a980269c1778978c64462bf76cf00949cd95e29e33d5066107809299e5dec35,p2_20,celeba-three-workers-v1,
0.8870175438596491,,,0.0,988babfb79a4be0620cf47d259d4da35f8fc07573e92f83a2e388003c17759ba,0.886710597840174,9e6b34785c76ea03b316f0e97fd7505cbf81a983e7090ec2bd252ce085312a5b,2026-09-06T17:40:09.212602+00:00,1,9.94753245999891,,,,0,0.736,AA-GDP,0.0,4,20,,0,s4_p20_AA-GDP_l0_r0,fcf8b4f93626e8cf9603afe70c3a614f6523366181d2f4df2620ee6efbb41bdb,3ea87f4a1b7b84a26ee106434a73c8c3b1666cf072e5654900cb743a0c6ff2ae,a12dcb1ba4e2a21b6a4474c284e3079c1b8e06dc282072a6d2d3a684bd02794b,1a980269c1778978c64462bf76cf00949cd95e29e33d5066107809299e5dec35,p2_20,celeba-three-workers-v1,1.312583791657218e-10
0.8385964912280702,,,0.7991182940022554,988babfb79a4be0620cf47d259d4da35f8fc07573e92f83a2e388003c17759ba,0.8357407407407407,9e6b34785c76ea03b316f0e97fd7505cbf81a983e7090ec2bd252ce085312a5b,2026-09-06T17:40:11.732235+00:00,1,0.8760136210003111,True,6.0,8.107100857365773e-09,1,0.655,NAA-GDP,0.006,4,2,,0,s4_p2_NAA-GDP_l1_r0,fcf8b4f93626e8cf9603afe70c3a614f6523366181d2f4df2620ee6efbb41bdb,3ea87f4a1b7b84a26ee106434a73c8c3b1666cf072e5654900cb743a0c6ff2ae,a12dcb1ba4e2a21b6a4474c284e3079c1b8e06dc282072a6d2d3a684bd02794b,1a980269c1778978c64462bf76cf00949cd95e29e33d5066107809299e5dec35,p2_20,celeba-three-workers-v1,
0.8794736842105263,,,5.964899743998103,988babfb79a4be0620cf47d259d4da35f8fc07573e92f83a2e388003c17759ba,0.8777344045074629,9e6b34785c76ea03b316f0e97fd7505cbf81a983e7090ec2bd252ce085312a5b,2026-09-06T17:40:28.510390+00:00,1,10.461509718003072,True,5.0,2.9286090333385724e-09,1,0.655,NAA-GDP,0.006,4,20,,0,s4_p20_NAA-GDP_l1_r0,fcf8b4f93626e8cf9603afe70c3a614f6523366181d2f4df2620ee6efbb41bdb,3ea87f4a1b7b84a26ee106434a73c8c3b1666cf072e5654900cb743a0c6ff2ae,a12dcb1ba4e2a21b6a4474c284e3079c1b8e06dc282072a6d2d3a684bd02794b,1a980269c1778978c64462bf76cf00949cd95e29e33d5066107809299e5dec35,p2_20,celeba-three-workers-v1,
0.8421052631578947,,,0.7852343530030339,988babfb79a4be0620cf47d259d4da35f8fc07573e92f83a2e388003c17759ba,0.8362962962962963,9e6b34785c76ea03b316f0e97fd7505cbf81a983e7090ec2bd252ce085312a5b,2026-09-06T17:40:30.906920+00:00,1,0.7855441929968947,True,6.0,8.190326697169776e-09,1,0.627,NAA-GDP,0.006,4,2,,1,s4_p2_NAA-GDP_l1_r1,fcf8b4f93626e8cf9603afe70c3a614f6523366181d2f4df2620ee6efbb41bdb,3ea87f4a1b7b84a26ee106434a73c8c3b1666cf072e5654900cb743a0c6ff2ae,a12dcb1ba4e2a21b6a4474c284e3079c1b8e06dc282072a6d2d3a684bd02794b,1a980269c1778978c64462bf76cf00949cd95e29e33d5066107809299e5dec35,p2_20,celeba-three-workers-v1,
0.8766666666666667,,,5.9507473449993995,988babfb79a4be0620cf47d259d4da35f8fc07573e92f83a2e388003c17759ba,0.876253245589479,9e6b34785c76ea03b316f0e97fd7505cbf81a983e7090ec2bd252ce085312a5b,2026-09-06T17:40:47.427141+00:00,1,10.22067177200006,True,5.0,2.9226563999958984e-09,1,0.627,NAA-GDP,0.006,4,20,,1,s4_p20_NAA-GDP_l1_r1,fcf8b4f93626e8cf9603afe70c3a614f6523366181d2f4df2620ee6efbb41bdb,3ea87f4a1b7b84a26ee106434a73c8c3b1666cf072e5654900cb743a0c6ff2ae,a12dcb1ba4e2a21b6a4474c284e3079c1b8e06dc282072a6d2d3a684bd02794b,1a980269c1778978c64462bf76cf00949cd95e29e33d5066107809299e5dec35,p2_20,celeba-three-workers-v1,
0.8385964912280702,,,0.8071290189982392,988babfb79a4be0620cf47d259d4da35f8fc07573e92f83a2e388003c17759ba,0.8351851851851853,9e6b34785c76ea03b316f0e97fd7505cbf81a983e7090ec2bd252ce085312a5b,2026-09-06T17:40:50.137931+00:00,1,1.0664493189979112,True,6.0,8.53626380826047e-09,1,0.658,NAA-GDP,0.006,4,2,,2,s4_p2_NAA-GDP_l1_r2,fcf8b4f93626e8cf9603afe70c3a614f6523366181d2f4df2620ee6efbb41bdb,3ea87f4a1b7b84a26ee106434a73c8c3b1666cf072e5654900cb743a0c6ff2ae,a12dcb1ba4e2a21b6a4474c284e3079c1b8e06dc282072a6d2d3a684bd02794b,1a980269c1778978c64462bf76cf00949cd95e29e33d5066107809299e5dec35,p2_20,celeba-three-workers-v1,
0.8752631578947369,,,5.968781185001717,988babfb79a4be0620cf47d259d4da35f8fc07573e92f83a2e388003c17759ba,0.872784371403561,9e6b34785c76ea03b316f0e97fd7505cbf81a983e7090ec2bd252ce085312a5b,2026-09-06T17:41:09.657050+00:00,1,13.202140166999015,True,5.0,2.9178512450618866e-09,1,0.658,NAA-GDP,0.006,4,20,,2,s4_p20_NAA-GDP_l1_r2,fcf8b4f93626e8cf9603afe70c3a614f6523366181d2f4df2620ee6efbb41bdb,3ea87f4a1b7b84a26ee106434a73c8c3b1666cf072e5654900cb743a0c6ff2ae,a12dcb1ba4e2a21b6a4474c284e3079c1b8e06dc282072a6d2d3a684bd02794b,1a980269c1778978c64462bf76cf00949cd95e29e33d5066107809299e5dec35,p2_20,celeba-three-workers-v1,
0.8491228070175438,,,0.7978521080003702,988babfb79a4be0620cf47d259d4da35f8fc07573e92f83a2e388003c17759ba,0.8433333333333333,9e6b34785c76ea03b316f0e97fd7505cbf81a983e7090ec2bd252ce085312a5b,2026-09-06T17:41:12.156505+00:00,1,0.8700524580017373,True,6.0,8.198699353994785e-09,1,0.636,NAA-GDP,0.006,4,2,,3,s4_p2_NAA-GDP_l1_r3,fcf8b4f93626e8cf9603afe70c3a614f6523366181d2f4df2620ee6efbb41bdb,3ea87f4a1b7b84a26ee106434a73c8c3b1666cf072e5654900cb743a0c6ff2ae,a12dcb1ba4e2a21b6a4474c284e3079c1b8e06dc282072a6d2d3a684bd02794b,1a980269c1778978c64462bf76cf00949cd95e29e33d5066107809299e5dec35,p2_20,celeba-three-workers-v1,
0.8766666666666667,,,5.96217945600074,988babfb79a4be0620cf47d259d4da35f8fc07573e92f83a2e388003c17759ba,0.8763598890315738,9e6b34785c76ea03b316f0e97fd7505cbf81a983e7090ec2bd252ce085312a5b,2026-09-06T17:41:27.868374+00:00,1,9.405690875999426,True,5.0,2.8970927461497555e-09,1,0.636,NAA-GDP,0.006,4,20,,3,s4_p20_NAA-GDP_l1_r3,fcf8b4f93626e8cf9603afe70c3a614f6523366181d2f4df2620ee6efbb41bdb,3ea87f4a1b7b84a26ee106434a73c8c3b1666cf072e5654900cb743a0c6ff2ae,a12dcb1ba4e2a21b6a4474c284e3079c1b8e06dc282072a6d2d3a684bd02794b,1a980269c1778978c64462bf76cf00949cd95e29e33d5066107809299e5dec35,p2_20,celeba-three-workers-v1,
0.8385964912280702,,,1.0819014970002172,988babfb79a4be0620cf47d259d4da35f8fc07573e92f83a2e388003c17759ba,0.8338888888888889,9e6b34785c76ea03b316f0e97fd7505cbf81a983e7090ec2bd252ce085312a5b,2026-09-06T17:41:30.563448+00:00,1,0.7739135730007547,True,10.0,3.45547323974446e-08,2,0.491,NAA-GDP,0.012,4,2,,0,s4_p2_NAA-GDP_l2_r0,fcf8b4f93626e8cf9603afe70c3a614f6523366181d2f4df2620ee6efbb41bdb,3ea87f4a1b7b84a26ee106434a73c8c3b1666cf072e5654900cb743a0c6ff2ae,a12dcb1ba4e2a21b6a4474c284e3079c1b8e06dc282072a6d2d3a684bd02794b,1a980269c1778978c64462bf76cf00949cd95e29e33d5066107809299e5dec35,p2_20,celeba-three-workers-v1,
0.8747368421052631,,,7.2800665170034335,988babfb79a4be0620cf47d259d4da35f8fc07573e92f83a2e388003c17759ba,0.8740963079151651,9e6b34785c76ea03b316f0e97fd7505cbf81a983e7090ec2bd252ce085312a5b,2026-09-06T17:41:44.073504+00:00,1,5.885318722001102,True,7.0,1.118650638860204e-08,2,0.491,NAA-GDP,0.012,4,20,,0,s4_p20_NAA-GDP_l2_r0,fcf8b4f93626e8cf9603afe70c3a614f6523366181d2f4df2620ee6efbb41bdb,3ea87f4a1b7b84a26ee106434a73c8c3b1666cf072e5654900cb743a0c6ff2ae,a12dcb1ba4e2a21b6a4474c284e3079c1b8e06dc282072a6d2d3a684bd02794b,1a980269c1778978c64462bf76cf00949cd95e29e33d5066107809299e5dec35,p2_20,celeba-three-workers-v1,
0.8421052631578947,,,1.067177820001234,988babfb79a4be0620cf47d259d4da35f8fc07573e92f83a2e388003c17759ba,0.8387037037037037,9e6b34785c76ea03b316f0e97fd7505cbf81a983e7090ec2bd252ce085312a5b,2026-09-06T17:41:46.666842+00:00,1,0.7047423020012502,True,10.0,3.2455861139642376e-08,2,0.551,NAA-GDP,0.012,4,2,,1,s4_p2_NAA-GDP_l2_r1,fcf8b4f93626e8cf9603afe70c3a614f6523366181d2f4df2620ee6efbb41bdb,3ea87f4a1b7b84a26ee106434a73c8c3b1666cf072e5654900cb743a0c6ff2ae,a12dcb1ba4e2a21b6a4474c284e3079c1b8e06dc282072a6d2d3a684bd02794b,1a980269c1778978c64462bf76cf00949cd95e29e33d5066107809299e5dec35,p2_20,celeba-three-workers-v1,
0.8763157894736842,,,7.257073062999552,988babfb79a4be0620cf47d259d4da35f8fc07573e92f83a2e388003c17759ba,0.8746395229483357,9e6b34785c76ea03b316f0e97fd7505cbf81a983e7090ec2bd252ce085312a5b,2026-09-06T17:42:03.684138+00:00,1,9.397794839998824,True,7.0,1.1308755498414171e-08,2,0.551,NAA-GDP,0.012,4,20,,1,s4_p20_NAA-GDP_l2_r1,fcf8b4f93626e8cf9603afe70c3a614f6523366181d2f4df2620ee6efbb41bdb,3ea87f4a1b7b84a26ee106434a73c8c3b1666cf072e5654900cb743a0c6ff2ae,a12dcb1ba4e2a21b6a4474c284e3079c1b8e06dc282072a6d2d3a684bd02794b,1a980269c1778978c64462bf76cf00949cd95e29e33d5066107809299e5dec35,p2_20,celeba-three-workers-v1,
0.8315789473684211,,,1.0805318530001387,988babfb79a4be0620cf47d259d4da35f8fc07573e92f83a2e388003c17759ba,0.8287037037037037,9e6b34785c76ea03b316f0e97fd7505cbf81a983e7090ec2bd252ce085312a5b,2026-09-06T17:42:06.856268+00:00,1,1.2650488830004178,True,10.0,3.4137816724996535e-08,2,0.44,NAA-GDP,0.012,4,2,,2,s4_p2_NAA-GDP_l2_r2,fcf8b4f93626e8cf9603afe70c3a614f6523366181d2f4df2620ee6efbb41bdb,3ea87f4a1b7b84a26ee106434a73c8c3b1666cf072e5654900cb743a0c6ff2ae,a12dcb1ba4e2a21b6a4474c284e3079c1b8e06dc282072a6d2d3a684bd02794b,1a980269c1778978c64462bf76cf00949cd95e29e33d5066107809299e5dec35,p2_20,celeba-three-workers-v1,
0.88,,,7.264160094000545,988babfb79a4be0620cf47d259d4da35f8fc07573e92f83a2e388003c17759ba,0.8793551626534666,9e6b34785c76ea03b316f0e97fd7505cbf81a983e7090ec2bd252ce085312a5b,2026-09-06T17:42:21.745550+00:00,1,7.264571808002074,True,7.0,1.1159661957966308e-08,2,0.44,NAA-GDP,0.012,4,20,,2,s4_p20_NAA-GDP_l2_r2,fcf8b4f93626e8cf9603afe70c3a614f6523366181d2f4df2620ee6efbb41bdb,3ea87f4a1b7b84a26ee106434a73c8c3b1666cf072e5654900cb743a0c6ff2ae,a12dcb1ba4e2a21b6a4474c284e3079c1b8e06dc282072a6d2d3a684bd02794b,1a980269c1778978c64462bf76cf00949cd95e29e33d5066107809299e5dec35,p2_20,celeba-three-workers-v1,
0.8385964912280702,,,1.0892316799981927,988babfb79a4be0620cf47d259d4da35f8fc07573e92f83a2e388003c17759ba,0.837037037037037,9e6b34785c76ea03b316f0e97fd7505cbf81a983e7090ec2bd252ce085312a5b,2026-09-06T17:42:24.934028+00:00,1,1.2798832099979336,True,10.0,3.182188629189288e-08,2,0.388,NAA-GDP,0.012,4,2,,3,s4_p2_NAA-GDP_l2_r3,fcf8b4f93626e8cf9603afe70c3a614f6523366181d2f4df2620ee6efbb41bdb,3ea87f4a1b7b84a26ee106434a73c8c3b1666cf072e5654900cb743a0c6ff2ae,a12dcb1ba4e2a21b6a4474c284e3079c1b8e06dc282072a6d2d3a684bd02794b,1a980269c1778978c64462bf76cf00949cd95e29e33d5066107809299e5dec35,p2_20,celeba-three-workers-v1,
0.874561403508772,,,7.275698187997477,988babfb79a4be0620cf47d259d4da35f8fc07573e92f83a2e388003c17759ba,0.8726318120350087,9e6b34785c76ea03b316f0e97fd7505cbf81a983e7090ec2bd252ce085312a5b,2026-09-06T17:42:41.520575+00:00,1,8.9678885430003,True,7.0,1.119165322233515e-08,2,0.388,NAA-GDP,0.012,4,20,,3,s4_p20_NAA-GDP_l2_r3,fcf8b4f93626e8cf9603afe70c3a614f6523366181d2f4df2620ee6efbb41bdb,3ea87f4a1b7b84a26ee106434a73c8c3b1666cf072e5654900cb743a0c6ff2ae,a12dcb1ba4e2a21b6a4474c284e3079c1b8e06dc282072a6d2d3a684bd02794b,1a980269c1778978c64462bf76cf00949cd95e29e33d5066107809299e5dec35,p2_20,celeba-three-workers-v1,
0.8368421052631579,,,1.7357546109997202,988babfb79a4be0620cf47d259d4da35f8fc07573e92f83a2e388003c17759ba,0.8337037037037036,9e6b34785c76ea03b316f0e97fd7505cbf81a983e7090ec2bd252ce085312a5b,2026-09-06T17:42:44.870071+00:00,1,0.7633036059996812,True,19.0,4.5628000729864286e-08,3,0.32,NAA-GDP,0.018,4,2,,0,s4_p2_NAA-GDP_l3_r0,fcf8b4f93626e8cf9603afe70c3a614f6523366181d2f4df2620ee6efbb41bdb,3ea87f4a1b7b84a26ee106434a73c8c3b1666cf072e5654900cb743a0c6ff2ae,a12dcb1ba4e2a21b6a4474c284e3079c1b8e06dc282072a6d2d3a684bd02794b,1a980269c1778978c64462bf76cf00949cd95e29e33d5066107809299e5dec35,p2_20,celeba-three-workers-v1,
0.8687719298245614,,,8.630429454999103,988babfb79a4be0620cf47d259d4da35f8fc07573e92f83a2e388003c17759ba,0.8671741117119679,9e6b34785c76ea03b316f0e97fd7505cbf81a983e7090ec2bd252ce085312a5b,2026-09-06T17:42:59.822489+00:00,1,5.978298186997563,True,9.0,6.800730260990888e-08,3,0.32,NAA-GDP,0.018,4,20,,0,s4_p20_NAA-GDP_l3_r0,fcf8b4f93626e8cf9603afe70c3a614f6523366181d2f4df2620ee6efbb41bdb,3ea87f4a1b7b84a26ee106434a73c8c3b1666cf072e5654900cb743a0c6ff2ae,a12dcb1ba4e2a21b6a4474c284e3079c1b8e06dc282072a6d2d3a684bd02794b,1a980269c1778978c64462bf76cf00949cd95e29e33d5066107809299e5dec35,p2_20,celeba-three-workers-v1,
0.8385964912280702,,,1.7465949569996155,988babfb79a4be0620cf47d259d4da35f8fc07573e92f83a2e388003c17759ba,0.835,9e6b34785c76ea03b316f0e97fd7505cbf81a983e7090ec2bd252ce085312a5b,2026-09-06T17:43:03.384580+00:00,1,0.9978880580019904,True,19.0,5.080802893009679e-08,3,0.369,NAA-GDP,0.018,4,2,,1,s4_p2_NAA-GDP_l3_r1,fcf8b4f93626e8cf9603afe70c3a614f6523366181d2f4df2620ee6efbb41bdb,3ea87f4a1b7b84a26ee106434a73c8c3b1666cf072e5654900cb743a0c6ff2ae,a12dcb1ba4e2a21b6a4474c284e3079c1b8e06dc282072a6d2d3a684bd02794b,1a980269c1778978c64462bf76cf00949cd95e29e33d5066107809299e5dec35,p2_20,celeba-three-workers-v1,
0.8631578947368421,,,8.628329293998831,988babfb79a4be0620cf47d259d4da35f8fc07573e92f83a2e388003c17759ba,0.8626654639656253,9e6b34785c76ea03b316f0e97fd7505cbf81a983e7090ec2bd252ce085312a5b,2026-09-06T17:43:21.615173+00:00,1,9.256701923000946,True,9.0,6.902629197282849e-08,3,0.369,NAA-GDP,0.018,4,20,,1,s4_p20_NAA-GDP_l3_r1,fcf8b4f93626e8cf9603afe70c3a614f6523366181d2f4df2620ee6efbb41bdb,3ea87f4a1b7b84a26ee106434a73c8c3b1666cf072e5654900cb743a0c6ff2ae,a12dcb1ba4e2a21b6a4474c284e3079c1b8e06dc282072a6d2d3a684bd02794b,1a980269c1778978c64462bf76cf00949cd95e29e33d5066107809299e5dec35,p2_20,celeba-three-workers-v1,
0.8473684210526315,,,1.6819176499993773,988babfb79a4be0620cf47d259d4da35f8fc07573e92f83a2e388003c17759ba,0.8435185185185186,9e6b34785c76ea03b316f0e97fd7505cbf81a983e7090ec2bd252ce085312a5b,2026-09-06T17:43:24.996118+00:00,1,0.8547376839997014,True,18.0,9.973829477942037e-08,3,0.341,NAA-GDP,0.018,4,2,,2,s4_p2_NAA-GDP_l3_r2,fcf8b4f93626e8cf9603afe70c3a614f6523366181d2f4df2620ee6efbb41bdb,3ea87f4a1b7b84a26ee106434a73c8c3b1666cf072e5654900cb743a0c6ff2ae,a12dcb1ba4e2a21b6a4474c284e3079c1b8e06dc282072a6d2d3a684bd02794b,1a980269c1778978c64462bf76cf00949cd95e29e33d5066107809299e5dec35,p2_20,celeba-three-workers-v1,
0.8650877192982456,,,8.623686615999759,988babfb79a4be0620cf47d259d4da35f8fc07573e92f83a2e388003c17759ba,0.8641647670803544,9e6b34785c76ea03b316f0e97fd7505cbf81a983e7090ec2bd252ce085312a5b,2026-09-06T17:43:47.150502+00:00,1,13.182377695000469,True,9.0,6.973419468820782e-08,3,0.341,NAA-GDP,0.018,4,20,,2,s4_p20_NAA-GDP_l3_r2,fcf8b4f93626e8cf9603afe70c3a614f6523366181d2f4df2620ee6efbb41bdb,3ea87f4a1b7b84a26ee106434a73c8c3b1666cf072e5654900cb743a0c6ff2ae,a12dcb1ba4e2a21b6a4474c284e3079c1b8e06dc282072a6d2d3a684bd02794b,1a980269c1778978c64462bf76cf00949cd95e29e33d5066107809299e5dec35,p2_20,celeba-three-workers-v1,
0.8403508771929824,,,1.7524958829999377,988babfb79a4be0620cf47d259d4da35f8fc07573e92f83a2e388003c17759ba,0.8368518518518518,9e6b34785c76ea03b316f0e97fd7505cbf81a983e7090ec2bd252ce085312a5b,2026-09-06T17:43:50.499122+00:00,1,0.7737614350007789,True,19.0,5.378980688764553e-08,3,0.275,NAA-GDP,0.018,4,2,,3,s4_p2_NAA-GDP_l3_r3,fcf8b4f93626e8cf9603afe70c3a614f6523366181d2f4df2620ee6efbb41bdb,3ea87f4a1b7b84a26ee106434a73c8c3b1666cf072e5654900cb743a0c6ff2ae,a12dcb1ba4e2a21b6a4474c284e3079c1b8e06dc282072a6d2d3a684bd02794b,1a980269c1778978c64462bf76cf00949cd95e29e33d5066107809299e5dec35,p2_20,celeba-three-workers-v1,
0.8673684210526316,,,8.63011204400027,988babfb79a4be0620cf47d259d4da35f8fc07573e92f83a2e388003c17759ba,0.8663357757643891,9e6b34785c76ea03b316f0e97fd7505cbf81a983e7090ec2bd252ce085312a5b,2026-09-06T17:44:09.020132+00:00,1,9.534076690997608,True,9.0,6.792835347531456e-08,3,0.275,NAA-GDP,0.018,4,20,,3,s4_p20_NAA-GDP_l3_r3,fcf8b4f93626e8cf9603afe70c3a614f6523366181d2f4df2620ee6efbb41bdb,3ea87f4a1b7b84a26ee106434a73c8c3b1666cf072e5654900cb743a0c6ff2ae,a12dcb1ba4e2a21b6a4474c284e3079c1b8e06dc282072a6d2d3a684bd02794b,1a980269c1778978c64462bf76cf00949cd95e29e33d5066107809299e5dec35,p2_20,celeba-three-workers-v1,
0.8456140350877193,,,3.742952010001318,988babfb79a4be0620cf47d259d4da35f8fc07573e92f83a2e388003c17759ba,0.8418518518518519,9e6b34785c76ea03b316f0e97fd7505cbf81a983e7090ec2bd252ce085312a5b,2026-09-06T17:44:14.260258+00:00,1,0.6610946849978063,True,45.0,9.089276346311168e-08,4,0.244,NAA-GDP,0.024,4,2,,0,s4_p2_NAA-GDP_l4_r0,fcf8b4f93626e8cf9603afe70c3a614f6523366181d2f4df2620ee6efbb41bdb,3ea87f4a1b7b84a26ee106434a73c8c3b1666cf072e5654900cb743a0c6ff2ae,a12dcb1ba4e2a21b6a4474c284e3079c1b8e06dc282072a6d2d3a684bd02794b,1a980269c1778978c64462bf76cf00949cd95e29e33d5066107809299e5dec35,p2_20,celeba-three-workers-v1,
0.8617543859649123,,,11.517607383000723,988babfb79a4be0620cf47d259d4da35f8fc07573e92f83a2e388003c17759ba,0.8621826061583625,9e6b34785c76ea03b316f0e97fd7505cbf81a983e7090ec2bd252ce085312a5b,2026-09-06T17:44:35.413550+00:00,1,9.279443818002619,True,13.0,5.3937142023432585e-08,4,0.244,NAA-GDP,0.024,4,20,,0,s4_p20_NAA-GDP_l4_r0,fcf8b4f93626e8cf9603afe70c3a614f6523366181d2f4df2620ee6efbb41bdb,3ea87f4a1b7b84a26ee106434a73c8c3b1666cf072e5654900cb743a0c6ff2ae,a12dcb1ba4e2a21b6a4474c284e3079c1b8e06dc282072a6d2d3a684bd02794b,1a980269c1778978c64462bf76cf00949cd95e29e33d5066107809299e5dec35,p2_20,celeba-three-workers-v1,
0.843859649122807,,,3.86109877600029,988babfb79a4be0620cf47d259d4da35f8fc07573e92f83a2e388003c17759ba,0.8396296296296297,9e6b34785c76ea03b316f0e97fd7505cbf81a983e7090ec2bd252ce085312a5b,2026-09-06T17:44:41.235724+00:00,1,1.1346642729986343,True,47.0,9.674108607638051e-08,4,0.248,NAA-GDP,0.024,4,2,,1,s4_p2_NAA-GDP_l4_r1,fcf8b4f93626e8cf9603afe70c3a614f6523366181d2f4df2620ee6efbb41bdb,3ea87f4a1b7b84a26ee106434a73c8c3b1666cf072e5654900cb743a0c6ff2ae,a12dcb1ba4e2a21b6a4474c284e3079c1b8e06dc282072a6d2d3a684bd02794b,1a980269c1778978c64462bf76cf00949cd95e29e33d5066107809299e5dec35,p2_20,celeba-three-workers-v1,
0.8694736842105263,,,11.525133104998531,988babfb79a4be0620cf47d259d4da35f8fc07573e92f83a2e388003c17759ba,0.8685530706646108,9e6b34785c76ea03b316f0e97fd7505cbf81a983e7090ec2bd252ce085312a5b,2026-09-06T17:45:03.721700+00:00,1,10.613877723000769,True,13.0,5.4079578800954166e-08,4,0.248,NAA-GDP,0.024,4,20,,1,s4_p20_NAA-GDP_l4_r1,fcf8b4f93626e8cf9603afe70c3a614f6523366181d2f4df2620ee6efbb41bdb,3ea87f4a1b7b84a26ee106434a73c8c3b1666cf072e5654900cb743a0c6ff2ae,a12dcb1ba4e2a21b6a4474c284e3079c1b8e06dc282072a6d2d3a684bd02794b,1a980269c1778978c64462bf76cf00949cd95e29e33d5066107809299e5dec35,p2_20,celeba-three-workers-v1,
0.8350877192982457,,,4.123431255997275,988babfb79a4be0620cf47d259d4da35f8fc07573e92f83a2e388003c17759ba,0.832037037037037,9e6b34785c76ea03b316f0e97fd7505cbf81a983e7090ec2bd252ce085312a5b,2026-09-06T17:45:09.602966+00:00,1,0.8994132830011949,True,50.0,7.684775375200824e-08,4,0.274,NAA-GDP,0.024,4,2,,2,s4_p2_NAA-GDP_l4_r2,fcf8b4f93626e8cf9603afe70c3a614f6523366181d2f4df2620ee6efbb41bdb,3ea87f4a1b7b84a26ee106434a73c8c3b1666cf072e5654900cb743a0c6ff2ae,a12dcb1ba4e2a21b6a4474c284e3079c1b8e06dc282072a6d2d3a684bd02794b,1a980269c1778978c64462bf76cf00949cd95e29e33d5066107809299e5dec35,p2_20,celeba-three-workers-v1,
0.8594736842105263,,,11.512856149001891,988babfb79a4be0620cf47d259d4da35f8fc07573e92f83a2e388003c17759ba,0.858251980679763,9e6b34785c76ea03b316f0e97fd7505cbf81a983e7090ec2bd252ce085312a5b,2026-09-06T17:45:27.546314+00:00,1,6.072345040000073,True,13.0,5.5080654182143256e-08,4,0.274,NAA-GDP,0.024,4,20,,2,s4_p20_NAA-GDP_l4_r2,fcf8b4f93626e8cf9603afe70c3a614f6523366181d2f4df2620ee6efbb41bdb,3ea87f4a1b7b84a26ee106434a73c8c3b1666cf072e5654900cb743a0c6ff2ae,a12dcb1ba4e2a21b6a4474c284e3079c1b8e06dc282072a6d2d3a684bd02794b,1a980269c1778978c64462bf76cf00949cd95e29e33d5066107809299e5dec35,p2_20,celeba-three-workers-v1,
0.8192982456140351,,,4.177075997999054,988babfb79a4be0620cf47d259d4da35f8fc07573e92f83a2e388003c17759ba,0.8140740740740741,9e6b34785c76ea03b316f0e97fd7505cbf81a983e7090ec2bd252ce085312a5b,2026-09-06T17:45:33.334256+00:00,1,0.7760605980001856,True,51.0,8.55091173899484e-08,4,0.278,NAA-GDP,0.024,4,2,,3,s4_p2_NAA-GDP_l4_r3,fcf8b4f93626e8cf9603afe70c3a614f6523366181d2f4df2620ee6efbb41bdb,3ea87f4a1b7b84a26ee106434a73c8c3b1666cf072e5654900cb743a0c6ff2ae,a12dcb1ba4e2a21b6a4474c284e3079c1b8e06dc282072a6d2d3a684bd02794b,1a980269c1778978c64462bf76cf00949cd95e29e33d5066107809299e5dec35,p2_20,celeba-three-workers-v1,
0.8589473684210527,,,11.516335939999408,988babfb79a4be0620cf47d259d4da35f8fc07573e92f83a2e388003c17759ba,0.8589240565387982,9e6b34785c76ea03b316f0e97fd7505cbf81a983e7090ec2bd252ce085312a5b,2026-09-06T17:45:54.288362+00:00,1,9.084352158999536,True,13.0,5.606521387121439e-08,4,0.278,NAA-GDP,0.024,4,20,,3,s4_p20_NAA-GDP_l4_r3,fcf8b4f93626e8cf9603afe70c3a614f6523366181d2f4df2620ee6efbb41bdb,3ea87f4a1b7b84a26ee106434a73c8c3b1666cf072e5654900cb743a0c6ff2ae,a12dcb1ba4e2a21b6a4474c284e3079c1b8e06dc282072a6d2d3a684bd02794b,1a980269c1778978c64462bf76cf00949cd95e29e33d5066107809299e5dec35,p2_20,celeba-three-workers-v1,
0.8456140350877193,,,36.27666912700079,988babfb79a4be0620cf47d259d4da35f8fc07573e92f83a2e388003c17759ba,0.8422222222222222,9e6b34785c76ea03b316f0e97fd7505cbf81a983e7090ec2bd252ce085312a5b,2026-09-06T17:46:32.422723+00:00,1,1.0166003449994605,True,474.0,9.933934945624634e-08,5,0.26,NAA-GDP,0.03,4,2,,0,s4_p2_NAA-GDP_l5_r0,fcf8b4f93626e8cf9603afe70c3a614f6523366181d2f4df2620ee6efbb41bdb,3ea87f4a1b7b84a26ee106434a73c8c3b1666cf072e5654900cb743a0c6ff2ae,a12dcb1ba4e2a21b6a4474c284e3079c1b8e06dc282072a6d2d3a684bd02794b,1a980269c1778978c64462bf76cf00949cd95e29e33d5066107809299e5dec35,p2_20,celeba-three-workers-v1,
0.8485964912280701,,,15.866537505000451,988babfb79a4be0620cf47d259d4da35f8fc07573e92f83a2e388003c17759ba,0.8499952602914624,9e6b34785c76ea03b316f0e97fd7505cbf81a983e7090ec2bd252ce085312a5b,2026-09-06T17:46:55.186185+00:00,1,6.549709377999534,True,19.0,7.929206902460454e-08,5,0.26,NAA-GDP,0.03,4,20,,0,s4_p20_NAA-GDP_l5_r0,fcf8b4f93626e8cf9603afe70c3a614f6523366181d2f4df2620ee6efbb41bdb,3ea87f4a1b7b84a26ee106434a73c8c3b1666cf072e5654900cb743a0c6ff2ae,a12dcb1ba4e2a21b6a4474c284e3079c1b8e06dc282072a6d2d3a684bd02794b,1a980269c1778978c64462bf76cf00949cd95e29e33d5066107809299e5dec35,p2_20,celeba-three-workers-v1,
0.8192982456140351,,,38.28778427300131,988babfb79a4be0620cf47d259d4da35f8fc07573e92f83a2e388003c17759ba,0.815,9e6b34785c76ea03b316f0e97fd7505cbf81a983e7090ec2bd252ce085312a5b,2026-09-06T17:47:34.983833+00:00,1,0.6846060649986612,False,500.0,0.0012057623030520177,5,0.171,NAA-GDP,0.03,4,2,,1,s4_p2_NAA-GDP_l5_r1,fcf8b4f93626e8cf9603afe70c3a614f6523366181d2f4df2620ee6efbb41bdb,3ea87f4a1b7b84a26ee106434a73c8c3b1666cf072e5654900cb743a0c6ff2ae,a12dcb1ba4e2a21b6a4474c284e3079c1b8e06dc282072a6d2d3a684bd02794b,1a980269c1778978c64462bf76cf00949cd95e29e33d5066107809299e5dec35,p2_20,celeba-three-workers-v1,
0.853859649122807,,,15.84400723699946,988babfb79a4be0620cf47d259d4da35f8fc07573e92f83a2e388003c17759ba,0.8530856983738356,9e6b34785c76ea03b316f0e97fd7505cbf81a983e7090ec2bd252ce085312a5b,2026-09-06T17:48:00.371163+00:00,1,9.18847298000037,True,19.0,8.390213292561135e-08,5,0.171,NAA-GDP,0.03,4,20,,1,s4_p20_NAA-GDP_l5_r1,fcf8b4f93626e8cf9603afe70c3a614f6523366181d2f4df2620ee6efbb41bdb,3ea87f4a1b7b84a26ee106434a73c8c3b1666cf072e5654900cb743a0c6ff2ae,a12dcb1ba4e2a21b6a4474c284e3079c1b8e06dc282072a6d2d3a684bd02794b,1a980269c1778978c64462bf76cf00949cd95e29e33d5066107809299e5dec35,p2_20,celeba-three-workers-v1,
0.8298245614035088,,,38.227960449999955,988babfb79a4be0620cf47d259d4da35f8fc07573e92f83a2e388003c17759ba,0.8274074074074074,9e6b34785c76ea03b316f0e97fd7505cbf81a983e7090ec2bd252ce085312a5b,2026-09-06T17:48:40.847534+00:00,1,1.4064466729978449,False,500.0,2.37788961872653e-06,5,0.185,NAA-GDP,0.03,4,2,,2,s4_p2_NAA-GDP_l5_r2,fcf8b4f93626e8cf9603afe70c3a614f6523366181d2f4df2620ee6efbb41bdb,3ea87f4a1b7b84a26ee106434a73c8c3b1666cf072e5654900cb743a0c6ff2ae,a12dcb1ba4e2a21b6a4474c284e3079c1b8e06dc282072a6d2d3a684bd02794b,1a980269c1778978c64462bf76cf00949cd95e29e33d5066107809299e5dec35,p2_20,celeba-three-workers-v1,
0.853859649122807,,,15.804119521999382,988babfb79a4be0620cf47d259d4da35f8fc07573e92f83a2e388003c17759ba,0.8534234026071359,9e6b34785c76ea03b316f0e97fd7505cbf81a983e7090ec2bd252ce085312a5b,2026-09-06T17:49:04.794864+00:00,1,7.782780151999759,True,19.0,8.234538579414557e-08,5,0.185,NAA-GDP,0.03,4,20,,2,s4_p20_NAA-GDP_l5_r2,fcf8b4f93626e8cf9603afe70c3a614f6523366181d2f4df2620ee6efbb41bdb,3ea87f4a1b7b84a26ee106434a73c8c3b1666cf072e5654900cb743a0c6ff2ae,a12dcb1ba4e2a21b6a4474c284e3079c1b8e06dc282072a6d2d3a684bd02794b,1a980269c1778978c64462bf76cf00949cd95e29e33d5066107809299e5dec35,p2_20,celeba-three-workers-v1,
0.8210526315789474,,,38.33670106499994,988babfb79a4be0620cf47d259d4da35f8fc07573e92f83a2e388003c17759ba,0.8164814814814815,9e6b34785c76ea03b316f0e97fd7505cbf81a983e7090ec2bd252ce085312a5b,2026-09-06T17:49:45.216849+00:00,1,1.254085311000381,False,500.0,8.471073515967323e-05,5,0.232,NAA-GDP,0.03,4,2,,3,s4_p2_NAA-GDP_l5_r3,fcf8b4f93626e8cf9603afe70c3a614f6523366181d2f4df2620ee6efbb41bdb,3ea87f4a1b7b84a26ee106434a73c8c3b1666cf072e5654900cb743a0c6ff2ae,a12dcb1ba4e2a21b6a4474c284e3079c1b8e06dc282072a6d2d3a684bd02794b,1a980269c1778978c64462bf76cf00949cd95e29e33d5066107809299e5dec35,p2_20,celeba-three-workers-v1,
0.8505263157894737,,,15.830951818999893,988babfb79a4be0620cf47d259d4da35f8fc07573e92f83a2e388003c17759ba,0.8497882683326743,9e6b34785c76ea03b316f0e97fd7505cbf81a983e7090ec2bd252ce085312a5b,2026-09-06T17:50:08.886975+00:00,1,7.481473591000395,True,19.0,8.376059752374722e-08,5,0.232,NAA-GDP,0.03,4,20,,3,s4_p20_NAA-GDP_l5_r3,fcf8b4f93626e8cf9603afe70c3a614f6523366181d2f4df2620ee6efbb41bdb,3ea87f4a1b7b84a26ee106434a73c8c3b1666cf072e5654900cb743a0c6ff2ae,a12dcb1ba4e2a21b6a4474c284e3079c1b8e06dc282072a6d2d3a684bd02794b,1a980269c1778978c64462bf76cf00949cd95e29e33d5066107809299e5dec35,p2_20,celeba-three-workers-v1,
0.8385964912280702,,,38.227987612001016,988babfb79a4be0620cf47d259d4da35f8fc07573e92f83a2e388003c17759ba,0.8390740740740741,9e6b34785c76ea03b316f0e97fd7505cbf81a983e7090ec2bd252ce085312a5b,2026-09-06T17:50:49.158206+00:00,1,1.2090109450000455,False,500.0,0.0011581775329531185,6,0.17,NAA-GDP,0.036,4,2,,0,s4_p2_NAA-GDP_l6_r0,fcf8b4f93626e8cf9603afe70c3a614f6523366181d2f4df2620ee6efbb41bdb,3ea87f4a1b7b84a26ee106434a73c8c3b1666cf072e5654900cb743a0c6ff2ae,a12dcb1ba4e2a21b6a4474c284e3079c1b8e06dc282072a6d2d3a684bd02794b,1a980269c1778978c64462bf76cf00949cd95e29e33d5066107809299e5dec35,p2_20,celeba-three-workers-v1,
0.8475438596491228,,,26.053576094000164,988babfb79a4be0620cf47d259d4da35f8fc07573e92f83a2e388003c17759ba,0.8475357959081504,9e6b34785c76ea03b316f0e97fd7505cbf81a983e7090ec2bd252ce085312a5b,2026-09-06T17:51:23.927730+00:00,1,8.361250252997706,True,33.0,8.21752388248982e-08,6,0.17,NAA-GDP,0.036,4,20,,0,s4_p20_NAA-GDP_l6_r0,fcf8b4f93626e8cf9603afe70c3a614f6523366181d2f4df2620ee6efbb41bdb,3ea87f4a1b7b84a26ee106434a73c8c3b1666cf072e5654900cb743a0c6ff2ae,a12dcb1ba4e2a21b6a4474c284e3079c1b8e06dc282072a6d2d3a684bd02794b,1a980269c1778978c64462bf76cf00949cd95e29e33d5066107809299e5dec35,p2_20,celeba-three-workers-v1,
0.8280701754385965,,,38.18845190600041,988babfb79a4be0620cf47d259d4da35f8fc07573e92f83a2e388003c17759ba,0.8266666666666667,9e6b34785c76ea03b316f0e97fd7505cbf81a983e7090ec2bd252ce085312a5b,2026-09-06T17:52:04.259261+00:00,1,1.3203267329990922,False,500.0,0.00046789490941681307,6,0.221,NAA-GDP,0.036,4,2,,1,s4_p2_NAA-GDP_l6_r1,fcf8b4f93626e8cf9603afe70c3a614f6523366181d2f4df2620ee6efbb41bdb,3ea87f4a1b7b84a26ee106434a73c8c3b1666cf072e5654900cb743a0c6ff2ae,a12dcb1ba4e2a21b6a4474c284e3079c1b8e06dc282072a6d2d3a684bd02794b,1a980269c1778978c64462bf76cf00949cd95e29e33d5066107809299e5dec35,p2_20,celeba-three-workers-v1,
0.8531578947368421,,,26.036132717999863,988babfb79a4be0620cf47d259d4da35f8fc07573e92f83a2e388003c17759ba,0.8515823220720822,9e6b34785c76ea03b316f0e97fd7505cbf81a983e7090ec2bd252ce085312a5b,2026-09-06T17:52:36.996585+00:00,1,6.346687153996754,True,33.0,8.314069793239177e-08,6,0.221,NAA-GDP,0.036,4,20,,1,s4_p20_NAA-GDP_l6_r1,fcf8b4f93626e8cf9603afe70c3a614f6523366181d2f4df2620ee6efbb41bdb,3ea87f4a1b7b84a26ee106434a73c8c3b1666cf072e5654900cb743a0c6ff2ae,a12dcb1ba4e2a21b6a4474c284e3079c1b8e06dc282072a6d2d3a684bd02794b,1a980269c1778978c64462bf76cf00949cd95e29e33d5066107809299e5dec35,p2_20,celeba-three-workers-v1,
0.8228070175438597,,,38.01199313899997,988babfb79a4be0620cf47d259d4da35f8fc07573e92f83a2e388003c17759ba,0.8190740740740741,9e6b34785c76ea03b316f0e97fd7505cbf81a983e7090ec2bd252ce085312a5b,2026-09-06T17:53:16.597050+00:00,1,0.7593514930013043,False,500.0,0.00043662441023374724,6,0.164,NAA-GDP,0.036,4,2,,2,s4_p2_NAA-GDP_l6_r2,fcf8b4f93626e8cf9603afe70c3a614f6523366181d2f4df2620ee6efbb41bdb,3ea87f4a1b7b84a26ee106434a73c8c3b1666cf072e5654900cb743a0c6ff2ae,a12dcb1ba4e2a21b6a4474c284e3079c1b8e06dc282072a6d2d3a684bd02794b,1a980269c1778978c64462bf76cf00949cd95e29e33d5066107809299e5dec35,p2_20,celeba-three-workers-v1,
0.8405263157894737,,,26.03989109500253,988babfb79a4be0620cf47d259d4da35f8fc07573e92f83a2e388003c17759ba,0.8389184133233207,9e6b34785c76ea03b316f0e97fd7505cbf81a983e7090ec2bd252ce085312a5b,2026-09-06T17:53:49.587268+00:00,1,6.606723288998182,True,33.0,6.902661244946617e-08,6,0.164,NAA-GDP,0.036,4,20,,2,s4_p20_NAA-GDP_l6_r2,fcf8b4f93626e8cf9603afe70c3a614f6523366181d2f4df2620ee6efbb41bdb,3ea87f4a1b7b84a26ee106434a73c8c3b1666cf072e5654900cb743a0c6ff2ae,a12dcb1ba4e2a21b6a4474c284e3079c1b8e06dc282072a6d2d3a684bd02794b,1a980269c1778978c64462bf76cf00949cd95e29e33d5066107809299e5dec35,p2_20,celeba-three-workers-v1,
0.8210526315789474,,,38.06161496200002,988babfb79a4be0620cf47d259d4da35f8fc07573e92f83a2e388003c17759ba,0.8172222222222223,9e6b34785c76ea03b316f0e97fd7505cbf81a983e7090ec2bd252ce085312a5b,2026-09-06T17:54:29.259704+00:00,1,0.7734502700004668,False,500.0,0.0004997435392145802,6,0.219,NAA-GDP,0.036,4,2,,3,s4_p2_NAA-GDP_l6_r3,fcf8b4f93626e8cf9603afe70c3a614f6523366181d2f4df2620ee6efbb41bdb,3ea87f4a1b7b84a26ee106434a73c8c3b1666cf072e5654900cb743a0c6ff2ae,a12dcb1ba4e2a21b6a4474c284e3079c1b8e06dc282072a6d2d3a684bd02794b,1a980269c1778978c64462bf76cf00949cd95e29e33d5066107809299e5dec35,p2_20,celeba-three-workers-v1,
0.8517543859649123,,,26.020629269998608,988babfb79a4be0620cf47d259d4da35f8fc07573e92f83a2e388003c17759ba,0.8512949772419932,9e6b34785c76ea03b316f0e97fd7505cbf81a983e7090ec2bd252ce085312a5b,2026-09-06T17:55:04.533724+00:00,1,8.906297877001634,True,33.0,9.284608631945976e-08,6,0.219,NAA-GDP,0.036,4,20,,3,s4_p20_NAA-GDP_l6_r3,fcf8b4f93626e8cf9603afe70c3a614f6523366181d2f4df2620ee6efbb41bdb,3ea87f4a1b7b84a26ee106434a73c8c3b1666cf072e5654900cb743a0c6ff2ae,a12dcb1ba4e2a21b6a4474c284e3079c1b8e06dc282072a6d2d3a684bd02794b,1a980269c1778978c64462bf76cf00949cd95e29e33d5066107809299e5dec35,p2_20,celeba-three-workers-v1,
0.8263157894736842,,,38.06396269299876,988babfb79a4be0620cf47d259d4da35f8fc07573e92f83a2e388003c17759ba,0.8233333333333334,9e6b34785c76ea03b316f0e97fd7505cbf81a983e7090ec2bd252ce085312a5b,2026-09-06T17:55:44.745015+00:00,1,1.3107508159991994,False,500.0,0.0007584106078678739,7,0.183,NAA-GDP,0.042,4,2,,0,s4_p2_NAA-GDP_l7_r0,fcf8b4f93626e8cf9603afe70c3a614f6523366181d2f4df2620ee6efbb41bdb,3ea87f4a1b7b84a26ee106434a73c8c3b1666cf072e5654900cb743a0c6ff2ae,a12dcb1ba4e2a21b6a4474c284e3079c1b8e06dc282072a6d2d3a684bd02794b,1a980269c1778978c64462bf76cf00949cd95e29e33d5066107809299e5dec35,p2_20,celeba-three-workers-v1,
0.8373684210526315,,,92.25558321399876,988babfb79a4be0620cf47d259d4da35f8fc07573e92f83a2e388003c17759ba,0.8350770276695297,9e6b34785c76ea03b316f0e97fd7505cbf81a983e7090ec2bd252ce085312a5b,2026-09-06T17:57:24.573884+00:00,1,7.222718928998802,True,123.0,9.233093241717401e-08,7,0.183,NAA-GDP,0.042,4,20,,0,s4_p20_NAA-GDP_l7_r0,fcf8b4f93626e8cf9603afe70c3a614f6523366181d2f4df2620ee6efbb41bdb,3ea87f4a1b7b84a26ee106434a73c8c3b1666cf072e5654900cb743a0c6ff2ae,a12dcb1ba4e2a21b6a4474c284e3079c1b8e06dc282072a6d2d3a684bd02794b,1a980269c1778978c64462bf76cf00949cd95e29e33d5066107809299e5dec35,p2_20,celeba-three-workers-v1,
0.8105263157894737,,,38.108371103000536,988babfb79a4be0620cf47d259d4da35f8fc07573e92f83a2e388003c17759ba,0.8075925925925926,9e6b34785c76ea03b316f0e97fd7505cbf81a983e7090ec2bd252ce085312a5b,2026-09-06T17:58:04.267550+00:00,1,0.7581773459969554,False,500.0,0.0009615368704829509,7,0.154,NAA-GDP,0.042,4,2,,1,s4_p2_NAA-GDP_l7_r1,fcf8b4f93626e8cf9603afe70c3a614f6523366181d2f4df2620ee6efbb41bdb,3ea87f4a1b7b84a26ee106434a73c8c3b1666cf072e5654900cb743a0c6ff2ae,a12dcb1ba4e2a21b6a4474c284e3079c1b8e06dc282072a6d2d3a684bd02794b,1a980269c1778978c64462bf76cf00949cd95e29e33d5066107809299e5dec35,p2_20,celeba-three-workers-v1,
0.840701754385965,,,98.86129489899758,988babfb79a4be0620cf47d259d4da35f8fc07573e92f83a2e388003c17759ba,0.8381256230124698,9e6b34785c76ea03b316f0e97fd7505cbf81a983e7090ec2bd252ce085312a5b,2026-09-06T17:59:52.374409+00:00,1,8.899638730999868,True,132.0,9.388289860609777e-08,7,0.154,NAA-GDP,0.042,4,20,,1,s4_p20_NAA-GDP_l7_r1,fcf8b4f93626e8cf9603afe70c3a614f6523366181d2f4df2620ee6efbb41bdb,3ea87f4a1b7b84a26ee106434a73c8c3b1666cf072e5654900cb743a0c6ff2ae,a12dcb1ba4e2a21b6a4474c284e3079c1b8e06dc282072a6d2d3a684bd02794b,1a980269c1778978c64462bf76cf00949cd95e29e33d5066107809299e5dec35,p2_20,celeba-three-workers-v1,
0.7912280701754386,,,37.99534835700251,988babfb79a4be0620cf47d259d4da35f8fc07573e92f83a2e388003c17759ba,0.7837037037037037,9e6b34785c76ea03b316f0e97fd7505cbf81a983e7090ec2bd252ce085312a5b,2026-09-06T18:00:31.911143+00:00,1,0.7023656019991904,False,500.0,0.0023117372171904274,7,0.168,NAA-GDP,0.042,4,2,,2,s4_p2_NAA-GDP_l7_r2,fcf8b4f93626e8cf9603afe70c3a614f6523366181d2f4df2620ee6efbb41bdb,3ea87f4a1b7b84a26ee106434a73c8c3b1666cf072e5654900cb743a0c6ff2ae,a12dcb1ba4e2a21b6a4474c284e3079c1b8e06dc282072a6d2d3a684bd02794b,1a980269c1778978c64462bf76cf00949cd95e29e33d5066107809299e5dec35,p2_20,celeba-three-workers-v1,
0.8292982456140351,,,96.61096440500114,988babfb79a4be0620cf47d259d4da35f8fc07573e92f83a2e388003c17759ba,0.8255820584257947,9e6b34785c76ea03b316f0e97fd7505cbf81a983e7090ec2bd252ce085312a5b,2026-09-06T18:02:16.215205+00:00,1,7.341962898000929,True,129.0,9.240760187648081e-08,7,0.168,NAA-GDP,0.042,4,20,,2,s4_p20_NAA-GDP_l7_r2,fcf8b4f93626e8cf9603afe70c3a614f6523366181d2f4df2620ee6efbb41bdb,3ea87f4a1b7b84a26ee106434a73c8c3b1666cf072e5654900cb743a0c6ff2ae,a12dcb1ba4e2a21b6a4474c284e3079c1b8e06dc282072a6d2d3a684bd02794b,1a980269c1778978c64462bf76cf00949cd95e29e33d5066107809299e5dec35,p2_20,celeba-three-workers-v1,
0.8,,,37.993677078000474,988babfb79a4be0620cf47d259d4da35f8fc07573e92f83a2e388003c17759ba,0.7951851851851852,9e6b34785c76ea03b316f0e97fd7505cbf81a983e7090ec2bd252ce085312a5b,2026-09-06T18:02:55.768856+00:00,1,0.7254089679991012,False,500.0,0.002153827671329564,7,0.169,NAA-GDP,0.042,4,2,,3,s4_p2_NAA-GDP_l7_r3,fcf8b4f93626e8cf9603afe70c3a614f6523366181d2f4df2620ee6efbb41bdb,3ea87f4a1b7b84a26ee106434a73c8c3b1666cf072e5654900cb743a0c6ff2ae,a12dcb1ba4e2a21b6a4474c284e3079c1b8e06dc282072a6d2d3a684bd02794b,1a980269c1778978c64462bf76cf00949cd95e29e33d5066107809299e5dec35,p2_20,celeba-three-workers-v1,
0.8349122807017544,,,88.4122342490009,988babfb79a4be0620cf47d259d4da35f8fc07573e92f83a2e388003c17759ba,0.8306239233826115,9e6b34785c76ea03b316f0e97fd7505cbf81a983e7090ec2bd252ce085312a5b,2026-09-06T18:04:32.380369+00:00,1,7.845913393000956,True,118.0,9.557409724334628e-08,7,0.169,NAA-GDP,0.042,4,20,,3,s4_p20_NAA-GDP_l7_r3,fcf8b4f93626e8cf9603afe70c3a614f6523366181d2f4df2620ee6efbb41bdb,3ea87f4a1b7b84a26ee106434a73c8c3b1666cf072e5654900cb743a0c6ff2ae,a12dcb1ba4e2a21b6a4474c284e3079c1b8e06dc282072a6d2d3a684bd02794b,1a980269c1778978c64462bf76cf00949cd95e29e33d5066107809299e5dec35,p2_20,celeba-three-workers-v1,
0.8333333333333334,,,38.02316223700109,988babfb79a4be0620cf47d259d4da35f8fc07573e92f83a2e388003c17759ba,0.8301851851851851,9e6b34785c76ea03b316f0e97fd7505cbf81a983e7090ec2bd252ce085312a5b,2026-09-06T18:05:12.083249+00:00,1,0.8470378739984881,False,500.0,0.0011079107851264666,8,0.152,NAA-GDP,0.048,4,2,,0,s4_p2_NAA-GDP_l8_r0,fcf8b4f93626e8cf9603afe70c3a614f6523366181d2f4df2620ee6efbb41bdb,3ea87f4a1b7b84a26ee106434a73c8c3b1666cf072e5654900cb743a0c6ff2ae,a12dcb1ba4e2a21b6a4474c284e3079c1b8e06dc282072a6d2d3a684bd02794b,1a980269c1778978c64462bf76cf00949cd95e29e33d5066107809299e5dec35,p2_20,celeba-three-workers-v1,
0.8285964912280702,,,369.0308717980006,988babfb79a4be0620cf47d259d4da35f8fc07573e92f83a2e388003c17759ba,0.8269402811535858,9e6b34785c76ea03b316f0e97fd7505cbf81a983e7090ec2bd252ce085312a5b,2026-09-06T18:11:29.916800+00:00,1,8.439887615000771,False,500.0,0.008544998230960768,8,0.152,NAA-GDP,0.048,4,20,,0,s4_p20_NAA-GDP_l8_r0,fcf8b4f93626e8cf9603afe70c3a614f6523366181d2f4df2620ee6efbb41bdb,3ea87f4a1b7b84a26ee106434a73c8c3b1666cf072e5654900cb743a0c6ff2ae,a12dcb1ba4e2a21b6a4474c284e3079c1b8e06dc282072a6d2d3a684bd02794b,1a980269c1778978c64462bf76cf00949cd95e29e33d5066107809299e5dec35,p2_20,celeba-three-workers-v1,
0.8315789473684211,,,38.20086735500081,988babfb79a4be0620cf47d259d4da35f8fc07573e92f83a2e388003c17759ba,0.8305555555555555,9e6b34785c76ea03b316f0e97fd7505cbf81a983e7090ec2bd252ce085312a5b,2026-09-06T18:12:10.174025+00:00,1,1.2362558300010278,False,500.0,0.0037117955814467587,8,0.16,NAA-GDP,0.048,4,2,,1,s4_p2_NAA-GDP_l8_r1,fcf8b4f93626e8cf9603afe70c3a614f6523366181d2f4df2620ee6efbb41bdb,3ea87f4a1b7b84a26ee106434a73c8c3b1666cf072e5654900cb743a0c6ff2ae,a12dcb1ba4e2a21b6a4474c284e3079c1b8e06dc282072a6d2d3a684bd02794b,1a980269c1778978c64462bf76cf00949cd95e29e33d5066107809299e5dec35,p2_20,celeba-three-workers-v1,
0.8305263157894737,,,369.33874904500044,988babfb79a4be0620cf47d259d4da35f8fc07573e92f83a2e388003c17759ba,0.8304658096681168,9e6b34785c76ea03b316f0e97fd7505cbf81a983e7090ec2bd252ce085312a5b,2026-09-06T18:18:27.972617+00:00,1,8.108717060000345,False,500.0,0.020658343982950196,8,0.16,NAA-GDP,0.048,4,20,,1,s4_p20_NAA-GDP_l8_r1,fcf8b4f93626e8cf9603afe70c3a614f6523366181d2f4df2620ee6efbb41bdb,3ea87f4a1b7b84a26ee106434a73c8c3b1666cf072e5654900cb743a0c6ff2ae,a12dcb1ba4e2a21b6a4474c284e3079c1b8e06dc282072a6d2d3a684bd02794b,1a980269c1778978c64462bf76cf00949cd95e29e33d5066107809299e5dec35,p2_20,celeba-three-workers-v1,
0.8403508771929824,,,37.99790697299977,988babfb79a4be0620cf47d259d4da35f8fc07573e92f83a2e388003c17759ba,0.8387037037037037,9e6b34785c76ea03b316f0e97fd7505cbf81a983e7090ec2bd252ce085312a5b,2026-09-06T18:19:07.814840+00:00,1,1.0128041610005312,False,500.0,0.0022521331252498395,8,0.151,NAA-GDP,0.048,4,2,,2,s4_p2_NAA-GDP_l8_r2,fcf8b4f93626e8cf9603afe70c3a614f6523366181d2f4df2620ee6efbb41bdb,3ea87f4a1b7b84a26ee106434a73c8c3b1666cf072e5654900cb743a0c6ff2ae,a12dcb1ba4e2a21b6a4474c284e3079c1b8e06dc282072a6d2d3a684bd02794b,1a980269c1778978c64462bf76cf00949cd95e29e33d5066107809299e5dec35,p2_20,celeba-three-workers-v1,
0.828421052631579,,,369.0925160580009,988babfb79a4be0620cf47d259d4da35f8fc07573e92f83a2e388003c17759ba,0.8273420455100889,9e6b34785c76ea03b316f0e97fd7505cbf81a983e7090ec2bd252ce085312a5b,2026-09-06T18:25:25.277712+00:00,1,8.024224460998084,False,500.0,0.008885869491839856,8,0.151,NAA-GDP,0.048,4,20,,2,s4_p20_NAA-GDP_l8_r2,fcf8b4f93626e8cf9603afe70c3a614f6523366181d2f4df2620ee6efbb41bdb,3ea87f4a1b7b84a26ee106434a73c8c3b1666cf072e5654900cb743a0c6ff2ae,a12dcb1ba4e2a21b6a4474c284e3079c1b8e06dc282072a6d2d3a684bd02794b,1a980269c1778978c64462bf76cf00949cd95e29e33d5066107809299e5dec35,p2_20,celeba-three-workers-v1,
0.8245614035087719,,,38.02873050799826,988babfb79a4be0620cf47d259d4da35f8fc07573e92f83a2e388003c17759ba,0.8225925925925925,9e6b34785c76ea03b316f0e97fd7505cbf81a983e7090ec2bd252ce085312a5b,2026-09-06T18:26:05.572466+00:00,1,1.4427660369983641,False,500.0,0.002632708005765493,8,0.138,NAA-GDP,0.048,4,2,,3,s4_p2_NAA-GDP_l8_r3,fcf8b4f93626e8cf9603afe70c3a614f6523366181d2f4df2620ee6efbb41bdb,3ea87f4a1b7b84a26ee106434a73c8c3b1666cf072e5654900cb743a0c6ff2ae,a12dcb1ba4e2a21b6a4474c284e3079c1b8e06dc282072a6d2d3a684bd02794b,1a980269c1778978c64462bf76cf00949cd95e29e33d5066107809299e5dec35,p2_20,celeba-three-workers-v1,
0.8303508771929825,,,369.4270477179998,988babfb79a4be0620cf47d259d4da35f8fc07573e92f83a2e388003c17759ba,0.8303699046281772,9e6b34785c76ea03b316f0e97fd7505cbf81a983e7090ec2bd252ce085312a5b,2026-09-06T18:32:24.408549+00:00,1,9.050078780001058,False,500.0,0.015342342720571918,8,0.138,NAA-GDP,0.048,4,20,,3,s4_p20_NAA-GDP_l8_r3,fcf8b4f93626e8cf9603afe70c3a614f6523366181d2f4df2620ee6efbb41bdb,3ea87f4a1b7b84a26ee106434a73c8c3b1666cf072e5654900cb743a0c6ff2ae,a12dcb1ba4e2a21b6a4474c284e3079c1b8e06dc282072a6d2d3a684bd02794b,1a980269c1778978c64462bf76cf00949cd95e29e33d5066107809299e5dec35,p2_20,celeba-three-workers-v1,
0.8245614035087719,,,38.19969010200293,988babfb79a4be0620cf47d259d4da35f8fc07573e92f83a2e388003c17759ba,0.820925925925926,9e6b34785c76ea03b316f0e97fd7505cbf81a983e7090ec2bd252ce085312a5b,2026-09-06T18:33:04.155441+00:00,1,0.7153585930027475,False,500.0,0.00224916538628578,9,0.152,NAA-GDP,0.054,4,2,,0,s4_p2_NAA-GDP_l9_r0,fcf8b4f93626e8cf9603afe70c3a614f6523366181d2f4df2620ee6efbb41bdb,3ea87f4a1b7b84a26ee106434a73c8c3b1666cf072e5654900cb743a0c6ff2ae,a12dcb1ba4e2a21b6a4474c284e3079c1b8e06dc282072a6d2d3a684bd02794b,1a980269c1778978c64462bf76cf00949cd95e29e33d5066107809299e5dec35,p2_20,celeba-three-workers-v1,
0.8180701754385965,,,369.9059747430001,988babfb79a4be0620cf47d259d4da35f8fc07573e92f83a2e388003c17759ba,0.8180399972154212,9e6b34785c76ea03b316f0e97fd7505cbf81a983e7090ec2bd252ce085312a5b,2026-09-06T18:39:24.127620+00:00,1,9.699894917001075,False,500.0,0.0357781205292469,9,0.152,NAA-GDP,0.054,4,20,,0,s4_p20_NAA-GDP_l9_r0,fcf8b4f93626e8cf9603afe70c3a614f6523366181d2f4df2620ee6efbb41bdb,3ea87f4a1b7b84a26ee106434a73c8c3b1666cf072e5654900cb743a0c6ff2ae,a12dcb1ba4e2a21b6a4474c284e3079c1b8e06dc282072a6d2d3a684bd02794b,1a980269c1778978c64462bf76cf00949cd95e29e33d5066107809299e5dec35,p2_20,celeba-three-workers-v1,
0.8403508771929824,,,38.293800834999274,988babfb79a4be0620cf47d259d4da35f8fc07573e92f83a2e388003c17759ba,0.837037037037037,9e6b34785c76ea03b316f0e97fd7505cbf81a983e7090ec2bd252ce085312a5b,2026-09-06T18:40:04.211894+00:00,1,0.9463044340009219,False,500.0,0.001266426624890909,9,0.132,NAA-GDP,0.054,4,2,,1,s4_p2_NAA-GDP_l9_r1,fcf8b4f93626e8cf9603afe70c3a614f6523366181d2f4df2620ee6efbb41bdb,3ea87f4a1b7b84a26ee106434a73c8c3b1666cf072e5654900cb743a0c6ff2ae,a12dcb1ba4e2a21b6a4474c284e3079c1b8e06dc282072a6d2d3a684bd02794b,1a980269c1778978c64462bf76cf00949cd95e29e33d5066107809299e5dec35,p2_20,celeba-three-workers-v1,
0.8191228070175438,,,369.7496459819995,988babfb79a4be0620cf47d259d4da35f8fc07573e92f83a2e388003c17759ba,0.8180822102445837,9e6b34785c76ea03b316f0e97fd7505cbf81a983e7090ec2bd252ce085312a5b,2026-09-06T18:46:22.502205+00:00,1,8.190676840000378,False,500.0,0.034472074014586504,9,0.132,NAA-GDP,0.054,4,20,,1,s4_p20_NAA-GDP_l9_r1,fcf8b4f93626e8cf9603afe70c3a614f6523366181d2f4df2620ee6efbb41bdb,3ea87f4a1b7b84a26ee106434a73c8c3b1666cf072e5654900cb743a0c6ff2ae,a12dcb1ba4e2a21b6a4474c284e3079c1b8e06dc282072a6d2d3a684bd02794b,1a980269c1778978c64462bf76cf00949cd95e29e33d5066107809299e5dec35,p2_20,celeba-three-workers-v1,
0.8403508771929824,,,38.1482173229997,988babfb79a4be0620cf47d259d4da35f8fc07573e92f83a2e388003c17759ba,0.8383333333333334,9e6b34785c76ea03b316f0e97fd7505cbf81a983e7090ec2bd252ce085312a5b,2026-09-06T18:47:02.411805+00:00,1,0.928178153000772,False,500.0,0.0011687060315587925,9,0.137,NAA-GDP,0.054,4,2,,2,s4_p2_NAA-GDP_l9_r2,fcf8b4f93626e8cf9603afe70c3a614f6523366181d2f4df2620ee6efbb41bdb,3ea87f4a1b7b84a26ee106434a73c8c3b1666cf072e5654900cb743a0c6ff2ae,a12dcb1ba4e2a21b6a4474c284e3079c1b8e06dc282072a6d2d3a684bd02794b,1a980269c1778978c64462bf76cf00949cd95e29e33d5066107809299e5dec35,p2_20,celeba-three-workers-v1,
0.8203508771929825,,,369.74415855999905,988babfb79a4be0620cf47d259d4da35f8fc07573e92f83a2e388003c17759ba,0.8186113542680336,9e6b34785c76ea03b316f0e97fd7505cbf81a983e7090ec2bd252ce085312a5b,2026-09-06T18:53:22.442873+00:00,1,9.938941301999876,False,500.0,0.030313057987745303,9,0.137,NAA-GDP,0.054,4,20,,2,s4_p20_NAA-GDP_l9_r2,fcf8b4f93626e8cf9603afe70c3a614f6523366181d2f4df2620ee6efbb41bdb,3ea87f4a1b7b84a26ee106434a73c8c3b1666cf072e5654900cb743a0c6ff2ae,a12dcb1ba4e2a21b6a4474c284e3079c1b8e06dc282072a6d2d3a684bd02794b,1a980269c1778978c64462bf76cf00949cd95e29e33d5066107809299e5dec35,p2_20,celeba-three-workers-v1,
0.8140350877192982,,,38.004998219999834,988babfb79a4be0620cf47d259d4da35f8fc07573e92f83a2e388003c17759ba,0.8103703703703704,9e6b34785c76ea03b316f0e97fd7505cbf81a983e7090ec2bd252ce085312a5b,2026-09-06T18:54:01.896834+00:00,1,0.6193163360003382,False,500.0,0.0015988614330477568,9,0.114,NAA-GDP,0.054,4,2,,3,s4_p2_NAA-GDP_l9_r3,fcf8b4f93626e8cf9603afe70c3a614f6523366181d2f4df2620ee6efbb41bdb,3ea87f4a1b7b84a26ee106434a73c8c3b1666cf072e5654900cb743a0c6ff2ae,a12dcb1ba4e2a21b6a4474c284e3079c1b8e06dc282072a6d2d3a684bd02794b,1a980269c1778978c64462bf76cf00949cd95e29e33d5066107809299e5dec35,p2_20,celeba-three-workers-v1,
0.8168421052631579,,,369.53187029299806,988babfb79a4be0620cf47d259d4da35f8fc07573e92f83a2e388003c17759ba,0.8145603846273478,9e6b34785c76ea03b316f0e97fd7505cbf81a983e7090ec2bd252ce085312a5b,2026-09-06T19:00:21.395351+00:00,1,9.624052782997751,False,500.0,0.030534613442928467,9,0.114,NAA-GDP,0.054,4,20,,3,s4_p20_NAA-GDP_l9_r3,fcf8b4f93626e8cf9603afe70c3a614f6523366181d2f4df2620ee6efbb41bdb,3ea87f4a1b7b84a26ee106434a73c8c3b1666cf072e5654900cb743a0c6ff2ae,a12dcb1ba4e2a21b6a4474c284e3079c1b8e06dc282072a6d2d3a684bd02794b,1a980269c1778978c64462bf76cf00949cd95e29e33d5066107809299e5dec35,p2_20,celeba-three-workers-v1,
0.8280701754385965,,,37.974939184001414,988babfb79a4be0620cf47d259d4da35f8fc07573e92f83a2e388003c17759ba,0.8240740740740741,9e6b34785c76ea03b316f0e97fd7505cbf81a983e7090ec2bd252ce085312a5b,2026-09-06T19:01:01.140126+00:00,1,0.9228296719993523,False,500.0,0.0028079066224409774,10,0.132,NAA-GDP,0.06,4,2,,0,s4_p2_NAA-GDP_l10_r0,fcf8b4f93626e8cf9603afe70c3a614f6523366181d2f4df2620ee6efbb41bdb,3ea87f4a1b7b84a26ee106434a73c8c3b1666cf072e5654900cb743a0c6ff2ae,a12dcb1ba4e2a21b6a4474c284e3079c1b8e06dc282072a6d2d3a684bd02794b,1a980269c1778978c64462bf76cf00949cd95e29e33d5066107809299e5dec35,p2_20,celeba-three-workers-v1,
0.8208771929824561,,,370.2890342799983,988babfb79a4be0620cf47d259d4da35f8fc07573e92f83a2e388003c17759ba,0.8176193480827139,9e6b34785c76ea03b316f0e97fd7505cbf81a983e7090ec2bd252ce085312a5b,2026-09-06T19:07:21.621992+00:00,1,9.845031657998334,False,500.0,0.042312949542291055,10,0.132,NAA-GDP,0.06,4,20,,0,s4_p20_NAA-GDP_l10_r0,fcf8b4f93626e8cf9603afe70c3a614f6523366181d2f4df2620ee6efbb41bdb,3ea87f4a1b7b84a26ee106434a73c8c3b1666cf072e5654900cb743a0c6ff2ae,a12dcb1ba4e2a21b6a4474c284e3079c1b8e06dc282072a6d2d3a684bd02794b,1a980269c1778978c64462bf76cf00949cd95e29e33d5066107809299e5dec35,p2_20,celeba-three-workers-v1,
0.8315789473684211,,,38.11479239700202,988babfb79a4be0620cf47d259d4da35f8fc07573e92f83a2e388003c17759ba,0.8320370370370371,9e6b34785c76ea03b316f0e97fd7505cbf81a983e7090ec2bd252ce085312a5b,2026-09-06T19:08:01.627637+00:00,1,1.051657547999639,False,500.0,0.0006378504995429181,10,0.152,NAA-GDP,0.06,4,2,,1,s4_p2_NAA-GDP_l10_r1,fcf8b4f93626e8cf9603afe70c3a614f6523366181d2f4df2620ee6efbb41bdb,3ea87f4a1b7b84a26ee106434a73c8c3b1666cf072e5654900cb743a0c6ff2ae,a12dcb1ba4e2a21b6a4474c284e3079c1b8e06dc282072a6d2d3a684bd02794b,1a980269c1778978c64462bf76cf00949cd95e29e33d5066107809299e5dec35,p2_20,celeba-three-workers-v1,
0.8294736842105264,,,370.5820509510013,988babfb79a4be0620cf47d259d4da35f8fc07573e92f83a2e388003c17759ba,0.8272065194690934,9e6b34785c76ea03b316f0e97fd7505cbf81a983e7090ec2bd252ce085312a5b,2026-09-06T19:14:21.266185+00:00,1,8.712480332000268,False,500.0,0.045339571392375926,10,0.152,NAA-GDP,0.06,4,20,,1,s4_p20_NAA-GDP_l10_r1,fcf8b4f93626e8cf9603afe70c3a614f6523366181d2f4df2620ee6efbb41bdb,3ea87f4a1b7b84a26ee106434a73c8c3b1666cf072e5654900cb743a0c6ff2ae,a12dcb1ba4e2a21b6a4474c284e3079c1b8e06dc282072a6d2d3a684bd02794b,1a980269c1778978c64462bf76cf00949cd95e29e33d5066107809299e5dec35,p2_20,celeba-three-workers-v1,
0.8298245614035088,,,38.05271183700097,988babfb79a4be0620cf47d259d4da35f8fc07573e92f83a2e388003c17759ba,0.826111111111111,9e6b34785c76ea03b316f0e97fd7505cbf81a983e7090ec2bd252ce085312a5b,2026-09-06T19:15:00.819113+00:00,1,0.6525652460004494,False,500.0,0.00038350466898240003,10,0.137,NAA-GDP,0.06,4,2,,2,s4_p2_NAA-GDP_l10_r2,fcf8b4f93626e8cf9603afe70c3a614f6523366181d2f4df2620ee6efbb41bdb,3ea87f4a1b7b84a26ee106434a73c8c3b1666cf072e5654900cb743a0c6ff2ae,a12dcb1ba4e2a21b6a4474c284e3079c1b8e06dc282072a6d2d3a684bd02794b,1a980269c1778978c64462bf76cf00949cd95e29e33d5066107809299e5dec35,p2_20,celeba-three-workers-v1,
0.8221052631578948,,,370.33284836099847,988babfb79a4be0620cf47d259d4da35f8fc07573e92f83a2e388003c17759ba,0.8195348568533964,9e6b34785c76ea03b316f0e97fd7505cbf81a983e7090ec2bd252ce085312a5b,2026-09-06T19:21:20.389632+00:00,1,8.890590216000419,False,500.0,0.04309743086855934,10,0.137,NAA-GDP,0.06,4,20,,2,s4_p20_NAA-GDP_l10_r2,fcf8b4f93626e8cf9603afe70c3a614f6523366181d2f4df2620ee6efbb41bdb,3ea87f4a1b7b84a26ee106434a73c8c3b1666cf072e5654900cb743a0c6ff2ae,a12dcb1ba4e2a21b6a4474c284e3079c1b8e06dc282072a6d2d3a684bd02794b,1a980269c1778978c64462bf76cf00949cd95e29e33d5066107809299e5dec35,p2_20,celeba-three-workers-v1,
0.8280701754385965,,,38.246930590001284,988babfb79a4be0620cf47d259d4da35f8fc07573e92f83a2e388003c17759ba,0.827962962962963,9e6b34785c76ea03b316f0e97fd7505cbf81a983e7090ec2bd252ce085312a5b,2026-09-06T19:22:00.535014+00:00,1,1.0625787760000094,False,500.0,0.0026735936386824656,10,0.159,NAA-GDP,0.06,4,2,,3,s4_p2_NAA-GDP_l10_r3,fcf8b4f93626e8cf9603afe70c3a614f6523366181d2f4df2620ee6efbb41bdb,3ea87f4a1b7b84a26ee106434a73c8c3b1666cf072e5654900cb743a0c6ff2ae,a12dcb1ba4e2a21b6a4474c284e3079c1b8e06dc282072a6d2d3a684bd02794b,1a980269c1778978c64462bf76cf00949cd95e29e33d5066107809299e5dec35,p2_20,celeba-three-workers-v1,
0.8214035087719298,,,370.38318005900146,988babfb79a4be0620cf47d259d4da35f8fc07573e92f83a2e388003c17759ba,0.8184758282270379,9e6b34785c76ea03b316f0e97fd7505cbf81a983e7090ec2bd252ce085312a5b,2026-09-06T19:28:20.011343+00:00,1,8.746495855997637,False,500.0,0.04864662682637522,10,0.159,NAA-GDP,0.06,4,20,,3,s4_p20_NAA-GDP_l10_r3,fcf8b4f93626e8cf9603afe70c3a614f6523366181d2f4df2620ee6efbb41bdb,3ea87f4a1b7b84a26ee106434a73c8c3b1666cf072e5654900cb743a0c6ff2ae,a12dcb1ba4e2a21b6a4474c284e3079c1b8e06dc282072a6d2d3a684bd02794b,1a980269c1778978c64462bf76cf00949cd95e29e33d5066107809299e5dec35,p2_20,celeba-three-workers-v1,
0.8787023977433004,,,0.0,988babfb79a4be0620cf47d259d4da35f8fc07573e92f83a2e388003c17759ba,0.8786338135917379,2774aed934e9b55963588c876b6d3f7f5fc8814e91c160cc44d904a8910dda15,2026-09-06T08:26:05.276028+00:00,1,1.7912527540001975,,,,0,0.747,C-GDP,0.0,0,5,,0,s0_p5_C-GDP_l0_r0,fcf8b4f93626e8cf9603afe70c3a614f6523366181d2f4df2620ee6efbb41bdb,3ea87f4a1b7b84a26ee106434a73c8c3b1666cf072e5654900cb743a0c6ff2ae,,,,,
0.8377997179125529,,,0.0,988babfb79a4be0620cf47d259d4da35f8fc07573e92f83a2e388003c17759ba,0.8384785796251435,2774aed934e9b55963588c876b6d3f7f5fc8814e91c160cc44d904a8910dda15,2026-09-06T08:26:07.595737+00:00,1,2.258065983999586,,,,0,,I-GDP,0.0,0,5,,0,s0_p5_I-GDP_l0_r0,fcf8b4f93626e8cf9603afe70c3a614f6523366181d2f4df2620ee6efbb41bdb,3ea87f4a1b7b84a26ee106434a73c8c3b1666cf072e5654900cb743a0c6ff2ae,,,,,
0.8787023977433004,,,0.0,988babfb79a4be0620cf47d259d4da35f8fc07573e92f83a2e388003c17759ba,0.8787951836032131,2774aed934e9b55963588c876b6d3f7f5fc8814e91c160cc44d904a8910dda15,2026-09-06T08:26:09.759278+00:00,1,1.6753483909997158,,,,0,0.747,AA-GDP,0.0,0,5,,0,s0_p5_AA-GDP_l0_r0,fcf8b4f93626e8cf9603afe70c3a614f6523366181d2f4df2620ee6efbb41bdb,3ea87f4a1b7b84a26ee106434a73c8c3b1666cf072e5654900cb743a0c6ff2ae,,,,,
0.8946069792033838,,,0.0,988babfb79a4be0620cf47d259d4da35f8fc07573e92f83a2e388003c17759ba,0.8944952758187037,2774aed934e9b55963588c876b6d3f7f5fc8814e91c160cc44d904a8910dda15,2026-09-06T08:26:14.112634+00:00,1,4.28923881800074,,,,0,0.747,C-GDP,0.0,0,10,,0,s0_p10_C-GDP_l0_r0,fcf8b4f93626e8cf9603afe70c3a614f6523366181d2f4df2620ee6efbb41bdb,3ea87f4a1b7b84a26ee106434a73c8c3b1666cf072e5654900cb743a0c6ff2ae,,,,,
0.8071906943954882,,,0.0,988babfb79a4be0620cf47d259d4da35f8fc07573e92f83a2e388003c17759ba,0.8048809570039261,2774aed934e9b55963588c876b6d3f7f5fc8814e91c160cc44d904a8910dda15,2026-09-06T08:26:17.342191+00:00,1,3.1702551170001243,,,,0,,I-GDP,0.0,0,10,,0,s0_p10_I-GDP_l0_r0,fcf8b4f93626e8cf9603afe70c3a614f6523366181d2f4df2620ee6efbb41bdb,3ea87f4a1b7b84a26ee106434a73c8c3b1666cf072e5654900cb743a0c6ff2ae,,,,,
0.8879097638350371,,,0.0,988babfb79a4be0620cf47d259d4da35f8fc07573e92f83a2e388003c17759ba,0.8876529546420844,2774aed934e9b55963588c876b6d3f7f5fc8814e91c160cc44d904a8910dda15,2026-09-06T08:26:20.423330+00:00,1,2.937187501999688,,,,0,0.747,AA-GDP,0.0,0,10,,0,s0_p10_AA-GDP_l0_r0,fcf8b4f93626e8cf9603afe70c3a614f6523366181d2f4df2620ee6efbb41bdb,3ea87f4a1b7b84a26ee106434a73c8c3b1666cf072e5654900cb743a0c6ff2ae,,,,,
0.8730606488011283,,,1.6129203889995551,988babfb79a4be0620cf47d259d4da35f8fc07573e92f83a2e388003c17759ba,0.8726073409409665,2774aed934e9b55963588c876b6d3f7f5fc8814e91c160cc44d904a8910dda15,2026-09-06T08:27:54.456024+00:00,1,1.957445068999732,True,5.0,3.1482832699861956e-08,1,0.664,NAA-GDP,0.006,0,5,,0,s0_p5_NAA-GDP_l1_r0,fcf8b4f93626e8cf9603afe70c3a614f6523366181d2f4df2620ee6efbb41bdb,3ea87f4a1b7b84a26ee106434a73c8c3b1666cf072e5654900cb743a0c6ff2ae,,,,,
0.8826224885442369,,,3.0358600280005703,988babfb79a4be0620cf47d259d4da35f8fc07573e92f83a2e388003c17759ba,0.8829043782690648,2774aed934e9b55963588c876b6d3f7f5fc8814e91c160cc44d904a8910dda15,2026-09-06T08:28:01.708949+00:00,1,4.064909157000329,True,5.0,8.699054474260546e-09,1,0.664,NAA-GDP,0.006,0,10,,0,s0_p10_NAA-GDP_l1_r0,fcf8b4f93626e8cf9603afe70c3a614f6523366181d2f4df2620ee6efbb41bdb,3ea87f4a1b7b84a26ee106434a73c8c3b1666cf072e5654900cb743a0c6ff2ae,,,,,
0.8787023977433004,,,1.4983887170001253,988babfb79a4be0620cf47d259d4da35f8fc07573e92f83a2e388003c17759ba,0.8773428534999362,2774aed934e9b55963588c876b6d3f7f5fc8814e91c160cc44d904a8910dda15,2026-09-06T08:29:00.669621+00:00,1,1.9752229700006865,True,5.0,3.094323245935388e-08,1,0.661,NAA-GDP,0.006,0,5,,1,s0_p5_NAA-GDP_l1_r1,fcf8b4f93626e8cf9603afe70c3a614f6523366181d2f4df2620ee6efbb41bdb,3ea87f4a1b7b84a26ee106434a73c8c3b1666cf072e5654900cb743a0c6ff2ae,,,,,
0.8868523087768769,,,3.019963662000009,988babfb79a4be0620cf47d259d4da35f8fc07573e92f83a2e388003c17759ba,0.8857197692723595,2774aed934e9b55963588c876b6d3f7f5fc8814e91c160cc44d904a8910dda15,2026-09-06T08:29:08.725172+00:00,1,4.897746923000341,True,5.0,8.71193069530997e-09,1,0.661,NAA-GDP,0.006,0,10,,1,s0_p10_NAA-GDP_l1_r1,fcf8b4f93626e8cf9603afe70c3a614f6523366181d2f4df2620ee6efbb41bdb,3ea87f4a1b7b84a26ee106434a73c8c3b1666cf072e5654900cb743a0c6ff2ae,,,,,
0.8871650211565585,,,1.5074208159994669,988babfb79a4be0620cf47d259d4da35f8fc07573e92f83a2e388003c17759ba,0.886570827489481,2774aed934e9b55963588c876b6d3f7f5fc8814e91c160cc44d904a8910dda15,2026-09-06T08:29:56.176497+00:00,1,1.4016308609998305,True,5.0,3.079182626771147e-08,1,0.643,NAA-GDP,0.006,0,5,,2,s0_p5_NAA-GDP_l1_r2,fcf8b4f93626e8cf9603afe70c3a614f6523366181d2f4df2620ee6efbb41bdb,3ea87f4a1b7b84a26ee106434a73c8c3b1666cf072e5654900cb743a0c6ff2ae,,,,,
0.8854423686993302,,,2.9911235330000636,988babfb79a4be0620cf47d259d4da35f8fc07573e92f83a2e388003c17759ba,0.8857292285878438,2774aed934e9b55963588c876b6d3f7f5fc8814e91c160cc44d904a8910dda15,2026-09-06T08:30:03.612082+00:00,1,4.299629113999799,True,5.0,8.694801461118287e-09,1,0.643,NAA-GDP,0.006,0,10,,2,s0_p10_NAA-GDP_l1_r2,fcf8b4f93626e8cf9603afe70c3a614f6523366181d2f4df2620ee6efbb41bdb,3ea87f4a1b7b84a26ee106434a73c8c3b1666cf072e5654900cb743a0c6ff2ae,,,,,
0.8688293370944993,,,1.5161868489994959,988babfb79a4be0620cf47d259d4da35f8fc07573e92f83a2e388003c17759ba,0.86869262399592,2774aed934e9b55963588c876b6d3f7f5fc8814e91c160cc44d904a8910dda15,2026-09-06T08:31:01.047615+00:00,1,2.0973748180003895,True,5.0,3.1381259476916886e-08,1,0.655,NAA-GDP,0.006,0,5,,3,s0_p5_NAA-GDP_l1_r3,fcf8b4f93626e8cf9603afe70c3a614f6523366181d2f4df2620ee6efbb41bdb,3ea87f4a1b7b84a26ee106434a73c8c3b1666cf072e5654900cb743a0c6ff2ae,,,,,
0.8875572788156504,,,3.0152834559994517,988babfb79a4be0620cf47d259d4da35f8fc07573e92f83a2e388003c17759ba,0.887077678903038,2774aed934e9b55963588c876b6d3f7f5fc8814e91c160cc44d904a8910dda15,2026-09-06T08:31:08.165147+00:00,1,3.960943273999874,True,5.0,8.826831607177006e-09,1,0.655,NAA-GDP,0.006,0,10,,3,s0_p10_NAA-GDP_l1_r3,fcf8b4f93626e8cf9603afe70c3a614f6523366181d2f4df2620ee6efbb41bdb,3ea87f4a1b7b84a26ee106434a73c8c3b1666cf072e5654900cb743a0c6ff2ae,,,,,
0.8709449929478138,,,2.0355990230000316,988babfb79a4be0620cf47d259d4da35f8fc07573e92f83a2e388003c17759ba,0.8714299375239067,2774aed934e9b55963588c876b6d3f7f5fc8814e91c160cc44d904a8910dda15,2026-09-06T08:32:16.890564+00:00,1,1.6859038459997464,True,8.0,4.160633536845936e-08,2,0.579,NAA-GDP,0.012,0,5,,0,s0_p5_NAA-GDP_l2_r0,fcf8b4f93626e8cf9603afe70c3a614f6523366181d2f4df2620ee6efbb41bdb,3ea87f4a1b7b84a26ee106434a73c8c3b1666cf072e5654900cb743a0c6ff2ae,,,,,
0.8886147338738104,,,3.6739242300000114,988babfb79a4be0620cf47d259d4da35f8fc07573e92f83a2e388003c17759ba,0.8884480350014587,2774aed934e9b55963588c876b6d3f7f5fc8814e91c160cc44d904a8910dda15,2026-09-06T08:32:25.185018+00:00,1,4.482682441999714,True,7.0,5.6947870031751334e-08,2,0.579,NAA-GDP,0.012,0,10,,0,s0_p10_NAA-GDP_l2_r0,fcf8b4f93626e8cf9603afe70c3a614f6523366181d2f4df2620ee6efbb41bdb,3ea87f4a1b7b84a26ee106434a73c8c3b1666cf072e5654900cb743a0c6ff2ae,,,,,
0.8603667136812412,,,2.0382673140002225,988babfb79a4be0620cf47d259d4da35f8fc07573e92f83a2e388003c17759ba,0.8604328700752264,2774aed934e9b55963588c876b6d3f7f5fc8814e91c160cc44d904a8910dda15,2026-09-06T08:33:19.995996+00:00,1,2.663817657000436,True,8.0,4.1141785057485055e-08,2,0.464,NAA-GDP,0.012,0,5,,1,s0_p5_NAA-GDP_l2_r1,fcf8b4f93626e8cf9603afe70c3a614f6523366181d2f4df2620ee6efbb41bdb,3ea87f4a1b7b84a26ee106434a73c8c3b1666cf072e5654900cb743a0c6ff2ae,,,,,
0.8864998237574903,,,3.683453685999666,988babfb79a4be0620cf47d259d4da35f8fc07573e92f83a2e388003c17759ba,0.8867737361607725,2774aed934e9b55963588c876b6d3f7f5fc8814e91c160cc44d904a8910dda15,2026-09-06T08:33:27.162078+00:00,1,3.335241084999325,True,7.0,5.7096617995442204e-08,2,0.464,NAA-GDP,0.012,0,10,,1,s0_p10_NAA-GDP_l2_r1,fcf8b4f93626e8cf9603afe70c3a614f6523366181d2f4df2620ee6efbb41bdb,3ea87f4a1b7b84a26ee106434a73c8c3b1666cf072e5654900cb743a0c6ff2ae,,,,,
0.8772919605077574,,,2.037259196999912,988babfb79a4be0620cf47d259d4da35f8fc07573e92f83a2e388003c17759ba,0.8766296378936631,2774aed934e9b55963588c876b6d3f7f5fc8814e91c160cc44d904a8910dda15,2026-09-06T08:34:31.041694+00:00,1,2.6292871369996647,True,8.0,4.020079727321239e-08,2,0.505,NAA-GDP,0.012,0,5,,2,s0_p5_NAA-GDP_l2_r2,fcf8b4f93626e8cf9603afe70c3a614f6523366181d2f4df2620ee6efbb41bdb,3ea87f4a1b7b84a26ee106434a73c8c3b1666cf072e5654900cb743a0c6ff2ae,,,,,
0.8833274585830102,,,3.6729167829998914,988babfb79a4be0620cf47d259d4da35f8fc07573e92f83a2e388003c17759ba,0.8832551197300411,2774aed934e9b55963588c876b6d3f7f5fc8814e91c160cc44d904a8910dda15,2026-09-06T08:34:38.017201+00:00,1,3.1555148630004624,True,7.0,5.624685612725251e-08,2,0.505,NAA-GDP,0.012,0,10,,2,s0_p10_NAA-GDP_l2_r2,fcf8b4f93626e8cf9603afe70c3a614f6523366181d2f4df2620ee6efbb41bdb,3ea87f4a1b7b84a26ee106434a73c8c3b1666cf072e5654900cb743a0c6ff2ae,,,,,
0.8653032440056417,,,2.042920953000248,988babfb79a4be0620cf47d259d4da35f8fc07573e92f83a2e388003c17759ba,0.8658875749075609,2774aed934e9b55963588c876b6d3f7f5fc8814e91c160cc44d904a8910dda15,2026-09-06T08:35:37.311574+00:00,1,2.1404894679999416,True,8.0,4.0877617800700924e-08,2,0.467,NAA-GDP,0.012,0,5,,3,s0_p5_NAA-GDP_l2_r3,fcf8b4f93626e8cf9603afe70c3a614f6523366181d2f4df2620ee6efbb41bdb,3ea87f4a1b7b84a26ee106434a73c8c3b1666cf072e5654900cb743a0c6ff2ae,,,,,
0.8664081776524498,,,3.678764921999573,988babfb79a4be0620cf47d259d4da35f8fc07573e92f83a2e388003c17759ba,0.8657431885460634,2774aed934e9b55963588c876b6d3f7f5fc8814e91c160cc44d904a8910dda15,2026-09-06T08:35:46.074891+00:00,1,4.951268474000244,True,7.0,5.707845485360615e-08,2,0.467,NAA-GDP,0.012,0,10,,3,s0_p10_NAA-GDP_l2_r3,fcf8b4f93626e8cf9603afe70c3a614f6523366181d2f4df2620ee6efbb41bdb,3ea87f4a1b7b84a26ee106434a73c8c3b1666cf072e5654900cb743a0c6ff2ae,,,,,
0.8688293370944993,,,2.944092878000447,988babfb79a4be0620cf47d259d4da35f8fc07573e92f83a2e388003c17759ba,0.8684236739767945,2774aed934e9b55963588c876b6d3f7f5fc8814e91c160cc44d904a8910dda15,2026-09-06T08:36:46.130495+00:00,1,2.871411322000313,True,13.0,3.376567884480077e-08,3,0.339,NAA-GDP,0.018,0,5,,0,s0_p5_NAA-GDP_l3_r0,fcf8b4f93626e8cf9603afe70c3a614f6523366181d2f4df2620ee6efbb41bdb,3ea87f4a1b7b84a26ee106434a73c8c3b1666cf072e5654900cb743a0c6ff2ae,,,,,
0.8752203031371166,,,5.14735620600004,988babfb79a4be0620cf47d259d4da35f8fc07573e92f83a2e388003c17759ba,0.8742598085633689,2774aed934e9b55963588c876b6d3f7f5fc8814e91c160cc44d904a8910dda15,2026-09-06T08:36:55.162626+00:00,1,3.741321125000468,True,11.0,2.0169968912601097e-08,3,0.339,NAA-GDP,0.018,0,10,,0,s0_p10_NAA-GDP_l3_r0,fcf8b4f93626e8cf9603afe70c3a614f6523366181d2f4df2620ee6efbb41bdb,3ea87f4a1b7b84a26ee106434a73c8c3b1666cf072e5654900cb743a0c6ff2ae,,,,,
0.8441466854724965,,,2.949189990999912,988babfb79a4be0620cf47d259d4da35f8fc07573e92f83a2e388003c17759ba,0.8452381901058268,2774aed934e9b55963588c876b6d3f7f5fc8814e91c160cc44d904a8910dda15,2026-09-06T08:38:00.720980+00:00,1,2.475801290000163,True,13.0,3.282568451839441e-08,3,0.417,NAA-GDP,0.018,0,5,,1,s0_p5_NAA-GDP_l3_r1,fcf8b4f93626e8cf9603afe70c3a614f6523366181d2f4df2620ee6efbb41bdb,3ea87f4a1b7b84a26ee106434a73c8c3b1666cf072e5654900cb743a0c6ff2ae,,,,,
0.8653507225942897,,,5.158616855999753,988babfb79a4be0620cf47d259d4da35f8fc07573e92f83a2e388003c17759ba,0.8640766065153773,2774aed934e9b55963588c876b6d3f7f5fc8814e91c160cc44d904a8910dda15,2026-09-06T08:38:08.716285+00:00,1,2.697837568000068,True,11.0,2.073504352702124e-08,3,0.417,NAA-GDP,0.018,0,10,,1,s0_p10_NAA-GDP_l3_r1,fcf8b4f93626e8cf9603afe70c3a614f6523366181d2f4df2620ee6efbb41bdb,3ea87f4a1b7b84a26ee106434a73c8c3b1666cf072e5654900cb743a0c6ff2ae,,,,,
0.8688293370944993,,,2.956048658000327,988babfb79a4be0620cf47d259d4da35f8fc07573e92f83a2e388003c17759ba,0.8691229440265205,2774aed934e9b55963588c876b6d3f7f5fc8814e91c160cc44d904a8910dda15,2026-09-06T08:39:14.737267+00:00,1,2.1771691860003557,True,13.0,3.317676451146984e-08,3,0.322,NAA-GDP,0.018,0,5,,2,s0_p5_NAA-GDP_l3_r2,fcf8b4f93626e8cf9603afe70c3a614f6523366181d2f4df2620ee6efbb41bdb,3ea87f4a1b7b84a26ee106434a73c8c3b1666cf072e5654900cb743a0c6ff2ae,,,,,
0.8808600634473035,,,5.131201052000506,988babfb79a4be0620cf47d259d4da35f8fc07573e92f83a2e388003c17759ba,0.8802353577264186,2774aed934e9b55963588c876b6d3f7f5fc8814e91c160cc44d904a8910dda15,2026-09-06T08:39:24.266385+00:00,1,4.258249909000369,True,11.0,2.1381207410979348e-08,3,0.322,NAA-GDP,0.018,0,10,,2,s0_p10_NAA-GDP_l3_r2,fcf8b4f93626e8cf9603afe70c3a614f6523366181d2f4df2620ee6efbb41bdb,3ea87f4a1b7b84a26ee106434a73c8c3b1666cf072e5654900cb743a0c6ff2ae,,,,,
0.8645980253878702,,,2.9555570639995494,988babfb79a4be0620cf47d259d4da35f8fc07573e92f83a2e388003c17759ba,0.8647779070508734,2774aed934e9b55963588c876b6d3f7f5fc8814e91c160cc44d904a8910dda15,2026-09-06T08:40:29.572226+00:00,1,1.620345200999509,True,13.0,3.43509862804509e-08,3,0.385,NAA-GDP,0.018,0,5,,3,s0_p5_NAA-GDP_l3_r3,fcf8b4f93626e8cf9603afe70c3a614f6523366181d2f4df2620ee6efbb41bdb,3ea87f4a1b7b84a26ee106434a73c8c3b1666cf072e5654900cb743a0c6ff2ae,,,,,
0.8702855128657032,,,5.14256265899985,988babfb79a4be0620cf47d259d4da35f8fc07573e92f83a2e388003c17759ba,0.8702346208955283,2774aed934e9b55963588c876b6d3f7f5fc8814e91c160cc44d904a8910dda15,2026-09-06T08:40:38.867248+00:00,1,4.018328096999539,True,11.0,2.132960086516946e-08,3,0.385,NAA-GDP,0.018,0,10,,3,s0_p10_NAA-GDP_l3_r3,fcf8b4f93626e8cf9603afe70c3a614f6523366181d2f4df2620ee6efbb41bdb,3ea87f4a1b7b84a26ee106434a73c8c3b1666cf072e5654900cb743a0c6ff2ae,,,,,
0.8603667136812412,,,4.627343201999793,988babfb79a4be0620cf47d259d4da35f8fc07573e92f83a2e388003c17759ba,0.8595722300140253,2774aed934e9b55963588c876b6d3f7f5fc8814e91c160cc44d904a8910dda15,2026-09-06T08:41:48.298860+00:00,1,2.5735016819999146,True,22.0,6.50385861207537e-08,4,0.259,NAA-GDP,0.024,0,5,,0,s0_p5_NAA-GDP_l4_r0,fcf8b4f93626e8cf9603afe70c3a614f6523366181d2f4df2620ee6efbb41bdb,3ea87f4a1b7b84a26ee106434a73c8c3b1666cf072e5654900cb743a0c6ff2ae,,,,,
0.8674656327106098,,,6.908067278999624,988babfb79a4be0620cf47d259d4da35f8fc07573e92f83a2e388003c17759ba,0.8650399631186267,2774aed934e9b55963588c876b6d3f7f5fc8814e91c160cc44d904a8910dda15,2026-09-06T08:41:59.142988+00:00,1,3.794031200000063,True,16.0,5.7238469731436614e-08,4,0.259,NAA-GDP,0.024,0,10,,0,s0_p10_NAA-GDP_l4_r0,fcf8b4f93626e8cf9603afe70c3a614f6523366181d2f4df2620ee6efbb41bdb,3ea87f4a1b7b84a26ee106434a73c8c3b1666cf072e5654900cb743a0c6ff2ae,,,,,
0.8568406205923836,,,4.616331435000575,988babfb79a4be0620cf47d259d4da35f8fc07573e92f83a2e388003c17759ba,0.8561754908835905,2774aed934e9b55963588c876b6d3f7f5fc8814e91c160cc44d904a8910dda15,2026-09-06T08:43:18.982469+00:00,1,2.3900292460002674,True,22.0,8.031352277794997e-08,4,0.287,NAA-GDP,0.024,0,5,,1,s0_p5_NAA-GDP_l4_r1,fcf8b4f93626e8cf9603afe70c3a614f6523366181d2f4df2620ee6efbb41bdb,3ea87f4a1b7b84a26ee106434a73c8c3b1666cf072e5654900cb743a0c6ff2ae,,,,,
0.8681706027493832,,,6.9681654699998035,988babfb79a4be0620cf47d259d4da35f8fc07573e92f83a2e388003c17759ba,0.8663386275628522,2774aed934e9b55963588c876b6d3f7f5fc8814e91c160cc44d904a8910dda15,2026-09-06T08:43:30.424971+00:00,1,4.317549018000136,True,16.0,6.117673577090553e-08,4,0.287,NAA-GDP,0.024,0,10,,1,s0_p10_NAA-GDP_l4_r1,fcf8b4f93626e8cf9603afe70c3a614f6523366181d2f4df2620ee6efbb41bdb,3ea87f4a1b7b84a26ee106434a73c8c3b1666cf072e5654900cb743a0c6ff2ae,,,,,
0.8399153737658674,,,4.631310914000096,988babfb79a4be0620cf47d259d4da35f8fc07573e92f83a2e388003c17759ba,0.8405166231034042,2774aed934e9b55963588c876b6d3f7f5fc8814e91c160cc44d904a8910dda15,2026-09-06T08:44:50.772667+00:00,1,3.085592331999578,True,22.0,7.620879673954459e-08,4,0.339,NAA-GDP,0.024,0,5,,2,s0_p5_NAA-GDP_l4_r2,fcf8b4f93626e8cf9603afe70c3a614f6523366181d2f4df2620ee6efbb41bdb,3ea87f4a1b7b84a26ee106434a73c8c3b1666cf072e5654900cb743a0c6ff2ae,,,,,
0.8671131476912232,,,6.925691864000328,988babfb79a4be0620cf47d259d4da35f8fc07573e92f83a2e388003c17759ba,0.8655607233289622,2774aed934e9b55963588c876b6d3f7f5fc8814e91c160cc44d904a8910dda15,2026-09-06T08:45:02.018244+00:00,1,4.1836972319997585,True,16.0,6.019643318303564e-08,4,0.339,NAA-GDP,0.024,0,10,,2,s0_p10_NAA-GDP_l4_r2,fcf8b4f93626e8cf9603afe70c3a614f6523366181d2f4df2620ee6efbb41bdb,3ea87f4a1b7b84a26ee106434a73c8c3b1666cf072e5654900cb743a0c6ff2ae,,,,,
0.8695345557122708,,,4.598611066000558,988babfb79a4be0620cf47d259d4da35f8fc07573e92f83a2e388003c17759ba,0.8691030218028816,2774aed934e9b55963588c876b6d3f7f5fc8814e91c160cc44d904a8910dda15,2026-09-06T08:46:19.658768+00:00,1,2.1435619559997576,True,22.0,7.498978494333532e-08,4,0.34,NAA-GDP,0.024,0,5,,3,s0_p5_NAA-GDP_l4_r3,fcf8b4f93626e8cf9603afe70c3a614f6523366181d2f4df2620ee6efbb41bdb,3ea87f4a1b7b84a26ee106434a73c8c3b1666cf072e5654900cb743a0c6ff2ae,,,,,
0.8713429679238632,,,6.946410406999348,988babfb79a4be0620cf47d259d4da35f8fc07573e92f83a2e388003c17759ba,0.8705385636377938,2774aed934e9b55963588c876b6d3f7f5fc8814e91c160cc44d904a8910dda15,2026-09-06T08:46:31.668710+00:00,1,4.928426513999511,True,16.0,5.891219719148153e-08,4,0.34,NAA-GDP,0.024,0,10,,3,s0_p10_NAA-GDP_l4_r3,fcf8b4f93626e8cf9603afe70c3a614f6523366181d2f4df2620ee6efbb41bdb,3ea87f4a1b7b84a26ee106434a73c8c3b1666cf072e5654900cb743a0c6ff2ae,,,,,
0.8533145275035261,,,10.229299216000072,988babfb79a4be0620cf47d259d4da35f8fc07573e92f83a2e388003c17759ba,0.8514877916613541,2774aed934e9b55963588c876b6d3f7f5fc8814e91c160cc44d904a8910dda15,2026-09-06T08:48:32.052887+00:00,1,1.8048687510008676,True,52.0,8.462890330932188e-08,5,0.23,NAA-GDP,0.03,0,5,,0,s0_p5_NAA-GDP_l5_r0,fcf8b4f93626e8cf9603afe70c3a614f6523366181d2f4df2620ee6efbb41bdb,3ea87f4a1b7b84a26ee106434a73c8c3b1666cf072e5654900cb743a0c6ff2ae,,,,,
0.8583010222065562,,,10.987700705000861,988babfb79a4be0620cf47d259d4da35f8fc07573e92f83a2e388003c17759ba,0.8584363651933036,2774aed934e9b55963588c876b6d3f7f5fc8814e91c160cc44d904a8910dda15,2026-09-06T08:48:46.978367+00:00,1,3.7937839389996952,True,27.0,8.64834281684955e-08,5,0.23,NAA-GDP,0.03,0,10,,0,s0_p10_NAA-GDP_l5_r0,fcf8b4f93626e8cf9603afe70c3a614f6523366181d2f4df2620ee6efbb41bdb,3ea87f4a1b7b84a26ee106434a73c8c3b1666cf072e5654900cb743a0c6ff2ae,,,,,
0.8526093088857546,,,10.031522657000096,988babfb79a4be0620cf47d259d4da35f8fc07573e92f83a2e388003c17759ba,0.8525297239576692,2774aed934e9b55963588c876b6d3f7f5fc8814e91c160cc44d904a8910dda15,2026-09-06T08:50:41.396741+00:00,1,2.0204231540001274,True,51.0,9.282876946752384e-08,5,0.236,NAA-GDP,0.03,0,5,,1,s0_p5_NAA-GDP_l5_r1,fcf8b4f93626e8cf9603afe70c3a614f6523366181d2f4df2620ee6efbb41bdb,3ea87f4a1b7b84a26ee106434a73c8c3b1666cf072e5654900cb743a0c6ff2ae,,,,,
0.8600634473034896,,,10.969154211999921,988babfb79a4be0620cf47d259d4da35f8fc07573e92f83a2e388003c17759ba,0.8594465205152638,2774aed934e9b55963588c876b6d3f7f5fc8814e91c160cc44d904a8910dda15,2026-09-06T08:50:57.008436+00:00,1,4.496165088000453,True,27.0,8.867812274781948e-08,5,0.236,NAA-GDP,0.03,0,10,,1,s0_p10_NAA-GDP_l5_r1,fcf8b4f93626e8cf9603afe70c3a614f6523366181d2f4df2620ee6efbb41bdb,3ea87f4a1b7b84a26ee106434a73c8c3b1666cf072e5654900cb743a0c6ff2ae,,,,,
0.8540197461212976,,,11.140303416000279,988babfb79a4be0620cf47d259d4da35f8fc07573e92f83a2e388003c17759ba,0.8536194695907178,2774aed934e9b55963588c876b6d3f7f5fc8814e91c160cc44d904a8910dda15,2026-09-06T08:52:57.858257+00:00,1,1.9123596060007912,True,57.0,8.361704500221758e-08,5,0.222,NAA-GDP,0.03,0,5,,2,s0_p5_NAA-GDP_l5_r2,fcf8b4f93626e8cf9603afe70c3a614f6523366181d2f4df2620ee6efbb41bdb,3ea87f4a1b7b84a26ee106434a73c8c3b1666cf072e5654900cb743a0c6ff2ae,,,,,
0.8572435671483962,,,10.971741457000462,988babfb79a4be0620cf47d259d4da35f8fc07573e92f83a2e388003c17759ba,0.8576584609594136,2774aed934e9b55963588c876b6d3f7f5fc8814e91c160cc44d904a8910dda15,2026-09-06T08:53:13.307646+00:00,1,4.330482613999266,True,27.0,9.499274414575476e-08,5,0.222,NAA-GDP,0.03,0,10,,2,s0_p10_NAA-GDP_l5_r2,fcf8b4f93626e8cf9603afe70c3a614f6523366181d2f4df2620ee6efbb41bdb,3ea87f4a1b7b84a26ee106434a73c8c3b1666cf072e5654900cb743a0c6ff2ae,,,,,
0.8631875881523272,,,10.601797129999795,988babfb79a4be0620cf47d259d4da35f8fc07573e92f83a2e388003c17759ba,0.8616979312762973,2774aed934e9b55963588c876b6d3f7f5fc8814e91c160cc44d904a8910dda15,2026-09-06T08:55:23.867971+00:00,1,2.5973822539999674,True,54.0,8.788066933010554e-08,5,0.26,NAA-GDP,0.03,0,5,,3,s0_p5_NAA-GDP_l5_r3,fcf8b4f93626e8cf9603afe70c3a614f6523366181d2f4df2620ee6efbb41bdb,3ea87f4a1b7b84a26ee106434a73c8c3b1666cf072e5654900cb743a0c6ff2ae,,,,,
0.8621783574198096,,,10.982304191000367,988babfb79a4be0620cf47d259d4da35f8fc07573e92f83a2e388003c17759ba,0.861180064542403,2774aed934e9b55963588c876b6d3f7f5fc8814e91c160cc44d904a8910dda15,2026-09-06T08:55:39.255096+00:00,1,4.267015575000187,True,27.0,8.523640447050923e-08,5,0.26,NAA-GDP,0.03,0,10,,3,s0_p10_NAA-GDP_l5_r3,fcf8b4f93626e8cf9603afe70c3a614f6523366181d2f4df2620ee6efbb41bdb,3ea87f4a1b7b84a26ee106434a73c8c3b1666cf072e5654900cb743a0c6ff2ae,,,,,
0.8441466854724965,,,94.0023031820001,988babfb79a4be0620cf47d259d4da35f8fc07573e92f83a2e388003c17759ba,0.8438396500063752,2774aed934e9b55963588c876b6d3f7f5fc8814e91c160cc44d904a8910dda15,2026-09-06T08:59:11.809262+00:00,1,1.897722161999809,False,500.0,3.066622866269923e-05,6,0.216,NAA-GDP,0.036,0,5,,0,s0_p5_NAA-GDP_l6_r0,fcf8b4f93626e8cf9603afe70c3a614f6523366181d2f4df2620ee6efbb41bdb,3ea87f4a1b7b84a26ee106434a73c8c3b1666cf072e5654900cb743a0c6ff2ae,,,,,
0.8540712019739161,,,26.90071922000061,988babfb79a4be0620cf47d259d4da35f8fc07573e92f83a2e388003c17759ba,0.8528956956131677,2774aed934e9b55963588c876b6d3f7f5fc8814e91c160cc44d904a8910dda15,2026-09-06T08:59:42.163826+00:00,1,3.3073833919997924,True,70.0,9.298362919309058e-08,6,0.216,NAA-GDP,0.036,0,10,,0,s0_p10_NAA-GDP_l6_r0,fcf8b4f93626e8cf9603afe70c3a614f6523366181d2f4df2620ee6efbb41bdb,3ea87f4a1b7b84a26ee106434a73c8c3b1666cf072e5654900cb743a0c6ff2ae,,,,,
0.8399153737658674,,,93.8870996630003,988babfb79a4be0620cf47d259d4da35f8fc07573e92f83a2e388003c17759ba,0.8398711430575035,2774aed934e9b55963588c876b6d3f7f5fc8814e91c160cc44d904a8910dda15,2026-09-06T09:03:35.528552+00:00,1,3.1682542319995264,False,500.0,0.002263172744772451,6,0.186,NAA-GDP,0.036,0,5,,1,s0_p5_NAA-GDP_l6_r1,fcf8b4f93626e8cf9603afe70c3a614f6523366181d2f4df2620ee6efbb41bdb,3ea87f4a1b7b84a26ee106434a73c8c3b1666cf072e5654900cb743a0c6ff2ae,,,,,
0.850898836799436,,,26.857277007999983,988babfb79a4be0620cf47d259d4da35f8fc07573e92f83a2e388003c17759ba,0.8508285862505365,2774aed934e9b55963588c876b6d3f7f5fc8814e91c160cc44d904a8910dda15,2026-09-06T09:04:06.979030+00:00,1,4.452549460999762,True,70.0,8.814260049098491e-08,6,0.186,NAA-GDP,0.036,0,10,,1,s0_p10_NAA-GDP_l6_r1,fcf8b4f93626e8cf9603afe70c3a614f6523366181d2f4df2620ee6efbb41bdb,3ea87f4a1b7b84a26ee106434a73c8c3b1666cf072e5654900cb743a0c6ff2ae,,,,,
0.847672778561354,,,93.95432282599995,988babfb79a4be0620cf47d259d4da35f8fc07573e92f83a2e388003c17759ba,0.8466984890985593,2774aed934e9b55963588c876b6d3f7f5fc8814e91c160cc44d904a8910dda15,2026-09-06T09:07:58.179011+00:00,1,1.7593670419992122,False,500.0,0.0012107877758183096,6,0.186,NAA-GDP,0.036,0,5,,2,s0_p5_NAA-GDP_l6_r2,fcf8b4f93626e8cf9603afe70c3a614f6523366181d2f4df2620ee6efbb41bdb,3ea87f4a1b7b84a26ee106434a73c8c3b1666cf072e5654900cb743a0c6ff2ae,,,,,
0.8597109622841029,,,26.810938929999793,988babfb79a4be0620cf47d259d4da35f8fc07573e92f83a2e388003c17759ba,0.8591378481152563,2774aed934e9b55963588c876b6d3f7f5fc8814e91c160cc44d904a8910dda15,2026-09-06T09:08:28.771984+00:00,1,3.629589701000441,True,70.0,8.647373839195137e-08,6,0.186,NAA-GDP,0.036,0,10,,2,s0_p10_NAA-GDP_l6_r2,fcf8b4f93626e8cf9603afe70c3a614f6523366181d2f4df2620ee6efbb41bdb,3ea87f4a1b7b84a26ee106434a73c8c3b1666cf072e5654900cb743a0c6ff2ae,,,,,
0.8511988716502116,,,93.93330285299999,988babfb79a4be0620cf47d259d4da35f8fc07573e92f83a2e388003c17759ba,0.8507944982787199,2774aed934e9b55963588c876b6d3f7f5fc8814e91c160cc44d904a8910dda15,2026-09-06T09:12:25.961518+00:00,1,2.148218975999953,False,500.0,0.0056798802777270375,6,0.199,NAA-GDP,0.036,0,5,,3,s0_p5_NAA-GDP_l6_r3,fcf8b4f93626e8cf9603afe70c3a614f6523366181d2f4df2620ee6efbb41bdb,3ea87f4a1b7b84a26ee106434a73c8c3b1666cf072e5654900cb743a0c6ff2ae,,,,,
0.8438491364117024,,,27.2243405549998,988babfb79a4be0620cf47d259d4da35f8fc07573e92f83a2e388003c17759ba,0.8426704245042074,2774aed934e9b55963588c876b6d3f7f5fc8814e91c160cc44d904a8910dda15,2026-09-06T09:13:00.327065+00:00,1,7.00150849199963,True,71.0,8.933646471055291e-08,6,0.199,NAA-GDP,0.036,0,10,,3,s0_p10_NAA-GDP_l6_r3,fcf8b4f93626e8cf9603afe70c3a614f6523366181d2f4df2620ee6efbb41bdb,3ea87f4a1b7b84a26ee106434a73c8c3b1666cf072e5654900cb743a0c6ff2ae,,,,,
0.8328631875881524,,,93.8000018570001,988babfb79a4be0620cf47d259d4da35f8fc07573e92f83a2e388003c17759ba,0.833938304857835,2774aed934e9b55963588c876b6d3f7f5fc8814e91c160cc44d904a8910dda15,2026-09-06T09:16:53.745633+00:00,1,1.7856765720007388,False,500.0,0.008532479581019287,7,0.212,NAA-GDP,0.042,0,5,,0,s0_p5_NAA-GDP_l7_r0,fcf8b4f93626e8cf9603afe70c3a614f6523366181d2f4df2620ee6efbb41bdb,3ea87f4a1b7b84a26ee106434a73c8c3b1666cf072e5654900cb743a0c6ff2ae,,,,,
0.835741980965809,,,185.93611671800045,988babfb79a4be0620cf47d259d4da35f8fc07573e92f83a2e388003c17759ba,0.835719072270166,2774aed934e9b55963588c876b6d3f7f5fc8814e91c160cc44d904a8910dda15,2026-09-06T09:20:04.917069+00:00,1,5.085028745999807,False,500.0,0.012165400943339788,7,0.212,NAA-GDP,0.042,0,10,,0,s0_p10_NAA-GDP_l7_r0,fcf8b4f93626e8cf9603afe70c3a614f6523366181d2f4df2620ee6efbb41bdb,3ea87f4a1b7b84a26ee106434a73c8c3b1666cf072e5654900cb743a0c6ff2ae,,,,,
0.8293370944992948,,,93.8203830149996,988babfb79a4be0620cf47d259d4da35f8fc07573e92f83a2e388003c17759ba,0.8289816556164733,2774aed934e9b55963588c876b6d3f7f5fc8814e91c160cc44d904a8910dda15,2026-09-06T09:25:49.371437+00:00,1,2.0638411469990388,False,500.0,0.006612428102258873,7,0.183,NAA-GDP,0.042,0,5,,1,s0_p5_NAA-GDP_l7_r1,fcf8b4f93626e8cf9603afe70c3a614f6523366181d2f4df2620ee6efbb41bdb,3ea87f4a1b7b84a26ee106434a73c8c3b1666cf072e5654900cb743a0c6ff2ae,,,,,
0.8484314416637293,,,186.04530491699916,988babfb79a4be0620cf47d259d4da35f8fc07573e92f83a2e388003c17759ba,0.8470978820094772,2774aed934e9b55963588c876b6d3f7f5fc8814e91c160cc44d904a8910dda15,2026-09-06T09:29:00.883077+00:00,1,5.318267065000327,False,500.0,0.007108776901998178,7,0.183,NAA-GDP,0.042,0,10,,1,s0_p10_NAA-GDP_l7_r1,fcf8b4f93626e8cf9603afe70c3a614f6523366181d2f4df2620ee6efbb41bdb,3ea87f4a1b7b84a26ee106434a73c8c3b1666cf072e5654900cb743a0c6ff2ae,,,,,
0.846262341325811,,,93.80505020900091,988babfb79a4be0620cf47d259d4da35f8fc07573e92f83a2e388003c17759ba,0.8456087434655106,2774aed934e9b55963588c876b6d3f7f5fc8814e91c160cc44d904a8910dda15,2026-09-06T09:36:21.207429+00:00,1,1.926269470999614,False,500.0,0.009023064190210317,7,0.179,NAA-GDP,0.042,0,5,,2,s0_p5_NAA-GDP_l7_r2,fcf8b4f93626e8cf9603afe70c3a614f6523366181d2f4df2620ee6efbb41bdb,3ea87f4a1b7b84a26ee106434a73c8c3b1666cf072e5654900cb743a0c6ff2ae,,,,,
0.8420867113147691,,,186.1063332169997,988babfb79a4be0620cf47d259d4da35f8fc07573e92f83a2e388003c17759ba,0.8418676273348329,2774aed934e9b55963588c876b6d3f7f5fc8814e91c160cc44d904a8910dda15,2026-09-06T09:39:33.052885+00:00,1,5.5955999010002415,False,500.0,0.00513550698236005,7,0.179,NAA-GDP,0.042,0,10,,2,s0_p10_NAA-GDP_l7_r2,fcf8b4f93626e8cf9603afe70c3a614f6523366181d2f4df2620ee6efbb41bdb,3ea87f4a1b7b84a26ee106434a73c8c3b1666cf072e5654900cb743a0c6ff2ae,,,,,
0.8356840620592384,,,94.04384998600108,988babfb79a4be0620cf47d259d4da35f8fc07573e92f83a2e388003c17759ba,0.8357950561009817,2774aed934e9b55963588c876b6d3f7f5fc8814e91c160cc44d904a8910dda15,2026-09-06T09:45:05.606518+00:00,1,2.9044388530001015,False,500.0,0.01129519354435346,7,0.15,NAA-GDP,0.042,0,5,,3,s0_p5_NAA-GDP_l7_r3,fcf8b4f93626e8cf9603afe70c3a614f6523366181d2f4df2620ee6efbb41bdb,3ea87f4a1b7b84a26ee106434a73c8c3b1666cf072e5654900cb743a0c6ff2ae,,,,,
0.838914346140289,,,185.77091772099993,988babfb79a4be0620cf47d259d4da35f8fc07573e92f83a2e388003c17759ba,0.8386748594295933,2774aed934e9b55963588c876b6d3f7f5fc8814e91c160cc44d904a8910dda15,2026-09-06T09:48:18.297408+00:00,1,6.780136975999994,False,500.0,0.011630616704719834,7,0.15,NAA-GDP,0.042,0,10,,3,s0_p10_NAA-GDP_l7_r3,fcf8b4f93626e8cf9603afe70c3a614f6523366181d2f4df2620ee6efbb41bdb,3ea87f4a1b7b84a26ee106434a73c8c3b1666cf072e5654900cb743a0c6ff2ae,,,,,
0.8335684062059239,,,94.06654205299856,988babfb79a4be0620cf47d259d4da35f8fc07573e92f83a2e388003c17759ba,0.8337032226188958,2774aed934e9b55963588c876b6d3f7f5fc8814e91c160cc44d904a8910dda15,2026-09-06T09:53:55.328890+00:00,1,3.078963019999719,False,500.0,0.012052406165000846,8,0.124,NAA-GDP,0.048,0,5,,0,s0_p5_NAA-GDP_l8_r0,fcf8b4f93626e8cf9603afe70c3a614f6523366181d2f4df2620ee6efbb41bdb,3ea87f4a1b7b84a26ee106434a73c8c3b1666cf072e5654900cb743a0c6ff2ae,,,,,
0.8434966513923158,,,185.9818703510009,988babfb79a4be0620cf47d259d4da35f8fc07573e92f83a2e388003c17759ba,0.8432800524942223,2774aed934e9b55963588c876b6d3f7f5fc8814e91c160cc44d904a8910dda15,2026-09-06T09:57:05.857490+00:00,1,4.391836288999912,False,500.0,0.017575207975956544,8,0.124,NAA-GDP,0.048,0,10,,0,s0_p10_NAA-GDP_l8_r0,fcf8b4f93626e8cf9603afe70c3a614f6523366181d2f4df2620ee6efbb41bdb,3ea87f4a1b7b84a26ee106434a73c8c3b1666cf072e5654900cb743a0c6ff2ae,,,,,
0.8222849083215797,,,94.14833274899866,988babfb79a4be0620cf47d259d4da35f8fc07573e92f83a2e388003c17759ba,0.8204668972332017,2774aed934e9b55963588c876b6d3f7f5fc8814e91c160cc44d904a8910dda15,2026-09-06T10:21:17.233862+00:00,1,2.9448850720000337,False,500.0,0.009742872492152695,8,0.132,NAA-GDP,0.048,0,5,,1,s0_p5_NAA-GDP_l8_r1,fcf8b4f93626e8cf9603afe70c3a614f6523366181d2f4df2620ee6efbb41bdb,3ea87f4a1b7b84a26ee106434a73c8c3b1666cf072e5654900cb743a0c6ff2ae,,,,,
0.8375044060627423,,,186.13751047799997,988babfb79a4be0620cf47d259d4da35f8fc07573e92f83a2e388003c17759ba,0.8373513020498835,2774aed934e9b55963588c876b6d3f7f5fc8814e91c160cc44d904a8910dda15,2026-09-06T10:24:28.740914+00:00,1,5.209695121999175,False,500.0,0.024000759932008366,8,0.132,NAA-GDP,0.048,0,10,,1,s0_p10_NAA-GDP_l8_r1,fcf8b4f93626e8cf9603afe70c3a614f6523366181d2f4df2620ee6efbb41bdb,3ea87f4a1b7b84a26ee106434a73c8c3b1666cf072e5654900cb743a0c6ff2ae,,,,,
0.8356840620592384,,,94.67838171099993,988babfb79a4be0620cf47d259d4da35f8fc07573e92f83a2e388003c17759ba,0.8343965160015301,2774aed934e9b55963588c876b6d3f7f5fc8814e91c160cc44d904a8910dda15,2026-09-06T11:03:15.476443+00:00,1,3.0863681069999984,False,500.0,0.009697088546411695,8,0.146,NAA-GDP,0.048,0,5,,2,s0_p5_NAA-GDP_l8_r2,fcf8b4f93626e8cf9603afe70c3a614f6523366181d2f4df2620ee6efbb41bdb,3ea87f4a1b7b84a26ee106434a73c8c3b1666cf072e5654900cb743a0c6ff2ae,a12dcb1ba4e2a21b6a4474c284e3079c1b8e06dc282072a6d2d3a684bd02794b,1a980269c1778978c64462bf76cf00949cd95e29e33d5066107809299e5dec35,p5_10,celeba-three-workers-v1,
0.8251674303842087,,,186.31088017499997,988babfb79a4be0620cf47d259d4da35f8fc07573e92f83a2e388003c17759ba,0.8247111672695735,2774aed934e9b55963588c876b6d3f7f5fc8814e91c160cc44d904a8910dda15,2026-09-06T11:06:26.654676+00:00,1,4.583184796000296,False,500.0,0.01833295360736795,8,0.146,NAA-GDP,0.048,0,10,,2,s0_p10_NAA-GDP_l8_r2,fcf8b4f93626e8cf9603afe70c3a614f6523366181d2f4df2620ee6efbb41bdb,3ea87f4a1b7b84a26ee106434a73c8c3b1666cf072e5654900cb743a0c6ff2ae,a12dcb1ba4e2a21b6a4474c284e3079c1b8e06dc282072a6d2d3a684bd02794b,1a980269c1778978c64462bf76cf00949cd95e29e33d5066107809299e5dec35,p5_10,celeba-three-workers-v1,
0.8413258110014105,,,94.02634893799996,988babfb79a4be0620cf47d259d4da35f8fc07573e92f83a2e388003c17759ba,0.8416601587402779,2774aed934e9b55963588c876b6d3f7f5fc8814e91c160cc44d904a8910dda15,2026-09-06T11:08:03.592489+00:00,1,1.918425988999843,False,500.0,0.006994936875276763,8,0.093,NAA-GDP,0.048,0,5,,3,s0_p5_NAA-GDP_l8_r3,fcf8b4f93626e8cf9603afe70c3a614f6523366181d2f4df2620ee6efbb41bdb,3ea87f4a1b7b84a26ee106434a73c8c3b1666cf072e5654900cb743a0c6ff2ae,a12dcb1ba4e2a21b6a4474c284e3079c1b8e06dc282072a6d2d3a684bd02794b,1a980269c1778978c64462bf76cf00949cd95e29e33d5066107809299e5dec35,p5_10,celeba-three-workers-v1,
0.836799436023969,,,186.35320043899992,988babfb79a4be0620cf47d259d4da35f8fc07573e92f83a2e388003c17759ba,0.8354009405546743,2774aed934e9b55963588c876b6d3f7f5fc8814e91c160cc44d904a8910dda15,2026-09-06T11:11:15.969638+00:00,1,5.763224942999841,False,500.0,0.018227847911006144,8,0.093,NAA-GDP,0.048,0,10,,3,s0_p10_NAA-GDP_l8_r3,fcf8b4f93626e8cf9603afe70c3a614f6523366181d2f4df2620ee6efbb41bdb,3ea87f4a1b7b84a26ee106434a73c8c3b1666cf072e5654900cb743a0c6ff2ae,a12dcb1ba4e2a21b6a4474c284e3079c1b8e06dc282072a6d2d3a684bd02794b,1a980269c1778978c64462bf76cf00949cd95e29e33d5066107809299e5dec35,p5_10,celeba-three-workers-v1,
0.8236953455571228,,,94.360545129,988babfb79a4be0620cf47d259d4da35f8fc07573e92f83a2e388003c17759ba,0.8225786529389264,2774aed934e9b55963588c876b6d3f7f5fc8814e91c160cc44d904a8910dda15,2026-09-06T11:12:54.177865+00:00,1,2.870110670000031,False,500.0,0.012599167883234752,9,0.117,NAA-GDP,0.054,0,5,,0,s0_p5_NAA-GDP_l9_r0,fcf8b4f93626e8cf9603afe70c3a614f6523366181d2f4df2620ee6efbb41bdb,3ea87f4a1b7b84a26ee106434a73c8c3b1666cf072e5654900cb743a0c6ff2ae,a12dcb1ba4e2a21b6a4474c284e3079c1b8e06dc282072a6d2d3a684bd02794b,1a980269c1778978c64462bf76cf00949cd95e29e33d5066107809299e5dec35,p5_10,celeba-three-workers-v1,
0.8417342262953824,,,186.6456110879999,988babfb79a4be0620cf47d259d4da35f8fc07573e92f83a2e388003c17759ba,0.8397519767480068,2774aed934e9b55963588c876b6d3f7f5fc8814e91c160cc44d904a8910dda15,2026-09-06T11:16:06.955966+00:00,1,5.869265196000015,False,500.0,0.025000569718766425,9,0.117,NAA-GDP,0.054,0,10,,0,s0_p10_NAA-GDP_l9_r0,fcf8b4f93626e8cf9603afe70c3a614f6523366181d2f4df2620ee6efbb41bdb,3ea87f4a1b7b84a26ee106434a73c8c3b1666cf072e5654900cb743a0c6ff2ae,a12dcb1ba4e2a21b6a4474c284e3079c1b8e06dc282072a6d2d3a684bd02794b,1a980269c1778978c64462bf76cf00949cd95e29e33d5066107809299e5dec35,p5_10,celeba-three-workers-v1,
0.8272214386459803,,,94.17179531900001,988babfb79a4be0620cf47d259d4da35f8fc07573e92f83a2e388003c17759ba,0.8259216020655361,2774aed934e9b55963588c876b6d3f7f5fc8814e91c160cc44d904a8910dda15,2026-09-06T11:17:43.425326+00:00,1,1.4379830510001739,False,500.0,0.014784394135619409,9,0.156,NAA-GDP,0.054,0,5,,1,s0_p5_NAA-GDP_l9_r1,fcf8b4f93626e8cf9603afe70c3a614f6523366181d2f4df2620ee6efbb41bdb,3ea87f4a1b7b84a26ee106434a73c8c3b1666cf072e5654900cb743a0c6ff2ae,a12dcb1ba4e2a21b6a4474c284e3079c1b8e06dc282072a6d2d3a684bd02794b,1a980269c1778978c64462bf76cf00949cd95e29e33d5066107809299e5dec35,p5_10,celeba-three-workers-v1,
0.836799436023969,,,186.47961229799967,988babfb79a4be0620cf47d259d4da35f8fc07573e92f83a2e388003c17759ba,0.8357564116733927,2774aed934e9b55963588c876b6d3f7f5fc8814e91c160cc44d904a8910dda15,2026-09-06T11:20:55.364353+00:00,1,5.1660888800001885,False,500.0,0.02231295878559209,9,0.156,NAA-GDP,0.054,0,10,,1,s0_p10_NAA-GDP_l9_r1,fcf8b4f93626e8cf9603afe70c3a614f6523366181d2f4df2620ee6efbb41bdb,3ea87f4a1b7b84a26ee106434a73c8c3b1666cf072e5654900cb743a0c6ff2ae,a12dcb1ba4e2a21b6a4474c284e3079c1b8e06dc282072a6d2d3a684bd02794b,1a980269c1778978c64462bf76cf00949cd95e29e33d5066107809299e5dec35,p5_10,celeba-three-workers-v1,
0.842031029619182,,,94.27108999400025,988babfb79a4be0620cf47d259d4da35f8fc07573e92f83a2e388003c17759ba,0.8404030664286625,2774aed934e9b55963588c876b6d3f7f5fc8814e91c160cc44d904a8910dda15,2026-09-06T11:22:33.436027+00:00,1,2.9391059579998,False,500.0,0.010315077191855754,9,0.13,NAA-GDP,0.054,0,5,,2,s0_p5_NAA-GDP_l9_r2,fcf8b4f93626e8cf9603afe70c3a614f6523366181d2f4df2620ee6efbb41bdb,3ea87f4a1b7b84a26ee106434a73c8c3b1666cf072e5654900cb743a0c6ff2ae,a12dcb1ba4e2a21b6a4474c284e3079c1b8e06dc282072a6d2d3a684bd02794b,1a980269c1778978c64462bf76cf00949cd95e29e33d5066107809299e5dec35,p5_10,celeba-three-workers-v1,
0.8311596757137821,,,186.69478927,988babfb79a4be0620cf47d259d4da35f8fc07573e92f83a2e388003c17759ba,0.8292476558322655,2774aed934e9b55963588c876b6d3f7f5fc8814e91c160cc44d904a8910dda15,2026-09-06T11:25:45.535610+00:00,1,5.140906582000298,False,500.0,0.01830159794631764,9,0.13,NAA-GDP,0.054,0,10,,2,s0_p10_NAA-GDP_l9_r2,fcf8b4f93626e8cf9603afe70c3a614f6523366181d2f4df2620ee6efbb41bdb,3ea87f4a1b7b84a26ee106434a73c8c3b1666cf072e5654900cb743a0c6ff2ae,a12dcb1ba4e2a21b6a4474c284e3079c1b8e06dc282072a6d2d3a684bd02794b,1a980269c1778978c64462bf76cf00949cd95e29e33d5066107809299e5dec35,p5_10,celeba-three-workers-v1,
0.8279266572637518,,,94.15260291300001,988babfb79a4be0620cf47d259d4da35f8fc07573e92f83a2e388003c17759ba,0.8274615899528242,2774aed934e9b55963588c876b6d3f7f5fc8814e91c160cc44d904a8910dda15,2026-09-06T11:27:23.398223+00:00,1,2.8440383839997594,False,500.0,0.014801464680949464,9,0.119,NAA-GDP,0.054,0,5,,3,s0_p5_NAA-GDP_l9_r3,fcf8b4f93626e8cf9603afe70c3a614f6523366181d2f4df2620ee6efbb41bdb,3ea87f4a1b7b84a26ee106434a73c8c3b1666cf072e5654900cb743a0c6ff2ae,a12dcb1ba4e2a21b6a4474c284e3079c1b8e06dc282072a6d2d3a684bd02794b,1a980269c1778978c64462bf76cf00949cd95e29e33d5066107809299e5dec35,p5_10,celeba-three-workers-v1,
0.8223475502291152,,,186.66627839099965,988babfb79a4be0620cf47d259d4da35f8fc07573e92f83a2e388003c17759ba,0.8239006532901989,2774aed934e9b55963588c876b6d3f7f5fc8814e91c160cc44d904a8910dda15,2026-09-06T11:30:34.998136+00:00,1,4.671299249000185,False,500.0,0.019352900431600928,9,0.119,NAA-GDP,0.054,0,10,,3,s0_p10_NAA-GDP_l9_r3,fcf8b4f93626e8cf9603afe70c3a614f6523366181d2f4df2620ee6efbb41bdb,3ea87f4a1b7b84a26ee106434a73c8c3b1666cf072e5654900cb743a0c6ff2ae,a12dcb1ba4e2a21b6a4474c284e3079c1b8e06dc282072a6d2d3a684bd02794b,1a980269c1778978c64462bf76cf00949cd95e29e33d5066107809299e5dec35,p5_10,celeba-three-workers-v1,
0.8363892806770099,,,94.42131592899977,988babfb79a4be0620cf47d259d4da35f8fc07573e92f83a2e388003c17759ba,0.8356137638658676,2774aed934e9b55963588c876b6d3f7f5fc8814e91c160cc44d904a8910dda15,2026-09-06T11:32:11.919262+00:00,1,1.629078147999735,False,500.0,0.008808907920082348,10,0.124,NAA-GDP,0.06,0,5,,0,s0_p5_NAA-GDP_l10_r0,fcf8b4f93626e8cf9603afe70c3a614f6523366181d2f4df2620ee6efbb41bdb,3ea87f4a1b7b84a26ee106434a73c8c3b1666cf072e5654900cb743a0c6ff2ae,a12dcb1ba4e2a21b6a4474c284e3079c1b8e06dc282072a6d2d3a684bd02794b,1a980269c1778978c64462bf76cf00949cd95e29e33d5066107809299e5dec35,p5_10,celeba-three-workers-v1,
0.8322171307719421,,,186.72963893999986,988babfb79a4be0620cf47d259d4da35f8fc07573e92f83a2e388003c17759ba,0.8314770671342555,2774aed934e9b55963588c876b6d3f7f5fc8814e91c160cc44d904a8910dda15,2026-09-06T11:35:22.679380+00:00,1,3.755020367000725,False,500.0,0.024787152872253363,10,0.124,NAA-GDP,0.06,0,10,,0,s0_p10_NAA-GDP_l10_r0,fcf8b4f93626e8cf9603afe70c3a614f6523366181d2f4df2620ee6efbb41bdb,3ea87f4a1b7b84a26ee106434a73c8c3b1666cf072e5654900cb743a0c6ff2ae,a12dcb1ba4e2a21b6a4474c284e3079c1b8e06dc282072a6d2d3a684bd02794b,1a980269c1778978c64462bf76cf00949cd95e29e33d5066107809299e5dec35,p5_10,celeba-three-workers-v1,
0.8370944992947814,,,94.15525841500039,988babfb79a4be0620cf47d259d4da35f8fc07573e92f83a2e388003c17759ba,0.8355400516384037,2774aed934e9b55963588c876b6d3f7f5fc8814e91c160cc44d904a8910dda15,2026-09-06T11:37:00.700464+00:00,1,2.9956026569998357,False,500.0,0.009186520298695254,10,0.152,NAA-GDP,0.06,0,5,,1,s0_p5_NAA-GDP_l10_r1,fcf8b4f93626e8cf9603afe70c3a614f6523366181d2f4df2620ee6efbb41bdb,3ea87f4a1b7b84a26ee106434a73c8c3b1666cf072e5654900cb743a0c6ff2ae,a12dcb1ba4e2a21b6a4474c284e3079c1b8e06dc282072a6d2d3a684bd02794b,1a980269c1778978c64462bf76cf00949cd95e29e33d5066107809299e5dec35,p5_10,celeba-three-workers-v1,
0.8364469510045823,,,186.6099832460004,988babfb79a4be0620cf47d259d4da35f8fc07573e92f83a2e388003c17759ba,0.8368103785618057,2774aed934e9b55963588c876b6d3f7f5fc8814e91c160cc44d904a8910dda15,2026-09-06T11:40:11.846055+00:00,1,4.272717268000633,False,500.0,0.025511548097975605,10,0.152,NAA-GDP,0.06,0,10,,1,s0_p10_NAA-GDP_l10_r1,fcf8b4f93626e8cf9603afe70c3a614f6523366181d2f4df2620ee6efbb41bdb,3ea87f4a1b7b84a26ee106434a73c8c3b1666cf072e5654900cb743a0c6ff2ae,a12dcb1ba4e2a21b6a4474c284e3079c1b8e06dc282072a6d2d3a684bd02794b,1a980269c1778978c64462bf76cf00949cd95e29e33d5066107809299e5dec35,p5_10,celeba-three-workers-v1,
0.843441466854725,,,94.13745270099935,988babfb79a4be0620cf47d259d4da35f8fc07573e92f83a2e388003c17759ba,0.843052722172638,2774aed934e9b55963588c876b6d3f7f5fc8814e91c160cc44d904a8910dda15,2026-09-06T11:41:49.761829+00:00,1,2.9056486620002033,False,500.0,0.008886322594123103,10,0.162,NAA-GDP,0.06,0,5,,2,s0_p5_NAA-GDP_l10_r2,fcf8b4f93626e8cf9603afe70c3a614f6523366181d2f4df2620ee6efbb41bdb,3ea87f4a1b7b84a26ee106434a73c8c3b1666cf072e5654900cb743a0c6ff2ae,a12dcb1ba4e2a21b6a4474c284e3079c1b8e06dc282072a6d2d3a684bd02794b,1a980269c1778978c64462bf76cf00949cd95e29e33d5066107809299e5dec35,p5_10,celeba-three-workers-v1,
0.8251674303842087,,,186.4668407250001,988babfb79a4be0620cf47d259d4da35f8fc07573e92f83a2e388003c17759ba,0.8234670183540591,2774aed934e9b55963588c876b6d3f7f5fc8814e91c160cc44d904a8910dda15,2026-09-06T11:45:00.009525+00:00,1,3.513174036000237,False,500.0,0.023840634719971786,10,0.162,NAA-GDP,0.06,0,10,,2,s0_p10_NAA-GDP_l10_r2,fcf8b4f93626e8cf9603afe70c3a614f6523366181d2f4df2620ee6efbb41bdb,3ea87f4a1b7b84a26ee106434a73c8c3b1666cf072e5654900cb743a0c6ff2ae,a12dcb1ba4e2a21b6a4474c284e3079c1b8e06dc282072a6d2d3a684bd02794b,1a980269c1778978c64462bf76cf00949cd95e29e33d5066107809299e5dec35,p5_10,celeba-three-workers-v1,
0.844851904090268,,,94.33985560399924,988babfb79a4be0620cf47d259d4da35f8fc07573e92f83a2e388003c17759ba,0.8446265778401122,2774aed934e9b55963588c876b6d3f7f5fc8814e91c160cc44d904a8910dda15,2026-09-06T11:46:38.333623+00:00,1,3.1120832229998996,False,500.0,0.007646046994190352,10,0.097,NAA-GDP,0.06,0,5,,3,s0_p5_NAA-GDP_l10_r3,fcf8b4f93626e8cf9603afe70c3a614f6523366181d2f4df2620ee6efbb41bdb,3ea87f4a1b7b84a26ee106434a73c8c3b1666cf072e5654900cb743a0c6ff2ae,a12dcb1ba4e2a21b6a4474c284e3079c1b8e06dc282072a6d2d3a684bd02794b,1a980269c1778978c64462bf76cf00949cd95e29e33d5066107809299e5dec35,p5_10,celeba-three-workers-v1,
0.8311596757137821,,,186.65219866000007,988babfb79a4be0620cf47d259d4da35f8fc07573e92f83a2e388003c17759ba,0.8317063310700676,2774aed934e9b55963588c876b6d3f7f5fc8814e91c160cc44d904a8910dda15,2026-09-06T11:49:49.758795+00:00,1,4.511514333999912,False,500.0,0.027277246369296754,10,0.097,NAA-GDP,0.06,0,10,,3,s0_p10_NAA-GDP_l10_r3,fcf8b4f93626e8cf9603afe70c3a614f6523366181d2f4df2620ee6efbb41bdb,3ea87f4a1b7b84a26ee106434a73c8c3b1666cf072e5654900cb743a0c6ff2ae,a12dcb1ba4e2a21b6a4474c284e3079c1b8e06dc282072a6d2d3a684bd02794b,1a980269c1778978c64462bf76cf00949cd95e29e33d5066107809299e5dec35,p5_10,celeba-three-workers-v1,
0.8692280578075432,,,0.0,988babfb79a4be0620cf47d259d4da35f8fc07573e92f83a2e388003c17759ba,0.8700195459329424,2774aed934e9b55963588c876b6d3f7f5fc8814e91c160cc44d904a8910dda15,2026-09-06T11:49:53.652604+00:00,1,3.6533380780001607,,,,1,0.634,C-GDP-private-noise,0.3,0,10,,0,s0_p10_C-GDP-private-noise_l1_r0,fcf8b4f93626e8cf9603afe70c3a614f6523366181d2f4df2620ee6efbb41bdb,3ea87f4a1b7b84a26ee106434a73c8c3b1666cf072e5654900cb743a0c6ff2ae,a12dcb1ba4e2a21b6a4474c284e3079c1b8e06dc282072a6d2d3a684bd02794b,1a980269c1778978c64462bf76cf00949cd95e29e33d5066107809299e5dec35,p5_10,celeba-three-workers-v1,
0.8681706027493832,,,0.0,988babfb79a4be0620cf47d259d4da35f8fc07573e92f83a2e388003c17759ba,0.8677901346309522,2774aed934e9b55963588c876b6d3f7f5fc8814e91c160cc44d904a8910dda15,2026-09-06T11:49:58.072348+00:00,1,4.172701257999506,,,,1,0.611,C-GDP-private-noise,0.3,0,10,,1,s0_p10_C-GDP-private-noise_l1_r1,fcf8b4f93626e8cf9603afe70c3a614f6523366181d2f4df2620ee6efbb41bdb,3ea87f4a1b7b84a26ee106434a73c8c3b1666cf072e5654900cb743a0c6ff2ae,a12dcb1ba4e2a21b6a4474c284e3079c1b8e06dc282072a6d2d3a684bd02794b,1a980269c1778978c64462bf76cf00949cd95e29e33d5066107809299e5dec35,p5_10,celeba-three-workers-v1,
0.8699330278463165,,,0.0,988babfb79a4be0620cf47d259d4da35f8fc07573e92f83a2e388003c17759ba,0.8708738714787698,2774aed934e9b55963588c876b6d3f7f5fc8814e91c160cc44d904a8910dda15,2026-09-06T11:50:02.353794+00:00,1,4.043700909999643,,,,1,0.568,C-GDP-private-noise,0.3,0,10,,2,s0_p10_C-GDP-private-noise_l1_r2,fcf8b4f93626e8cf9603afe70c3a614f6523366181d2f4df2620ee6efbb41bdb,3ea87f4a1b7b84a26ee106434a73c8c3b1666cf072e5654900cb743a0c6ff2ae,a12dcb1ba4e2a21b6a4474c284e3079c1b8e06dc282072a6d2d3a684bd02794b,1a980269c1778978c64462bf76cf00949cd95e29e33d5066107809299e5dec35,p5_10,celeba-three-workers-v1,
0.8716954529432499,,,0.0,988babfb79a4be0620cf47d259d4da35f8fc07573e92f83a2e388003c17759ba,0.8715285556820116,2774aed934e9b55963588c876b6d3f7f5fc8814e91c160cc44d904a8910dda15,2026-09-06T11:50:07.727133+00:00,1,5.134939759999725,,,,1,0.598,C-GDP-private-noise,0.3,0,10,,3,s0_p10_C-GDP-private-noise_l1_r3,fcf8b4f93626e8cf9603afe70c3a614f6523366181d2f4df2620ee6efbb41bdb,3ea87f4a1b7b84a26ee106434a73c8c3b1666cf072e5654900cb743a0c6ff2ae,a12dcb1ba4e2a21b6a4474c284e3079c1b8e06dc282072a6d2d3a684bd02794b,1a980269c1778978c64462bf76cf00949cd95e29e33d5066107809299e5dec35,p5_10,celeba-three-workers-v1,
0.8322171307719421,,,0.0,988babfb79a4be0620cf47d259d4da35f8fc07573e92f83a2e388003c17759ba,0.8328693290159026,2774aed934e9b55963588c876b6d3f7f5fc8814e91c160cc44d904a8910dda15,2026-09-06T11:50:11.654121+00:00,1,3.657405429999926,,,,2,0.419,C-GDP-private-noise,0.6,0,10,,0,s0_p10_C-GDP-private-noise_l2_r0,fcf8b4f93626e8cf9603afe70c3a614f6523366181d2f4df2620ee6efbb41bdb,3ea87f4a1b7b84a26ee106434a73c8c3b1666cf072e5654900cb743a0c6ff2ae,a12dcb1ba4e2a21b6a4474c284e3079c1b8e06dc282072a6d2d3a684bd02794b,1a980269c1778978c64462bf76cf00949cd95e29e33d5066107809299e5dec35,p5_10,celeba-three-workers-v1,
0.8442016214310892,,,0.0,988babfb79a4be0620cf47d259d4da35f8fc07573e92f83a2e388003c17759ba,0.8438677747010109,2774aed934e9b55963588c876b6d3f7f5fc8814e91c160cc44d904a8910dda15,2026-09-06T11:50:15.709351+00:00,1,3.798007864000283,,,,2,0.426,C-GDP-private-noise,0.6,0,10,,1,s0_p10_C-GDP-private-noise_l2_r1,fcf8b4f93626e8cf9603afe70c3a614f6523366181d2f4df2620ee6efbb41bdb,3ea87f4a1b7b84a26ee106434a73c8c3b1666cf072e5654900cb743a0c6ff2ae,a12dcb1ba4e2a21b6a4474c284e3079c1b8e06dc282072a6d2d3a684bd02794b,1a980269c1778978c64462bf76cf00949cd95e29e33d5066107809299e5dec35,p5_10,celeba-three-workers-v1,
0.8322171307719421,,,0.0,988babfb79a4be0620cf47d259d4da35f8fc07573e92f83a2e388003c17759ba,0.8303810311848738,2774aed934e9b55963588c876b6d3f7f5fc8814e91c160cc44d904a8910dda15,2026-09-06T11:50:18.723212+00:00,1,2.7773489510000218,,,,2,0.404,C-GDP-private-noise,0.6,0,10,,2,s0_p10_C-GDP-private-noise_l2_r2,fcf8b4f93626e8cf9603afe70c3a614f6523366181d2f4df2620ee6efbb41bdb,3ea87f4a1b7b84a26ee106434a73c8c3b1666cf072e5654900cb743a0c6ff2ae,a12dcb1ba4e2a21b6a4474c284e3079c1b8e06dc282072a6d2d3a684bd02794b,1a980269c1778978c64462bf76cf00949cd95e29e33d5066107809299e5dec35,p5_10,celeba-three-workers-v1,
0.8353894959464223,,,0.0,988babfb79a4be0620cf47d259d4da35f8fc07573e92f83a2e388003c17759ba,0.836832284345032,2774aed934e9b55963588c876b6d3f7f5fc8814e91c160cc44d904a8910dda15,2026-09-06T11:50:22.649377+00:00,1,3.6909443340000507,,,,2,0.386,C-GDP-private-noise,0.6,0,10,,3,s0_p10_C-GDP-private-noise_l2_r3,fcf8b4f93626e8cf9603afe70c3a614f6523366181d2f4df2620ee6efbb41bdb,3ea87f4a1b7b84a26ee106434a73c8c3b1666cf072e5654900cb743a0c6ff2ae,a12dcb1ba4e2a21b6a4474c284e3079c1b8e06dc282072a6d2d3a684bd02794b,1a980269c1778978c64462bf76cf00949cd95e29e33d5066107809299e5dec35,p5_10,celeba-three-workers-v1,
0.7987310539302079,,,0.0,988babfb79a4be0620cf47d259d4da35f8fc07573e92f83a2e388003c17759ba,0.7963471608611363,2774aed934e9b55963588c876b6d3f7f5fc8814e91c160cc44d904a8910dda15,2026-09-06T11:50:25.321533+00:00,1,2.4198668210001415,,,,3,0.271,C-GDP-private-noise,0.9,0,10,,0,s0_p10_C-GDP-private-noise_l3_r0,fcf8b4f93626e8cf9603afe70c3a614f6523366181d2f4df2620ee6efbb41bdb,3ea87f4a1b7b84a26ee106434a73c8c3b1666cf072e5654900cb743a0c6ff2ae,a12dcb1ba4e2a21b6a4474c284e3079c1b8e06dc282072a6d2d3a684bd02794b,1a980269c1778978c64462bf76cf00949cd95e29e33d5066107809299e5dec35,p5_10,celeba-three-workers-v1,
0.8050757842791681,,,0.0,988babfb79a4be0620cf47d259d4da35f8fc07573e92f83a2e388003c17759ba,0.8043619392990746,2774aed934e9b55963588c876b6d3f7f5fc8814e91c160cc44d904a8910dda15,2026-09-06T11:50:28.645571+00:00,1,3.0846094319995245,,,,3,0.281,C-GDP-private-noise,0.9,0,10,,1,s0_p10_C-GDP-private-noise_l3_r1,fcf8b4f93626e8cf9603afe70c3a614f6523366181d2f4df2620ee6efbb41bdb,3ea87f4a1b7b84a26ee106434a73c8c3b1666cf072e5654900cb743a0c6ff2ae,a12dcb1ba4e2a21b6a4474c284e3079c1b8e06dc282072a6d2d3a684bd02794b,1a980269c1778978c64462bf76cf00949cd95e29e33d5066107809299e5dec35,p5_10,celeba-three-workers-v1,
0.8057807543179415,,,0.0,988babfb79a4be0620cf47d259d4da35f8fc07573e92f83a2e388003c17759ba,0.8038240029632551,2774aed934e9b55963588c876b6d3f7f5fc8814e91c160cc44d904a8910dda15,2026-09-06T11:50:31.912156+00:00,1,3.0268496170001526,,,,3,0.322,C-GDP-private-noise,0.9,0,10,,2,s0_p10_C-GDP-private-noise_l3_r2,fcf8b4f93626e8cf9603afe70c3a614f6523366181d2f4df2620ee6efbb41bdb,3ea87f4a1b7b84a26ee106434a73c8c3b1666cf072e5654900cb743a0c6ff2ae,a12dcb1ba4e2a21b6a4474c284e3079c1b8e06dc282072a6d2d3a684bd02794b,1a980269c1778978c64462bf76cf00949cd95e29e33d5066107809299e5dec35,p5_10,celeba-three-workers-v1,
0.8114205146281283,,,0.0,988babfb79a4be0620cf47d259d4da35f8fc07573e92f83a2e388003c17759ba,0.8104216265840619,2774aed934e9b55963588c876b6d3f7f5fc8814e91c160cc44d904a8910dda15,2026-09-06T11:50:35.329892+00:00,1,3.1817322619999686,,,,3,0.237,C-GDP-private-noise,0.9,0,10,,3,s0_p10_C-GDP-private-noise_l3_r3,fcf8b4f93626e8cf9603afe70c3a614f6523366181d2f4df2620ee6efbb41bdb,3ea87f4a1b7b84a26ee106434a73c8c3b1666cf072e5654900cb743a0c6ff2ae,a12dcb1ba4e2a21b6a4474c284e3079c1b8e06dc282072a6d2d3a684bd02794b,1a980269c1778978c64462bf76cf00949cd95e29e33d5066107809299e5dec35,p5_10,celeba-three-workers-v1,
0.7811068029608742,,,0.0,988babfb79a4be0620cf47d259d4da35f8fc07573e92f83a2e388003c17759ba,0.7796990145384701,2774aed934e9b55963588c876b6d3f7f5fc8814e91c160cc44d904a8910dda15,2026-09-06T11:50:38.053006+00:00,1,2.4748798390000957,,,,4,0.197,C-GDP-private-noise,1.2,0,10,,0,s0_p10_C-GDP-private-noise_l4_r0,fcf8b4f93626e8cf9603afe70c3a614f6523366181d2f4df2620ee6efbb41bdb,3ea87f4a1b7b84a26ee106434a73c8c3b1666cf072e5654900cb743a0c6ff2ae,a12dcb1ba4e2a21b6a4474c284e3079c1b8e06dc282072a6d2d3a684bd02794b,1a980269c1778978c64462bf76cf00949cd95e29e33d5066107809299e5dec35,p5_10,celeba-three-workers-v1,
0.7677123722241804,,,0.0,988babfb79a4be0620cf47d259d4da35f8fc07573e92f83a2e388003c17759ba,0.766666069236215,2774aed934e9b55963588c876b6d3f7f5fc8814e91c160cc44d904a8910dda15,2026-09-06T11:50:41.105942+00:00,1,2.809667935000107,,,,4,0.218,C-GDP-private-noise,1.2,0,10,,1,s0_p10_C-GDP-private-noise_l4_r1,fcf8b4f93626e8cf9603afe70c3a614f6523366181d2f4df2620ee6efbb41bdb,3ea87f4a1b7b84a26ee106434a73c8c3b1666cf072e5654900cb743a0c6ff2ae,a12dcb1ba4e2a21b6a4474c284e3079c1b8e06dc282072a6d2d3a684bd02794b,1a980269c1778978c64462bf76cf00949cd95e29e33d5066107809299e5dec35,p5_10,celeba-three-workers-v1,
0.775819527670074,,,0.0,988babfb79a4be0620cf47d259d4da35f8fc07573e92f83a2e388003c17759ba,0.7734396859108972,2774aed934e9b55963588c876b6d3f7f5fc8814e91c160cc44d904a8910dda15,2026-09-06T11:50:43.727113+00:00,1,2.3847986349992425,,,,4,0.231,C-GDP-private-noise,1.2,0,10,,2,s0_p10_C-GDP-private-noise_l4_r2,fcf8b4f93626e8cf9603afe70c3a614f6523366181d2f4df2620ee6efbb41bdb,3ea87f4a1b7b84a26ee106434a73c8c3b1666cf072e5654900cb743a0c6ff2ae,a12dcb1ba4e2a21b6a4474c284e3079c1b8e06dc282072a6d2d3a684bd02794b,1a980269c1778978c64462bf76cf00949cd95e29e33d5066107809299e5dec35,p5_10,celeba-three-workers-v1,
0.7754670426506873,,,0.0,988babfb79a4be0620cf47d259d4da35f8fc07573e92f83a2e388003c17759ba,0.7721830905276406,2774aed934e9b55963588c876b6d3f7f5fc8814e91c160cc44d904a8910dda15,2026-09-06T11:50:46.316679+00:00,1,2.340993177999735,,,,4,0.184,C-GDP-private-noise,1.2,0,10,,3,s0_p10_C-GDP-private-noise_l4_r3,fcf8b4f93626e8cf9603afe70c3a614f6523366181d2f4df2620ee6efbb41bdb,3ea87f4a1b7b84a26ee106434a73c8c3b1666cf072e5654900cb743a0c6ff2ae,a12dcb1ba4e2a21b6a4474c284e3079c1b8e06dc282072a6d2d3a684bd02794b,1a980269c1778978c64462bf76cf00949cd95e29e33d5066107809299e5dec35,p5_10,celeba-three-workers-v1,
0.7419809658089531,,,0.0,988babfb79a4be0620cf47d259d4da35f8fc07573e92f83a2e388003c17759ba,0.7406375180349317,2774aed934e9b55963588c876b6d3f7f5fc8814e91c160cc44d904a8910dda15,2026-09-06T11:50:48.727023+00:00,1,2.172417127000699,,,,5,0.155,C-GDP-private-noise,1.5,0,10,,0,s0_p10_C-GDP-private-noise_l5_r0,fcf8b4f93626e8cf9603afe70c3a614f6523366181d2f4df2620ee6efbb41bdb,3ea87f4a1b7b84a26ee106434a73c8c3b1666cf072e5654900cb743a0c6ff2ae,a12dcb1ba4e2a21b6a4474c284e3079c1b8e06dc282072a6d2d3a684bd02794b,1a980269c1778978c64462bf76cf00949cd95e29e33d5066107809299e5dec35,p5_10,celeba-three-workers-v1,
0.737751145576313,,,0.0,988babfb79a4be0620cf47d259d4da35f8fc07573e92f83a2e388003c17759ba,0.736992694421294,2774aed934e9b55963588c876b6d3f7f5fc8814e91c160cc44d904a8910dda15,2026-09-06T11:50:51.743215+00:00,1,2.7768857310002204,,,,5,0.185,C-GDP-private-noise,1.5,0,10,,1,s0_p10_C-GDP-private-noise_l5_r1,fcf8b4f93626e8cf9603afe70c3a614f6523366181d2f4df2620ee6efbb41bdb,3ea87f4a1b7b84a26ee106434a73c8c3b1666cf072e5654900cb743a0c6ff2ae,a12dcb1ba4e2a21b6a4474c284e3079c1b8e06dc282072a6d2d3a684bd02794b,1a980269c1778978c64462bf76cf00949cd95e29e33d5066107809299e5dec35,p5_10,celeba-three-workers-v1,
0.7433909058864998,,,0.0,988babfb79a4be0620cf47d259d4da35f8fc07573e92f83a2e388003c17759ba,0.7420499431943213,2774aed934e9b55963588c876b6d3f7f5fc8814e91c160cc44d904a8910dda15,2026-09-06T11:50:54.471604+00:00,1,2.4905439369995293,,,,5,0.207,C-GDP-private-noise,1.5,0,10,,2,s0_p10_C-GDP-private-noise_l5_r2,fcf8b4f93626e8cf9603afe70c3a614f6523366181d2f4df2620ee6efbb41bdb,3ea87f4a1b7b84a26ee106434a73c8c3b1666cf072e5654900cb743a0c6ff2ae,a12dcb1ba4e2a21b6a4474c284e3079c1b8e06dc282072a6d2d3a684bd02794b,1a980269c1778978c64462bf76cf00949cd95e29e33d5066107809299e5dec35,p5_10,celeba-three-workers-v1,
0.7553753965456468,,,0.0,988babfb79a4be0620cf47d259d4da35f8fc07573e92f83a2e388003c17759ba,0.75295952109975,2774aed934e9b55963588c876b6d3f7f5fc8814e91c160cc44d904a8910dda15,2026-09-06T11:50:57.144788+00:00,1,2.421987285000796,,,,5,0.204,C-GDP-private-noise,1.5,0,10,,3,s0_p10_C-GDP-private-noise_l5_r3,fcf8b4f93626e8cf9603afe70c3a614f6523366181d2f4df2620ee6efbb41bdb,3ea87f4a1b7b84a26ee106434a73c8c3b1666cf072e5654900cb743a0c6ff2ae,a12dcb1ba4e2a21b6a4474c284e3079c1b8e06dc282072a6d2d3a684bd02794b,1a980269c1778978c64462bf76cf00949cd95e29e33d5066107809299e5dec35,p5_10,celeba-three-workers-v1,
0.7204793796263659,,,0.0,988babfb79a4be0620cf47d259d4da35f8fc07573e92f83a2e388003c17759ba,0.7219862371938294,2774aed934e9b55963588c876b6d3f7f5fc8814e91c160cc44d904a8910dda15,2026-09-06T11:50:59.748412+00:00,1,2.365576176999639,,,,6,0.15,C-GDP-private-noise,1.8,0,10,,0,s0_p10_C-GDP-private-noise_l6_r0,fcf8b4f93626e8cf9603afe70c3a614f6523366181d2f4df2620ee6efbb41bdb,3ea87f4a1b7b84a26ee106434a73c8c3b1666cf072e5654900cb743a0c6ff2ae,a12dcb1ba4e2a21b6a4474c284e3079c1b8e06dc282072a6d2d3a684bd02794b,1a980269c1778978c64462bf76cf00949cd95e29e33d5066107809299e5dec35,p5_10,celeba-three-workers-v1,
0.712724709199859,,,0.0,988babfb79a4be0620cf47d259d4da35f8fc07573e92f83a2e388003c17759ba,0.7119665817319708,2774aed934e9b55963588c876b6d3f7f5fc8814e91c160cc44d904a8910dda15,2026-09-06T11:51:02.315452+00:00,1,2.3291783269996813,,,,6,0.214,C-GDP-private-noise,1.8,0,10,,1,s0_p10_C-GDP-private-noise_l6_r1,fcf8b4f93626e8cf9603afe70c3a614f6523366181d2f4df2620ee6efbb41bdb,3ea87f4a1b7b84a26ee106434a73c8c3b1666cf072e5654900cb743a0c6ff2ae,a12dcb1ba4e2a21b6a4474c284e3079c1b8e06dc282072a6d2d3a684bd02794b,1a980269c1778978c64462bf76cf00949cd95e29e33d5066107809299e5dec35,p5_10,celeba-three-workers-v1,
0.7194219245682059,,,0.0,988babfb79a4be0620cf47d259d4da35f8fc07573e92f83a2e388003c17759ba,0.7212675781463924,2774aed934e9b55963588c876b6d3f7f5fc8814e91c160cc44d904a8910dda15,2026-09-06T11:51:05.165293+00:00,1,2.584024548000343,,,,6,0.16,C-GDP-private-noise,1.8,0,10,,2,s0_p10_C-GDP-private-noise_l6_r2,fcf8b4f93626e8cf9603afe70c3a614f6523366181d2f4df2620ee6efbb41bdb,3ea87f4a1b7b84a26ee106434a73c8c3b1666cf072e5654900cb743a0c6ff2ae,a12dcb1ba4e2a21b6a4474c284e3079c1b8e06dc282072a6d2d3a684bd02794b,1a980269c1778978c64462bf76cf00949cd95e29e33d5066107809299e5dec35,p5_10,celeba-three-workers-v1,
0.7204793796263659,,,0.0,988babfb79a4be0620cf47d259d4da35f8fc07573e92f83a2e388003c17759ba,0.7228452923973987,2774aed934e9b55963588c876b6d3f7f5fc8814e91c160cc44d904a8910dda15,2026-09-06T11:51:07.685218+00:00,1,2.285311609999553,,,,6,0.152,C-GDP-private-noise,1.8,0,10,,3,s0_p10_C-GDP-private-noise_l6_r3,fcf8b4f93626e8cf9603afe70c3a614f6523366181d2f4df2620ee6efbb41bdb,3ea87f4a1b7b84a26ee106434a73c8c3b1666cf072e5654900cb743a0c6ff2ae,a12dcb1ba4e2a21b6a4474c284e3079c1b8e06dc282072a6d2d3a684bd02794b,1a980269c1778978c64462bf76cf00949cd95e29e33d5066107809299e5dec35,p5_10,celeba-three-workers-v1,
0.7201268946069792,,,0.0,988babfb79a4be0620cf47d259d4da35f8fc07573e92f83a2e388003c17759ba,0.7210851129292911,2774aed934e9b55963588c876b6d3f7f5fc8814e91c160cc44d904a8910dda15,2026-09-06T11:51:09.763178+00:00,1,1.844230403000438,,,,7,0.181,C-GDP-private-noise,2.1,0,10,,0,s0_p10_C-GDP-private-noise_l7_r0,fcf8b4f93626e8cf9603afe70c3a614f6523366181d2f4df2620ee6efbb41bdb,3ea87f4a1b7b84a26ee106434a73c8c3b1666cf072e5654900cb743a0c6ff2ae,a12dcb1ba4e2a21b6a4474c284e3079c1b8e06dc282072a6d2d3a684bd02794b,1a980269c1778978c64462bf76cf00949cd95e29e33d5066107809299e5dec35,p5_10,celeba-three-workers-v1,
0.7049700387733522,,,0.0,988babfb79a4be0620cf47d259d4da35f8fc07573e92f83a2e388003c17759ba,0.7064199378473186,2774aed934e9b55963588c876b6d3f7f5fc8814e91c160cc44d904a8910dda15,2026-09-06T11:51:12.107998+00:00,1,2.10697734400037,,,,7,0.18,C-GDP-private-noise,2.1,0,10,,1,s0_p10_C-GDP-private-noise_l7_r1,fcf8b4f93626e8cf9603afe70c3a614f6523366181d2f4df2620ee6efbb41bdb,3ea87f4a1b7b84a26ee106434a73c8c3b1666cf072e5654900cb743a0c6ff2ae,a12dcb1ba4e2a21b6a4474c284e3079c1b8e06dc282072a6d2d3a684bd02794b,1a980269c1778978c64462bf76cf00949cd95e29e33d5066107809299e5dec35,p5_10,celeba-three-workers-v1,
0.713782164258019,,,0.0,988babfb79a4be0620cf47d259d4da35f8fc07573e92f83a2e388003c17759ba,0.7125963729997282,2774aed934e9b55963588c876b6d3f7f5fc8814e91c160cc44d904a8910dda15,2026-09-06T11:51:14.950040+00:00,1,2.6011834149994684,,,,7,0.168,C-GDP-private-noise,2.1,0,10,,2,s0_p10_C-GDP-private-noise_l7_r2,fcf8b4f93626e8cf9603afe70c3a614f6523366181d2f4df2620ee6efbb41bdb,3ea87f4a1b7b84a26ee106434a73c8c3b1666cf072e5654900cb743a0c6ff2ae,a12dcb1ba4e2a21b6a4474c284e3079c1b8e06dc282072a6d2d3a684bd02794b,1a980269c1778978c64462bf76cf00949cd95e29e33d5066107809299e5dec35,p5_10,celeba-three-workers-v1,
0.713782164258019,,,0.0,988babfb79a4be0620cf47d259d4da35f8fc07573e92f83a2e388003c17759ba,0.7110559981519484,2774aed934e9b55963588c876b6d3f7f5fc8814e91c160cc44d904a8910dda15,2026-09-06T11:51:17.359274+00:00,1,2.167850437999732,,,,7,0.173,C-GDP-private-noise,2.1,0,10,,3,s0_p10_C-GDP-private-noise_l7_r3,fcf8b4f93626e8cf9603afe70c3a614f6523366181d2f4df2620ee6efbb41bdb,3ea87f4a1b7b84a26ee106434a73c8c3b1666cf072e5654900cb743a0c6ff2ae,a12dcb1ba4e2a21b6a4474c284e3079c1b8e06dc282072a6d2d3a684bd02794b,1a980269c1778978c64462bf76cf00949cd95e29e33d5066107809299e5dec35,p5_10,celeba-three-workers-v1,
0.6869933027846317,,,0.0,988babfb79a4be0620cf47d259d4da35f8fc07573e92f83a2e388003c17759ba,0.6858491627510079,2774aed934e9b55963588c876b6d3f7f5fc8814e91c160cc44d904a8910dda15,2026-09-06T11:51:19.906145+00:00,1,2.305866202999823,,,,8,0.155,C-GDP-private-noise,2.4,0,10,,0,s0_p10_C-GDP-private-noise_l8_r0,fcf8b4f93626e8cf9603afe70c3a614f6523366181d2f4df2620ee6efbb41bdb,3ea87f4a1b7b84a26ee106434a73c8c3b1666cf072e5654900cb743a0c6ff2ae,a12dcb1ba4e2a21b6a4474c284e3079c1b8e06dc282072a6d2d3a684bd02794b,1a980269c1778978c64462bf76cf00949cd95e29e33d5066107809299e5dec35,p5_10,celeba-three-workers-v1,
0.6947479732111386,,,0.0,988babfb79a4be0620cf47d259d4da35f8fc07573e92f83a2e388003c17759ba,0.6925214651782683,2774aed934e9b55963588c876b6d3f7f5fc8814e91c160cc44d904a8910dda15,2026-09-06T11:51:22.161631+00:00,1,1.9992576829999962,,,,8,0.145,C-GDP-private-noise,2.4,0,10,,1,s0_p10_C-GDP-private-noise_l8_r1,fcf8b4f93626e8cf9603afe70c3a614f6523366181d2f4df2620ee6efbb41bdb,3ea87f4a1b7b84a26ee106434a73c8c3b1666cf072e5654900cb743a0c6ff2ae,a12dcb1ba4e2a21b6a4474c284e3079c1b8e06dc282072a6d2d3a684bd02794b,1a980269c1778978c64462bf76cf00949cd95e29e33d5066107809299e5dec35,p5_10,celeba-three-workers-v1,
0.6958054282692986,,,0.0,988babfb79a4be0620cf47d259d4da35f8fc07573e92f83a2e388003c17759ba,0.6950767250057504,2774aed934e9b55963588c876b6d3f7f5fc8814e91c160cc44d904a8910dda15,2026-09-06T11:51:24.401295+00:00,1,2.00203641600001,,,,8,0.129,C-GDP-private-noise,2.4,0,10,,2,s0_p10_C-GDP-private-noise_l8_r2,fcf8b4f93626e8cf9603afe70c3a614f6523366181d2f4df2620ee6efbb41bdb,3ea87f4a1b7b84a26ee106434a73c8c3b1666cf072e5654900cb743a0c6ff2ae,a12dcb1ba4e2a21b6a4474c284e3079c1b8e06dc282072a6d2d3a684bd02794b,1a980269c1778978c64462bf76cf00949cd95e29e33d5066107809299e5dec35,p5_10,celeba-three-workers-v1,
0.673598872047938,,,0.0,988babfb79a4be0620cf47d259d4da35f8fc07573e92f83a2e388003c17759ba,0.6736160274658693,2774aed934e9b55963588c876b6d3f7f5fc8814e91c160cc44d904a8910dda15,2026-09-06T11:51:26.701569+00:00,1,2.0600427710005533,,,,8,0.168,C-GDP-private-noise,2.4,0,10,,3,s0_p10_C-GDP-private-noise_l8_r3,fcf8b4f93626e8cf9603afe70c3a614f6523366181d2f4df2620ee6efbb41bdb,3ea87f4a1b7b84a26ee106434a73c8c3b1666cf072e5654900cb743a0c6ff2ae,a12dcb1ba4e2a21b6a4474c284e3079c1b8e06dc282072a6d2d3a684bd02794b,1a980269c1778978c64462bf76cf00949cd95e29e33d5066107809299e5dec35,p5_10,celeba-three-workers-v1,
0.6644342615438844,,,0.0,988babfb79a4be0620cf47d259d4da35f8fc07573e92f83a2e388003c17759ba,0.6653535643198603,2774aed934e9b55963588c876b6d3f7f5fc8814e91c160cc44d904a8910dda15,2026-09-06T11:51:29.075396+00:00,1,2.138944641999842,,,,9,0.129,C-GDP-private-noise,2.7,0,10,,0,s0_p10_C-GDP-private-noise_l9_r0,fcf8b4f93626e8cf9603afe70c3a614f6523366181d2f4df2620ee6efbb41bdb,3ea87f4a1b7b84a26ee106434a73c8c3b1666cf072e5654900cb743a0c6ff2ae,a12dcb1ba4e2a21b6a4474c284e3079c1b8e06dc282072a6d2d3a684bd02794b,1a980269c1778978c64462bf76cf00949cd95e29e33d5066107809299e5dec35,p5_10,celeba-three-workers-v1,
0.675713782164258,,,0.0,988babfb79a4be0620cf47d259d4da35f8fc07573e92f83a2e388003c17759ba,0.6759124007643127,2774aed934e9b55963588c876b6d3f7f5fc8814e91c160cc44d904a8910dda15,2026-09-06T11:51:31.421629+00:00,1,2.0890159020000283,,,,9,0.095,C-GDP-private-noise,2.7,0,10,,1,s0_p10_C-GDP-private-noise_l9_r1,fcf8b4f93626e8cf9603afe70c3a614f6523366181d2f4df2620ee6efbb41bdb,3ea87f4a1b7b84a26ee106434a73c8c3b1666cf072e5654900cb743a0c6ff2ae,a12dcb1ba4e2a21b6a4474c284e3079c1b8e06dc282072a6d2d3a684bd02794b,1a980269c1778978c64462bf76cf00949cd95e29e33d5066107809299e5dec35,p5_10,celeba-three-workers-v1,
0.674656327106098,,,0.0,988babfb79a4be0620cf47d259d4da35f8fc07573e92f83a2e388003c17759ba,0.6739495928013614,2774aed934e9b55963588c876b6d3f7f5fc8814e91c160cc44d904a8910dda15,2026-09-06T11:51:33.710994+00:00,1,2.049878262000675,,,,9,0.1,C-GDP-private-noise,2.7,0,10,,2,s0_p10_C-GDP-private-noise_l9_r2,fcf8b4f93626e8cf9603afe70c3a614f6523366181d2f4df2620ee6efbb41bdb,3ea87f4a1b7b84a26ee106434a73c8c3b1666cf072e5654900cb743a0c6ff2ae,a12dcb1ba4e2a21b6a4474c284e3079c1b8e06dc282072a6d2d3a684bd02794b,1a980269c1778978c64462bf76cf00949cd95e29e33d5066107809299e5dec35,p5_10,celeba-three-workers-v1,
0.6718364469510045,,,0.0,988babfb79a4be0620cf47d259d4da35f8fc07573e92f83a2e388003c17759ba,0.67165794916066,2774aed934e9b55963588c876b6d3f7f5fc8814e91c160cc44d904a8910dda15,2026-09-06T11:51:35.812398+00:00,1,1.8671274980006274,,,,9,0.134,C-GDP-private-noise,2.7,0,10,,3,s0_p10_C-GDP-private-noise_l9_r3,fcf8b4f93626e8cf9603afe70c3a614f6523366181d2f4df2620ee6efbb41bdb,3ea87f4a1b7b84a26ee106434a73c8c3b1666cf072e5654900cb743a0c6ff2ae,a12dcb1ba4e2a21b6a4474c284e3079c1b8e06dc282072a6d2d3a684bd02794b,1a980269c1778978c64462bf76cf00949cd95e29e33d5066107809299e5dec35,p5_10,celeba-three-workers-v1,
0.6580895311949242,,,0.0,988babfb79a4be0620cf47d259d4da35f8fc07573e92f83a2e388003c17759ba,0.6628189656288304,2774aed934e9b55963588c876b6d3f7f5fc8814e91c160cc44d904a8910dda15,2026-09-06T11:51:37.970889+00:00,1,1.9010763070000394,,,,10,0.125,C-GDP-private-noise,3.0,0,10,,0,s0_p10_C-GDP-private-noise_l10_r0,fcf8b4f93626e8cf9603afe70c3a614f6523366181d2f4df2620ee6efbb41bdb,3ea87f4a1b7b84a26ee106434a73c8c3b1666cf072e5654900cb743a0c6ff2ae,a12dcb1ba4e2a21b6a4474c284e3079c1b8e06dc282072a6d2d3a684bd02794b,1a980269c1778978c64462bf76cf00949cd95e29e33d5066107809299e5dec35,p5_10,celeba-three-workers-v1,
0.6499823757490306,,,0.0,988babfb79a4be0620cf47d259d4da35f8fc07573e92f83a2e388003c17759ba,0.6510391306988642,2774aed934e9b55963588c876b6d3f7f5fc8814e91c160cc44d904a8910dda15,2026-09-06T11:51:40.132257+00:00,1,1.9228928009997617,,,,10,0.158,C-GDP-private-noise,3.0,0,10,,1,s0_p10_C-GDP-private-noise_l10_r1,fcf8b4f93626e8cf9603afe70c3a614f6523366181d2f4df2620ee6efbb41bdb,3ea87f4a1b7b84a26ee106434a73c8c3b1666cf072e5654900cb743a0c6ff2ae,a12dcb1ba4e2a21b6a4474c284e3079c1b8e06dc282072a6d2d3a684bd02794b,1a980269c1778978c64462bf76cf00949cd95e29e33d5066107809299e5dec35,p5_10,celeba-three-workers-v1,
0.6609094113500176,,,0.0,988babfb79a4be0620cf47d259d4da35f8fc07573e92f83a2e388003c17759ba,0.6597489198955293,2774aed934e9b55963588c876b6d3f7f5fc8814e91c160cc44d904a8910dda15,2026-09-06T11:51:42.615649+00:00,1,2.2406948260004356,,,,10,0.105,C-GDP-private-noise,3.0,0,10,,2,s0_p10_C-GDP-private-noise_l10_r2,fcf8b4f93626e8cf9603afe70c3a614f6523366181d2f4df2620ee6efbb41bdb,3ea87f4a1b7b84a26ee106434a73c8c3b1666cf072e5654900cb743a0c6ff2ae,a12dcb1ba4e2a21b6a4474c284e3079c1b8e06dc282072a6d2d3a684bd02794b,1a980269c1778978c64462bf76cf00949cd95e29e33d5066107809299e5dec35,p5_10,celeba-three-workers-v1,
0.6468100105745506,,,0.0,988babfb79a4be0620cf47d259d4da35f8fc07573e92f83a2e388003c17759ba,0.6502754154382002,2774aed934e9b55963588c876b6d3f7f5fc8814e91c160cc44d904a8910dda15,2026-09-06T11:51:44.793796+00:00,1,1.9432547939995857,,,,10,0.113,C-GDP-private-noise,3.0,0,10,,3,s0_p10_C-GDP-private-noise_l10_r3,fcf8b4f93626e8cf9603afe70c3a614f6523366181d2f4df2620ee6efbb41bdb,3ea87f4a1b7b84a26ee106434a73c8c3b1666cf072e5654900cb743a0c6ff2ae,a12dcb1ba4e2a21b6a4474c284e3079c1b8e06dc282072a6d2d3a684bd02794b,1a980269c1778978c64462bf76cf00949cd95e29e33d5066107809299e5dec35,p5_10,celeba-three-workers-v1,
0.886950453593859,,,0.0,988babfb79a4be0620cf47d259d4da35f8fc07573e92f83a2e388003c17759ba,0.8848014251651701,de125d04e78b221d9268ef4e9e1c30f5c2aabf852422fb12bb0d870272447993,2026-09-06T11:52:00.642017+00:00,1,2.6726287609999417,,,,0,0.767,C-GDP,0.0,1,5,,0,s1_p5_C-GDP_l0_r0,fcf8b4f93626e8cf9603afe70c3a614f6523366181d2f4df2620ee6efbb41bdb,3ea87f4a1b7b84a26ee106434a73c8c3b1666cf072e5654900cb743a0c6ff2ae,a12dcb1ba4e2a21b6a4474c284e3079c1b8e06dc282072a6d2d3a684bd02794b,1a980269c1778978c64462bf76cf00949cd95e29e33d5066107809299e5dec35,p5_10,celeba-three-workers-v1,
0.8094905792044662,,,0.0,988babfb79a4be0620cf47d259d4da35f8fc07573e92f83a2e388003c17759ba,0.8066631935094888,de125d04e78b221d9268ef4e9e1c30f5c2aabf852422fb12bb0d870272447993,2026-09-06T11:52:02.638512+00:00,1,1.9133052309998675,,,,0,,I-GDP,0.0,1,5,,0,s1_p5_I-GDP_l0_r0,fcf8b4f93626e8cf9603afe70c3a614f6523366181d2f4df2620ee6efbb41bdb,3ea87f4a1b7b84a26ee106434a73c8c3b1666cf072e5654900cb743a0c6ff2ae,a12dcb1ba4e2a21b6a4474c284e3079c1b8e06dc282072a6d2d3a684bd02794b,1a980269c1778978c64462bf76cf00949cd95e29e33d5066107809299e5dec35,p5_10,celeba-three-workers-v1,
0.881367759944173,,,0.0,988babfb79a4be0620cf47d259d4da35f8fc07573e92f83a2e388003c17759ba,0.8803604668859829,de125d04e78b221d9268ef4e9e1c30f5c2aabf852422fb12bb0d870272447993,2026-09-06T11:52:05.441008+00:00,1,2.724890229000266,,,,0,0.767,AA-GDP,0.0,1,5,,0,s1_p5_AA-GDP_l0_r0,fcf8b4f93626e8cf9603afe70c3a614f6523366181d2f4df2620ee6efbb41bdb,3ea87f4a1b7b84a26ee106434a73c8c3b1666cf072e5654900cb743a0c6ff2ae,a12dcb1ba4e2a21b6a4474c284e3079c1b8e06dc282072a6d2d3a684bd02794b,1a980269c1778978c64462bf76cf00949cd95e29e33d5066107809299e5dec35,p5_10,celeba-three-workers-v1,5.1685176971627556e-11
0.8858240223463687,,,0.0,988babfb79a4be0620cf47d259d4da35f8fc07573e92f83a2e388003c17759ba,0.8853072643160791,de125d04e78b221d9268ef4e9e1c30f5c2aabf852422fb12bb0d870272447993,2026-09-06T11:52:12.450656+00:00,1,6.361768110999947,,,,0,0.767,C-GDP,0.0,1,10,,0,s1_p10_C-GDP_l0_r0,fcf8b4f93626e8cf9603afe70c3a614f6523366181d2f4df2620ee6efbb41bdb,3ea87f4a1b7b84a26ee106434a73c8c3b1666cf072e5654900cb743a0c6ff2ae,a12dcb1ba4e2a21b6a4474c284e3079c1b8e06dc282072a6d2d3a684bd02794b,1a980269c1778978c64462bf76cf00949cd95e29e33d5066107809299e5dec35,p5_10,celeba-three-workers-v1,
0.8128491620111732,,,0.0,988babfb79a4be0620cf47d259d4da35f8fc07573e92f83a2e388003c17759ba,0.8119608027006752,de125d04e78b221d9268ef4e9e1c30f5c2aabf852422fb12bb0d870272447993,2026-09-06T11:52:17.819116+00:00,1,5.317892060999839,,,,0,,I-GDP,0.0,1,10,,0,s1_p10_I-GDP_l0_r0,fcf8b4f93626e8cf9603afe70c3a614f6523366181d2f4df2620ee6efbb41bdb,3ea87f4a1b7b84a26ee106434a73c8c3b1666cf072e5654900cb743a0c6ff2ae,a12dcb1ba4e2a21b6a4474c284e3079c1b8e06dc282072a6d2d3a684bd02794b,1a980269c1778978c64462bf76cf00949cd95e29e33d5066107809299e5dec35,p5_10,celeba-three-workers-v1,
0.8756983240223464,,,0.0,988babfb79a4be0620cf47d259d4da35f8fc07573e92f83a2e388003c17759ba,0.8766840147536884,de125d04e78b221d9268ef4e9e1c30f5c2aabf852422fb12bb0d870272447993,2026-09-06T11:52:22.690363+00:00,1,4.731269056999736,,,,0,0.767,AA-GDP,0.0,1,10,,0,s1_p10_AA-GDP_l0_r0,fcf8b4f93626e8cf9603afe70c3a614f6523366181d2f4df2620ee6efbb41bdb,3ea87f4a1b7b84a26ee106434a73c8c3b1666cf072e5654900cb743a0c6ff2ae,a12dcb1ba4e2a21b6a4474c284e3079c1b8e06dc282072a6d2d3a684bd02794b,1a980269c1778978c64462bf76cf00949cd95e29e33d5066107809299e5dec35,p5_10,celeba-three-workers-v1,4.044620194321169e-11
0.8646196789951152,,,1.5292981869997675,988babfb79a4be0620cf47d259d4da35f8fc07573e92f83a2e388003c17759ba,0.865022965764036,de125d04e78b221d9268ef4e9e1c30f5c2aabf852422fb12bb0d870272447993,2026-09-06T11:52:27.730905+00:00,1,2.6198722930002987,True,5.0,3.188234984285026e-08,1,0.653,NAA-GDP,0.006,1,5,,0,s1_p5_NAA-GDP_l1_r0,fcf8b4f93626e8cf9603afe70c3a614f6523366181d2f4df2620ee6efbb41bdb,3ea87f4a1b7b84a26ee106434a73c8c3b1666cf072e5654900cb743a0c6ff2ae,a12dcb1ba4e2a21b6a4474c284e3079c1b8e06dc282072a6d2d3a684bd02794b,1a980269c1778978c64462bf76cf00949cd95e29e33d5066107809299e5dec35,p5_10,celeba-three-workers-v1,
0.8781424581005587,,,3.031330416999481,988babfb79a4be0620cf47d259d4da35f8fc07573e92f83a2e388003c17759ba,0.8782703488372092,de125d04e78b221d9268ef4e9e1c30f5c2aabf852422fb12bb0d870272447993,2026-09-06T11:52:35.322157+00:00,1,4.298418888000015,True,5.0,8.883614009581931e-09,1,0.653,NAA-GDP,0.006,1,10,,0,s1_p10_NAA-GDP_l1_r0,fcf8b4f93626e8cf9603afe70c3a614f6523366181d2f4df2620ee6efbb41bdb,3ea87f4a1b7b84a26ee106434a73c8c3b1666cf072e5654900cb743a0c6ff2ae,a12dcb1ba4e2a21b6a4474c284e3079c1b8e06dc282072a6d2d3a684bd02794b,1a980269c1778978c64462bf76cf00949cd95e29e33d5066107809299e5dec35,p5_10,celeba-three-workers-v1,
0.8653175157013259,,,1.5374316150000595,988babfb79a4be0620cf47d259d4da35f8fc07573e92f83a2e388003c17759ba,0.8644268705292857,de125d04e78b221d9268ef4e9e1c30f5c2aabf852422fb12bb0d870272447993,2026-09-06T11:52:39.623867+00:00,1,1.9019769259994064,True,5.0,3.143110752611844e-08,1,0.614,NAA-GDP,0.006,1,5,,1,s1_p5_NAA-GDP_l1_r1,fcf8b4f93626e8cf9603afe70c3a614f6523366181d2f4df2620ee6efbb41bdb,3ea87f4a1b7b84a26ee106434a73c8c3b1666cf072e5654900cb743a0c6ff2ae,a12dcb1ba4e2a21b6a4474c284e3079c1b8e06dc282072a6d2d3a684bd02794b,1a980269c1778978c64462bf76cf00949cd95e29e33d5066107809299e5dec35,p5_10,celeba-three-workers-v1,
0.8816340782122905,,,3.016825603000143,988babfb79a4be0620cf47d259d4da35f8fc07573e92f83a2e388003c17759ba,0.8810015003750937,de125d04e78b221d9268ef4e9e1c30f5c2aabf852422fb12bb0d870272447993,2026-09-06T11:52:47.632955+00:00,1,4.728736063999349,True,5.0,8.836132523365465e-09,1,0.614,NAA-GDP,0.006,1,10,,1,s1_p10_NAA-GDP_l1_r1,fcf8b4f93626e8cf9603afe70c3a614f6523366181d2f4df2620ee6efbb41bdb,3ea87f4a1b7b84a26ee106434a73c8c3b1666cf072e5654900cb743a0c6ff2ae,a12dcb1ba4e2a21b6a4474c284e3079c1b8e06dc282072a6d2d3a684bd02794b,1a980269c1778978c64462bf76cf00949cd95e29e33d5066107809299e5dec35,p5_10,celeba-three-workers-v1,
0.8653175157013259,,,1.5145902080002998,988babfb79a4be0620cf47d259d4da35f8fc07573e92f83a2e388003c17759ba,0.8626424872488303,de125d04e78b221d9268ef4e9e1c30f5c2aabf852422fb12bb0d870272447993,2026-09-06T11:52:51.482330+00:00,1,1.4241449599994667,True,5.0,3.160254037427218e-08,1,0.603,NAA-GDP,0.006,1,5,,2,s1_p5_NAA-GDP_l1_r2,fcf8b4f93626e8cf9603afe70c3a614f6523366181d2f4df2620ee6efbb41bdb,3ea87f4a1b7b84a26ee106434a73c8c3b1666cf072e5654900cb743a0c6ff2ae,a12dcb1ba4e2a21b6a4474c284e3079c1b8e06dc282072a6d2d3a684bd02794b,1a980269c1778978c64462bf76cf00949cd95e29e33d5066107809299e5dec35,p5_10,celeba-three-workers-v1,
0.8753491620111732,,,2.993208932000016,988babfb79a4be0620cf47d259d4da35f8fc07573e92f83a2e388003c17759ba,0.8746522568142036,de125d04e78b221d9268ef4e9e1c30f5c2aabf852422fb12bb0d870272447993,2026-09-06T11:52:58.831863+00:00,1,4.090365647999533,True,5.0,8.776623590008223e-09,1,0.603,NAA-GDP,0.006,1,10,,2,s1_p10_NAA-GDP_l1_r2,fcf8b4f93626e8cf9603afe70c3a614f6523366181d2f4df2620ee6efbb41bdb,3ea87f4a1b7b84a26ee106434a73c8c3b1666cf072e5654900cb743a0c6ff2ae,a12dcb1ba4e2a21b6a4474c284e3079c1b8e06dc282072a6d2d3a684bd02794b,1a980269c1778978c64462bf76cf00949cd95e29e33d5066107809299e5dec35,p5_10,celeba-three-workers-v1,
0.8562456385205862,,,1.5428396670004076,988babfb79a4be0620cf47d259d4da35f8fc07573e92f83a2e388003c17759ba,0.8549078832863091,de125d04e78b221d9268ef4e9e1c30f5c2aabf852422fb12bb0d870272447993,2026-09-06T11:53:02.860167+00:00,1,1.6185934979994272,True,5.0,3.141176964473097e-08,1,0.616,NAA-GDP,0.006,1,5,,3,s1_p5_NAA-GDP_l1_r3,fcf8b4f93626e8cf9603afe70c3a614f6523366181d2f4df2620ee6efbb41bdb,3ea87f4a1b7b84a26ee106434a73c8c3b1666cf072e5654900cb743a0c6ff2ae,a12dcb1ba4e2a21b6a4474c284e3079c1b8e06dc282072a6d2d3a684bd02794b,1a980269c1778978c64462bf76cf00949cd95e29e33d5066107809299e5dec35,p5_10,celeba-three-workers-v1,
0.8788407821229051,,,2.9926056510003036,988babfb79a4be0620cf47d259d4da35f8fc07573e92f83a2e388003c17759ba,0.8788876906726681,de125d04e78b221d9268ef4e9e1c30f5c2aabf852422fb12bb0d870272447993,2026-09-06T11:53:10.964411+00:00,1,4.837846798999635,True,5.0,8.76519564831574e-09,1,0.616,NAA-GDP,0.006,1,10,,3,s1_p10_NAA-GDP_l1_r3,fcf8b4f93626e8cf9603afe70c3a614f6523366181d2f4df2620ee6efbb41bdb,3ea87f4a1b7b84a26ee106434a73c8c3b1666cf072e5654900cb743a0c6ff2ae,a12dcb1ba4e2a21b6a4474c284e3079c1b8e06dc282072a6d2d3a684bd02794b,1a980269c1778978c64462bf76cf00949cd95e29e33d5066107809299e5dec35,p5_10,celeba-three-workers-v1,
0.8674110258199581,,,2.0450834580005903,988babfb79a4be0620cf47d259d4da35f8fc07573e92f83a2e388003c17759ba,0.8660922298839809,de125d04e78b221d9268ef4e9e1c30f5c2aabf852422fb12bb0d870272447993,2026-09-06T11:53:16.193660+00:00,1,2.303100086000086,True,8.0,4.1799400115721474e-08,2,0.446,NAA-GDP,0.012,1,5,,0,s1_p5_NAA-GDP_l2_r0,fcf8b4f93626e8cf9603afe70c3a614f6523366181d2f4df2620ee6efbb41bdb,3ea87f4a1b7b84a26ee106434a73c8c3b1666cf072e5654900cb743a0c6ff2ae,a12dcb1ba4e2a21b6a4474c284e3079c1b8e06dc282072a6d2d3a684bd02794b,1a980269c1778978c64462bf76cf00949cd95e29e33d5066107809299e5dec35,p5_10,celeba-three-workers-v1,
0.8722067039106145,,,3.6681086429998686,988babfb79a4be0620cf47d259d4da35f8fc07573e92f83a2e388003c17759ba,0.8720383220805201,de125d04e78b221d9268ef4e9e1c30f5c2aabf852422fb12bb0d870272447993,2026-09-06T11:53:25.175208+00:00,1,5.029320522000489,True,7.0,5.638526912135909e-08,2,0.446,NAA-GDP,0.012,1,10,,0,s1_p10_NAA-GDP_l2_r0,fcf8b4f93626e8cf9603afe70c3a614f6523366181d2f4df2620ee6efbb41bdb,3ea87f4a1b7b84a26ee106434a73c8c3b1666cf072e5654900cb743a0c6ff2ae,a12dcb1ba4e2a21b6a4474c284e3079c1b8e06dc282072a6d2d3a684bd02794b,1a980269c1778978c64462bf76cf00949cd95e29e33d5066107809299e5dec35,p5_10,celeba-three-workers-v1,
0.8443824145150035,,,2.0542152879997957,988babfb79a4be0620cf47d259d4da35f8fc07573e92f83a2e388003c17759ba,0.8454132861920538,de125d04e78b221d9268ef4e9e1c30f5c2aabf852422fb12bb0d870272447993,2026-09-06T11:53:30.777927+00:00,1,2.6809175060006964,True,8.0,4.1806946503670064e-08,2,0.486,NAA-GDP,0.012,1,5,,1,s1_p5_NAA-GDP_l2_r1,fcf8b4f93626e8cf9603afe70c3a614f6523366181d2f4df2620ee6efbb41bdb,3ea87f4a1b7b84a26ee106434a73c8c3b1666cf072e5654900cb743a0c6ff2ae,a12dcb1ba4e2a21b6a4474c284e3079c1b8e06dc282072a6d2d3a684bd02794b,1a980269c1778978c64462bf76cf00949cd95e29e33d5066107809299e5dec35,p5_10,celeba-three-workers-v1,
0.8725558659217877,,,3.6881492109996543,988babfb79a4be0620cf47d259d4da35f8fc07573e92f83a2e388003c17759ba,0.8709247624406101,de125d04e78b221d9268ef4e9e1c30f5c2aabf852422fb12bb0d870272447993,2026-09-06T11:53:38.706870+00:00,1,3.9734580749991437,True,7.0,5.637882663152377e-08,2,0.486,NAA-GDP,0.012,1,10,,1,s1_p10_NAA-GDP_l2_r1,fcf8b4f93626e8cf9603afe70c3a614f6523366181d2f4df2620ee6efbb41bdb,3ea87f4a1b7b84a26ee106434a73c8c3b1666cf072e5654900cb743a0c6ff2ae,a12dcb1ba4e2a21b6a4474c284e3079c1b8e06dc282072a6d2d3a684bd02794b,1a980269c1778978c64462bf76cf00949cd95e29e33d5066107809299e5dec35,p5_10,celeba-three-workers-v1,
0.8646196789951152,,,2.0462102499996035,988babfb79a4be0620cf47d259d4da35f8fc07573e92f83a2e388003c17759ba,0.8634112647365279,de125d04e78b221d9268ef4e9e1c30f5c2aabf852422fb12bb0d870272447993,2026-09-06T11:53:44.560512+00:00,1,2.9191250580006454,True,8.0,4.1972347995755444e-08,2,0.463,NAA-GDP,0.012,1,5,,2,s1_p5_NAA-GDP_l2_r2,fcf8b4f93626e8cf9603afe70c3a614f6523366181d2f4df2620ee6efbb41bdb,3ea87f4a1b7b84a26ee106434a73c8c3b1666cf072e5654900cb743a0c6ff2ae,a12dcb1ba4e2a21b6a4474c284e3079c1b8e06dc282072a6d2d3a684bd02794b,1a980269c1778978c64462bf76cf00949cd95e29e33d5066107809299e5dec35,p5_10,celeba-three-workers-v1,
0.869413407821229,,,3.6616686580000533,988babfb79a4be0620cf47d259d4da35f8fc07573e92f83a2e388003c17759ba,0.8697330582645662,de125d04e78b221d9268ef4e9e1c30f5c2aabf852422fb12bb0d870272447993,2026-09-06T11:53:51.817260+00:00,1,3.328888633999668,True,7.0,5.766911667367515e-08,2,0.463,NAA-GDP,0.012,1,10,,2,s1_p10_NAA-GDP_l2_r2,fcf8b4f93626e8cf9603afe70c3a614f6523366181d2f4df2620ee6efbb41bdb,3ea87f4a1b7b84a26ee106434a73c8c3b1666cf072e5654900cb743a0c6ff2ae,a12dcb1ba4e2a21b6a4474c284e3079c1b8e06dc282072a6d2d3a684bd02794b,1a980269c1778978c64462bf76cf00949cd95e29e33d5066107809299e5dec35,p5_10,celeba-three-workers-v1,
0.8464759246336357,,,2.0636083849994975,988babfb79a4be0620cf47d259d4da35f8fc07573e92f83a2e388003c17759ba,0.8473088885506788,de125d04e78b221d9268ef4e9e1c30f5c2aabf852422fb12bb0d870272447993,2026-09-06T11:53:57.373458+00:00,1,2.59705445399959,True,8.0,4.068038110890304e-08,2,0.459,NAA-GDP,0.012,1,5,,3,s1_p5_NAA-GDP_l2_r3,fcf8b4f93626e8cf9603afe70c3a614f6523366181d2f4df2620ee6efbb41bdb,3ea87f4a1b7b84a26ee106434a73c8c3b1666cf072e5654900cb743a0c6ff2ae,a12dcb1ba4e2a21b6a4474c284e3079c1b8e06dc282072a6d2d3a684bd02794b,1a980269c1778978c64462bf76cf00949cd95e29e33d5066107809299e5dec35,p5_10,celeba-three-workers-v1,
0.8687150837988827,,,3.6668399239997598,988babfb79a4be0620cf47d259d4da35f8fc07573e92f83a2e388003c17759ba,0.8664353588397099,de125d04e78b221d9268ef4e9e1c30f5c2aabf852422fb12bb0d870272447993,2026-09-06T11:54:04.512665+00:00,1,3.204206601999431,True,7.0,5.611190500953362e-08,2,0.459,NAA-GDP,0.012,1,10,,3,s1_p10_NAA-GDP_l2_r3,fcf8b4f93626e8cf9603afe70c3a614f6523366181d2f4df2620ee6efbb41bdb,3ea87f4a1b7b84a26ee106434a73c8c3b1666cf072e5654900cb743a0c6ff2ae,a12dcb1ba4e2a21b6a4474c284e3079c1b8e06dc282072a6d2d3a684bd02794b,1a980269c1778978c64462bf76cf00949cd95e29e33d5066107809299e5dec35,p5_10,celeba-three-workers-v1,
0.8618283321702721,,,2.9908880689999933,988babfb79a4be0620cf47d259d4da35f8fc07573e92f83a2e388003c17759ba,0.8619966361106883,de125d04e78b221d9268ef4e9e1c30f5c2aabf852422fb12bb0d870272447993,2026-09-06T11:54:10.822597+00:00,1,2.4559283030002916,True,13.0,3.350037300947256e-08,3,0.346,NAA-GDP,0.018,1,5,,0,s1_p5_NAA-GDP_l3_r0,fcf8b4f93626e8cf9603afe70c3a614f6523366181d2f4df2620ee6efbb41bdb,3ea87f4a1b7b84a26ee106434a73c8c3b1666cf072e5654900cb743a0c6ff2ae,a12dcb1ba4e2a21b6a4474c284e3079c1b8e06dc282072a6d2d3a684bd02794b,1a980269c1778978c64462bf76cf00949cd95e29e33d5066107809299e5dec35,p5_10,celeba-three-workers-v1,
0.8610335195530726,,,5.133566299999984,988babfb79a4be0620cf47d259d4da35f8fc07573e92f83a2e388003c17759ba,0.8618326456614154,de125d04e78b221d9268ef4e9e1c30f5c2aabf852422fb12bb0d870272447993,2026-09-06T11:54:19.170635+00:00,1,2.934331258000384,True,11.0,2.1101408600837308e-08,3,0.346,NAA-GDP,0.018,1,10,,0,s1_p10_NAA-GDP_l3_r0,fcf8b4f93626e8cf9603afe70c3a614f6523366181d2f4df2620ee6efbb41bdb,3ea87f4a1b7b84a26ee106434a73c8c3b1666cf072e5654900cb743a0c6ff2ae,a12dcb1ba4e2a21b6a4474c284e3079c1b8e06dc282072a6d2d3a684bd02794b,1a980269c1778978c64462bf76cf00949cd95e29e33d5066107809299e5dec35,p5_10,celeba-three-workers-v1,
0.8394975575715282,,,2.996435179999935,988babfb79a4be0620cf47d259d4da35f8fc07573e92f83a2e388003c17759ba,0.8404337934290989,de125d04e78b221d9268ef4e9e1c30f5c2aabf852422fb12bb0d870272447993,2026-09-06T11:54:25.031051+00:00,1,1.9917764290003106,True,13.0,3.354242920605155e-08,3,0.397,NAA-GDP,0.018,1,5,,1,s1_p5_NAA-GDP_l3_r1,fcf8b4f93626e8cf9603afe70c3a614f6523366181d2f4df2620ee6efbb41bdb,3ea87f4a1b7b84a26ee106434a73c8c3b1666cf072e5654900cb743a0c6ff2ae,a12dcb1ba4e2a21b6a4474c284e3079c1b8e06dc282072a6d2d3a684bd02794b,1a980269c1778978c64462bf76cf00949cd95e29e33d5066107809299e5dec35,p5_10,celeba-three-workers-v1,
0.869413407821229,,,5.131379645000379,988babfb79a4be0620cf47d259d4da35f8fc07573e92f83a2e388003c17759ba,0.8672988559639909,de125d04e78b221d9268ef4e9e1c30f5c2aabf852422fb12bb0d870272447993,2026-09-06T11:54:34.369971+00:00,1,3.940319900000759,True,11.0,2.0553441053981754e-08,3,0.397,NAA-GDP,0.018,1,10,,1,s1_p10_NAA-GDP_l3_r1,fcf8b4f93626e8cf9603afe70c3a614f6523366181d2f4df2620ee6efbb41bdb,3ea87f4a1b7b84a26ee106434a73c8c3b1666cf072e5654900cb743a0c6ff2ae,a12dcb1ba4e2a21b6a4474c284e3079c1b8e06dc282072a6d2d3a684bd02794b,1a980269c1778978c64462bf76cf00949cd95e29e33d5066107809299e5dec35,p5_10,celeba-three-workers-v1,
0.8576413119330076,,,2.9641592500001934,988babfb79a4be0620cf47d259d4da35f8fc07573e92f83a2e388003c17759ba,0.8548669078364572,de125d04e78b221d9268ef4e9e1c30f5c2aabf852422fb12bb0d870272447993,2026-09-06T11:54:40.982146+00:00,1,2.77065152600062,True,13.0,3.5444514621303704e-08,3,0.322,NAA-GDP,0.018,1,5,,2,s1_p5_NAA-GDP_l3_r2,fcf8b4f93626e8cf9603afe70c3a614f6523366181d2f4df2620ee6efbb41bdb,3ea87f4a1b7b84a26ee106434a73c8c3b1666cf072e5654900cb743a0c6ff2ae,a12dcb1ba4e2a21b6a4474c284e3079c1b8e06dc282072a6d2d3a684bd02794b,1a980269c1778978c64462bf76cf00949cd95e29e33d5066107809299e5dec35,p5_10,celeba-three-workers-v1,
0.8578910614525139,,,5.132804961000147,988babfb79a4be0620cf47d259d4da35f8fc07573e92f83a2e388003c17759ba,0.8554443298324581,de125d04e78b221d9268ef4e9e1c30f5c2aabf852422fb12bb0d870272447993,2026-09-06T11:54:51.154189+00:00,1,4.773923724999804,True,11.0,2.156089855241283e-08,3,0.322,NAA-GDP,0.018,1,10,,2,s1_p10_NAA-GDP_l3_r2,fcf8b4f93626e8cf9603afe70c3a614f6523366181d2f4df2620ee6efbb41bdb,3ea87f4a1b7b84a26ee106434a73c8c3b1666cf072e5654900cb743a0c6ff2ae,a12dcb1ba4e2a21b6a4474c284e3079c1b8e06dc282072a6d2d3a684bd02794b,1a980269c1778978c64462bf76cf00949cd95e29e33d5066107809299e5dec35,p5_10,celeba-three-workers-v1,
0.8583391486392185,,,2.989037035000365,988babfb79a4be0620cf47d259d4da35f8fc07573e92f83a2e388003c17759ba,0.8564005603880571,de125d04e78b221d9268ef4e9e1c30f5c2aabf852422fb12bb0d870272447993,2026-09-06T11:54:56.889682+00:00,1,1.869819434999954,True,13.0,3.681822398011151e-08,3,0.246,NAA-GDP,0.018,1,5,,3,s1_p5_NAA-GDP_l3_r3,fcf8b4f93626e8cf9603afe70c3a614f6523366181d2f4df2620ee6efbb41bdb,3ea87f4a1b7b84a26ee106434a73c8c3b1666cf072e5654900cb743a0c6ff2ae,a12dcb1ba4e2a21b6a4474c284e3079c1b8e06dc282072a6d2d3a684bd02794b,1a980269c1778978c64462bf76cf00949cd95e29e33d5066107809299e5dec35,p5_10,celeba-three-workers-v1,
0.8610335195530726,,,5.120312455000203,988babfb79a4be0620cf47d259d4da35f8fc07573e92f83a2e388003c17759ba,0.8598634033508377,de125d04e78b221d9268ef4e9e1c30f5c2aabf852422fb12bb0d870272447993,2026-09-06T11:55:05.317085+00:00,1,3.0349981029994524,True,11.0,2.1006891878130074e-08,3,0.246,NAA-GDP,0.018,1,10,,3,s1_p10_NAA-GDP_l3_r3,fcf8b4f93626e8cf9603afe70c3a614f6523366181d2f4df2620ee6efbb41bdb,3ea87f4a1b7b84a26ee106434a73c8c3b1666cf072e5654900cb743a0c6ff2ae,a12dcb1ba4e2a21b6a4474c284e3079c1b8e06dc282072a6d2d3a684bd02794b,1a980269c1778978c64462bf76cf00949cd95e29e33d5066107809299e5dec35,p5_10,celeba-three-workers-v1,
0.8387997208653175,,,4.631267424000725,988babfb79a4be0620cf47d259d4da35f8fc07573e92f83a2e388003c17759ba,0.8366552715891841,de125d04e78b221d9268ef4e9e1c30f5c2aabf852422fb12bb0d870272447993,2026-09-06T11:55:14.596092+00:00,1,3.7793134459998328,True,22.0,7.680394174276629e-08,4,0.261,NAA-GDP,0.024,1,5,,0,s1_p5_NAA-GDP_l4_r0,fcf8b4f93626e8cf9603afe70c3a614f6523366181d2f4df2620ee6efbb41bdb,3ea87f4a1b7b84a26ee106434a73c8c3b1666cf072e5654900cb743a0c6ff2ae,a12dcb1ba4e2a21b6a4474c284e3079c1b8e06dc282072a6d2d3a684bd02794b,1a980269c1778978c64462bf76cf00949cd95e29e33d5066107809299e5dec35,p5_10,celeba-three-workers-v1,
0.8463687150837989,,,6.969270603000041,988babfb79a4be0620cf47d259d4da35f8fc07573e92f83a2e388003c17759ba,0.8457505001250313,de125d04e78b221d9268ef4e9e1c30f5c2aabf852422fb12bb0d870272447993,2026-09-06T11:55:24.982051+00:00,1,3.1400566980000804,True,16.0,5.7712156580509316e-08,4,0.261,NAA-GDP,0.024,1,10,,0,s1_p10_NAA-GDP_l4_r0,fcf8b4f93626e8cf9603afe70c3a614f6523366181d2f4df2620ee6efbb41bdb,3ea87f4a1b7b84a26ee106434a73c8c3b1666cf072e5654900cb743a0c6ff2ae,a12dcb1ba4e2a21b6a4474c284e3079c1b8e06dc282072a6d2d3a684bd02794b,1a980269c1778978c64462bf76cf00949cd95e29e33d5066107809299e5dec35,p5_10,celeba-three-workers-v1,
0.8611304954640614,,,4.643740634999631,988babfb79a4be0620cf47d259d4da35f8fc07573e92f83a2e388003c17759ba,0.860117619053194,de125d04e78b221d9268ef4e9e1c30f5c2aabf852422fb12bb0d870272447993,2026-09-06T11:55:33.575947+00:00,1,3.082777975000681,True,22.0,7.279761913913818e-08,4,0.215,NAA-GDP,0.024,1,5,,1,s1_p5_NAA-GDP_l4_r1,fcf8b4f93626e8cf9603afe70c3a614f6523366181d2f4df2620ee6efbb41bdb,3ea87f4a1b7b84a26ee106434a73c8c3b1666cf072e5654900cb743a0c6ff2ae,a12dcb1ba4e2a21b6a4474c284e3079c1b8e06dc282072a6d2d3a684bd02794b,1a980269c1778978c64462bf76cf00949cd95e29e33d5066107809299e5dec35,p5_10,celeba-three-workers-v1,
0.8641759776536313,,,6.949048612000297,988babfb79a4be0620cf47d259d4da35f8fc07573e92f83a2e388003c17759ba,0.8632978557139285,de125d04e78b221d9268ef4e9e1c30f5c2aabf852422fb12bb0d870272447993,2026-09-06T11:55:43.827335+00:00,1,3.0383203530000173,True,16.0,5.691573825558331e-08,4,0.215,NAA-GDP,0.024,1,10,,1,s1_p10_NAA-GDP_l4_r1,fcf8b4f93626e8cf9603afe70c3a614f6523366181d2f4df2620ee6efbb41bdb,3ea87f4a1b7b84a26ee106434a73c8c3b1666cf072e5654900cb743a0c6ff2ae,a12dcb1ba4e2a21b6a4474c284e3079c1b8e06dc282072a6d2d3a684bd02794b,1a980269c1778978c64462bf76cf00949cd95e29e33d5066107809299e5dec35,p5_10,celeba-three-workers-v1,
0.8332170272156315,,,4.651010549000603,988babfb79a4be0620cf47d259d4da35f8fc07573e92f83a2e388003c17759ba,0.8331352853257158,de125d04e78b221d9268ef4e9e1c30f5c2aabf852422fb12bb0d870272447993,2026-09-06T11:55:51.169328+00:00,1,1.8202282640004341,True,22.0,7.178233052258311e-08,4,0.277,NAA-GDP,0.024,1,5,,2,s1_p5_NAA-GDP_l4_r2,fcf8b4f93626e8cf9603afe70c3a614f6523366181d2f4df2620ee6efbb41bdb,3ea87f4a1b7b84a26ee106434a73c8c3b1666cf072e5654900cb743a0c6ff2ae,a12dcb1ba4e2a21b6a4474c284e3079c1b8e06dc282072a6d2d3a684bd02794b,1a980269c1778978c64462bf76cf00949cd95e29e33d5066107809299e5dec35,p5_10,celeba-three-workers-v1,
0.8554469273743017,,,6.954600965000282,988babfb79a4be0620cf47d259d4da35f8fc07573e92f83a2e388003c17759ba,0.8552255251312828,de125d04e78b221d9268ef4e9e1c30f5c2aabf852422fb12bb0d870272447993,2026-09-06T11:56:02.929904+00:00,1,4.537333428000238,True,16.0,5.7994526314067004e-08,4,0.277,NAA-GDP,0.024,1,10,,2,s1_p10_NAA-GDP_l4_r2,fcf8b4f93626e8cf9603afe70c3a614f6523366181d2f4df2620ee6efbb41bdb,3ea87f4a1b7b84a26ee106434a73c8c3b1666cf072e5654900cb743a0c6ff2ae,a12dcb1ba4e2a21b6a4474c284e3079c1b8e06dc282072a6d2d3a684bd02794b,1a980269c1778978c64462bf76cf00949cd95e29e33d5066107809299e5dec35,p5_10,celeba-three-workers-v1,
0.8548499651081647,,,4.640519018999839,988babfb79a4be0620cf47d259d4da35f8fc07573e92f83a2e388003c17759ba,0.8529342324517758,de125d04e78b221d9268ef4e9e1c30f5c2aabf852422fb12bb0d870272447993,2026-09-06T11:56:10.999610+00:00,1,2.558903762999762,True,22.0,7.012680670014621e-08,4,0.234,NAA-GDP,0.024,1,5,,3,s1_p5_NAA-GDP_l4_r3,fcf8b4f93626e8cf9603afe70c3a614f6523366181d2f4df2620ee6efbb41bdb,3ea87f4a1b7b84a26ee106434a73c8c3b1666cf072e5654900cb743a0c6ff2ae,a12dcb1ba4e2a21b6a4474c284e3079c1b8e06dc282072a6d2d3a684bd02794b,1a980269c1778978c64462bf76cf00949cd95e29e33d5066107809299e5dec35,p5_10,celeba-three-workers-v1,
0.8624301675977654,,,6.940436881000096,988babfb79a4be0620cf47d259d4da35f8fc07573e92f83a2e388003c17759ba,0.8616997999499876,de125d04e78b221d9268ef4e9e1c30f5c2aabf852422fb12bb0d870272447993,2026-09-06T11:56:23.033117+00:00,1,4.830431473000317,True,16.0,5.6646766779185736e-08,4,0.234,NAA-GDP,0.024,1,10,,3,s1_p10_NAA-GDP_l4_r3,fcf8b4f93626e8cf9603afe70c3a614f6523366181d2f4df2620ee6efbb41bdb,3ea87f4a1b7b84a26ee106434a73c8c3b1666cf072e5654900cb743a0c6ff2ae,a12dcb1ba4e2a21b6a4474c284e3079c1b8e06dc282072a6d2d3a684bd02794b,1a980269c1778978c64462bf76cf00949cd95e29e33d5066107809299e5dec35,p5_10,celeba-three-workers-v1,
0.8408932309839497,,,10.402011335999305,988babfb79a4be0620cf47d259d4da35f8fc07573e92f83a2e388003c17759ba,0.837226976675213,de125d04e78b221d9268ef4e9e1c30f5c2aabf852422fb12bb0d870272447993,2026-09-06T11:56:36.270519+00:00,1,1.9578522949996113,True,53.0,9.650350623428379e-08,5,0.243,NAA-GDP,0.03,1,5,,0,s1_p5_NAA-GDP_l5_r0,fcf8b4f93626e8cf9603afe70c3a614f6523366181d2f4df2620ee6efbb41bdb,3ea87f4a1b7b84a26ee106434a73c8c3b1666cf072e5654900cb743a0c6ff2ae,a12dcb1ba4e2a21b6a4474c284e3079c1b8e06dc282072a6d2d3a684bd02794b,1a980269c1778978c64462bf76cf00949cd95e29e33d5066107809299e5dec35,p5_10,celeba-three-workers-v1,
0.8512569832402235,,,10.971223933999681,988babfb79a4be0620cf47d259d4da35f8fc07573e92f83a2e388003c17759ba,0.850181295323831,de125d04e78b221d9268ef4e9e1c30f5c2aabf852422fb12bb0d870272447993,2026-09-06T11:56:51.445365+00:00,1,3.9303411310002048,True,27.0,9.645266034750917e-08,5,0.243,NAA-GDP,0.03,1,10,,0,s1_p10_NAA-GDP_l5_r0,fcf8b4f93626e8cf9603afe70c3a614f6523366181d2f4df2620ee6efbb41bdb,3ea87f4a1b7b84a26ee106434a73c8c3b1666cf072e5654900cb743a0c6ff2ae,a12dcb1ba4e2a21b6a4474c284e3079c1b8e06dc282072a6d2d3a684bd02794b,1a980269c1778978c64462bf76cf00949cd95e29e33d5066107809299e5dec35,p5_10,celeba-three-workers-v1,
0.8415910676901605,,,10.23291445599989,988babfb79a4be0620cf47d259d4da35f8fc07573e92f83a2e388003c17759ba,0.8414084237720048,de125d04e78b221d9268ef4e9e1c30f5c2aabf852422fb12bb0d870272447993,2026-09-06T11:57:04.281082+00:00,1,1.7231341329998031,True,52.0,8.644045681640222e-08,5,0.211,NAA-GDP,0.03,1,5,,1,s1_p5_NAA-GDP_l5_r1,fcf8b4f93626e8cf9603afe70c3a614f6523366181d2f4df2620ee6efbb41bdb,3ea87f4a1b7b84a26ee106434a73c8c3b1666cf072e5654900cb743a0c6ff2ae,a12dcb1ba4e2a21b6a4474c284e3079c1b8e06dc282072a6d2d3a684bd02794b,1a980269c1778978c64462bf76cf00949cd95e29e33d5066107809299e5dec35,p5_10,celeba-three-workers-v1,
0.8460195530726257,,,10.991045789000054,988babfb79a4be0620cf47d259d4da35f8fc07573e92f83a2e388003c17759ba,0.8441837021755438,de125d04e78b221d9268ef4e9e1c30f5c2aabf852422fb12bb0d870272447993,2026-09-06T11:57:18.685583+00:00,1,3.1489916849996007,True,27.0,8.167017942023055e-08,5,0.211,NAA-GDP,0.03,1,10,,1,s1_p10_NAA-GDP_l5_r1,fcf8b4f93626e8cf9603afe70c3a614f6523366181d2f4df2620ee6efbb41bdb,3ea87f4a1b7b84a26ee106434a73c8c3b1666cf072e5654900cb743a0c6ff2ae,a12dcb1ba4e2a21b6a4474c284e3079c1b8e06dc282072a6d2d3a684bd02794b,1a980269c1778978c64462bf76cf00949cd95e29e33d5066107809299e5dec35,p5_10,celeba-three-workers-v1,
0.8534542916957432,,,10.239195653999559,988babfb79a4be0620cf47d259d4da35f8fc07573e92f83a2e388003c17759ba,0.8512483853721546,de125d04e78b221d9268ef4e9e1c30f5c2aabf852422fb12bb0d870272447993,2026-09-06T11:57:32.021569+00:00,1,2.222888131000218,True,52.0,7.6011216408005e-08,5,0.24,NAA-GDP,0.03,1,5,,2,s1_p5_NAA-GDP_l5_r2,fcf8b4f93626e8cf9603afe70c3a614f6523366181d2f4df2620ee6efbb41bdb,3ea87f4a1b7b84a26ee106434a73c8c3b1666cf072e5654900cb743a0c6ff2ae,a12dcb1ba4e2a21b6a4474c284e3079c1b8e06dc282072a6d2d3a684bd02794b,1a980269c1778978c64462bf76cf00949cd95e29e33d5066107809299e5dec35,p5_10,celeba-three-workers-v1,
0.8418296089385475,,,10.969422931999361,988babfb79a4be0620cf47d259d4da35f8fc07573e92f83a2e388003c17759ba,0.8395223805951488,de125d04e78b221d9268ef4e9e1c30f5c2aabf852422fb12bb0d870272447993,2026-09-06T11:57:46.514138+00:00,1,3.2392723240000123,True,27.0,9.513898900237544e-08,5,0.24,NAA-GDP,0.03,1,10,,2,s1_p10_NAA-GDP_l5_r2,fcf8b4f93626e8cf9603afe70c3a614f6523366181d2f4df2620ee6efbb41bdb,3ea87f4a1b7b84a26ee106434a73c8c3b1666cf072e5654900cb743a0c6ff2ae,a12dcb1ba4e2a21b6a4474c284e3079c1b8e06dc282072a6d2d3a684bd02794b,1a980269c1778978c64462bf76cf00949cd95e29e33d5066107809299e5dec35,p5_10,celeba-three-workers-v1,
0.848569434752268,,,10.02174867299982,988babfb79a4be0620cf47d259d4da35f8fc07573e92f83a2e388003c17759ba,0.8482259581426024,de125d04e78b221d9268ef4e9e1c30f5c2aabf852422fb12bb0d870272447993,2026-09-06T11:58:00.057152+00:00,1,2.648109774999284,True,51.0,8.219444648462942e-08,5,0.187,NAA-GDP,0.03,1,5,,3,s1_p5_NAA-GDP_l5_r3,fcf8b4f93626e8cf9603afe70c3a614f6523366181d2f4df2620ee6efbb41bdb,3ea87f4a1b7b84a26ee106434a73c8c3b1666cf072e5654900cb743a0c6ff2ae,a12dcb1ba4e2a21b6a4474c284e3079c1b8e06dc282072a6d2d3a684bd02794b,1a980269c1778978c64462bf76cf00949cd95e29e33d5066107809299e5dec35,p5_10,celeba-three-workers-v1,
0.8491620111731844,,,10.963368764999359,988babfb79a4be0620cf47d259d4da35f8fc07573e92f83a2e388003c17759ba,0.8469617404351087,de125d04e78b221d9268ef4e9e1c30f5c2aabf852422fb12bb0d870272447993,2026-09-06T11:58:15.070303+00:00,1,3.78417275099946,True,27.0,8.546016744916336e-08,5,0.187,NAA-GDP,0.03,1,10,,3,s1_p10_NAA-GDP_l5_r3,fcf8b4f93626e8cf9603afe70c3a614f6523366181d2f4df2620ee6efbb41bdb,3ea87f4a1b7b84a26ee106434a73c8c3b1666cf072e5654900cb743a0c6ff2ae,a12dcb1ba4e2a21b6a4474c284e3079c1b8e06dc282072a6d2d3a684bd02794b,1a980269c1778978c64462bf76cf00949cd95e29e33d5066107809299e5dec35,p5_10,celeba-three-workers-v1,
0.8213538032100488,,,93.88949861600031,988babfb79a4be0620cf47d259d4da35f8fc07573e92f83a2e388003c17759ba,0.8217411834490402,de125d04e78b221d9268ef4e9e1c30f5c2aabf852422fb12bb0d870272447993,2026-09-06T11:59:52.604971+00:00,1,2.781637103000321,False,500.0,0.0013406670227624367,6,0.155,NAA-GDP,0.036,1,5,,0,s1_p5_NAA-GDP_l6_r0,fcf8b4f93626e8cf9603afe70c3a614f6523366181d2f4df2620ee6efbb41bdb,3ea87f4a1b7b84a26ee106434a73c8c3b1666cf072e5654900cb743a0c6ff2ae,a12dcb1ba4e2a21b6a4474c284e3079c1b8e06dc282072a6d2d3a684bd02794b,1a980269c1778978c64462bf76cf00949cd95e29e33d5066107809299e5dec35,p5_10,celeba-three-workers-v1,
0.8365921787709497,,,26.874366960999396,988babfb79a4be0620cf47d259d4da35f8fc07573e92f83a2e388003c17759ba,0.8347829144786196,de125d04e78b221d9268ef4e9e1c30f5c2aabf852422fb12bb0d870272447993,2026-09-06T12:00:23.361528+00:00,1,3.620286506999946,True,70.0,9.11238092697252e-08,6,0.155,NAA-GDP,0.036,1,10,,0,s1_p10_NAA-GDP_l6_r0,fcf8b4f93626e8cf9603afe70c3a614f6523366181d2f4df2620ee6efbb41bdb,3ea87f4a1b7b84a26ee106434a73c8c3b1666cf072e5654900cb743a0c6ff2ae,a12dcb1ba4e2a21b6a4474c284e3079c1b8e06dc282072a6d2d3a684bd02794b,1a980269c1778978c64462bf76cf00949cd95e29e33d5066107809299e5dec35,p5_10,celeba-three-workers-v1,
0.8415910676901605,,,94.1834082159994,988babfb79a4be0620cf47d259d4da35f8fc07573e92f83a2e388003c17759ba,0.8388181899777952,de125d04e78b221d9268ef4e9e1c30f5c2aabf852422fb12bb0d870272447993,2026-09-06T12:02:00.745153+00:00,1,2.326839858999847,False,500.0,0.0012780918135853448,6,0.202,NAA-GDP,0.036,1,5,,1,s1_p5_NAA-GDP_l6_r1,fcf8b4f93626e8cf9603afe70c3a614f6523366181d2f4df2620ee6efbb41bdb,3ea87f4a1b7b84a26ee106434a73c8c3b1666cf072e5654900cb743a0c6ff2ae,a12dcb1ba4e2a21b6a4474c284e3079c1b8e06dc282072a6d2d3a684bd02794b,1a980269c1778978c64462bf76cf00949cd95e29e33d5066107809299e5dec35,p5_10,celeba-three-workers-v1,
0.840782122905028,,,26.85977298799935,988babfb79a4be0620cf47d259d4da35f8fc07573e92f83a2e388003c17759ba,0.8383228619654914,de125d04e78b221d9268ef4e9e1c30f5c2aabf852422fb12bb0d870272447993,2026-09-06T12:02:32.259721+00:00,1,4.391983196000183,True,70.0,9.598609294518082e-08,6,0.202,NAA-GDP,0.036,1,10,,1,s1_p10_NAA-GDP_l6_r1,fcf8b4f93626e8cf9603afe70c3a614f6523366181d2f4df2620ee6efbb41bdb,3ea87f4a1b7b84a26ee106434a73c8c3b1666cf072e5654900cb743a0c6ff2ae,a12dcb1ba4e2a21b6a4474c284e3079c1b8e06dc282072a6d2d3a684bd02794b,1a980269c1778978c64462bf76cf00949cd95e29e33d5066107809299e5dec35,p5_10,celeba-three-workers-v1,
0.8387997208653175,,,94.03877495100005,988babfb79a4be0620cf47d259d4da35f8fc07573e92f83a2e388003c17759ba,0.8380367296127624,de125d04e78b221d9268ef4e9e1c30f5c2aabf852422fb12bb0d870272447993,2026-09-06T12:04:09.747092+00:00,1,2.5761062329993365,False,500.0,0.00499730879458315,6,0.168,NAA-GDP,0.036,1,5,,2,s1_p5_NAA-GDP_l6_r2,fcf8b4f93626e8cf9603afe70c3a614f6523366181d2f4df2620ee6efbb41bdb,3ea87f4a1b7b84a26ee106434a73c8c3b1666cf072e5654900cb743a0c6ff2ae,a12dcb1ba4e2a21b6a4474c284e3079c1b8e06dc282072a6d2d3a684bd02794b,1a980269c1778978c64462bf76cf00949cd95e29e33d5066107809299e5dec35,p5_10,celeba-three-workers-v1,
0.8432262569832403,,,30.96130359899962,988babfb79a4be0620cf47d259d4da35f8fc07573e92f83a2e388003c17759ba,0.8419878407101775,de125d04e78b221d9268ef4e9e1c30f5c2aabf852422fb12bb0d870272447993,2026-09-06T12:04:44.896579+00:00,1,3.91631944799974,True,81.0,9.400292813134219e-08,6,0.168,NAA-GDP,0.036,1,10,,2,s1_p10_NAA-GDP_l6_r2,fcf8b4f93626e8cf9603afe70c3a614f6523366181d2f4df2620ee6efbb41bdb,3ea87f4a1b7b84a26ee106434a73c8c3b1666cf072e5654900cb743a0c6ff2ae,a12dcb1ba4e2a21b6a4474c284e3079c1b8e06dc282072a6d2d3a684bd02794b,1a980269c1778978c64462bf76cf00949cd95e29e33d5066107809299e5dec35,p5_10,celeba-three-workers-v1,
0.8436845778087927,,,93.91040939899995,988babfb79a4be0620cf47d259d4da35f8fc07573e92f83a2e388003c17759ba,0.8412893998462445,de125d04e78b221d9268ef4e9e1c30f5c2aabf852422fb12bb0d870272447993,2026-09-06T12:06:21.550483+00:00,1,1.8652446340001916,False,500.0,0.00028755950075078145,6,0.181,NAA-GDP,0.036,1,5,,3,s1_p5_NAA-GDP_l6_r3,fcf8b4f93626e8cf9603afe70c3a614f6523366181d2f4df2620ee6efbb41bdb,3ea87f4a1b7b84a26ee106434a73c8c3b1666cf072e5654900cb743a0c6ff2ae,a12dcb1ba4e2a21b6a4474c284e3079c1b8e06dc282072a6d2d3a684bd02794b,1a980269c1778978c64462bf76cf00949cd95e29e33d5066107809299e5dec35,p5_10,celeba-three-workers-v1,
0.8365921787709497,,,26.516679809999914,988babfb79a4be0620cf47d259d4da35f8fc07573e92f83a2e388003c17759ba,0.8358222368092023,de125d04e78b221d9268ef4e9e1c30f5c2aabf852422fb12bb0d870272447993,2026-09-06T12:06:52.351289+00:00,1,4.018665679000151,True,69.0,8.171073084698307e-08,6,0.181,NAA-GDP,0.036,1,10,,3,s1_p10_NAA-GDP_l6_r3,fcf8b4f93626e8cf9603afe70c3a614f6523366181d2f4df2620ee6efbb41bdb,3ea87f4a1b7b84a26ee106434a73c8c3b1666cf072e5654900cb743a0c6ff2ae,a12dcb1ba4e2a21b6a4474c284e3079c1b8e06dc282072a6d2d3a684bd02794b,1a980269c1778978c64462bf76cf00949cd95e29e33d5066107809299e5dec35,p5_10,celeba-three-workers-v1,
0.8136775994417307,,,94.11788044500008,988babfb79a4be0620cf47d259d4da35f8fc07573e92f83a2e388003c17759ba,0.814080725538632,de125d04e78b221d9268ef4e9e1c30f5c2aabf852422fb12bb0d870272447993,2026-09-06T12:08:30.262592+00:00,1,2.919111234000411,False,500.0,0.006561938581271951,7,0.187,NAA-GDP,0.042,1,5,,0,s1_p5_NAA-GDP_l7_r0,fcf8b4f93626e8cf9603afe70c3a614f6523366181d2f4df2620ee6efbb41bdb,3ea87f4a1b7b84a26ee106434a73c8c3b1666cf072e5654900cb743a0c6ff2ae,a12dcb1ba4e2a21b6a4474c284e3079c1b8e06dc282072a6d2d3a684bd02794b,1a980269c1778978c64462bf76cf00949cd95e29e33d5066107809299e5dec35,p5_10,celeba-three-workers-v1,
0.8268156424581006,,,185.7795637120007,988babfb79a4be0620cf47d259d4da35f8fc07573e92f83a2e388003c17759ba,0.8251008064516129,de125d04e78b221d9268ef4e9e1c30f5c2aabf852422fb12bb0d870272447993,2026-09-06T12:11:40.325220+00:00,1,4.0156079950002095,False,500.0,0.006512997513062804,7,0.187,NAA-GDP,0.042,1,10,,0,s1_p10_NAA-GDP_l7_r0,fcf8b4f93626e8cf9603afe70c3a614f6523366181d2f4df2620ee6efbb41bdb,3ea87f4a1b7b84a26ee106434a73c8c3b1666cf072e5654900cb743a0c6ff2ae,a12dcb1ba4e2a21b6a4474c284e3079c1b8e06dc282072a6d2d3a684bd02794b,1a980269c1778978c64462bf76cf00949cd95e29e33d5066107809299e5dec35,p5_10,celeba-three-workers-v1,
0.8241451500348919,,,94.0624231619995,988babfb79a4be0620cf47d259d4da35f8fc07573e92f83a2e388003c17759ba,0.8218894755532662,de125d04e78b221d9268ef4e9e1c30f5c2aabf852422fb12bb0d870272447993,2026-09-06T12:13:17.609341+00:00,1,2.341295206999348,False,500.0,0.006369840179804744,7,0.169,NAA-GDP,0.042,1,5,,1,s1_p5_NAA-GDP_l7_r1,fcf8b4f93626e8cf9603afe70c3a614f6523366181d2f4df2620ee6efbb41bdb,3ea87f4a1b7b84a26ee106434a73c8c3b1666cf072e5654900cb743a0c6ff2ae,a12dcb1ba4e2a21b6a4474c284e3079c1b8e06dc282072a6d2d3a684bd02794b,1a980269c1778978c64462bf76cf00949cd95e29e33d5066107809299e5dec35,p5_10,celeba-three-workers-v1,
0.8236731843575419,,,185.490540797,988babfb79a4be0620cf47d259d4da35f8fc07573e92f83a2e388003c17759ba,0.8230338834708677,de125d04e78b221d9268ef4e9e1c30f5c2aabf852422fb12bb0d870272447993,2026-09-06T12:16:27.167677+00:00,1,3.785538066999834,False,500.0,0.005833103153980043,7,0.169,NAA-GDP,0.042,1,10,,1,s1_p10_NAA-GDP_l7_r1,fcf8b4f93626e8cf9603afe70c3a614f6523366181d2f4df2620ee6efbb41bdb,3ea87f4a1b7b84a26ee106434a73c8c3b1666cf072e5654900cb743a0c6ff2ae,a12dcb1ba4e2a21b6a4474c284e3079c1b8e06dc282072a6d2d3a684bd02794b,1a980269c1778978c64462bf76cf00949cd95e29e33d5066107809299e5dec35,p5_10,celeba-three-workers-v1,
0.8032100488485694,,,93.79074104200026,988babfb79a4be0620cf47d259d4da35f8fc07573e92f83a2e388003c17759ba,0.803106134219964,de125d04e78b221d9268ef4e9e1c30f5c2aabf852422fb12bb0d870272447993,2026-09-06T12:18:03.280748+00:00,1,1.4625494640004035,False,500.0,0.010741622031256736,7,0.158,NAA-GDP,0.042,1,5,,2,s1_p5_NAA-GDP_l7_r2,fcf8b4f93626e8cf9603afe70c3a614f6523366181d2f4df2620ee6efbb41bdb,3ea87f4a1b7b84a26ee106434a73c8c3b1666cf072e5654900cb743a0c6ff2ae,a12dcb1ba4e2a21b6a4474c284e3079c1b8e06dc282072a6d2d3a684bd02794b,1a980269c1778978c64462bf76cf00949cd95e29e33d5066107809299e5dec35,p5_10,celeba-three-workers-v1,
0.8372905027932961,,,185.9216824060004,988babfb79a4be0620cf47d259d4da35f8fc07573e92f83a2e388003c17759ba,0.8341968304576144,de125d04e78b221d9268ef4e9e1c30f5c2aabf852422fb12bb0d870272447993,2026-09-06T12:21:13.462660+00:00,1,3.981014063000657,False,500.0,0.022028962954025046,7,0.158,NAA-GDP,0.042,1,10,,2,s1_p10_NAA-GDP_l7_r2,fcf8b4f93626e8cf9603afe70c3a614f6523366181d2f4df2620ee6efbb41bdb,3ea87f4a1b7b84a26ee106434a73c8c3b1666cf072e5654900cb743a0c6ff2ae,a12dcb1ba4e2a21b6a4474c284e3079c1b8e06dc282072a6d2d3a684bd02794b,1a980269c1778978c64462bf76cf00949cd95e29e33d5066107809299e5dec35,p5_10,celeba-three-workers-v1,
0.8269364968597348,,,93.98826925600042,988babfb79a4be0620cf47d259d4da35f8fc07573e92f83a2e388003c17759ba,0.8246855622026841,de125d04e78b221d9268ef4e9e1c30f5c2aabf852422fb12bb0d870272447993,2026-09-06T12:22:50.504369+00:00,1,2.1857222970002113,False,500.0,0.01749761297797721,7,0.118,NAA-GDP,0.042,1,5,,3,s1_p5_NAA-GDP_l7_r3,fcf8b4f93626e8cf9603afe70c3a614f6523366181d2f4df2620ee6efbb41bdb,3ea87f4a1b7b84a26ee106434a73c8c3b1666cf072e5654900cb743a0c6ff2ae,a12dcb1ba4e2a21b6a4474c284e3079c1b8e06dc282072a6d2d3a684bd02794b,1a980269c1778978c64462bf76cf00949cd95e29e33d5066107809299e5dec35,p5_10,celeba-three-workers-v1,
0.8285614525139665,,,185.97385140200004,988babfb79a4be0620cf47d259d4da35f8fc07573e92f83a2e388003c17759ba,0.8268082645661414,de125d04e78b221d9268ef4e9e1c30f5c2aabf852422fb12bb0d870272447993,2026-09-06T12:26:00.637365+00:00,1,3.894644538000648,False,500.0,0.005442601830075246,7,0.118,NAA-GDP,0.042,1,10,,3,s1_p10_NAA-GDP_l7_r3,fcf8b4f93626e8cf9603afe70c3a614f6523366181d2f4df2620ee6efbb41bdb,3ea87f4a1b7b84a26ee106434a73c8c3b1666cf072e5654900cb743a0c6ff2ae,a12dcb1ba4e2a21b6a4474c284e3079c1b8e06dc282072a6d2d3a684bd02794b,1a980269c1778978c64462bf76cf00949cd95e29e33d5066107809299e5dec35,p5_10,celeba-three-workers-v1,
0.8220516399162596,,,94.21189437999965,988babfb79a4be0620cf47d259d4da35f8fc07573e92f83a2e388003c17759ba,0.819303144182852,de125d04e78b221d9268ef4e9e1c30f5c2aabf852422fb12bb0d870272447993,2026-09-06T12:27:37.914557+00:00,1,2.1997882480000044,False,500.0,0.009766066622657206,8,0.115,NAA-GDP,0.048,1,5,,0,s1_p5_NAA-GDP_l8_r0,fcf8b4f93626e8cf9603afe70c3a614f6523366181d2f4df2620ee6efbb41bdb,3ea87f4a1b7b84a26ee106434a73c8c3b1666cf072e5654900cb743a0c6ff2ae,a12dcb1ba4e2a21b6a4474c284e3079c1b8e06dc282072a6d2d3a684bd02794b,1a980269c1778978c64462bf76cf00949cd95e29e33d5066107809299e5dec35,p5_10,celeba-three-workers-v1,
0.8205307262569832,,,186.1033174310005,988babfb79a4be0620cf47d259d4da35f8fc07573e92f83a2e388003c17759ba,0.819271224056014,de125d04e78b221d9268ef4e9e1c30f5c2aabf852422fb12bb0d870272447993,2026-09-06T12:30:48.229347+00:00,1,3.95053244599967,False,500.0,0.026751600723793924,8,0.115,NAA-GDP,0.048,1,10,,0,s1_p10_NAA-GDP_l8_r0,fcf8b4f93626e8cf9603afe70c3a614f6523366181d2f4df2620ee6efbb41bdb,3ea87f4a1b7b84a26ee106434a73c8c3b1666cf072e5654900cb743a0c6ff2ae,a12dcb1ba4e2a21b6a4474c284e3079c1b8e06dc282072a6d2d3a684bd02794b,1a980269c1778978c64462bf76cf00949cd95e29e33d5066107809299e5dec35,p5_10,celeba-three-workers-v1,
0.8367062107466853,,,94.16157759900034,988babfb79a4be0620cf47d259d4da35f8fc07573e92f83a2e388003c17759ba,0.833435771957963,de125d04e78b221d9268ef4e9e1c30f5c2aabf852422fb12bb0d870272447993,2026-09-06T12:32:25.586399+00:00,1,2.3246385130005365,False,500.0,0.010826849776888922,8,0.116,NAA-GDP,0.048,1,5,,1,s1_p5_NAA-GDP_l8_r1,fcf8b4f93626e8cf9603afe70c3a614f6523366181d2f4df2620ee6efbb41bdb,3ea87f4a1b7b84a26ee106434a73c8c3b1666cf072e5654900cb743a0c6ff2ae,a12dcb1ba4e2a21b6a4474c284e3079c1b8e06dc282072a6d2d3a684bd02794b,1a980269c1778978c64462bf76cf00949cd95e29e33d5066107809299e5dec35,p5_10,celeba-three-workers-v1,
0.8229748603351955,,,186.03098001099988,988babfb79a4be0620cf47d259d4da35f8fc07573e92f83a2e388003c17759ba,0.822389191047762,de125d04e78b221d9268ef4e9e1c30f5c2aabf852422fb12bb0d870272447993,2026-09-06T12:35:36.015441+00:00,1,4.134468736999224,False,500.0,0.015257937418737948,8,0.116,NAA-GDP,0.048,1,10,,1,s1_p10_NAA-GDP_l8_r1,fcf8b4f93626e8cf9603afe70c3a614f6523366181d2f4df2620ee6efbb41bdb,3ea87f4a1b7b84a26ee106434a73c8c3b1666cf072e5654900cb743a0c6ff2ae,a12dcb1ba4e2a21b6a4474c284e3079c1b8e06dc282072a6d2d3a684bd02794b,1a980269c1778978c64462bf76cf00949cd95e29e33d5066107809299e5dec35,p5_10,celeba-three-workers-v1,
0.8073970690858339,,,94.14569409999967,988babfb79a4be0620cf47d259d4da35f8fc07573e92f83a2e388003c17759ba,0.804652469648899,de125d04e78b221d9268ef4e9e1c30f5c2aabf852422fb12bb0d870272447993,2026-09-06T12:37:13.127271+00:00,1,2.106788047999544,False,500.0,0.00979363233554576,8,0.135,NAA-GDP,0.048,1,5,,2,s1_p5_NAA-GDP_l8_r2,fcf8b4f93626e8cf9603afe70c3a614f6523366181d2f4df2620ee6efbb41bdb,3ea87f4a1b7b84a26ee106434a73c8c3b1666cf072e5654900cb743a0c6ff2ae,a12dcb1ba4e2a21b6a4474c284e3079c1b8e06dc282072a6d2d3a684bd02794b,1a980269c1778978c64462bf76cf00949cd95e29e33d5066107809299e5dec35,p5_10,celeba-three-workers-v1,
0.8187849162011173,,,186.27749483200023,988babfb79a4be0620cf47d259d4da35f8fc07573e92f83a2e388003c17759ba,0.8194783070767693,de125d04e78b221d9268ef4e9e1c30f5c2aabf852422fb12bb0d870272447993,2026-09-06T12:40:24.246001+00:00,1,4.564685110000028,False,500.0,0.028705215230038692,8,0.135,NAA-GDP,0.048,1,10,,2,s1_p10_NAA-GDP_l8_r2,fcf8b4f93626e8cf9603afe70c3a614f6523366181d2f4df2620ee6efbb41bdb,3ea87f4a1b7b84a26ee106434a73c8c3b1666cf072e5654900cb743a0c6ff2ae,a12dcb1ba4e2a21b6a4474c284e3079c1b8e06dc282072a6d2d3a684bd02794b,1a980269c1778978c64462bf76cf00949cd95e29e33d5066107809299e5dec35,p5_10,celeba-three-workers-v1,
0.8066992323796232,,,94.12823080699945,988babfb79a4be0620cf47d259d4da35f8fc07573e92f83a2e388003c17759ba,0.8037519853581059,de125d04e78b221d9268ef4e9e1c30f5c2aabf852422fb12bb0d870272447993,2026-09-06T12:42:00.699239+00:00,1,1.4532059719995232,False,500.0,0.008798178136064826,8,0.179,NAA-GDP,0.048,1,5,,3,s1_p5_NAA-GDP_l8_r3,fcf8b4f93626e8cf9603afe70c3a614f6523366181d2f4df2620ee6efbb41bdb,3ea87f4a1b7b84a26ee106434a73c8c3b1666cf072e5654900cb743a0c6ff2ae,a12dcb1ba4e2a21b6a4474c284e3079c1b8e06dc282072a6d2d3a684bd02794b,1a980269c1778978c64462bf76cf00949cd95e29e33d5066107809299e5dec35,p5_10,celeba-three-workers-v1,
0.8187849162011173,,,186.3288428599999,988babfb79a4be0620cf47d259d4da35f8fc07573e92f83a2e388003c17759ba,0.8162782883220805,de125d04e78b221d9268ef4e9e1c30f5c2aabf852422fb12bb0d870272447993,2026-09-06T12:45:11.221729+00:00,1,3.915723395000896,False,500.0,0.02499109142800899,8,0.179,NAA-GDP,0.048,1,10,,3,s1_p10_NAA-GDP_l8_r3,fcf8b4f93626e8cf9603afe70c3a614f6523366181d2f4df2620ee6efbb41bdb,3ea87f4a1b7b84a26ee106434a73c8c3b1666cf072e5654900cb743a0c6ff2ae,a12dcb1ba4e2a21b6a4474c284e3079c1b8e06dc282072a6d2d3a684bd02794b,1a980269c1778978c64462bf76cf00949cd95e29e33d5066107809299e5dec35,p5_10,celeba-three-workers-v1,
0.8192602930914166,,,94.16110036399914,988babfb79a4be0620cf47d259d4da35f8fc07573e92f83a2e388003c17759ba,0.8170826650432583,de125d04e78b221d9268ef4e9e1c30f5c2aabf852422fb12bb0d870272447993,2026-09-06T12:46:48.809382+00:00,1,2.5671137910012476,False,500.0,0.01338078443281861,9,0.134,NAA-GDP,0.054,1,5,,0,s1_p5_NAA-GDP_l9_r0,fcf8b4f93626e8cf9603afe70c3a614f6523366181d2f4df2620ee6efbb41bdb,3ea87f4a1b7b84a26ee106434a73c8c3b1666cf072e5654900cb743a0c6ff2ae,a12dcb1ba4e2a21b6a4474c284e3079c1b8e06dc282072a6d2d3a684bd02794b,1a980269c1778978c64462bf76cf00949cd95e29e33d5066107809299e5dec35,p5_10,celeba-three-workers-v1,
0.8076117318435754,,,186.8562854690008,988babfb79a4be0620cf47d259d4da35f8fc07573e92f83a2e388003c17759ba,0.8063734683670918,de125d04e78b221d9268ef4e9e1c30f5c2aabf852422fb12bb0d870272447993,2026-09-06T12:49:59.554375+00:00,1,3.6036291319996963,False,500.0,0.02498464274305345,9,0.134,NAA-GDP,0.054,1,10,,0,s1_p10_NAA-GDP_l9_r0,fcf8b4f93626e8cf9603afe70c3a614f6523366181d2f4df2620ee6efbb41bdb,3ea87f4a1b7b84a26ee106434a73c8c3b1666cf072e5654900cb743a0c6ff2ae,a12dcb1ba4e2a21b6a4474c284e3079c1b8e06dc282072a6d2d3a684bd02794b,1a980269c1778978c64462bf76cf00949cd95e29e33d5066107809299e5dec35,p5_10,celeba-three-workers-v1,
0.8192602930914166,,,94.31176595599936,988babfb79a4be0620cf47d259d4da35f8fc07573e92f83a2e388003c17759ba,0.8181187585609422,de125d04e78b221d9268ef4e9e1c30f5c2aabf852422fb12bb0d870272447993,2026-09-06T12:51:37.013302+00:00,1,2.268543330999819,False,500.0,0.008219452822063171,9,0.161,NAA-GDP,0.054,1,5,,1,s1_p5_NAA-GDP_l9_r1,fcf8b4f93626e8cf9603afe70c3a614f6523366181d2f4df2620ee6efbb41bdb,3ea87f4a1b7b84a26ee106434a73c8c3b1666cf072e5654900cb743a0c6ff2ae,a12dcb1ba4e2a21b6a4474c284e3079c1b8e06dc282072a6d2d3a684bd02794b,1a980269c1778978c64462bf76cf00949cd95e29e33d5066107809299e5dec35,p5_10,celeba-three-workers-v1,
0.8243715083798883,,,186.56139566399906,988babfb79a4be0620cf47d259d4da35f8fc07573e92f83a2e388003c17759ba,0.8246631970492624,de125d04e78b221d9268ef4e9e1c30f5c2aabf852422fb12bb0d870272447993,2026-09-06T12:54:48.968027+00:00,1,5.120547147000252,False,500.0,0.022997157119854807,9,0.161,NAA-GDP,0.054,1,10,,1,s1_p10_NAA-GDP_l9_r1,fcf8b4f93626e8cf9603afe70c3a614f6523366181d2f4df2620ee6efbb41bdb,3ea87f4a1b7b84a26ee106434a73c8c3b1666cf072e5654900cb743a0c6ff2ae,a12dcb1ba4e2a21b6a4474c284e3079c1b8e06dc282072a6d2d3a684bd02794b,1a980269c1778978c64462bf76cf00949cd95e29e33d5066107809299e5dec35,p5_10,celeba-three-workers-v1,
0.8171667829727843,,,94.23576186299942,988babfb79a4be0620cf47d259d4da35f8fc07573e92f83a2e388003c17759ba,0.8150719411826686,de125d04e78b221d9268ef4e9e1c30f5c2aabf852422fb12bb0d870272447993,2026-09-06T12:56:26.882993+00:00,1,2.8154321720012376,False,500.0,0.007386993366352227,9,0.122,NAA-GDP,0.054,1,5,,2,s1_p5_NAA-GDP_l9_r2,fcf8b4f93626e8cf9603afe70c3a614f6523366181d2f4df2620ee6efbb41bdb,3ea87f4a1b7b84a26ee106434a73c8c3b1666cf072e5654900cb743a0c6ff2ae,a12dcb1ba4e2a21b6a4474c284e3079c1b8e06dc282072a6d2d3a684bd02794b,1a980269c1778978c64462bf76cf00949cd95e29e33d5066107809299e5dec35,p5_10,celeba-three-workers-v1,
0.8097067039106145,,,186.62923454700103,988babfb79a4be0620cf47d259d4da35f8fc07573e92f83a2e388003c17759ba,0.8093195173793448,de125d04e78b221d9268ef4e9e1c30f5c2aabf852422fb12bb0d870272447993,2026-09-06T12:59:40.321382+00:00,1,6.545259923999765,False,500.0,0.021710794651517352,9,0.122,NAA-GDP,0.054,1,10,,2,s1_p10_NAA-GDP_l9_r2,fcf8b4f93626e8cf9603afe70c3a614f6523366181d2f4df2620ee6efbb41bdb,3ea87f4a1b7b84a26ee106434a73c8c3b1666cf072e5654900cb743a0c6ff2ae,a12dcb1ba4e2a21b6a4474c284e3079c1b8e06dc282072a6d2d3a684bd02794b,1a980269c1778978c64462bf76cf00949cd95e29e33d5066107809299e5dec35,p5_10,celeba-three-workers-v1,
0.8255408234473133,,,94.15893617000074,988babfb79a4be0620cf47d259d4da35f8fc07573e92f83a2e388003c17759ba,0.8248992199054833,de125d04e78b221d9268ef4e9e1c30f5c2aabf852422fb12bb0d870272447993,2026-09-06T13:01:17.868841+00:00,1,2.5331909710002947,False,500.0,0.014827004935588375,9,0.171,NAA-GDP,0.054,1,5,,3,s1_p5_NAA-GDP_l9_r3,fcf8b4f93626e8cf9603afe70c3a614f6523366181d2f4df2620ee6efbb41bdb,3ea87f4a1b7b84a26ee106434a73c8c3b1666cf072e5654900cb743a0c6ff2ae,a12dcb1ba4e2a21b6a4474c284e3079c1b8e06dc282072a6d2d3a684bd02794b,1a980269c1778978c64462bf76cf00949cd95e29e33d5066107809299e5dec35,p5_10,celeba-three-workers-v1,
0.818086592178771,,,186.61624297299932,988babfb79a4be0620cf47d259d4da35f8fc07573e92f83a2e388003c17759ba,0.8182866029007252,de125d04e78b221d9268ef4e9e1c30f5c2aabf852422fb12bb0d870272447993,2026-09-06T13:04:28.422486+00:00,1,3.664365851000184,False,500.0,0.02637116557164926,9,0.171,NAA-GDP,0.054,1,10,,3,s1_p10_NAA-GDP_l9_r3,fcf8b4f93626e8cf9603afe70c3a614f6523366181d2f4df2620ee6efbb41bdb,3ea87f4a1b7b84a26ee106434a73c8c3b1666cf072e5654900cb743a0c6ff2ae,a12dcb1ba4e2a21b6a4474c284e3079c1b8e06dc282072a6d2d3a684bd02794b,1a980269c1778978c64462bf76cf00949cd95e29e33d5066107809299e5dec35,p5_10,celeba-three-workers-v1,
0.8129797627355199,,,94.4070783290008,988babfb79a4be0620cf47d259d4da35f8fc07573e92f83a2e388003c17759ba,0.8116836617222958,de125d04e78b221d9268ef4e9e1c30f5c2aabf852422fb12bb0d870272447993,2026-09-06T13:06:05.690227+00:00,1,1.991812744001436,False,500.0,0.01058208478617093,10,0.15,NAA-GDP,0.06,1,5,,0,s1_p5_NAA-GDP_l10_r0,fcf8b4f93626e8cf9603afe70c3a614f6523366181d2f4df2620ee6efbb41bdb,3ea87f4a1b7b84a26ee106434a73c8c3b1666cf072e5654900cb743a0c6ff2ae,a12dcb1ba4e2a21b6a4474c284e3079c1b8e06dc282072a6d2d3a684bd02794b,1a980269c1778978c64462bf76cf00949cd95e29e33d5066107809299e5dec35,p5_10,celeba-three-workers-v1,
0.8027234636871509,,,186.85990256699915,988babfb79a4be0620cf47d259d4da35f8fc07573e92f83a2e388003c17759ba,0.8031187484371092,de125d04e78b221d9268ef4e9e1c30f5c2aabf852422fb12bb0d870272447993,2026-09-06T13:09:17.568706+00:00,1,4.738431245001266,False,500.0,0.02448232463012579,10,0.15,NAA-GDP,0.06,1,10,,0,s1_p10_NAA-GDP_l10_r0,fcf8b4f93626e8cf9603afe70c3a614f6523366181d2f4df2620ee6efbb41bdb,3ea87f4a1b7b84a26ee106434a73c8c3b1666cf072e5654900cb743a0c6ff2ae,a12dcb1ba4e2a21b6a4474c284e3079c1b8e06dc282072a6d2d3a684bd02794b,1a980269c1778978c64462bf76cf00949cd95e29e33d5066107809299e5dec35,p5_10,celeba-three-workers-v1,
0.8122819260293092,,,94.50246688399966,988babfb79a4be0620cf47d259d4da35f8fc07573e92f83a2e388003c17759ba,0.8097470839138189,de125d04e78b221d9268ef4e9e1c30f5c2aabf852422fb12bb0d870272447993,2026-09-06T13:10:55.046734+00:00,1,2.1171385440011363,False,500.0,0.010654691401119316,10,0.076,NAA-GDP,0.06,1,5,,1,s1_p5_NAA-GDP_l10_r1,fcf8b4f93626e8cf9603afe70c3a614f6523366181d2f4df2620ee6efbb41bdb,3ea87f4a1b7b84a26ee106434a73c8c3b1666cf072e5654900cb743a0c6ff2ae,a12dcb1ba4e2a21b6a4474c284e3079c1b8e06dc282072a6d2d3a684bd02794b,1a980269c1778978c64462bf76cf00949cd95e29e33d5066107809299e5dec35,p5_10,celeba-three-workers-v1,
0.8062150837988827,,,186.8532832389992,988babfb79a4be0620cf47d259d4da35f8fc07573e92f83a2e388003c17759ba,0.8052755376344086,de125d04e78b221d9268ef4e9e1c30f5c2aabf852422fb12bb0d870272447993,2026-09-06T13:14:05.685743+00:00,1,3.5230815059985616,False,500.0,0.020728585122221917,10,0.076,NAA-GDP,0.06,1,10,,1,s1_p10_NAA-GDP_l10_r1,fcf8b4f93626e8cf9603afe70c3a614f6523366181d2f4df2620ee6efbb41bdb,3ea87f4a1b7b84a26ee106434a73c8c3b1666cf072e5654900cb743a0c6ff2ae,a12dcb1ba4e2a21b6a4474c284e3079c1b8e06dc282072a6d2d3a684bd02794b,1a980269c1778978c64462bf76cf00949cd95e29e33d5066107809299e5dec35,p5_10,celeba-three-workers-v1,
0.8136775994417307,,,94.33134245600013,988babfb79a4be0620cf47d259d4da35f8fc07573e92f83a2e388003c17759ba,0.8124690245111239,de125d04e78b221d9268ef4e9e1c30f5c2aabf852422fb12bb0d870272447993,2026-09-06T13:15:42.904186+00:00,1,2.02717765899979,False,500.0,0.005517676496896939,10,0.127,NAA-GDP,0.06,1,5,,2,s1_p5_NAA-GDP_l10_r2,fcf8b4f93626e8cf9603afe70c3a614f6523366181d2f4df2620ee6efbb41bdb,3ea87f4a1b7b84a26ee106434a73c8c3b1666cf072e5654900cb743a0c6ff2ae,a12dcb1ba4e2a21b6a4474c284e3079c1b8e06dc282072a6d2d3a684bd02794b,1a980269c1778978c64462bf76cf00949cd95e29e33d5066107809299e5dec35,p5_10,celeba-three-workers-v1,
0.8177374301675978,,,186.86142658099925,988babfb79a4be0620cf47d259d4da35f8fc07573e92f83a2e388003c17759ba,0.8165557014253564,de125d04e78b221d9268ef4e9e1c30f5c2aabf852422fb12bb0d870272447993,2026-09-06T13:18:54.478079+00:00,1,4.449452324999584,False,500.0,0.030044119749148463,10,0.127,NAA-GDP,0.06,1,10,,2,s1_p10_NAA-GDP_l10_r2,fcf8b4f93626e8cf9603afe70c3a614f6523366181d2f4df2620ee6efbb41bdb,3ea87f4a1b7b84a26ee106434a73c8c3b1666cf072e5654900cb743a0c6ff2ae,a12dcb1ba4e2a21b6a4474c284e3079c1b8e06dc282072a6d2d3a684bd02794b,1a980269c1778978c64462bf76cf00949cd95e29e33d5066107809299e5dec35,p5_10,celeba-three-workers-v1,
0.8213538032100488,,,94.10475595699972,988babfb79a4be0620cf47d259d4da35f8fc07573e92f83a2e388003c17759ba,0.818402659892059,de125d04e78b221d9268ef4e9e1c30f5c2aabf852422fb12bb0d870272447993,2026-09-06T13:20:31.720234+00:00,1,2.2586002690004534,False,500.0,0.009702045817445696,10,0.119,NAA-GDP,0.06,1,5,,3,s1_p5_NAA-GDP_l10_r3,fcf8b4f93626e8cf9603afe70c3a614f6523366181d2f4df2620ee6efbb41bdb,3ea87f4a1b7b84a26ee106434a73c8c3b1666cf072e5654900cb743a0c6ff2ae,a12dcb1ba4e2a21b6a4474c284e3079c1b8e06dc282072a6d2d3a684bd02794b,1a980269c1778978c64462bf76cf00949cd95e29e33d5066107809299e5dec35,p5_10,celeba-three-workers-v1,
0.8187849162011173,,,187.0505175110011,988babfb79a4be0620cf47d259d4da35f8fc07573e92f83a2e388003c17759ba,0.8164697424356089,de125d04e78b221d9268ef4e9e1c30f5c2aabf852422fb12bb0d870272447993,2026-09-06T13:23:42.852551+00:00,1,3.8197694789996604,False,500.0,0.026343802038295536,10,0.119,NAA-GDP,0.06,1,10,,3,s1_p10_NAA-GDP_l10_r3,fcf8b4f93626e8cf9603afe70c3a614f6523366181d2f4df2620ee6efbb41bdb,3ea87f4a1b7b84a26ee106434a73c8c3b1666cf072e5654900cb743a0c6ff2ae,a12dcb1ba4e2a21b6a4474c284e3079c1b8e06dc282072a6d2d3a684bd02794b,1a980269c1778978c64462bf76cf00949cd95e29e33d5066107809299e5dec35,p5_10,celeba-three-workers-v1,
0.8585893854748603,,,0.0,988babfb79a4be0620cf47d259d4da35f8fc07573e92f83a2e388003c17759ba,0.8570736434108528,de125d04e78b221d9268ef4e9e1c30f5c2aabf852422fb12bb0d870272447993,2026-09-06T13:23:47.215135+00:00,1,4.108930472999418,,,,1,0.572,C-GDP-private-noise,0.3,1,10,,0,s1_p10_C-GDP-private-noise_l1_r0,fcf8b4f93626e8cf9603afe70c3a614f6523366181d2f4df2620ee6efbb41bdb,3ea87f4a1b7b84a26ee106434a73c8c3b1666cf072e5654900cb743a0c6ff2ae,a12dcb1ba4e2a21b6a4474c284e3079c1b8e06dc282072a6d2d3a684bd02794b,1a980269c1778978c64462bf76cf00949cd95e29e33d5066107809299e5dec35,p5_10,celeba-three-workers-v1,
0.8659217877094972,,,0.0,988babfb79a4be0620cf47d259d4da35f8fc07573e92f83a2e388003c17759ba,0.8643488997249312,de125d04e78b221d9268ef4e9e1c30f5c2aabf852422fb12bb0d870272447993,2026-09-06T13:23:51.722325+00:00,1,4.261225538000872,,,,1,0.599,C-GDP-private-noise,0.3,1,10,,1,s1_p10_C-GDP-private-noise_l1_r1,fcf8b4f93626e8cf9603afe70c3a614f6523366181d2f4df2620ee6efbb41bdb,3ea87f4a1b7b84a26ee106434a73c8c3b1666cf072e5654900cb743a0c6ff2ae,a12dcb1ba4e2a21b6a4474c284e3079c1b8e06dc282072a6d2d3a684bd02794b,1a980269c1778978c64462bf76cf00949cd95e29e33d5066107809299e5dec35,p5_10,celeba-three-workers-v1,
0.8589385474860335,,,0.0,988babfb79a4be0620cf47d259d4da35f8fc07573e92f83a2e388003c17759ba,0.8575190672668167,de125d04e78b221d9268ef4e9e1c30f5c2aabf852422fb12bb0d870272447993,2026-09-06T13:23:56.851693+00:00,1,4.889538711999194,,,,1,0.609,C-GDP-private-noise,0.3,1,10,,2,s1_p10_C-GDP-private-noise_l1_r2,fcf8b4f93626e8cf9603afe70c3a614f6523366181d2f4df2620ee6efbb41bdb,3ea87f4a1b7b84a26ee106434a73c8c3b1666cf072e5654900cb743a0c6ff2ae,a12dcb1ba4e2a21b6a4474c284e3079c1b8e06dc282072a6d2d3a684bd02794b,1a980269c1778978c64462bf76cf00949cd95e29e33d5066107809299e5dec35,p5_10,celeba-three-workers-v1,
0.8575418994413407,,,0.0,988babfb79a4be0620cf47d259d4da35f8fc07573e92f83a2e388003c17759ba,0.8554638659664916,de125d04e78b221d9268ef4e9e1c30f5c2aabf852422fb12bb0d870272447993,2026-09-06T13:24:01.228557+00:00,1,4.137068658999851,,,,1,0.57,C-GDP-private-noise,0.3,1,10,,3,s1_p10_C-GDP-private-noise_l1_r3,fcf8b4f93626e8cf9603afe70c3a614f6523366181d2f4df2620ee6efbb41bdb,3ea87f4a1b7b84a26ee106434a73c8c3b1666cf072e5654900cb743a0c6ff2ae,a12dcb1ba4e2a21b6a4474c284e3079c1b8e06dc282072a6d2d3a684bd02794b,1a980269c1778978c64462bf76cf00949cd95e29e33d5066107809299e5dec35,p5_10,celeba-three-workers-v1,
0.8222765363128491,,,0.0,988babfb79a4be0620cf47d259d4da35f8fc07573e92f83a2e388003c17759ba,0.8212248374593649,de125d04e78b221d9268ef4e9e1c30f5c2aabf852422fb12bb0d870272447993,2026-09-06T13:24:04.600011+00:00,1,3.1237343689990666,,,,2,0.359,C-GDP-private-noise,0.6,1,10,,0,s1_p10_C-GDP-private-noise_l2_r0,fcf8b4f93626e8cf9603afe70c3a614f6523366181d2f4df2620ee6efbb41bdb,3ea87f4a1b7b84a26ee106434a73c8c3b1666cf072e5654900cb743a0c6ff2ae,a12dcb1ba4e2a21b6a4474c284e3079c1b8e06dc282072a6d2d3a684bd02794b,1a980269c1778978c64462bf76cf00949cd95e29e33d5066107809299e5dec35,p5_10,celeba-three-workers-v1,
0.8212290502793296,,,0.0,988babfb79a4be0620cf47d259d4da35f8fc07573e92f83a2e388003c17759ba,0.819259502375594,de125d04e78b221d9268ef4e9e1c30f5c2aabf852422fb12bb0d870272447993,2026-09-06T13:24:07.989214+00:00,1,3.146350799999709,,,,2,0.469,C-GDP-private-noise,0.6,1,10,,1,s1_p10_C-GDP-private-noise_l2_r1,fcf8b4f93626e8cf9603afe70c3a614f6523366181d2f4df2620ee6efbb41bdb,3ea87f4a1b7b84a26ee106434a73c8c3b1666cf072e5654900cb743a0c6ff2ae,a12dcb1ba4e2a21b6a4474c284e3079c1b8e06dc282072a6d2d3a684bd02794b,1a980269c1778978c64462bf76cf00949cd95e29e33d5066107809299e5dec35,p5_10,celeba-three-workers-v1,
0.8292597765363129,,,0.0,988babfb79a4be0620cf47d259d4da35f8fc07573e92f83a2e388003c17759ba,0.827234152288072,de125d04e78b221d9268ef4e9e1c30f5c2aabf852422fb12bb0d870272447993,2026-09-06T13:24:11.865802+00:00,1,3.6397708959993906,,,,2,0.404,C-GDP-private-noise,0.6,1,10,,2,s1_p10_C-GDP-private-noise_l2_r2,fcf8b4f93626e8cf9603afe70c3a614f6523366181d2f4df2620ee6efbb41bdb,3ea87f4a1b7b84a26ee106434a73c8c3b1666cf072e5654900cb743a0c6ff2ae,a12dcb1ba4e2a21b6a4474c284e3079c1b8e06dc282072a6d2d3a684bd02794b,1a980269c1778978c64462bf76cf00949cd95e29e33d5066107809299e5dec35,p5_10,celeba-three-workers-v1,
0.8205307262569832,,,0.0,988babfb79a4be0620cf47d259d4da35f8fc07573e92f83a2e388003c17759ba,0.8173019817454363,de125d04e78b221d9268ef4e9e1c30f5c2aabf852422fb12bb0d870272447993,2026-09-06T13:24:15.982406+00:00,1,3.8662767259993416,,,,2,0.332,C-GDP-private-noise,0.6,1,10,,3,s1_p10_C-GDP-private-noise_l2_r3,fcf8b4f93626e8cf9603afe70c3a614f6523366181d2f4df2620ee6efbb41bdb,3ea87f4a1b7b84a26ee106434a73c8c3b1666cf072e5654900cb743a0c6ff2ae,a12dcb1ba4e2a21b6a4474c284e3079c1b8e06dc282072a6d2d3a684bd02794b,1a980269c1778978c64462bf76cf00949cd95e29e33d5066107809299e5dec35,p5_10,celeba-three-workers-v1,
0.7824720670391061,,,0.0,988babfb79a4be0620cf47d259d4da35f8fc07573e92f83a2e388003c17759ba,0.7817696611652913,de125d04e78b221d9268ef4e9e1c30f5c2aabf852422fb12bb0d870272447993,2026-09-06T13:24:19.255842+00:00,1,3.035269616999358,,,,3,0.283,C-GDP-private-noise,0.9,1,10,,0,s1_p10_C-GDP-private-noise_l3_r0,fcf8b4f93626e8cf9603afe70c3a614f6523366181d2f4df2620ee6efbb41bdb,3ea87f4a1b7b84a26ee106434a73c8c3b1666cf072e5654900cb743a0c6ff2ae,a12dcb1ba4e2a21b6a4474c284e3079c1b8e06dc282072a6d2d3a684bd02794b,1a980269c1778978c64462bf76cf00949cd95e29e33d5066107809299e5dec35,p5_10,celeba-three-workers-v1,
0.7880586592178771,,,0.0,988babfb79a4be0620cf47d259d4da35f8fc07573e92f83a2e388003c17759ba,0.7857237746936734,de125d04e78b221d9268ef4e9e1c30f5c2aabf852422fb12bb0d870272447993,2026-09-06T13:24:23.545605+00:00,1,4.0456985240016365,,,,3,0.292,C-GDP-private-noise,0.9,1,10,,1,s1_p10_C-GDP-private-noise_l3_r1,fcf8b4f93626e8cf9603afe70c3a614f6523366181d2f4df2620ee6efbb41bdb,3ea87f4a1b7b84a26ee106434a73c8c3b1666cf072e5654900cb743a0c6ff2ae,a12dcb1ba4e2a21b6a4474c284e3079c1b8e06dc282072a6d2d3a684bd02794b,1a980269c1778978c64462bf76cf00949cd95e29e33d5066107809299e5dec35,p5_10,celeba-three-workers-v1,
0.7751396648044693,,,0.0,988babfb79a4be0620cf47d259d4da35f8fc07573e92f83a2e388003c17759ba,0.7749593648412103,de125d04e78b221d9268ef4e9e1c30f5c2aabf852422fb12bb0d870272447993,2026-09-06T13:24:26.709531+00:00,1,2.9218312930006505,,,,3,0.29,C-GDP-private-noise,0.9,1,10,,2,s1_p10_C-GDP-private-noise_l3_r2,fcf8b4f93626e8cf9603afe70c3a614f6523366181d2f4df2620ee6efbb41bdb,3ea87f4a1b7b84a26ee106434a73c8c3b1666cf072e5654900cb743a0c6ff2ae,a12dcb1ba4e2a21b6a4474c284e3079c1b8e06dc282072a6d2d3a684bd02794b,1a980269c1778978c64462bf76cf00949cd95e29e33d5066107809299e5dec35,p5_10,celeba-three-workers-v1,
0.7866620111731844,,,0.0,988babfb79a4be0620cf47d259d4da35f8fc07573e92f83a2e388003c17759ba,0.7879079144786196,de125d04e78b221d9268ef4e9e1c30f5c2aabf852422fb12bb0d870272447993,2026-09-06T13:24:29.535545+00:00,1,2.587629116000244,,,,3,0.277,C-GDP-private-noise,0.9,1,10,,3,s1_p10_C-GDP-private-noise_l3_r3,fcf8b4f93626e8cf9603afe70c3a614f6523366181d2f4df2620ee6efbb41bdb,3ea87f4a1b7b84a26ee106434a73c8c3b1666cf072e5654900cb743a0c6ff2ae,a12dcb1ba4e2a21b6a4474c284e3079c1b8e06dc282072a6d2d3a684bd02794b,1a980269c1778978c64462bf76cf00949cd95e29e33d5066107809299e5dec35,p5_10,celeba-three-workers-v1,
0.7566340782122905,,,0.0,988babfb79a4be0620cf47d259d4da35f8fc07573e92f83a2e388003c17759ba,0.7552083333333333,de125d04e78b221d9268ef4e9e1c30f5c2aabf852422fb12bb0d870272447993,2026-09-06T13:24:32.764840+00:00,1,2.9908347020009387,,,,4,0.192,C-GDP-private-noise,1.2,1,10,,0,s1_p10_C-GDP-private-noise_l4_r0,fcf8b4f93626e8cf9603afe70c3a614f6523366181d2f4df2620ee6efbb41bdb,3ea87f4a1b7b84a26ee106434a73c8c3b1666cf072e5654900cb743a0c6ff2ae,a12dcb1ba4e2a21b6a4474c284e3079c1b8e06dc282072a6d2d3a684bd02794b,1a980269c1778978c64462bf76cf00949cd95e29e33d5066107809299e5dec35,p5_10,celeba-three-workers-v1,
0.7538407821229051,,,0.0,988babfb79a4be0620cf47d259d4da35f8fc07573e92f83a2e388003c17759ba,0.753313328332083,de125d04e78b221d9268ef4e9e1c30f5c2aabf852422fb12bb0d870272447993,2026-09-06T13:24:35.775641+00:00,1,2.7710158890004095,,,,4,0.197,C-GDP-private-noise,1.2,1,10,,1,s1_p10_C-GDP-private-noise_l4_r1,fcf8b4f93626e8cf9603afe70c3a614f6523366181d2f4df2620ee6efbb41bdb,3ea87f4a1b7b84a26ee106434a73c8c3b1666cf072e5654900cb743a0c6ff2ae,a12dcb1ba4e2a21b6a4474c284e3079c1b8e06dc282072a6d2d3a684bd02794b,1a980269c1778978c64462bf76cf00949cd95e29e33d5066107809299e5dec35,p5_10,celeba-three-workers-v1,
0.75768156424581,,,0.0,988babfb79a4be0620cf47d259d4da35f8fc07573e92f83a2e388003c17759ba,0.7570916166541636,de125d04e78b221d9268ef4e9e1c30f5c2aabf852422fb12bb0d870272447993,2026-09-06T13:24:39.077673+00:00,1,3.0516858009996213,,,,4,0.149,C-GDP-private-noise,1.2,1,10,,2,s1_p10_C-GDP-private-noise_l4_r2,fcf8b4f93626e8cf9603afe70c3a614f6523366181d2f4df2620ee6efbb41bdb,3ea87f4a1b7b84a26ee106434a73c8c3b1666cf072e5654900cb743a0c6ff2ae,a12dcb1ba4e2a21b6a4474c284e3079c1b8e06dc282072a6d2d3a684bd02794b,1a980269c1778978c64462bf76cf00949cd95e29e33d5066107809299e5dec35,p5_10,celeba-three-workers-v1,
0.75768156424581,,,0.0,988babfb79a4be0620cf47d259d4da35f8fc07573e92f83a2e388003c17759ba,0.7547121155288823,de125d04e78b221d9268ef4e9e1c30f5c2aabf852422fb12bb0d870272447993,2026-09-06T13:24:41.467515+00:00,1,2.1497752089999267,,,,4,0.201,C-GDP-private-noise,1.2,1,10,,3,s1_p10_C-GDP-private-noise_l4_r3,fcf8b4f93626e8cf9603afe70c3a614f6523366181d2f4df2620ee6efbb41bdb,3ea87f4a1b7b84a26ee106434a73c8c3b1666cf072e5654900cb743a0c6ff2ae,a12dcb1ba4e2a21b6a4474c284e3079c1b8e06dc282072a6d2d3a684bd02794b,1a980269c1778978c64462bf76cf00949cd95e29e33d5066107809299e5dec35,p5_10,celeba-three-workers-v1,
0.7287011173184358,,,0.0,988babfb79a4be0620cf47d259d4da35f8fc07573e92f83a2e388003c17759ba,0.7300496999249813,de125d04e78b221d9268ef4e9e1c30f5c2aabf852422fb12bb0d870272447993,2026-09-06T13:24:43.940673+00:00,1,2.231913388999601,,,,5,0.181,C-GDP-private-noise,1.5,1,10,,0,s1_p10_C-GDP-private-noise_l5_r0,fcf8b4f93626e8cf9603afe70c3a614f6523366181d2f4df2620ee6efbb41bdb,3ea87f4a1b7b84a26ee106434a73c8c3b1666cf072e5654900cb743a0c6ff2ae,a12dcb1ba4e2a21b6a4474c284e3079c1b8e06dc282072a6d2d3a684bd02794b,1a980269c1778978c64462bf76cf00949cd95e29e33d5066107809299e5dec35,p5_10,celeba-three-workers-v1,
0.7360335195530726,,,0.0,988babfb79a4be0620cf47d259d4da35f8fc07573e92f83a2e388003c17759ba,0.7345625468867216,de125d04e78b221d9268ef4e9e1c30f5c2aabf852422fb12bb0d870272447993,2026-09-06T13:24:46.371168+00:00,1,2.169879368000693,,,,5,0.138,C-GDP-private-noise,1.5,1,10,,1,s1_p10_C-GDP-private-noise_l5_r1,fcf8b4f93626e8cf9603afe70c3a614f6523366181d2f4df2620ee6efbb41bdb,3ea87f4a1b7b84a26ee106434a73c8c3b1666cf072e5654900cb743a0c6ff2ae,a12dcb1ba4e2a21b6a4474c284e3079c1b8e06dc282072a6d2d3a684bd02794b,1a980269c1778978c64462bf76cf00949cd95e29e33d5066107809299e5dec35,p5_10,celeba-three-workers-v1,
0.729050279329609,,,0.0,988babfb79a4be0620cf47d259d4da35f8fc07573e92f83a2e388003c17759ba,0.7299754626156538,de125d04e78b221d9268ef4e9e1c30f5c2aabf852422fb12bb0d870272447993,2026-09-06T13:24:48.875257+00:00,1,2.2675150650011346,,,,5,0.181,C-GDP-private-noise,1.5,1,10,,2,s1_p10_C-GDP-private-noise_l5_r2,fcf8b4f93626e8cf9603afe70c3a614f6523366181d2f4df2620ee6efbb41bdb,3ea87f4a1b7b84a26ee106434a73c8c3b1666cf072e5654900cb743a0c6ff2ae,a12dcb1ba4e2a21b6a4474c284e3079c1b8e06dc282072a6d2d3a684bd02794b,1a980269c1778978c64462bf76cf00949cd95e29e33d5066107809299e5dec35,p5_10,celeba-three-workers-v1,
0.7321927374301676,,,0.0,988babfb79a4be0620cf47d259d4da35f8fc07573e92f83a2e388003c17759ba,0.7313312703175794,de125d04e78b221d9268ef4e9e1c30f5c2aabf852422fb12bb0d870272447993,2026-09-06T13:24:51.846907+00:00,1,2.7203101400009473,,,,5,0.22,C-GDP-private-noise,1.5,1,10,,3,s1_p10_C-GDP-private-noise_l5_r3,fcf8b4f93626e8cf9603afe70c3a614f6523366181d2f4df2620ee6efbb41bdb,3ea87f4a1b7b84a26ee106434a73c8c3b1666cf072e5654900cb743a0c6ff2ae,a12dcb1ba4e2a21b6a4474c284e3079c1b8e06dc282072a6d2d3a684bd02794b,1a980269c1778978c64462bf76cf00949cd95e29e33d5066107809299e5dec35,p5_10,celeba-three-workers-v1,
0.7129888268156425,,,0.0,988babfb79a4be0620cf47d259d4da35f8fc07573e92f83a2e388003c17759ba,0.7127680357589397,de125d04e78b221d9268ef4e9e1c30f5c2aabf852422fb12bb0d870272447993,2026-09-06T13:24:54.331485+00:00,1,2.2434529210004257,,,,6,0.139,C-GDP-private-noise,1.8,1,10,,0,s1_p10_C-GDP-private-noise_l6_r0,fcf8b4f93626e8cf9603afe70c3a614f6523366181d2f4df2620ee6efbb41bdb,3ea87f4a1b7b84a26ee106434a73c8c3b1666cf072e5654900cb743a0c6ff2ae,a12dcb1ba4e2a21b6a4474c284e3079c1b8e06dc282072a6d2d3a684bd02794b,1a980269c1778978c64462bf76cf00949cd95e29e33d5066107809299e5dec35,p5_10,celeba-three-workers-v1,
0.6955307262569832,,,0.0,988babfb79a4be0620cf47d259d4da35f8fc07573e92f83a2e388003c17759ba,0.6923566829207302,de125d04e78b221d9268ef4e9e1c30f5c2aabf852422fb12bb0d870272447993,2026-09-06T13:24:56.729480+00:00,1,2.138614060000691,,,,6,0.154,C-GDP-private-noise,1.8,1,10,,1,s1_p10_C-GDP-private-noise_l6_r1,fcf8b4f93626e8cf9603afe70c3a614f6523366181d2f4df2620ee6efbb41bdb,3ea87f4a1b7b84a26ee106434a73c8c3b1666cf072e5654900cb743a0c6ff2ae,a12dcb1ba4e2a21b6a4474c284e3079c1b8e06dc282072a6d2d3a684bd02794b,1a980269c1778978c64462bf76cf00949cd95e29e33d5066107809299e5dec35,p5_10,celeba-three-workers-v1,
0.7154329608938548,,,0.0,988babfb79a4be0620cf47d259d4da35f8fc07573e92f83a2e388003c17759ba,0.7167612215553888,de125d04e78b221d9268ef4e9e1c30f5c2aabf852422fb12bb0d870272447993,2026-09-06T13:24:59.240892+00:00,1,2.270719898999232,,,,6,0.202,C-GDP-private-noise,1.8,1,10,,2,s1_p10_C-GDP-private-noise_l6_r2,fcf8b4f93626e8cf9603afe70c3a614f6523366181d2f4df2620ee6efbb41bdb,3ea87f4a1b7b84a26ee106434a73c8c3b1666cf072e5654900cb743a0c6ff2ae,a12dcb1ba4e2a21b6a4474c284e3079c1b8e06dc282072a6d2d3a684bd02794b,1a980269c1778978c64462bf76cf00949cd95e29e33d5066107809299e5dec35,p5_10,celeba-three-workers-v1,
0.7035614525139665,,,0.0,988babfb79a4be0620cf47d259d4da35f8fc07573e92f83a2e388003c17759ba,0.7037228057014253,de125d04e78b221d9268ef4e9e1c30f5c2aabf852422fb12bb0d870272447993,2026-09-06T13:25:01.835296+00:00,1,2.355058764000205,,,,6,0.156,C-GDP-private-noise,1.8,1,10,,3,s1_p10_C-GDP-private-noise_l6_r3,fcf8b4f93626e8cf9603afe70c3a614f6523366181d2f4df2620ee6efbb41bdb,3ea87f4a1b7b84a26ee106434a73c8c3b1666cf072e5654900cb743a0c6ff2ae,a12dcb1ba4e2a21b6a4474c284e3079c1b8e06dc282072a6d2d3a684bd02794b,1a980269c1778978c64462bf76cf00949cd95e29e33d5066107809299e5dec35,p5_10,celeba-three-workers-v1,
0.678072625698324,,,0.0,988babfb79a4be0620cf47d259d4da35f8fc07573e92f83a2e388003c17759ba,0.678044511127782,de125d04e78b221d9268ef4e9e1c30f5c2aabf852422fb12bb0d870272447993,2026-09-06T13:25:03.945423+00:00,1,1.8554414709997218,,,,7,0.131,C-GDP-private-noise,2.1,1,10,,0,s1_p10_C-GDP-private-noise_l7_r0,fcf8b4f93626e8cf9603afe70c3a614f6523366181d2f4df2620ee6efbb41bdb,3ea87f4a1b7b84a26ee106434a73c8c3b1666cf072e5654900cb743a0c6ff2ae,a12dcb1ba4e2a21b6a4474c284e3079c1b8e06dc282072a6d2d3a684bd02794b,1a980269c1778978c64462bf76cf00949cd95e29e33d5066107809299e5dec35,p5_10,celeba-three-workers-v1,
0.6892458100558659,,,0.0,988babfb79a4be0620cf47d259d4da35f8fc07573e92f83a2e388003c17759ba,0.6884416416604151,de125d04e78b221d9268ef4e9e1c30f5c2aabf852422fb12bb0d870272447993,2026-09-06T13:25:06.353407+00:00,1,2.1702921750002133,,,,7,0.136,C-GDP-private-noise,2.1,1,10,,1,s1_p10_C-GDP-private-noise_l7_r1,fcf8b4f93626e8cf9603afe70c3a614f6523366181d2f4df2620ee6efbb41bdb,3ea87f4a1b7b84a26ee106434a73c8c3b1666cf072e5654900cb743a0c6ff2ae,a12dcb1ba4e2a21b6a4474c284e3079c1b8e06dc282072a6d2d3a684bd02794b,1a980269c1778978c64462bf76cf00949cd95e29e33d5066107809299e5dec35,p5_10,celeba-three-workers-v1,
0.6906424581005587,,,0.0,988babfb79a4be0620cf47d259d4da35f8fc07573e92f83a2e388003c17759ba,0.6922472805701425,de125d04e78b221d9268ef4e9e1c30f5c2aabf852422fb12bb0d870272447993,2026-09-06T13:25:08.797411+00:00,1,2.2051952839992737,,,,7,0.098,C-GDP-private-noise,2.1,1,10,,2,s1_p10_C-GDP-private-noise_l7_r2,fcf8b4f93626e8cf9603afe70c3a614f6523366181d2f4df2620ee6efbb41bdb,3ea87f4a1b7b84a26ee106434a73c8c3b1666cf072e5654900cb743a0c6ff2ae,a12dcb1ba4e2a21b6a4474c284e3079c1b8e06dc282072a6d2d3a684bd02794b,1a980269c1778978c64462bf76cf00949cd95e29e33d5066107809299e5dec35,p5_10,celeba-three-workers-v1,
0.6923882681564246,,,0.0,988babfb79a4be0620cf47d259d4da35f8fc07573e92f83a2e388003c17759ba,0.691821392848212,de125d04e78b221d9268ef4e9e1c30f5c2aabf852422fb12bb0d870272447993,2026-09-06T13:25:11.206187+00:00,1,2.1531443139992916,,,,7,0.158,C-GDP-private-noise,2.1,1,10,,3,s1_p10_C-GDP-private-noise_l7_r3,fcf8b4f93626e8cf9603afe70c3a614f6523366181d2f4df2620ee6efbb41bdb,3ea87f4a1b7b84a26ee106434a73c8c3b1666cf072e5654900cb743a0c6ff2ae,a12dcb1ba4e2a21b6a4474c284e3079c1b8e06dc282072a6d2d3a684bd02794b,1a980269c1778978c64462bf76cf00949cd95e29e33d5066107809299e5dec35,p5_10,celeba-three-workers-v1,
0.6689944134078212,,,0.0,988babfb79a4be0620cf47d259d4da35f8fc07573e92f83a2e388003c17759ba,0.6682959802450612,de125d04e78b221d9268ef4e9e1c30f5c2aabf852422fb12bb0d870272447993,2026-09-06T13:25:13.885333+00:00,1,2.4409800400007953,,,,8,0.13,C-GDP-private-noise,2.4,1,10,,0,s1_p10_C-GDP-private-noise_l8_r0,fcf8b4f93626e8cf9603afe70c3a614f6523366181d2f4df2620ee6efbb41bdb,3ea87f4a1b7b84a26ee106434a73c8c3b1666cf072e5654900cb743a0c6ff2ae,a12dcb1ba4e2a21b6a4474c284e3079c1b8e06dc282072a6d2d3a684bd02794b,1a980269c1778978c64462bf76cf00949cd95e29e33d5066107809299e5dec35,p5_10,celeba-three-workers-v1,
0.6777234636871509,,,0.0,988babfb79a4be0620cf47d259d4da35f8fc07573e92f83a2e388003c17759ba,0.6751922355588897,de125d04e78b221d9268ef4e9e1c30f5c2aabf852422fb12bb0d870272447993,2026-09-06T13:25:16.112295+00:00,1,1.9894224550007493,,,,8,0.133,C-GDP-private-noise,2.4,1,10,,1,s1_p10_C-GDP-private-noise_l8_r1,fcf8b4f93626e8cf9603afe70c3a614f6523366181d2f4df2620ee6efbb41bdb,3ea87f4a1b7b84a26ee106434a73c8c3b1666cf072e5654900cb743a0c6ff2ae,a12dcb1ba4e2a21b6a4474c284e3079c1b8e06dc282072a6d2d3a684bd02794b,1a980269c1778978c64462bf76cf00949cd95e29e33d5066107809299e5dec35,p5_10,celeba-three-workers-v1,
0.6707402234636871,,,0.0,988babfb79a4be0620cf47d259d4da35f8fc07573e92f83a2e388003c17759ba,0.6691008689672417,de125d04e78b221d9268ef4e9e1c30f5c2aabf852422fb12bb0d870272447993,2026-09-06T13:25:18.327030+00:00,1,1.9647697990003508,,,,8,0.084,C-GDP-private-noise,2.4,1,10,,2,s1_p10_C-GDP-private-noise_l8_r2,fcf8b4f93626e8cf9603afe70c3a614f6523366181d2f4df2620ee6efbb41bdb,3ea87f4a1b7b84a26ee106434a73c8c3b1666cf072e5654900cb743a0c6ff2ae,a12dcb1ba4e2a21b6a4474c284e3079c1b8e06dc282072a6d2d3a684bd02794b,1a980269c1778978c64462bf76cf00949cd95e29e33d5066107809299e5dec35,p5_10,celeba-three-workers-v1,
0.6766759776536313,,,0.0,988babfb79a4be0620cf47d259d4da35f8fc07573e92f83a2e388003c17759ba,0.6750320392598149,de125d04e78b221d9268ef4e9e1c30f5c2aabf852422fb12bb0d870272447993,2026-09-06T13:25:20.708685+00:00,1,2.127454713998304,,,,8,0.132,C-GDP-private-noise,2.4,1,10,,3,s1_p10_C-GDP-private-noise_l8_r3,fcf8b4f93626e8cf9603afe70c3a614f6523366181d2f4df2620ee6efbb41bdb,3ea87f4a1b7b84a26ee106434a73c8c3b1666cf072e5654900cb743a0c6ff2ae,a12dcb1ba4e2a21b6a4474c284e3079c1b8e06dc282072a6d2d3a684bd02794b,1a980269c1778978c64462bf76cf00949cd95e29e33d5066107809299e5dec35,p5_10,celeba-three-workers-v1,
0.660963687150838,,,0.0,988babfb79a4be0620cf47d259d4da35f8fc07573e92f83a2e388003c17759ba,0.6581332833208302,de125d04e78b221d9268ef4e9e1c30f5c2aabf852422fb12bb0d870272447993,2026-09-06T13:25:23.091963+00:00,1,2.1440982969998004,,,,9,0.136,C-GDP-private-noise,2.7,1,10,,0,s1_p10_C-GDP-private-noise_l9_r0,fcf8b4f93626e8cf9603afe70c3a614f6523366181d2f4df2620ee6efbb41bdb,3ea87f4a1b7b84a26ee106434a73c8c3b1666cf072e5654900cb743a0c6ff2ae,a12dcb1ba4e2a21b6a4474c284e3079c1b8e06dc282072a6d2d3a684bd02794b,1a980269c1778978c64462bf76cf00949cd95e29e33d5066107809299e5dec35,p5_10,celeba-three-workers-v1,
0.6599162011173184,,,0.0,988babfb79a4be0620cf47d259d4da35f8fc07573e92f83a2e388003c17759ba,0.66182951987997,de125d04e78b221d9268ef4e9e1c30f5c2aabf852422fb12bb0d870272447993,2026-09-06T13:25:25.375167+00:00,1,2.0278525670000818,,,,9,0.115,C-GDP-private-noise,2.7,1,10,,1,s1_p10_C-GDP-private-noise_l9_r1,fcf8b4f93626e8cf9603afe70c3a614f6523366181d2f4df2620ee6efbb41bdb,3ea87f4a1b7b84a26ee106434a73c8c3b1666cf072e5654900cb743a0c6ff2ae,a12dcb1ba4e2a21b6a4474c284e3079c1b8e06dc282072a6d2d3a684bd02794b,1a980269c1778978c64462bf76cf00949cd95e29e33d5066107809299e5dec35,p5_10,celeba-three-workers-v1,
0.6504888268156425,,,0.0,988babfb79a4be0620cf47d259d4da35f8fc07573e92f83a2e388003c17759ba,0.6511979557389347,de125d04e78b221d9268ef4e9e1c30f5c2aabf852422fb12bb0d870272447993,2026-09-06T13:25:27.820129+00:00,1,2.191256200998396,,,,9,0.135,C-GDP-private-noise,2.7,1,10,,2,s1_p10_C-GDP-private-noise_l9_r2,fcf8b4f93626e8cf9603afe70c3a614f6523366181d2f4df2620ee6efbb41bdb,3ea87f4a1b7b84a26ee106434a73c8c3b1666cf072e5654900cb743a0c6ff2ae,a12dcb1ba4e2a21b6a4474c284e3079c1b8e06dc282072a6d2d3a684bd02794b,1a980269c1778978c64462bf76cf00949cd95e29e33d5066107809299e5dec35,p5_10,celeba-three-workers-v1,
0.666550279329609,,,0.0,988babfb79a4be0620cf47d259d4da35f8fc07573e92f83a2e388003c17759ba,0.6641113403350838,de125d04e78b221d9268ef4e9e1c30f5c2aabf852422fb12bb0d870272447993,2026-09-06T13:25:30.025647+00:00,1,1.9654099700001098,,,,9,0.173,C-GDP-private-noise,2.7,1,10,,3,s1_p10_C-GDP-private-noise_l9_r3,fcf8b4f93626e8cf9603afe70c3a614f6523366181d2f4df2620ee6efbb41bdb,3ea87f4a1b7b84a26ee106434a73c8c3b1666cf072e5654900cb743a0c6ff2ae,a12dcb1ba4e2a21b6a4474c284e3079c1b8e06dc282072a6d2d3a684bd02794b,1a980269c1778978c64462bf76cf00949cd95e29e33d5066107809299e5dec35,p5_10,celeba-three-workers-v1,
0.640013966480447,,,0.0,988babfb79a4be0620cf47d259d4da35f8fc07573e92f83a2e388003c17759ba,0.6345531695423856,de125d04e78b221d9268ef4e9e1c30f5c2aabf852422fb12bb0d870272447993,2026-09-06T13:25:32.274197+00:00,1,1.9981218280008761,,,,10,0.113,C-GDP-private-noise,3.0,1,10,,0,s1_p10_C-GDP-private-noise_l10_r0,fcf8b4f93626e8cf9603afe70c3a614f6523366181d2f4df2620ee6efbb41bdb,3ea87f4a1b7b84a26ee106434a73c8c3b1666cf072e5654900cb743a0c6ff2ae,a12dcb1ba4e2a21b6a4474c284e3079c1b8e06dc282072a6d2d3a684bd02794b,1a980269c1778978c64462bf76cf00949cd95e29e33d5066107809299e5dec35,p5_10,celeba-three-workers-v1,
0.6490921787709497,,,0.0,988babfb79a4be0620cf47d259d4da35f8fc07573e92f83a2e388003c17759ba,0.649662415603901,de125d04e78b221d9268ef4e9e1c30f5c2aabf852422fb12bb0d870272447993,2026-09-06T13:25:34.626530+00:00,1,2.09889496300093,,,,10,0.127,C-GDP-private-noise,3.0,1,10,,1,s1_p10_C-GDP-private-noise_l10_r1,fcf8b4f93626e8cf9603afe70c3a614f6523366181d2f4df2620ee6efbb41bdb,3ea87f4a1b7b84a26ee106434a73c8c3b1666cf072e5654900cb743a0c6ff2ae,a12dcb1ba4e2a21b6a4474c284e3079c1b8e06dc282072a6d2d3a684bd02794b,1a980269c1778978c64462bf76cf00949cd95e29e33d5066107809299e5dec35,p5_10,celeba-three-workers-v1,
0.6330307262569832,,,0.0,988babfb79a4be0620cf47d259d4da35f8fc07573e92f83a2e388003c17759ba,0.6333849087271818,de125d04e78b221d9268ef4e9e1c30f5c2aabf852422fb12bb0d870272447993,2026-09-06T13:25:37.165962+00:00,1,2.2979643429989665,,,,10,0.109,C-GDP-private-noise,3.0,1,10,,2,s1_p10_C-GDP-private-noise_l10_r2,fcf8b4f93626e8cf9603afe70c3a614f6523366181d2f4df2620ee6efbb41bdb,3ea87f4a1b7b84a26ee106434a73c8c3b1666cf072e5654900cb743a0c6ff2ae,a12dcb1ba4e2a21b6a4474c284e3079c1b8e06dc282072a6d2d3a684bd02794b,1a980269c1778978c64462bf76cf00949cd95e29e33d5066107809299e5dec35,p5_10,celeba-three-workers-v1,
0.6546787709497207,,,0.0,988babfb79a4be0620cf47d259d4da35f8fc07573e92f83a2e388003c17759ba,0.6533977244311078,de125d04e78b221d9268ef4e9e1c30f5c2aabf852422fb12bb0d870272447993,2026-09-06T13:25:39.294827+00:00,1,1.8796133400010149,,,,10,0.101,C-GDP-private-noise,3.0,1,10,,3,s1_p10_C-GDP-private-noise_l10_r3,fcf8b4f93626e8cf9603afe70c3a614f6523366181d2f4df2620ee6efbb41bdb,3ea87f4a1b7b84a26ee106434a73c8c3b1666cf072e5654900cb743a0c6ff2ae,a12dcb1ba4e2a21b6a4474c284e3079c1b8e06dc282072a6d2d3a684bd02794b,1a980269c1778978c64462bf76cf00949cd95e29e33d5066107809299e5dec35,p5_10,celeba-three-workers-v1,
0.8590462833099579,,,0.0,988babfb79a4be0620cf47d259d4da35f8fc07573e92f83a2e388003c17759ba,0.8584050230037185,b743fe7228434906b9048ef7faf033fd6e5448453864a9c29b94ea2944f572a4,2026-09-06T13:25:53.069292+00:00,1,1.9470283230002678,,,,0,0.74,C-GDP,0.0,2,5,,0,s2_p5_C-GDP_l0_r0,fcf8b4f93626e8cf9603afe70c3a614f6523366181d2f4df2620ee6efbb41bdb,3ea87f4a1b7b84a26ee106434a73c8c3b1666cf072e5654900cb743a0c6ff2ae,a12dcb1ba4e2a21b6a4474c284e3079c1b8e06dc282072a6d2d3a684bd02794b,1a980269c1778978c64462bf76cf00949cd95e29e33d5066107809299e5dec35,p5_10,celeba-three-workers-v1,
0.8050490883590463,,,0.0,988babfb79a4be0620cf47d259d4da35f8fc07573e92f83a2e388003c17759ba,0.8071232747211192,b743fe7228434906b9048ef7faf033fd6e5448453864a9c29b94ea2944f572a4,2026-09-06T13:25:55.104261+00:00,1,1.984217389999685,,,,0,,I-GDP,0.0,2,5,,0,s2_p5_I-GDP_l0_r0,fcf8b4f93626e8cf9603afe70c3a614f6523366181d2f4df2620ee6efbb41bdb,3ea87f4a1b7b84a26ee106434a73c8c3b1666cf072e5654900cb743a0c6ff2ae,a12dcb1ba4e2a21b6a4474c284e3079c1b8e06dc282072a6d2d3a684bd02794b,1a980269c1778978c64462bf76cf00949cd95e29e33d5066107809299e5dec35,p5_10,celeba-three-workers-v1,
0.8548387096774194,,,0.0,988babfb79a4be0620cf47d259d4da35f8fc07573e92f83a2e388003c17759ba,0.8554232053948446,b743fe7228434906b9048ef7faf033fd6e5448453864a9c29b94ea2944f572a4,2026-09-06T13:25:57.118128+00:00,1,1.9416194630011887,,,,0,0.74,AA-GDP,0.0,2,5,,0,s2_p5_AA-GDP_l0_r0,fcf8b4f93626e8cf9603afe70c3a614f6523366181d2f4df2620ee6efbb41bdb,3ea87f4a1b7b84a26ee106434a73c8c3b1666cf072e5654900cb743a0c6ff2ae,a12dcb1ba4e2a21b6a4474c284e3079c1b8e06dc282072a6d2d3a684bd02794b,1a980269c1778978c64462bf76cf00949cd95e29e33d5066107809299e5dec35,p5_10,celeba-three-workers-v1,2.357123662921623e-10
0.8696109358569927,,,0.0,988babfb79a4be0620cf47d259d4da35f8fc07573e92f83a2e388003c17759ba,0.8696941813261163,b743fe7228434906b9048ef7faf033fd6e5448453864a9c29b94ea2944f572a4,2026-09-06T13:26:00.159550+00:00,1,2.993143219000558,,,,0,0.74,C-GDP,0.0,2,10,,0,s2_p10_C-GDP_l0_r0,fcf8b4f93626e8cf9603afe70c3a614f6523366181d2f4df2620ee6efbb41bdb,3ea87f4a1b7b84a26ee106434a73c8c3b1666cf072e5654900cb743a0c6ff2ae,a12dcb1ba4e2a21b6a4474c284e3079c1b8e06dc282072a6d2d3a684bd02794b,1a980269c1778978c64462bf76cf00949cd95e29e33d5066107809299e5dec35,p5_10,celeba-three-workers-v1,
0.8296529968454258,,,0.0,988babfb79a4be0620cf47d259d4da35f8fc07573e92f83a2e388003c17759ba,0.8293546561692705,b743fe7228434906b9048ef7faf033fd6e5448453864a9c29b94ea2944f572a4,2026-09-06T13:26:04.627464+00:00,1,4.417041714999868,,,,0,,I-GDP,0.0,2,10,,0,s2_p10_I-GDP_l0_r0,fcf8b4f93626e8cf9603afe70c3a614f6523366181d2f4df2620ee6efbb41bdb,3ea87f4a1b7b84a26ee106434a73c8c3b1666cf072e5654900cb743a0c6ff2ae,a12dcb1ba4e2a21b6a4474c284e3079c1b8e06dc282072a6d2d3a684bd02794b,1a980269c1778978c64462bf76cf00949cd95e29e33d5066107809299e5dec35,p5_10,celeba-three-workers-v1,
0.8720644935155977,,,0.0,988babfb79a4be0620cf47d259d4da35f8fc07573e92f83a2e388003c17759ba,0.8723156599827777,b743fe7228434906b9048ef7faf033fd6e5448453864a9c29b94ea2944f572a4,2026-09-06T13:26:08.862941+00:00,1,4.101884223000525,,,,0,0.74,AA-GDP,0.0,2,10,,0,s2_p10_AA-GDP_l0_r0,fcf8b4f93626e8cf9603afe70c3a614f6523366181d2f4df2620ee6efbb41bdb,3ea87f4a1b7b84a26ee106434a73c8c3b1666cf072e5654900cb743a0c6ff2ae,a12dcb1ba4e2a21b6a4474c284e3079c1b8e06dc282072a6d2d3a684bd02794b,1a980269c1778978c64462bf76cf00949cd95e29e33d5066107809299e5dec35,p5_10,celeba-three-workers-v1,1.67933791872521e-10
0.85273492286115,,,1.519272949999504,988babfb79a4be0620cf47d259d4da35f8fc07573e92f83a2e388003c17759ba,0.8527505987269175,b743fe7228434906b9048ef7faf033fd6e5448453864a9c29b94ea2944f572a4,2026-09-06T13:26:14.425692+00:00,1,3.1768414540001686,True,5.0,3.105437786540578e-08,1,0.67,NAA-GDP,0.006,2,5,,0,s2_p5_NAA-GDP_l1_r0,fcf8b4f93626e8cf9603afe70c3a614f6523366181d2f4df2620ee6efbb41bdb,3ea87f4a1b7b84a26ee106434a73c8c3b1666cf072e5654900cb743a0c6ff2ae,a12dcb1ba4e2a21b6a4474c284e3079c1b8e06dc282072a6d2d3a684bd02794b,1a980269c1778978c64462bf76cf00949cd95e29e33d5066107809299e5dec35,p5_10,celeba-three-workers-v1,
0.8780231335436383,,,3.041359717999512,988babfb79a4be0620cf47d259d4da35f8fc07573e92f83a2e388003c17759ba,0.876292778939599,b743fe7228434906b9048ef7faf033fd6e5448453864a9c29b94ea2944f572a4,2026-09-06T13:26:21.708949+00:00,1,3.526030119999632,True,5.0,8.770564367729692e-09,1,0.67,NAA-GDP,0.006,2,10,,0,s2_p10_NAA-GDP_l1_r0,fcf8b4f93626e8cf9603afe70c3a614f6523366181d2f4df2620ee6efbb41bdb,3ea87f4a1b7b84a26ee106434a73c8c3b1666cf072e5654900cb743a0c6ff2ae,a12dcb1ba4e2a21b6a4474c284e3079c1b8e06dc282072a6d2d3a684bd02794b,1a980269c1778978c64462bf76cf00949cd95e29e33d5066107809299e5dec35,p5_10,celeba-three-workers-v1,
0.8450210378681627,,,1.5316124219989433,988babfb79a4be0620cf47d259d4da35f8fc07573e92f83a2e388003c17759ba,0.8451010745572571,b743fe7228434906b9048ef7faf033fd6e5448453864a9c29b94ea2944f572a4,2026-09-06T13:26:26.475046+00:00,1,2.280817427999864,True,5.0,3.1615211065670226e-08,1,0.618,NAA-GDP,0.006,2,5,,1,s2_p5_NAA-GDP_l1_r1,fcf8b4f93626e8cf9603afe70c3a614f6523366181d2f4df2620ee6efbb41bdb,3ea87f4a1b7b84a26ee106434a73c8c3b1666cf072e5654900cb743a0c6ff2ae,a12dcb1ba4e2a21b6a4474c284e3079c1b8e06dc282072a6d2d3a684bd02794b,1a980269c1778978c64462bf76cf00949cd95e29e33d5066107809299e5dec35,p5_10,celeba-three-workers-v1,
0.8738170347003155,,,3.017847836999863,988babfb79a4be0620cf47d259d4da35f8fc07573e92f83a2e388003c17759ba,0.8728667732808464,b743fe7228434906b9048ef7faf033fd6e5448453864a9c29b94ea2944f572a4,2026-09-06T13:26:34.451682+00:00,1,4.6947618840004,True,5.0,8.874201391483066e-09,1,0.618,NAA-GDP,0.006,2,10,,1,s2_p10_NAA-GDP_l1_r1,fcf8b4f93626e8cf9603afe70c3a614f6523366181d2f4df2620ee6efbb41bdb,3ea87f4a1b7b84a26ee106434a73c8c3b1666cf072e5654900cb743a0c6ff2ae,a12dcb1ba4e2a21b6a4474c284e3079c1b8e06dc282072a6d2d3a684bd02794b,1a980269c1778978c64462bf76cf00949cd95e29e33d5066107809299e5dec35,p5_10,celeba-three-workers-v1,
0.8688639551192145,,,1.5344233870000608,988babfb79a4be0620cf47d259d4da35f8fc07573e92f83a2e388003c17759ba,0.8687763912522846,b743fe7228434906b9048ef7faf033fd6e5448453864a9c29b94ea2944f572a4,2026-09-06T13:26:39.638387+00:00,1,2.7766049670008215,True,5.0,3.116247225647069e-08,1,0.617,NAA-GDP,0.006,2,5,,2,s2_p5_NAA-GDP_l1_r2,fcf8b4f93626e8cf9603afe70c3a614f6523366181d2f4df2620ee6efbb41bdb,3ea87f4a1b7b84a26ee106434a73c8c3b1666cf072e5654900cb743a0c6ff2ae,a12dcb1ba4e2a21b6a4474c284e3079c1b8e06dc282072a6d2d3a684bd02794b,1a980269c1778978c64462bf76cf00949cd95e29e33d5066107809299e5dec35,p5_10,celeba-three-workers-v1,
0.8727655099894848,,,3.0306275180009834,988babfb79a4be0620cf47d259d4da35f8fc07573e92f83a2e388003c17759ba,0.8726121294132119,b743fe7228434906b9048ef7faf033fd6e5448453864a9c29b94ea2944f572a4,2026-09-06T13:26:46.953308+00:00,1,4.019644674001029,True,5.0,8.801936153515367e-09,1,0.617,NAA-GDP,0.006,2,10,,2,s2_p10_NAA-GDP_l1_r2,fcf8b4f93626e8cf9603afe70c3a614f6523366181d2f4df2620ee6efbb41bdb,3ea87f4a1b7b84a26ee106434a73c8c3b1666cf072e5654900cb743a0c6ff2ae,a12dcb1ba4e2a21b6a4474c284e3079c1b8e06dc282072a6d2d3a684bd02794b,1a980269c1778978c64462bf76cf00949cd95e29e33d5066107809299e5dec35,p5_10,celeba-three-workers-v1,
0.8436185133239832,,,1.5142858919989521,988babfb79a4be0620cf47d259d4da35f8fc07573e92f83a2e388003c17759ba,0.8446323344047394,b743fe7228434906b9048ef7faf033fd6e5448453864a9c29b94ea2944f572a4,2026-09-06T13:26:51.272466+00:00,1,1.8656253930003004,True,5.0,3.086797323850211e-08,1,0.641,NAA-GDP,0.006,2,5,,3,s2_p5_NAA-GDP_l1_r3,fcf8b4f93626e8cf9603afe70c3a614f6523366181d2f4df2620ee6efbb41bdb,3ea87f4a1b7b84a26ee106434a73c8c3b1666cf072e5654900cb743a0c6ff2ae,a12dcb1ba4e2a21b6a4474c284e3079c1b8e06dc282072a6d2d3a684bd02794b,1a980269c1778978c64462bf76cf00949cd95e29e33d5066107809299e5dec35,p5_10,celeba-three-workers-v1,
0.8724150017525412,,,3.046900800000003,988babfb79a4be0620cf47d259d4da35f8fc07573e92f83a2e388003c17759ba,0.8721978103087711,b743fe7228434906b9048ef7faf033fd6e5448453864a9c29b94ea2944f572a4,2026-09-06T13:26:59.383488+00:00,1,4.796447478000118,True,5.0,8.639732228958454e-09,1,0.641,NAA-GDP,0.006,2,10,,3,s2_p10_NAA-GDP_l1_r3,fcf8b4f93626e8cf9603afe70c3a614f6523366181d2f4df2620ee6efbb41bdb,3ea87f4a1b7b84a26ee106434a73c8c3b1666cf072e5654900cb743a0c6ff2ae,a12dcb1ba4e2a21b6a4474c284e3079c1b8e06dc282072a6d2d3a684bd02794b,1a980269c1778978c64462bf76cf00949cd95e29e33d5066107809299e5dec35,p5_10,celeba-three-workers-v1,
0.8387096774193549,,,2.0483105729999806,988babfb79a4be0620cf47d259d4da35f8fc07573e92f83a2e388003c17759ba,0.8391512258145837,b743fe7228434906b9048ef7faf033fd6e5448453864a9c29b94ea2944f572a4,2026-09-06T13:27:04.631085+00:00,1,2.267952107000383,True,8.0,4.1833335487838964e-08,2,0.486,NAA-GDP,0.012,2,5,,0,s2_p5_NAA-GDP_l2_r0,fcf8b4f93626e8cf9603afe70c3a614f6523366181d2f4df2620ee6efbb41bdb,3ea87f4a1b7b84a26ee106434a73c8c3b1666cf072e5654900cb743a0c6ff2ae,a12dcb1ba4e2a21b6a4474c284e3079c1b8e06dc282072a6d2d3a684bd02794b,1a980269c1778978c64462bf76cf00949cd95e29e33d5066107809299e5dec35,p5_10,celeba-three-workers-v1,
0.8601472134595163,,,3.663920176000829,988babfb79a4be0620cf47d259d4da35f8fc07573e92f83a2e388003c17759ba,0.8590904170254643,b743fe7228434906b9048ef7faf033fd6e5448453864a9c29b94ea2944f572a4,2026-09-06T13:27:13.451122+00:00,1,4.872830617998261,True,7.0,5.708233062356203e-08,2,0.486,NAA-GDP,0.012,2,10,,0,s2_p10_NAA-GDP_l2_r0,fcf8b4f93626e8cf9603afe70c3a614f6523366181d2f4df2620ee6efbb41bdb,3ea87f4a1b7b84a26ee106434a73c8c3b1666cf072e5654900cb743a0c6ff2ae,a12dcb1ba4e2a21b6a4474c284e3079c1b8e06dc282072a6d2d3a684bd02794b,1a980269c1778978c64462bf76cf00949cd95e29e33d5066107809299e5dec35,p5_10,celeba-three-workers-v1,
0.8667601683029453,,,2.0399406690012256,988babfb79a4be0620cf47d259d4da35f8fc07573e92f83a2e388003c17759ba,0.8660053097623999,b743fe7228434906b9048ef7faf033fd6e5448453864a9c29b94ea2944f572a4,2026-09-06T13:27:18.931991+00:00,1,2.4974828150006942,True,8.0,4.257577342549009e-08,2,0.476,NAA-GDP,0.012,2,5,,1,s2_p5_NAA-GDP_l2_r1,fcf8b4f93626e8cf9603afe70c3a614f6523366181d2f4df2620ee6efbb41bdb,3ea87f4a1b7b84a26ee106434a73c8c3b1666cf072e5654900cb743a0c6ff2ae,a12dcb1ba4e2a21b6a4474c284e3079c1b8e06dc282072a6d2d3a684bd02794b,1a980269c1778978c64462bf76cf00949cd95e29e33d5066107809299e5dec35,p5_10,celeba-three-workers-v1,
0.8668068699614441,,,3.6577334940011497,988babfb79a4be0620cf47d259d4da35f8fc07573e92f83a2e388003c17759ba,0.8661008734161644,b743fe7228434906b9048ef7faf033fd6e5448453864a9c29b94ea2944f572a4,2026-09-06T13:27:25.879319+00:00,1,3.0128993239995907,True,7.0,5.585718096817527e-08,2,0.476,NAA-GDP,0.012,2,10,,1,s2_p10_NAA-GDP_l2_r1,fcf8b4f93626e8cf9603afe70c3a614f6523366181d2f4df2620ee6efbb41bdb,3ea87f4a1b7b84a26ee106434a73c8c3b1666cf072e5654900cb743a0c6ff2ae,a12dcb1ba4e2a21b6a4474c284e3079c1b8e06dc282072a6d2d3a684bd02794b,1a980269c1778978c64462bf76cf00949cd95e29e33d5066107809299e5dec35,p5_10,celeba-three-workers-v1,
0.8506311360448808,,,2.0673823809993337,988babfb79a4be0620cf47d259d4da35f8fc07573e92f83a2e388003c17759ba,0.8500287546480116,b743fe7228434906b9048ef7faf033fd6e5448453864a9c29b94ea2944f572a4,2026-09-06T13:27:30.406467+00:00,1,1.583286216000488,True,8.0,4.112713689658562e-08,2,0.491,NAA-GDP,0.012,2,5,,2,s2_p5_NAA-GDP_l2_r2,fcf8b4f93626e8cf9603afe70c3a614f6523366181d2f4df2620ee6efbb41bdb,3ea87f4a1b7b84a26ee106434a73c8c3b1666cf072e5654900cb743a0c6ff2ae,a12dcb1ba4e2a21b6a4474c284e3079c1b8e06dc282072a6d2d3a684bd02794b,1a980269c1778978c64462bf76cf00949cd95e29e33d5066107809299e5dec35,p5_10,celeba-three-workers-v1,
0.8678583946722748,,,3.6510963559994707,988babfb79a4be0620cf47d259d4da35f8fc07573e92f83a2e388003c17759ba,0.8670143929142575,b743fe7228434906b9048ef7faf033fd6e5448453864a9c29b94ea2944f572a4,2026-09-06T13:27:39.274976+00:00,1,4.949709937998705,True,7.0,5.662424344900087e-08,2,0.491,NAA-GDP,0.012,2,10,,2,s2_p10_NAA-GDP_l2_r2,fcf8b4f93626e8cf9603afe70c3a614f6523366181d2f4df2620ee6efbb41bdb,3ea87f4a1b7b84a26ee106434a73c8c3b1666cf072e5654900cb743a0c6ff2ae,a12dcb1ba4e2a21b6a4474c284e3079c1b8e06dc282072a6d2d3a684bd02794b,1a980269c1778978c64462bf76cf00949cd95e29e33d5066107809299e5dec35,p5_10,celeba-three-workers-v1,
0.8478260869565217,,,2.0548284239994246,988babfb79a4be0620cf47d259d4da35f8fc07573e92f83a2e388003c17759ba,0.8471710153148043,b743fe7228434906b9048ef7faf033fd6e5448453864a9c29b94ea2944f572a4,2026-09-06T13:27:44.515363+00:00,1,2.2021940519989585,True,8.0,4.092226343060934e-08,2,0.485,NAA-GDP,0.012,2,5,,3,s2_p5_NAA-GDP_l2_r3,fcf8b4f93626e8cf9603afe70c3a614f6523366181d2f4df2620ee6efbb41bdb,3ea87f4a1b7b84a26ee106434a73c8c3b1666cf072e5654900cb743a0c6ff2ae,a12dcb1ba4e2a21b6a4474c284e3079c1b8e06dc282072a6d2d3a684bd02794b,1a980269c1778978c64462bf76cf00949cd95e29e33d5066107809299e5dec35,p5_10,celeba-three-workers-v1,
0.8692604276200491,,,3.6860820329984563,988babfb79a4be0620cf47d259d4da35f8fc07573e92f83a2e388003c17759ba,0.8680127937015623,b743fe7228434906b9048ef7faf033fd6e5448453864a9c29b94ea2944f572a4,2026-09-06T13:27:52.179747+00:00,1,3.7157296940004017,True,7.0,5.667236748149063e-08,2,0.485,NAA-GDP,0.012,2,10,,3,s2_p10_NAA-GDP_l2_r3,fcf8b4f93626e8cf9603afe70c3a614f6523366181d2f4df2620ee6efbb41bdb,3ea87f4a1b7b84a26ee106434a73c8c3b1666cf072e5654900cb743a0c6ff2ae,a12dcb1ba4e2a21b6a4474c284e3079c1b8e06dc282072a6d2d3a684bd02794b,1a980269c1778978c64462bf76cf00949cd95e29e33d5066107809299e5dec35,p5_10,celeba-three-workers-v1,
0.8548387096774194,,,2.9838617090008484,988babfb79a4be0620cf47d259d4da35f8fc07573e92f83a2e388003c17759ba,0.8547831190521207,b743fe7228434906b9048ef7faf033fd6e5448453864a9c29b94ea2944f572a4,2026-09-06T13:27:57.765547+00:00,1,1.707360291000441,True,13.0,3.392047517641228e-08,3,0.327,NAA-GDP,0.018,2,5,,0,s2_p5_NAA-GDP_l3_r0,fcf8b4f93626e8cf9603afe70c3a614f6523366181d2f4df2620ee6efbb41bdb,3ea87f4a1b7b84a26ee106434a73c8c3b1666cf072e5654900cb743a0c6ff2ae,a12dcb1ba4e2a21b6a4474c284e3079c1b8e06dc282072a6d2d3a684bd02794b,1a980269c1778978c64462bf76cf00949cd95e29e33d5066107809299e5dec35,p5_10,celeba-three-workers-v1,
0.8671573781983877,,,5.110932243000207,988babfb79a4be0620cf47d259d4da35f8fc07573e92f83a2e388003c17759ba,0.8668192889654325,b743fe7228434906b9048ef7faf033fd6e5448453864a9c29b94ea2944f572a4,2026-09-06T13:28:06.563117+00:00,1,3.4210095339985855,True,11.0,2.0885445717881765e-08,3,0.327,NAA-GDP,0.018,2,10,,0,s2_p10_NAA-GDP_l3_r0,fcf8b4f93626e8cf9603afe70c3a614f6523366181d2f4df2620ee6efbb41bdb,3ea87f4a1b7b84a26ee106434a73c8c3b1666cf072e5654900cb743a0c6ff2ae,a12dcb1ba4e2a21b6a4474c284e3079c1b8e06dc282072a6d2d3a684bd02794b,1a980269c1778978c64462bf76cf00949cd95e29e33d5066107809299e5dec35,p5_10,celeba-three-workers-v1,
0.8457223001402524,,,2.9962990479998552,988babfb79a4be0620cf47d259d4da35f8fc07573e92f83a2e388003c17759ba,0.8467140921409214,b743fe7228434906b9048ef7faf033fd6e5448453864a9c29b94ea2944f572a4,2026-09-06T13:28:12.921970+00:00,1,2.450479842000277,True,13.0,3.38097935173633e-08,3,0.283,NAA-GDP,0.018,2,5,,1,s2_p5_NAA-GDP_l3_r1,fcf8b4f93626e8cf9603afe70c3a614f6523366181d2f4df2620ee6efbb41bdb,3ea87f4a1b7b84a26ee106434a73c8c3b1666cf072e5654900cb743a0c6ff2ae,a12dcb1ba4e2a21b6a4474c284e3079c1b8e06dc282072a6d2d3a684bd02794b,1a980269c1778978c64462bf76cf00949cd95e29e33d5066107809299e5dec35,p5_10,celeba-three-workers-v1,
0.8615492464072906,,,5.139512010000544,988babfb79a4be0620cf47d259d4da35f8fc07573e92f83a2e388003c17759ba,0.8606970107024234,b743fe7228434906b9048ef7faf033fd6e5448453864a9c29b94ea2944f572a4,2026-09-06T13:28:23.180862+00:00,1,4.848404063999624,True,11.0,2.0738735928441475e-08,3,0.283,NAA-GDP,0.018,2,10,,1,s2_p10_NAA-GDP_l3_r1,fcf8b4f93626e8cf9603afe70c3a614f6523366181d2f4df2620ee6efbb41bdb,3ea87f4a1b7b84a26ee106434a73c8c3b1666cf072e5654900cb743a0c6ff2ae,a12dcb1ba4e2a21b6a4474c284e3079c1b8e06dc282072a6d2d3a684bd02794b,1a980269c1778978c64462bf76cf00949cd95e29e33d5066107809299e5dec35,p5_10,celeba-three-workers-v1,
0.8457223001402524,,,2.956498780999027,988babfb79a4be0620cf47d259d4da35f8fc07573e92f83a2e388003c17759ba,0.8458770561542824,b743fe7228434906b9048ef7faf033fd6e5448453864a9c29b94ea2944f572a4,2026-09-06T13:28:28.933587+00:00,1,1.8787560900000244,True,13.0,3.307557203281609e-08,3,0.336,NAA-GDP,0.018,2,5,,2,s2_p5_NAA-GDP_l3_r2,fcf8b4f93626e8cf9603afe70c3a614f6523366181d2f4df2620ee6efbb41bdb,3ea87f4a1b7b84a26ee106434a73c8c3b1666cf072e5654900cb743a0c6ff2ae,a12dcb1ba4e2a21b6a4474c284e3079c1b8e06dc282072a6d2d3a684bd02794b,1a980269c1778978c64462bf76cf00949cd95e29e33d5066107809299e5dec35,p5_10,celeba-three-workers-v1,
0.8545390816684192,,,5.129677860000811,988babfb79a4be0620cf47d259d4da35f8fc07573e92f83a2e388003c17759ba,0.8549447656538319,b743fe7228434906b9048ef7faf033fd6e5448453864a9c29b94ea2944f572a4,2026-09-06T13:28:37.253619+00:00,1,2.9262049959997967,True,11.0,2.0878999140438686e-08,3,0.336,NAA-GDP,0.018,2,10,,2,s2_p10_NAA-GDP_l3_r2,fcf8b4f93626e8cf9603afe70c3a614f6523366181d2f4df2620ee6efbb41bdb,3ea87f4a1b7b84a26ee106434a73c8c3b1666cf072e5654900cb743a0c6ff2ae,a12dcb1ba4e2a21b6a4474c284e3079c1b8e06dc282072a6d2d3a684bd02794b,1a980269c1778978c64462bf76cf00949cd95e29e33d5066107809299e5dec35,p5_10,celeba-three-workers-v1,
0.8520336605890603,,,2.9624934299990855,988babfb79a4be0620cf47d259d4da35f8fc07573e92f83a2e388003c17759ba,0.8513345307871684,b743fe7228434906b9048ef7faf033fd6e5448453864a9c29b94ea2944f572a4,2026-09-06T13:28:43.759206+00:00,1,2.630040502999691,True,13.0,3.493959432410032e-08,3,0.315,NAA-GDP,0.018,2,5,,3,s2_p5_NAA-GDP_l3_r3,fcf8b4f93626e8cf9603afe70c3a614f6523366181d2f4df2620ee6efbb41bdb,3ea87f4a1b7b84a26ee106434a73c8c3b1666cf072e5654900cb743a0c6ff2ae,a12dcb1ba4e2a21b6a4474c284e3079c1b8e06dc282072a6d2d3a684bd02794b,1a980269c1778978c64462bf76cf00949cd95e29e33d5066107809299e5dec35,p5_10,celeba-three-workers-v1,
0.8689099193831055,,,5.133506123000188,988babfb79a4be0620cf47d259d4da35f8fc07573e92f83a2e388003c17759ba,0.8677251814491327,b743fe7228434906b9048ef7faf033fd6e5448453864a9c29b94ea2944f572a4,2026-09-06T13:28:52.731413+00:00,1,3.576308321000397,True,11.0,2.112773405207187e-08,3,0.315,NAA-GDP,0.018,2,10,,3,s2_p10_NAA-GDP_l3_r3,fcf8b4f93626e8cf9603afe70c3a614f6523366181d2f4df2620ee6efbb41bdb,3ea87f4a1b7b84a26ee106434a73c8c3b1666cf072e5654900cb743a0c6ff2ae,a12dcb1ba4e2a21b6a4474c284e3079c1b8e06dc282072a6d2d3a684bd02794b,1a980269c1778978c64462bf76cf00949cd95e29e33d5066107809299e5dec35,p5_10,celeba-three-workers-v1,
0.8485273492286115,,,4.642995412001255,988babfb79a4be0620cf47d259d4da35f8fc07573e92f83a2e388003c17759ba,0.8475038602130207,b743fe7228434906b9048ef7faf033fd6e5448453864a9c29b94ea2944f572a4,2026-09-06T13:29:00.044289+00:00,1,1.7815822730008222,True,22.0,6.747930676596537e-08,4,0.251,NAA-GDP,0.024,2,5,,0,s2_p5_NAA-GDP_l4_r0,fcf8b4f93626e8cf9603afe70c3a614f6523366181d2f4df2620ee6efbb41bdb,3ea87f4a1b7b84a26ee106434a73c8c3b1666cf072e5654900cb743a0c6ff2ae,a12dcb1ba4e2a21b6a4474c284e3079c1b8e06dc282072a6d2d3a684bd02794b,1a980269c1778978c64462bf76cf00949cd95e29e33d5066107809299e5dec35,p5_10,celeba-three-workers-v1,
0.8401682439537329,,,6.972110360000443,988babfb79a4be0620cf47d259d4da35f8fc07573e92f83a2e388003c17759ba,0.8406945503751999,b743fe7228434906b9048ef7faf033fd6e5448453864a9c29b94ea2944f572a4,2026-09-06T13:29:11.661968+00:00,1,4.381204024999533,True,16.0,5.8057383292495917e-08,4,0.251,NAA-GDP,0.024,2,10,,0,s2_p10_NAA-GDP_l4_r0,fcf8b4f93626e8cf9603afe70c3a614f6523366181d2f4df2620ee6efbb41bdb,3ea87f4a1b7b84a26ee106434a73c8c3b1666cf072e5654900cb743a0c6ff2ae,a12dcb1ba4e2a21b6a4474c284e3079c1b8e06dc282072a6d2d3a684bd02794b,1a980269c1778978c64462bf76cf00949cd95e29e33d5066107809299e5dec35,p5_10,celeba-three-workers-v1,
0.835203366058906,,,4.643016388999968,988babfb79a4be0620cf47d259d4da35f8fc07573e92f83a2e388003c17759ba,0.8365514905149052,b743fe7228434906b9048ef7faf033fd6e5448453864a9c29b94ea2944f572a4,2026-09-06T13:29:19.104825+00:00,1,1.8444033060004585,True,22.0,7.609168568393444e-08,4,0.268,NAA-GDP,0.024,2,5,,1,s2_p5_NAA-GDP_l4_r1,fcf8b4f93626e8cf9603afe70c3a614f6523366181d2f4df2620ee6efbb41bdb,3ea87f4a1b7b84a26ee106434a73c8c3b1666cf072e5654900cb743a0c6ff2ae,a12dcb1ba4e2a21b6a4474c284e3079c1b8e06dc282072a6d2d3a684bd02794b,1a980269c1778978c64462bf76cf00949cd95e29e33d5066107809299e5dec35,p5_10,celeba-three-workers-v1,
0.8618997546442342,,,6.951737116000004,988babfb79a4be0620cf47d259d4da35f8fc07573e92f83a2e388003c17759ba,0.8609339402140485,b743fe7228434906b9048ef7faf033fd6e5448453864a9c29b94ea2944f572a4,2026-09-06T13:29:30.059228+00:00,1,3.7392828230003943,True,16.0,5.798623419620203e-08,4,0.268,NAA-GDP,0.024,2,10,,1,s2_p10_NAA-GDP_l4_r1,fcf8b4f93626e8cf9603afe70c3a614f6523366181d2f4df2620ee6efbb41bdb,3ea87f4a1b7b84a26ee106434a73c8c3b1666cf072e5654900cb743a0c6ff2ae,a12dcb1ba4e2a21b6a4474c284e3079c1b8e06dc282072a6d2d3a684bd02794b,1a980269c1778978c64462bf76cf00949cd95e29e33d5066107809299e5dec35,p5_10,celeba-three-workers-v1,
0.8246844319775596,,,4.632405267999275,988babfb79a4be0620cf47d259d4da35f8fc07573e92f83a2e388003c17759ba,0.8262411766559525,b743fe7228434906b9048ef7faf033fd6e5448453864a9c29b94ea2944f572a4,2026-09-06T13:29:38.792974+00:00,1,3.2199123070004134,True,22.0,7.364900619831926e-08,4,0.255,NAA-GDP,0.024,2,5,,2,s2_p5_NAA-GDP_l4_r2,fcf8b4f93626e8cf9603afe70c3a614f6523366181d2f4df2620ee6efbb41bdb,3ea87f4a1b7b84a26ee106434a73c8c3b1666cf072e5654900cb743a0c6ff2ae,a12dcb1ba4e2a21b6a4474c284e3079c1b8e06dc282072a6d2d3a684bd02794b,1a980269c1778978c64462bf76cf00949cd95e29e33d5066107809299e5dec35,p5_10,celeba-three-workers-v1,
0.8510339992989835,,,6.927328151999973,988babfb79a4be0620cf47d259d4da35f8fc07573e92f83a2e388003c17759ba,0.8496358715709189,b743fe7228434906b9048ef7faf033fd6e5448453864a9c29b94ea2944f572a4,2026-09-06T13:29:49.480312+00:00,1,3.498432024000067,True,16.0,5.771954323153482e-08,4,0.255,NAA-GDP,0.024,2,10,,2,s2_p10_NAA-GDP_l4_r2,fcf8b4f93626e8cf9603afe70c3a614f6523366181d2f4df2620ee6efbb41bdb,3ea87f4a1b7b84a26ee106434a73c8c3b1666cf072e5654900cb743a0c6ff2ae,a12dcb1ba4e2a21b6a4474c284e3079c1b8e06dc282072a6d2d3a684bd02794b,1a980269c1778978c64462bf76cf00949cd95e29e33d5066107809299e5dec35,p5_10,celeba-three-workers-v1,
0.8373071528751753,,,4.64369878800062,988babfb79a4be0620cf47d259d4da35f8fc07573e92f83a2e388003c17759ba,0.8381408741412996,b743fe7228434906b9048ef7faf033fd6e5448453864a9c29b94ea2944f572a4,2026-09-06T13:29:57.180324+00:00,1,2.1478559509996558,True,22.0,7.07468071315435e-08,4,0.286,NAA-GDP,0.024,2,5,,3,s2_p5_NAA-GDP_l4_r3,fcf8b4f93626e8cf9603afe70c3a614f6523366181d2f4df2620ee6efbb41bdb,3ea87f4a1b7b84a26ee106434a73c8c3b1666cf072e5654900cb743a0c6ff2ae,a12dcb1ba4e2a21b6a4474c284e3079c1b8e06dc282072a6d2d3a684bd02794b,1a980269c1778978c64462bf76cf00949cd95e29e33d5066107809299e5dec35,p5_10,celeba-three-workers-v1,
0.8538380651945321,,,6.954281887999969,988babfb79a4be0620cf47d259d4da35f8fc07573e92f83a2e388003c17759ba,0.8524435969984008,b743fe7228434906b9048ef7faf033fd6e5448453864a9c29b94ea2944f572a4,2026-09-06T13:30:07.713796+00:00,1,3.296525641999324,True,16.0,5.7560691783300904e-08,4,0.286,NAA-GDP,0.024,2,10,,3,s2_p10_NAA-GDP_l4_r3,fcf8b4f93626e8cf9603afe70c3a614f6523366181d2f4df2620ee6efbb41bdb,3ea87f4a1b7b84a26ee106434a73c8c3b1666cf072e5654900cb743a0c6ff2ae,a12dcb1ba4e2a21b6a4474c284e3079c1b8e06dc282072a6d2d3a684bd02794b,1a980269c1778978c64462bf76cf00949cd95e29e33d5066107809299e5dec35,p5_10,celeba-three-workers-v1,
0.8408134642356241,,,10.623748042000443,988babfb79a4be0620cf47d259d4da35f8fc07573e92f83a2e388003c17759ba,0.8401989979202118,b743fe7228434906b9048ef7faf033fd6e5448453864a9c29b94ea2944f572a4,2026-09-06T13:30:20.980593+00:00,1,1.7069480390000535,True,54.0,8.760381274822543e-08,5,0.249,NAA-GDP,0.03,2,5,,0,s2_p5_NAA-GDP_l5_r0,fcf8b4f93626e8cf9603afe70c3a614f6523366181d2f4df2620ee6efbb41bdb,3ea87f4a1b7b84a26ee106434a73c8c3b1666cf072e5654900cb743a0c6ff2ae,a12dcb1ba4e2a21b6a4474c284e3079c1b8e06dc282072a6d2d3a684bd02794b,1a980269c1778978c64462bf76cf00949cd95e29e33d5066107809299e5dec35,p5_10,celeba-three-workers-v1,
0.8520855240098142,,,10.917373254000267,988babfb79a4be0620cf47d259d4da35f8fc07573e92f83a2e388003c17759ba,0.8511322425882643,b743fe7228434906b9048ef7faf033fd6e5448453864a9c29b94ea2944f572a4,2026-09-06T13:30:35.618444+00:00,1,3.4451122380014567,True,27.0,9.613926523053e-08,5,0.249,NAA-GDP,0.03,2,10,,0,s2_p10_NAA-GDP_l5_r0,fcf8b4f93626e8cf9603afe70c3a614f6523366181d2f4df2620ee6efbb41bdb,3ea87f4a1b7b84a26ee106434a73c8c3b1666cf072e5654900cb743a0c6ff2ae,a12dcb1ba4e2a21b6a4474c284e3079c1b8e06dc282072a6d2d3a684bd02794b,1a980269c1778978c64462bf76cf00949cd95e29e33d5066107809299e5dec35,p5_10,celeba-three-workers-v1,
0.8513323983169705,,,10.221141452000666,988babfb79a4be0620cf47d259d4da35f8fc07573e92f83a2e388003c17759ba,0.8504108369572068,b743fe7228434906b9048ef7faf033fd6e5448453864a9c29b94ea2944f572a4,2026-09-06T13:30:49.757544+00:00,1,2.99877628700051,True,52.0,9.442402649345714e-08,5,0.212,NAA-GDP,0.03,2,5,,1,s2_p5_NAA-GDP_l5_r1,fcf8b4f93626e8cf9603afe70c3a614f6523366181d2f4df2620ee6efbb41bdb,3ea87f4a1b7b84a26ee106434a73c8c3b1666cf072e5654900cb743a0c6ff2ae,a12dcb1ba4e2a21b6a4474c284e3079c1b8e06dc282072a6d2d3a684bd02794b,1a980269c1778978c64462bf76cf00949cd95e29e33d5066107809299e5dec35,p5_10,celeba-three-workers-v1,
0.8468279004556607,,,11.002669449000678,988babfb79a4be0620cf47d259d4da35f8fc07573e92f83a2e388003c17759ba,0.8465393037273958,b743fe7228434906b9048ef7faf033fd6e5448453864a9c29b94ea2944f572a4,2026-09-06T13:31:04.484000+00:00,1,3.448384156999964,True,27.0,9.387568369943905e-08,5,0.212,NAA-GDP,0.03,2,10,,1,s2_p10_NAA-GDP_l5_r1,fcf8b4f93626e8cf9603afe70c3a614f6523366181d2f4df2620ee6efbb41bdb,3ea87f4a1b7b84a26ee106434a73c8c3b1666cf072e5654900cb743a0c6ff2ae,a12dcb1ba4e2a21b6a4474c284e3079c1b8e06dc282072a6d2d3a684bd02794b,1a980269c1778978c64462bf76cf00949cd95e29e33d5066107809299e5dec35,p5_10,celeba-three-workers-v1,
0.8401122019635343,,,10.241939344999992,988babfb79a4be0620cf47d259d4da35f8fc07573e92f83a2e388003c17759ba,0.8402600523098254,b743fe7228434906b9048ef7faf033fd6e5448453864a9c29b94ea2944f572a4,2026-09-06T13:31:17.277515+00:00,1,1.6932282479992864,True,52.0,7.666966043868025e-08,5,0.233,NAA-GDP,0.03,2,5,,2,s2_p5_NAA-GDP_l5_r2,fcf8b4f93626e8cf9603afe70c3a614f6523366181d2f4df2620ee6efbb41bdb,3ea87f4a1b7b84a26ee106434a73c8c3b1666cf072e5654900cb743a0c6ff2ae,a12dcb1ba4e2a21b6a4474c284e3079c1b8e06dc282072a6d2d3a684bd02794b,1a980269c1778978c64462bf76cf00949cd95e29e33d5066107809299e5dec35,p5_10,celeba-three-workers-v1,
0.8538380651945321,,,11.301943593000033,988babfb79a4be0620cf47d259d4da35f8fc07573e92f83a2e388003c17759ba,0.8521901832943781,b743fe7228434906b9048ef7faf033fd6e5448453864a9c29b94ea2944f572a4,2026-09-06T13:31:31.992394+00:00,1,3.152266711998891,True,28.0,5.820837771632044e-08,5,0.233,NAA-GDP,0.03,2,10,,2,s2_p10_NAA-GDP_l5_r2,fcf8b4f93626e8cf9603afe70c3a614f6523366181d2f4df2620ee6efbb41bdb,3ea87f4a1b7b84a26ee106434a73c8c3b1666cf072e5654900cb743a0c6ff2ae,a12dcb1ba4e2a21b6a4474c284e3079c1b8e06dc282072a6d2d3a684bd02794b,1a980269c1778978c64462bf76cf00949cd95e29e33d5066107809299e5dec35,p5_10,celeba-three-workers-v1,
0.8316970546984572,,,10.44569127700015,988babfb79a4be0620cf47d259d4da35f8fc07573e92f83a2e388003c17759ba,0.8314406472553098,b743fe7228434906b9048ef7faf033fd6e5448453864a9c29b94ea2944f572a4,2026-09-06T13:31:45.321464+00:00,1,1.9241971029987326,True,53.0,7.791220770200915e-08,5,0.222,NAA-GDP,0.03,2,5,,3,s2_p5_NAA-GDP_l5_r3,fcf8b4f93626e8cf9603afe70c3a614f6523366181d2f4df2620ee6efbb41bdb,3ea87f4a1b7b84a26ee106434a73c8c3b1666cf072e5654900cb743a0c6ff2ae,a12dcb1ba4e2a21b6a4474c284e3079c1b8e06dc282072a6d2d3a684bd02794b,1a980269c1778978c64462bf76cf00949cd95e29e33d5066107809299e5dec35,p5_10,celeba-three-workers-v1,
0.8534875569575885,,,10.982731179001348,988babfb79a4be0620cf47d259d4da35f8fc07573e92f83a2e388003c17759ba,0.8520292778939599,b743fe7228434906b9048ef7faf033fd6e5448453864a9c29b94ea2944f572a4,2026-09-06T13:32:00.989154+00:00,1,4.4248707850001665,True,27.0,9.863053362160456e-08,5,0.222,NAA-GDP,0.03,2,10,,3,s2_p10_NAA-GDP_l5_r3,fcf8b4f93626e8cf9603afe70c3a614f6523366181d2f4df2620ee6efbb41bdb,3ea87f4a1b7b84a26ee106434a73c8c3b1666cf072e5654900cb743a0c6ff2ae,a12dcb1ba4e2a21b6a4474c284e3079c1b8e06dc282072a6d2d3a684bd02794b,1a980269c1778978c64462bf76cf00949cd95e29e33d5066107809299e5dec35,p5_10,celeba-three-workers-v1,
0.8401122019635343,,,93.99585013199976,988babfb79a4be0620cf47d259d4da35f8fc07573e92f83a2e388003c17759ba,0.8400631026659104,b743fe7228434906b9048ef7faf033fd6e5448453864a9c29b94ea2944f572a4,2026-09-06T13:33:37.866307+00:00,1,2.0075138509982935,False,500.0,0.0007072038004369967,6,0.148,NAA-GDP,0.036,2,5,,0,s2_p5_NAA-GDP_l6_r0,fcf8b4f93626e8cf9603afe70c3a614f6523366181d2f4df2620ee6efbb41bdb,3ea87f4a1b7b84a26ee106434a73c8c3b1666cf072e5654900cb743a0c6ff2ae,a12dcb1ba4e2a21b6a4474c284e3079c1b8e06dc282072a6d2d3a684bd02794b,1a980269c1778978c64462bf76cf00949cd95e29e33d5066107809299e5dec35,p5_10,celeba-three-workers-v1,
0.8380651945320715,,,26.80699380199985,988babfb79a4be0620cf47d259d4da35f8fc07573e92f83a2e388003c17759ba,0.8379045393037274,b743fe7228434906b9048ef7faf033fd6e5448453864a9c29b94ea2944f572a4,2026-09-06T13:34:08.470806+00:00,1,3.5308695969997643,True,70.0,9.085450196024809e-08,6,0.148,NAA-GDP,0.036,2,10,,0,s2_p10_NAA-GDP_l6_r0,fcf8b4f93626e8cf9603afe70c3a614f6523366181d2f4df2620ee6efbb41bdb,3ea87f4a1b7b84a26ee106434a73c8c3b1666cf072e5654900cb743a0c6ff2ae,a12dcb1ba4e2a21b6a4474c284e3079c1b8e06dc282072a6d2d3a684bd02794b,1a980269c1778978c64462bf76cf00949cd95e29e33d5066107809299e5dec35,p5_10,celeba-three-workers-v1,
0.8211781206171108,,,93.97757566099972,988babfb79a4be0620cf47d259d4da35f8fc07573e92f83a2e388003c17759ba,0.8208349089304847,b743fe7228434906b9048ef7faf033fd6e5448453864a9c29b94ea2944f572a4,2026-09-06T13:35:45.128986+00:00,1,1.7662361349994171,False,500.0,0.0017092003173319287,6,0.214,NAA-GDP,0.036,2,5,,1,s2_p5_NAA-GDP_l6_r1,fcf8b4f93626e8cf9603afe70c3a614f6523366181d2f4df2620ee6efbb41bdb,3ea87f4a1b7b84a26ee106434a73c8c3b1666cf072e5654900cb743a0c6ff2ae,a12dcb1ba4e2a21b6a4474c284e3079c1b8e06dc282072a6d2d3a684bd02794b,1a980269c1778978c64462bf76cf00949cd95e29e33d5066107809299e5dec35,p5_10,celeba-three-workers-v1,
0.8499824745881528,,,26.106814448001387,988babfb79a4be0620cf47d259d4da35f8fc07573e92f83a2e388003c17759ba,0.8494065690736867,b743fe7228434906b9048ef7faf033fd6e5448453864a9c29b94ea2944f572a4,2026-09-06T13:36:15.606568+00:00,1,4.107929699001033,True,68.0,9.211934671727838e-08,6,0.214,NAA-GDP,0.036,2,10,,1,s2_p10_NAA-GDP_l6_r1,fcf8b4f93626e8cf9603afe70c3a614f6523366181d2f4df2620ee6efbb41bdb,3ea87f4a1b7b84a26ee106434a73c8c3b1666cf072e5654900cb743a0c6ff2ae,a12dcb1ba4e2a21b6a4474c284e3079c1b8e06dc282072a6d2d3a684bd02794b,1a980269c1778978c64462bf76cf00949cd95e29e33d5066107809299e5dec35,p5_10,celeba-three-workers-v1,
0.8281907433380085,,,93.87168634599948,988babfb79a4be0620cf47d259d4da35f8fc07573e92f83a2e388003c17759ba,0.829087099010525,b743fe7228434906b9048ef7faf033fd6e5448453864a9c29b94ea2944f572a4,2026-09-06T13:37:52.055636+00:00,1,1.6509659719995398,False,500.0,0.00012061175757456199,6,0.178,NAA-GDP,0.036,2,5,,2,s2_p5_NAA-GDP_l6_r2,fcf8b4f93626e8cf9603afe70c3a614f6523366181d2f4df2620ee6efbb41bdb,3ea87f4a1b7b84a26ee106434a73c8c3b1666cf072e5654900cb743a0c6ff2ae,a12dcb1ba4e2a21b6a4474c284e3079c1b8e06dc282072a6d2d3a684bd02794b,1a980269c1778978c64462bf76cf00949cd95e29e33d5066107809299e5dec35,p5_10,celeba-three-workers-v1,
0.8380651945320715,,,27.23168213400095,988babfb79a4be0620cf47d259d4da35f8fc07573e92f83a2e388003c17759ba,0.8364347398203962,b743fe7228434906b9048ef7faf033fd6e5448453864a9c29b94ea2944f572a4,2026-09-06T13:38:22.822887+00:00,1,3.263741417998972,True,71.0,8.164073834739889e-08,6,0.178,NAA-GDP,0.036,2,10,,2,s2_p10_NAA-GDP_l6_r2,fcf8b4f93626e8cf9603afe70c3a614f6523366181d2f4df2620ee6efbb41bdb,3ea87f4a1b7b84a26ee106434a73c8c3b1666cf072e5654900cb743a0c6ff2ae,a12dcb1ba4e2a21b6a4474c284e3079c1b8e06dc282072a6d2d3a684bd02794b,1a980269c1778978c64462bf76cf00949cd95e29e33d5066107809299e5dec35,p5_10,celeba-three-workers-v1,
0.8169705469845723,,,93.63545806300135,988babfb79a4be0620cf47d259d4da35f8fc07573e92f83a2e388003c17759ba,0.8174099546228021,b743fe7228434906b9048ef7faf033fd6e5448453864a9c29b94ea2944f572a4,2026-09-06T13:39:58.691192+00:00,1,1.31459848600025,False,500.0,0.0030944603859641828,6,0.206,NAA-GDP,0.036,2,5,,3,s2_p5_NAA-GDP_l6_r3,fcf8b4f93626e8cf9603afe70c3a614f6523366181d2f4df2620ee6efbb41bdb,3ea87f4a1b7b84a26ee106434a73c8c3b1666cf072e5654900cb743a0c6ff2ae,a12dcb1ba4e2a21b6a4474c284e3079c1b8e06dc282072a6d2d3a684bd02794b,1a980269c1778978c64462bf76cf00949cd95e29e33d5066107809299e5dec35,p5_10,celeba-three-workers-v1,
0.8363126533473537,,,25.690683816001183,988babfb79a4be0620cf47d259d4da35f8fc07573e92f83a2e388003c17759ba,0.8363904539303728,b743fe7228434906b9048ef7faf033fd6e5448453864a9c29b94ea2944f572a4,2026-09-06T13:40:28.938541+00:00,1,4.278345934999379,True,67.0,9.881378138029524e-08,6,0.206,NAA-GDP,0.036,2,10,,3,s2_p10_NAA-GDP_l6_r3,fcf8b4f93626e8cf9603afe70c3a614f6523366181d2f4df2620ee6efbb41bdb,3ea87f4a1b7b84a26ee106434a73c8c3b1666cf072e5654900cb743a0c6ff2ae,a12dcb1ba4e2a21b6a4474c284e3079c1b8e06dc282072a6d2d3a684bd02794b,1a980269c1778978c64462bf76cf00949cd95e29e33d5066107809299e5dec35,p5_10,celeba-three-workers-v1,
0.8099579242636746,,,94.07400968299953,988babfb79a4be0620cf47d259d4da35f8fc07573e92f83a2e388003c17759ba,0.8111764983928909,b743fe7228434906b9048ef7faf033fd6e5448453864a9c29b94ea2944f572a4,2026-09-06T13:42:05.547901+00:00,1,1.6605928270000732,False,500.0,0.006747688567294183,7,0.178,NAA-GDP,0.042,2,5,,0,s2_p5_NAA-GDP_l7_r0,fcf8b4f93626e8cf9603afe70c3a614f6523366181d2f4df2620ee6efbb41bdb,3ea87f4a1b7b84a26ee106434a73c8c3b1666cf072e5654900cb743a0c6ff2ae,a12dcb1ba4e2a21b6a4474c284e3079c1b8e06dc282072a6d2d3a684bd02794b,1a980269c1778978c64462bf76cf00949cd95e29e33d5066107809299e5dec35,p5_10,celeba-three-workers-v1,
0.8282509638976516,,,185.84834408700044,988babfb79a4be0620cf47d259d4da35f8fc07573e92f83a2e388003c17759ba,0.8284576208635748,b743fe7228434906b9048ef7faf033fd6e5448453864a9c29b94ea2944f572a4,2026-09-06T13:45:14.651158+00:00,1,2.9805179459999636,False,500.0,0.0065511198077982755,7,0.178,NAA-GDP,0.042,2,10,,0,s2_p10_NAA-GDP_l7_r0,fcf8b4f93626e8cf9603afe70c3a614f6523366181d2f4df2620ee6efbb41bdb,3ea87f4a1b7b84a26ee106434a73c8c3b1666cf072e5654900cb743a0c6ff2ae,a12dcb1ba4e2a21b6a4474c284e3079c1b8e06dc282072a6d2d3a684bd02794b,1a980269c1778978c64462bf76cf00949cd95e29e33d5066107809299e5dec35,p5_10,celeba-three-workers-v1,
0.8281907433380085,,,93.9525361420001,988babfb79a4be0620cf47d259d4da35f8fc07573e92f83a2e388003c17759ba,0.828693199722695,b743fe7228434906b9048ef7faf033fd6e5448453864a9c29b94ea2944f572a4,2026-09-06T13:46:51.287392+00:00,1,1.7194197219996568,False,500.0,0.009094543406360105,7,0.163,NAA-GDP,0.042,2,5,,1,s2_p5_NAA-GDP_l7_r1,fcf8b4f93626e8cf9603afe70c3a614f6523366181d2f4df2620ee6efbb41bdb,3ea87f4a1b7b84a26ee106434a73c8c3b1666cf072e5654900cb743a0c6ff2ae,a12dcb1ba4e2a21b6a4474c284e3079c1b8e06dc282072a6d2d3a684bd02794b,1a980269c1778978c64462bf76cf00949cd95e29e33d5066107809299e5dec35,p5_10,celeba-three-workers-v1,
0.8419207851384507,,,185.83007307200023,988babfb79a4be0620cf47d259d4da35f8fc07573e92f83a2e388003c17759ba,0.8409669085988436,b743fe7228434906b9048ef7faf033fd6e5448453864a9c29b94ea2944f572a4,2026-09-06T13:50:00.949326+00:00,1,3.5536864580008114,False,500.0,0.01544008560932051,7,0.163,NAA-GDP,0.042,2,10,,1,s2_p10_NAA-GDP_l7_r1,fcf8b4f93626e8cf9603afe70c3a614f6523366181d2f4df2620ee6efbb41bdb,3ea87f4a1b7b84a26ee106434a73c8c3b1666cf072e5654900cb743a0c6ff2ae,a12dcb1ba4e2a21b6a4474c284e3079c1b8e06dc282072a6d2d3a684bd02794b,1a980269c1778978c64462bf76cf00949cd95e29e33d5066107809299e5dec35,p5_10,celeba-three-workers-v1,
0.7980364656381487,,,93.94125698400057,988babfb79a4be0620cf47d259d4da35f8fc07573e92f83a2e388003c17759ba,0.7975416745446524,b743fe7228434906b9048ef7faf033fd6e5448453864a9c29b94ea2944f572a4,2026-09-06T13:51:37.373877+00:00,1,1.6172910000004777,False,500.0,0.013786579259197525,7,0.182,NAA-GDP,0.042,2,5,,2,s2_p5_NAA-GDP_l7_r2,fcf8b4f93626e8cf9603afe70c3a614f6523366181d2f4df2620ee6efbb41bdb,3ea87f4a1b7b84a26ee106434a73c8c3b1666cf072e5654900cb743a0c6ff2ae,a12dcb1ba4e2a21b6a4474c284e3079c1b8e06dc282072a6d2d3a684bd02794b,1a980269c1778978c64462bf76cf00949cd95e29e33d5066107809299e5dec35,p5_10,celeba-three-workers-v1,
0.8205397826848931,,,185.8210270089985,988babfb79a4be0620cf47d259d4da35f8fc07573e92f83a2e388003c17759ba,0.8206856931971953,b743fe7228434906b9048ef7faf033fd6e5448453864a9c29b94ea2944f572a4,2026-09-06T13:54:47.832625+00:00,1,4.373130732999925,False,500.0,0.016176337359422477,7,0.182,NAA-GDP,0.042,2,10,,2,s2_p10_NAA-GDP_l7_r2,fcf8b4f93626e8cf9603afe70c3a614f6523366181d2f4df2620ee6efbb41bdb,3ea87f4a1b7b84a26ee106434a73c8c3b1666cf072e5654900cb743a0c6ff2ae,a12dcb1ba4e2a21b6a4474c284e3079c1b8e06dc282072a6d2d3a684bd02794b,1a980269c1778978c64462bf76cf00949cd95e29e33d5066107809299e5dec35,p5_10,celeba-three-workers-v1,
0.820476858345021,,,93.86357456900078,988babfb79a4be0620cf47d259d4da35f8fc07573e92f83a2e388003c17759ba,0.8197635028675868,b743fe7228434906b9048ef7faf033fd6e5448453864a9c29b94ea2944f572a4,2026-09-06T13:56:25.160359+00:00,1,2.5469297600011487,False,500.0,0.006554560909500003,7,0.193,NAA-GDP,0.042,2,5,,3,s2_p5_NAA-GDP_l7_r3,fcf8b4f93626e8cf9603afe70c3a614f6523366181d2f4df2620ee6efbb41bdb,3ea87f4a1b7b84a26ee106434a73c8c3b1666cf072e5654900cb743a0c6ff2ae,a12dcb1ba4e2a21b6a4474c284e3079c1b8e06dc282072a6d2d3a684bd02794b,1a980269c1778978c64462bf76cf00949cd95e29e33d5066107809299e5dec35,p5_10,celeba-three-workers-v1,
0.8257974062390466,,,185.89171908199933,988babfb79a4be0620cf47d259d4da35f8fc07573e92f83a2e388003c17759ba,0.8260895559109361,b743fe7228434906b9048ef7faf033fd6e5448453864a9c29b94ea2944f572a4,2026-09-06T13:59:38.124061+00:00,1,6.790679916999579,False,500.0,0.005776809257910007,7,0.193,NAA-GDP,0.042,2,10,,3,s2_p10_NAA-GDP_l7_r3,fcf8b4f93626e8cf9603afe70c3a614f6523366181d2f4df2620ee6efbb41bdb,3ea87f4a1b7b84a26ee106434a73c8c3b1666cf072e5654900cb743a0c6ff2ae,a12dcb1ba4e2a21b6a4474c284e3079c1b8e06dc282072a6d2d3a684bd02794b,1a980269c1778978c64462bf76cf00949cd95e29e33d5066107809299e5dec35,p5_10,celeba-three-workers-v1,
0.8218793828892006,,,93.9576686929995,988babfb79a4be0620cf47d259d4da35f8fc07573e92f83a2e388003c17759ba,0.8224479265141489,b743fe7228434906b9048ef7faf033fd6e5448453864a9c29b94ea2944f572a4,2026-09-06T14:01:14.623664+00:00,1,1.6165528309993533,False,500.0,0.011486913357719281,8,0.154,NAA-GDP,0.048,2,5,,0,s2_p5_NAA-GDP_l8_r0,fcf8b4f93626e8cf9603afe70c3a614f6523366181d2f4df2620ee6efbb41bdb,3ea87f4a1b7b84a26ee106434a73c8c3b1666cf072e5654900cb743a0c6ff2ae,a12dcb1ba4e2a21b6a4474c284e3079c1b8e06dc282072a6d2d3a684bd02794b,1a980269c1778978c64462bf76cf00949cd95e29e33d5066107809299e5dec35,p5_10,celeba-three-workers-v1,
0.8212407991587802,,,186.21520471000076,988babfb79a4be0620cf47d259d4da35f8fc07573e92f83a2e388003c17759ba,0.8206273834419977,b743fe7228434906b9048ef7faf033fd6e5448453864a9c29b94ea2944f572a4,2026-09-06T14:04:26.556860+00:00,1,5.454247954001403,False,500.0,0.025258485921043832,8,0.154,NAA-GDP,0.048,2,10,,0,s2_p10_NAA-GDP_l8_r0,fcf8b4f93626e8cf9603afe70c3a614f6523366181d2f4df2620ee6efbb41bdb,3ea87f4a1b7b84a26ee106434a73c8c3b1666cf072e5654900cb743a0c6ff2ae,a12dcb1ba4e2a21b6a4474c284e3079c1b8e06dc282072a6d2d3a684bd02794b,1a980269c1778978c64462bf76cf00949cd95e29e33d5066107809299e5dec35,p5_10,celeba-three-workers-v1,
0.8211781206171108,,,94.20119405999867,988babfb79a4be0620cf47d259d4da35f8fc07573e92f83a2e388003c17759ba,0.8205394844646121,b743fe7228434906b9048ef7faf033fd6e5448453864a9c29b94ea2944f572a4,2026-09-06T14:06:04.057991+00:00,1,2.371955036000145,False,500.0,0.007242379068712222,8,0.125,NAA-GDP,0.048,2,5,,1,s2_p5_NAA-GDP_l8_r1,fcf8b4f93626e8cf9603afe70c3a614f6523366181d2f4df2620ee6efbb41bdb,3ea87f4a1b7b84a26ee106434a73c8c3b1666cf072e5654900cb743a0c6ff2ae,a12dcb1ba4e2a21b6a4474c284e3079c1b8e06dc282072a6d2d3a684bd02794b,1a980269c1778978c64462bf76cf00949cd95e29e33d5066107809299e5dec35,p5_10,celeba-three-workers-v1,
0.8131791097090781,,,186.32890172099906,988babfb79a4be0620cf47d259d4da35f8fc07573e92f83a2e388003c17759ba,0.8140883257473244,b743fe7228434906b9048ef7faf033fd6e5448453864a9c29b94ea2944f572a4,2026-09-06T14:09:13.934969+00:00,1,3.275820971999565,False,500.0,0.026334282210640558,8,0.125,NAA-GDP,0.048,2,10,,1,s2_p10_NAA-GDP_l8_r1,fcf8b4f93626e8cf9603afe70c3a614f6523366181d2f4df2620ee6efbb41bdb,3ea87f4a1b7b84a26ee106434a73c8c3b1666cf072e5654900cb743a0c6ff2ae,a12dcb1ba4e2a21b6a4474c284e3079c1b8e06dc282072a6d2d3a684bd02794b,1a980269c1778978c64462bf76cf00949cd95e29e33d5066107809299e5dec35,p5_10,celeba-three-workers-v1,
0.8267882187938289,,,94.04960811800083,988babfb79a4be0620cf47d259d4da35f8fc07573e92f83a2e388003c17759ba,0.8273874235835381,b743fe7228434906b9048ef7faf033fd6e5448453864a9c29b94ea2944f572a4,2026-09-06T14:10:50.694190+00:00,1,1.822094567998647,False,500.0,0.011990103158267991,8,0.157,NAA-GDP,0.048,2,5,,2,s2_p5_NAA-GDP_l8_r2,fcf8b4f93626e8cf9603afe70c3a614f6523366181d2f4df2620ee6efbb41bdb,3ea87f4a1b7b84a26ee106434a73c8c3b1666cf072e5654900cb743a0c6ff2ae,a12dcb1ba4e2a21b6a4474c284e3079c1b8e06dc282072a6d2d3a684bd02794b,1a980269c1778978c64462bf76cf00949cd95e29e33d5066107809299e5dec35,p5_10,celeba-three-workers-v1,
0.8275499474237644,,,186.17688627799907,988babfb79a4be0620cf47d259d4da35f8fc07573e92f83a2e388003c17759ba,0.8266153278386026,b743fe7228434906b9048ef7faf033fd6e5448453864a9c29b94ea2944f572a4,2026-09-06T14:14:01.618171+00:00,1,4.481662901000163,False,500.0,0.024270089308272486,8,0.157,NAA-GDP,0.048,2,10,,2,s2_p10_NAA-GDP_l8_r2,fcf8b4f93626e8cf9603afe70c3a614f6523366181d2f4df2620ee6efbb41bdb,3ea87f4a1b7b84a26ee106434a73c8c3b1666cf072e5654900cb743a0c6ff2ae,a12dcb1ba4e2a21b6a4474c284e3079c1b8e06dc282072a6d2d3a684bd02794b,1a980269c1778978c64462bf76cf00949cd95e29e33d5066107809299e5dec35,p5_10,celeba-three-workers-v1,
0.8106591865357644,,,94.09182647400121,988babfb79a4be0620cf47d259d4da35f8fc07573e92f83a2e388003c17759ba,0.8104261202495746,b743fe7228434906b9048ef7faf033fd6e5448453864a9c29b94ea2944f572a4,2026-09-06T14:15:39.160283+00:00,1,2.5031137639998633,False,500.0,0.009201586382396007,8,0.131,NAA-GDP,0.048,2,5,,3,s2_p5_NAA-GDP_l8_r3,fcf8b4f93626e8cf9603afe70c3a614f6523366181d2f4df2620ee6efbb41bdb,3ea87f4a1b7b84a26ee106434a73c8c3b1666cf072e5654900cb743a0c6ff2ae,a12dcb1ba4e2a21b6a4474c284e3079c1b8e06dc282072a6d2d3a684bd02794b,1a980269c1778978c64462bf76cf00949cd95e29e33d5066107809299e5dec35,p5_10,celeba-three-workers-v1,
0.8331580792148615,,,186.24246771800063,988babfb79a4be0620cf47d259d4da35f8fc07573e92f83a2e388003c17759ba,0.8319266822487391,b743fe7228434906b9048ef7faf033fd6e5448453864a9c29b94ea2944f572a4,2026-09-06T14:18:50.943663+00:00,1,5.268161501999202,False,500.0,0.020573337982464454,8,0.131,NAA-GDP,0.048,2,10,,3,s2_p10_NAA-GDP_l8_r3,fcf8b4f93626e8cf9603afe70c3a614f6523366181d2f4df2620ee6efbb41bdb,3ea87f4a1b7b84a26ee106434a73c8c3b1666cf072e5654900cb743a0c6ff2ae,a12dcb1ba4e2a21b6a4474c284e3079c1b8e06dc282072a6d2d3a684bd02794b,1a980269c1778978c64462bf76cf00949cd95e29e33d5066107809299e5dec35,p5_10,celeba-three-workers-v1,
0.8218793828892006,,,94.15053831600017,988babfb79a4be0620cf47d259d4da35f8fc07573e92f83a2e388003c17759ba,0.8212169912396798,b743fe7228434906b9048ef7faf033fd6e5448453864a9c29b94ea2944f572a4,2026-09-06T14:20:28.171639+00:00,1,2.1988021619999927,False,500.0,0.009992949466227885,9,0.129,NAA-GDP,0.054,2,5,,0,s2_p5_NAA-GDP_l9_r0,fcf8b4f93626e8cf9603afe70c3a614f6523366181d2f4df2620ee6efbb41bdb,3ea87f4a1b7b84a26ee106434a73c8c3b1666cf072e5654900cb743a0c6ff2ae,a12dcb1ba4e2a21b6a4474c284e3079c1b8e06dc282072a6d2d3a684bd02794b,1a980269c1778978c64462bf76cf00949cd95e29e33d5066107809299e5dec35,p5_10,celeba-three-workers-v1,
0.827900455660708,,,186.78737111099872,988babfb79a4be0620cf47d259d4da35f8fc07573e92f83a2e388003c17759ba,0.8277138639439046,b743fe7228434906b9048ef7faf033fd6e5448453864a9c29b94ea2944f572a4,2026-09-06T14:23:39.731884+00:00,1,4.507951502999276,False,500.0,0.02354651476432739,9,0.129,NAA-GDP,0.054,2,10,,0,s2_p10_NAA-GDP_l9_r0,fcf8b4f93626e8cf9603afe70c3a614f6523366181d2f4df2620ee6efbb41bdb,3ea87f4a1b7b84a26ee106434a73c8c3b1666cf072e5654900cb743a0c6ff2ae,a12dcb1ba4e2a21b6a4474c284e3079c1b8e06dc282072a6d2d3a684bd02794b,1a980269c1778978c64462bf76cf00949cd95e29e33d5066107809299e5dec35,p5_10,celeba-three-workers-v1,
0.8169705469845723,,,94.29323938400012,988babfb79a4be0620cf47d259d4da35f8fc07573e92f83a2e388003c17759ba,0.818443940253356,b743fe7228434906b9048ef7faf033fd6e5448453864a9c29b94ea2944f572a4,2026-09-06T14:25:16.832920+00:00,1,1.8705649439998524,False,500.0,0.010564688931490547,9,0.111,NAA-GDP,0.054,2,5,,1,s2_p5_NAA-GDP_l9_r1,fcf8b4f93626e8cf9603afe70c3a614f6523366181d2f4df2620ee6efbb41bdb,3ea87f4a1b7b84a26ee106434a73c8c3b1666cf072e5654900cb743a0c6ff2ae,a12dcb1ba4e2a21b6a4474c284e3079c1b8e06dc282072a6d2d3a684bd02794b,1a980269c1778978c64462bf76cf00949cd95e29e33d5066107809299e5dec35,p5_10,celeba-three-workers-v1,
0.8187872415001752,,,186.4952794389992,988babfb79a4be0620cf47d259d4da35f8fc07573e92f83a2e388003c17759ba,0.818056587526141,b743fe7228434906b9048ef7faf033fd6e5448453864a9c29b94ea2944f572a4,2026-09-06T14:28:27.564564+00:00,1,3.966306254000301,False,500.0,0.026899846125273096,9,0.111,NAA-GDP,0.054,2,10,,1,s2_p10_NAA-GDP_l9_r1,fcf8b4f93626e8cf9603afe70c3a614f6523366181d2f4df2620ee6efbb41bdb,3ea87f4a1b7b84a26ee106434a73c8c3b1666cf072e5654900cb743a0c6ff2ae,a12dcb1ba4e2a21b6a4474c284e3079c1b8e06dc282072a6d2d3a684bd02794b,1a980269c1778978c64462bf76cf00949cd95e29e33d5066107809299e5dec35,p5_10,celeba-three-workers-v1,
0.8295932678821879,,,94.17287781400046,988babfb79a4be0620cf47d259d4da35f8fc07573e92f83a2e388003c17759ba,0.8305405873826179,b743fe7228434906b9048ef7faf033fd6e5448453864a9c29b94ea2944f572a4,2026-09-06T14:30:05.699510+00:00,1,3.03272530400136,False,500.0,0.00971330833531703,9,0.149,NAA-GDP,0.054,2,5,,2,s2_p5_NAA-GDP_l9_r2,fcf8b4f93626e8cf9603afe70c3a614f6523366181d2f4df2620ee6efbb41bdb,3ea87f4a1b7b84a26ee106434a73c8c3b1666cf072e5654900cb743a0c6ff2ae,a12dcb1ba4e2a21b6a4474c284e3079c1b8e06dc282072a6d2d3a684bd02794b,1a980269c1778978c64462bf76cf00949cd95e29e33d5066107809299e5dec35,p5_10,celeba-three-workers-v1,
0.8184367332632316,,,186.65533019699978,988babfb79a4be0620cf47d259d4da35f8fc07573e92f83a2e388003c17759ba,0.8194415057202609,b743fe7228434906b9048ef7faf033fd6e5448453864a9c29b94ea2944f572a4,2026-09-06T14:33:18.701111+00:00,1,6.069753588999447,False,500.0,0.021750312259989166,9,0.149,NAA-GDP,0.054,2,10,,2,s2_p10_NAA-GDP_l9_r2,fcf8b4f93626e8cf9603afe70c3a614f6523366181d2f4df2620ee6efbb41bdb,3ea87f4a1b7b84a26ee106434a73c8c3b1666cf072e5654900cb743a0c6ff2ae,a12dcb1ba4e2a21b6a4474c284e3079c1b8e06dc282072a6d2d3a684bd02794b,1a980269c1778978c64462bf76cf00949cd95e29e33d5066107809299e5dec35,p5_10,celeba-three-workers-v1,
0.8071528751753155,,,94.20708374900096,988babfb79a4be0620cf47d259d4da35f8fc07573e92f83a2e388003c17759ba,0.8083187590596836,b743fe7228434906b9048ef7faf033fd6e5448453864a9c29b94ea2944f572a4,2026-09-06T14:34:55.615726+00:00,1,1.78937642100027,False,500.0,0.013368749584171004,9,0.135,NAA-GDP,0.054,2,5,,3,s2_p5_NAA-GDP_l9_r3,fcf8b4f93626e8cf9603afe70c3a614f6523366181d2f4df2620ee6efbb41bdb,3ea87f4a1b7b84a26ee106434a73c8c3b1666cf072e5654900cb743a0c6ff2ae,a12dcb1ba4e2a21b6a4474c284e3079c1b8e06dc282072a6d2d3a684bd02794b,1a980269c1778978c64462bf76cf00949cd95e29e33d5066107809299e5dec35,p5_10,celeba-three-workers-v1,
0.8307045215562566,,,186.56387680399894,988babfb79a4be0620cf47d259d4da35f8fc07573e92f83a2e388003c17759ba,0.8302174929265592,b743fe7228434906b9048ef7faf033fd6e5448453864a9c29b94ea2944f572a4,2026-09-06T14:38:07.677866+00:00,1,5.220893632000298,False,500.0,0.018166219063219392,9,0.135,NAA-GDP,0.054,2,10,,3,s2_p10_NAA-GDP_l9_r3,fcf8b4f93626e8cf9603afe70c3a614f6523366181d2f4df2620ee6efbb41bdb,3ea87f4a1b7b84a26ee106434a73c8c3b1666cf072e5654900cb743a0c6ff2ae,a12dcb1ba4e2a21b6a4474c284e3079c1b8e06dc282072a6d2d3a684bd02794b,1a980269c1778978c64462bf76cf00949cd95e29e33d5066107809299e5dec35,p5_10,celeba-three-workers-v1,
0.7980364656381487,,,94.33865624300051,988babfb79a4be0620cf47d259d4da35f8fc07573e92f83a2e388003c17759ba,0.7983787105312914,b743fe7228434906b9048ef7faf033fd6e5448453864a9c29b94ea2944f572a4,2026-09-06T14:39:44.389495+00:00,1,1.5051838849994965,False,500.0,0.006924439644203993,10,0.114,NAA-GDP,0.06,2,5,,0,s2_p5_NAA-GDP_l10_r0,fcf8b4f93626e8cf9603afe70c3a614f6523366181d2f4df2620ee6efbb41bdb,3ea87f4a1b7b84a26ee106434a73c8c3b1666cf072e5654900cb743a0c6ff2ae,a12dcb1ba4e2a21b6a4474c284e3079c1b8e06dc282072a6d2d3a684bd02794b,1a980269c1778978c64462bf76cf00949cd95e29e33d5066107809299e5dec35,p5_10,celeba-three-workers-v1,
0.8194882579740624,,,186.70497505999992,988babfb79a4be0620cf47d259d4da35f8fc07573e92f83a2e388003c17759ba,0.8187585188830114,b743fe7228434906b9048ef7faf033fd6e5448453864a9c29b94ea2944f572a4,2026-09-06T14:42:55.742504+00:00,1,4.383831512001052,False,500.0,0.0266279583769295,10,0.114,NAA-GDP,0.06,2,10,,0,s2_p10_NAA-GDP_l10_r0,fcf8b4f93626e8cf9603afe70c3a614f6523366181d2f4df2620ee6efbb41bdb,3ea87f4a1b7b84a26ee106434a73c8c3b1666cf072e5654900cb743a0c6ff2ae,a12dcb1ba4e2a21b6a4474c284e3079c1b8e06dc282072a6d2d3a684bd02794b,1a980269c1778978c64462bf76cf00949cd95e29e33d5066107809299e5dec35,p5_10,celeba-three-workers-v1,
0.8183730715287517,,,94.28954652499851,988babfb79a4be0620cf47d259d4da35f8fc07573e92f83a2e388003c17759ba,0.8189126804058738,b743fe7228434906b9048ef7faf033fd6e5448453864a9c29b94ea2944f572a4,2026-09-06T14:44:33.306802+00:00,1,2.3289816150008846,False,500.0,0.012596364091149632,10,0.105,NAA-GDP,0.06,2,5,,1,s2_p5_NAA-GDP_l10_r1,fcf8b4f93626e8cf9603afe70c3a614f6523366181d2f4df2620ee6efbb41bdb,3ea87f4a1b7b84a26ee106434a73c8c3b1666cf072e5654900cb743a0c6ff2ae,a12dcb1ba4e2a21b6a4474c284e3079c1b8e06dc282072a6d2d3a684bd02794b,1a980269c1778978c64462bf76cf00949cd95e29e33d5066107809299e5dec35,p5_10,celeba-three-workers-v1,
0.827900455660708,,,186.83679477199985,988babfb79a4be0620cf47d259d4da35f8fc07573e92f83a2e388003c17759ba,0.8276885225735022,b743fe7228434906b9048ef7faf033fd6e5448453864a9c29b94ea2944f572a4,2026-09-06T14:47:45.096787+00:00,1,4.6863392340001155,False,500.0,0.021681686987044348,10,0.105,NAA-GDP,0.06,2,10,,1,s2_p10_NAA-GDP_l10_r1,fcf8b4f93626e8cf9603afe70c3a614f6523366181d2f4df2620ee6efbb41bdb,3ea87f4a1b7b84a26ee106434a73c8c3b1666cf072e5654900cb743a0c6ff2ae,a12dcb1ba4e2a21b6a4474c284e3079c1b8e06dc282072a6d2d3a684bd02794b,1a980269c1778978c64462bf76cf00949cd95e29e33d5066107809299e5dec35,p5_10,celeba-three-workers-v1,
0.8274894810659187,,,94.59699328399984,988babfb79a4be0620cf47d259d4da35f8fc07573e92f83a2e388003c17759ba,0.8278187433037121,b743fe7228434906b9048ef7faf033fd6e5448453864a9c29b94ea2944f572a4,2026-09-06T14:49:22.631125+00:00,1,2.080394034001074,False,500.0,0.008197260644730846,10,0.098,NAA-GDP,0.06,2,5,,2,s2_p5_NAA-GDP_l10_r2,fcf8b4f93626e8cf9603afe70c3a614f6523366181d2f4df2620ee6efbb41bdb,3ea87f4a1b7b84a26ee106434a73c8c3b1666cf072e5654900cb743a0c6ff2ae,a12dcb1ba4e2a21b6a4474c284e3079c1b8e06dc282072a6d2d3a684bd02794b,1a980269c1778978c64462bf76cf00949cd95e29e33d5066107809299e5dec35,p5_10,celeba-three-workers-v1,
0.8191377497371188,,,186.86508906999916,988babfb79a4be0620cf47d259d4da35f8fc07573e92f83a2e388003c17759ba,0.8198646820027063,b743fe7228434906b9048ef7faf033fd6e5448453864a9c29b94ea2944f572a4,2026-09-06T14:52:35.247663+00:00,1,5.473243115000514,False,500.0,0.025625181056131128,10,0.098,NAA-GDP,0.06,2,10,,2,s2_p10_NAA-GDP_l10_r2,fcf8b4f93626e8cf9603afe70c3a614f6523366181d2f4df2620ee6efbb41bdb,3ea87f4a1b7b84a26ee106434a73c8c3b1666cf072e5654900cb743a0c6ff2ae,a12dcb1ba4e2a21b6a4474c284e3079c1b8e06dc282072a6d2d3a684bd02794b,1a980269c1778978c64462bf76cf00949cd95e29e33d5066107809299e5dec35,p5_10,celeba-three-workers-v1,
0.8225806451612904,,,94.20894559200133,988babfb79a4be0620cf47d259d4da35f8fc07573e92f83a2e388003c17759ba,0.8207620375622361,b743fe7228434906b9048ef7faf033fd6e5448453864a9c29b94ea2944f572a4,2026-09-06T14:54:12.586944+00:00,1,2.209830444000545,False,500.0,0.008786355064656075,10,0.115,NAA-GDP,0.06,2,5,,3,s2_p5_NAA-GDP_l10_r3,fcf8b4f93626e8cf9603afe70c3a614f6523366181d2f4df2620ee6efbb41bdb,3ea87f4a1b7b84a26ee106434a73c8c3b1666cf072e5654900cb743a0c6ff2ae,a12dcb1ba4e2a21b6a4474c284e3079c1b8e06dc282072a6d2d3a684bd02794b,1a980269c1778978c64462bf76cf00949cd95e29e33d5066107809299e5dec35,p5_10,celeba-three-workers-v1,
0.812478093235191,,,186.99327986699973,988babfb79a4be0620cf47d259d4da35f8fc07573e92f83a2e388003c17759ba,0.8128288842416042,b743fe7228434906b9048ef7faf033fd6e5448453864a9c29b94ea2944f572a4,2026-09-06T14:57:24.089277+00:00,1,4.239854725999976,False,500.0,0.027547415787259638,10,0.115,NAA-GDP,0.06,2,10,,3,s2_p10_NAA-GDP_l10_r3,fcf8b4f93626e8cf9603afe70c3a614f6523366181d2f4df2620ee6efbb41bdb,3ea87f4a1b7b84a26ee106434a73c8c3b1666cf072e5654900cb743a0c6ff2ae,a12dcb1ba4e2a21b6a4474c284e3079c1b8e06dc282072a6d2d3a684bd02794b,1a980269c1778978c64462bf76cf00949cd95e29e33d5066107809299e5dec35,p5_10,celeba-three-workers-v1,
0.8489309498773221,,,0.0,988babfb79a4be0620cf47d259d4da35f8fc07573e92f83a2e388003c17759ba,0.8485944150572027,b743fe7228434906b9048ef7faf033fd6e5448453864a9c29b94ea2944f572a4,2026-09-06T14:57:26.689987+00:00,1,2.3478859169990756,,,,1,0.602,C-GDP-private-noise,0.3,2,10,,0,s2_p10_C-GDP-private-noise_l1_r0,fcf8b4f93626e8cf9603afe70c3a614f6523366181d2f4df2620ee6efbb41bdb,3ea87f4a1b7b84a26ee106434a73c8c3b1666cf072e5654900cb743a0c6ff2ae,a12dcb1ba4e2a21b6a4474c284e3079c1b8e06dc282072a6d2d3a684bd02794b,1a980269c1778978c64462bf76cf00949cd95e29e33d5066107809299e5dec35,p5_10,celeba-three-workers-v1,
0.8513845075359271,,,0.0,988babfb79a4be0620cf47d259d4da35f8fc07573e92f83a2e388003c17759ba,0.8511145282322549,b743fe7228434906b9048ef7faf033fd6e5448453864a9c29b94ea2944f572a4,2026-09-06T14:57:31.624555+00:00,1,4.692418570000882,,,,1,0.534,C-GDP-private-noise,0.3,2,10,,1,s2_p10_C-GDP-private-noise_l1_r1,fcf8b4f93626e8cf9603afe70c3a614f6523366181d2f4df2620ee6efbb41bdb,3ea87f4a1b7b84a26ee106434a73c8c3b1666cf072e5654900cb743a0c6ff2ae,a12dcb1ba4e2a21b6a4474c284e3079c1b8e06dc282072a6d2d3a684bd02794b,1a980269c1778978c64462bf76cf00949cd95e29e33d5066107809299e5dec35,p5_10,celeba-three-workers-v1,
0.8541885734314757,,,0.0,988babfb79a4be0620cf47d259d4da35f8fc07573e92f83a2e388003c17759ba,0.85384622954853,b743fe7228434906b9048ef7faf033fd6e5448453864a9c29b94ea2944f572a4,2026-09-06T14:57:34.964456+00:00,1,3.083232910999868,,,,1,0.651,C-GDP-private-noise,0.3,2,10,,2,s2_p10_C-GDP-private-noise_l1_r2,fcf8b4f93626e8cf9603afe70c3a614f6523366181d2f4df2620ee6efbb41bdb,3ea87f4a1b7b84a26ee106434a73c8c3b1666cf072e5654900cb743a0c6ff2ae,a12dcb1ba4e2a21b6a4474c284e3079c1b8e06dc282072a6d2d3a684bd02794b,1a980269c1778978c64462bf76cf00949cd95e29e33d5066107809299e5dec35,p5_10,celeba-three-workers-v1,
0.8552400981423064,,,0.0,988babfb79a4be0620cf47d259d4da35f8fc07573e92f83a2e388003c17759ba,0.8552919178250707,b743fe7228434906b9048ef7faf033fd6e5448453864a9c29b94ea2944f572a4,2026-09-06T14:57:37.884899+00:00,1,2.6530484499999147,,,,1,0.553,C-GDP-private-noise,0.3,2,10,,3,s2_p10_C-GDP-private-noise_l1_r3,fcf8b4f93626e8cf9603afe70c3a614f6523366181d2f4df2620ee6efbb41bdb,3ea87f4a1b7b84a26ee106434a73c8c3b1666cf072e5654900cb743a0c6ff2ae,a12dcb1ba4e2a21b6a4474c284e3079c1b8e06dc282072a6d2d3a684bd02794b,1a980269c1778978c64462bf76cf00949cd95e29e33d5066107809299e5dec35,p5_10,celeba-three-workers-v1,
0.8243953732912723,,,0.0,988babfb79a4be0620cf47d259d4da35f8fc07573e92f83a2e388003c17759ba,0.8231652109730594,b743fe7228434906b9048ef7faf033fd6e5448453864a9c29b94ea2944f572a4,2026-09-06T14:57:41.936498+00:00,1,3.813737679998667,,,,2,0.404,C-GDP-private-noise,0.6,2,10,,0,s2_p10_C-GDP-private-noise_l2_r0,fcf8b4f93626e8cf9603afe70c3a614f6523366181d2f4df2620ee6efbb41bdb,3ea87f4a1b7b84a26ee106434a73c8c3b1666cf072e5654900cb743a0c6ff2ae,a12dcb1ba4e2a21b6a4474c284e3079c1b8e06dc282072a6d2d3a684bd02794b,1a980269c1778978c64462bf76cf00949cd95e29e33d5066107809299e5dec35,p5_10,celeba-three-workers-v1,
0.8233438485804416,,,0.0,988babfb79a4be0620cf47d259d4da35f8fc07573e92f83a2e388003c17759ba,0.8232400049206545,b743fe7228434906b9048ef7faf033fd6e5448453864a9c29b94ea2944f572a4,2026-09-06T14:57:44.737823+00:00,1,2.5626827870000852,,,,2,0.444,C-GDP-private-noise,0.6,2,10,,1,s2_p10_C-GDP-private-noise_l2_r1,fcf8b4f93626e8cf9603afe70c3a614f6523366181d2f4df2620ee6efbb41bdb,3ea87f4a1b7b84a26ee106434a73c8c3b1666cf072e5654900cb743a0c6ff2ae,a12dcb1ba4e2a21b6a4474c284e3079c1b8e06dc282072a6d2d3a684bd02794b,1a980269c1778978c64462bf76cf00949cd95e29e33d5066107809299e5dec35,p5_10,celeba-three-workers-v1,
0.8226428321065545,,,0.0,988babfb79a4be0620cf47d259d4da35f8fc07573e92f83a2e388003c17759ba,0.8208908844876368,b743fe7228434906b9048ef7faf033fd6e5448453864a9c29b94ea2944f572a4,2026-09-06T14:57:47.905203+00:00,1,2.883520592999048,,,,2,0.378,C-GDP-private-noise,0.6,2,10,,2,s2_p10_C-GDP-private-noise_l2_r2,fcf8b4f93626e8cf9603afe70c3a614f6523366181d2f4df2620ee6efbb41bdb,3ea87f4a1b7b84a26ee106434a73c8c3b1666cf072e5654900cb743a0c6ff2ae,a12dcb1ba4e2a21b6a4474c284e3079c1b8e06dc282072a6d2d3a684bd02794b,1a980269c1778978c64462bf76cf00949cd95e29e33d5066107809299e5dec35,p5_10,celeba-three-workers-v1,
0.8219418156326673,,,0.0,988babfb79a4be0620cf47d259d4da35f8fc07573e92f83a2e388003c17759ba,0.8210759010948456,b743fe7228434906b9048ef7faf033fd6e5448453864a9c29b94ea2944f572a4,2026-09-06T14:57:50.873244+00:00,1,2.7305668860008154,,,,2,0.42,C-GDP-private-noise,0.6,2,10,,3,s2_p10_C-GDP-private-noise_l2_r3,fcf8b4f93626e8cf9603afe70c3a614f6523366181d2f4df2620ee6efbb41bdb,3ea87f4a1b7b84a26ee106434a73c8c3b1666cf072e5654900cb743a0c6ff2ae,a12dcb1ba4e2a21b6a4474c284e3079c1b8e06dc282072a6d2d3a684bd02794b,1a980269c1778978c64462bf76cf00949cd95e29e33d5066107809299e5dec35,p5_10,celeba-three-workers-v1,
0.7946021731510691,,,0.0,988babfb79a4be0620cf47d259d4da35f8fc07573e92f83a2e388003c17759ba,0.7940046746217246,b743fe7228434906b9048ef7faf033fd6e5448453864a9c29b94ea2944f572a4,2026-09-06T14:57:54.555455+00:00,1,3.4438335919985548,,,,3,0.287,C-GDP-private-noise,0.9,2,10,,0,s2_p10_C-GDP-private-noise_l3_r0,fcf8b4f93626e8cf9603afe70c3a614f6523366181d2f4df2620ee6efbb41bdb,3ea87f4a1b7b84a26ee106434a73c8c3b1666cf072e5654900cb743a0c6ff2ae,a12dcb1ba4e2a21b6a4474c284e3079c1b8e06dc282072a6d2d3a684bd02794b,1a980269c1778978c64462bf76cf00949cd95e29e33d5066107809299e5dec35,p5_10,celeba-three-workers-v1,
0.7974062390466176,,,0.0,988babfb79a4be0620cf47d259d4da35f8fc07573e92f83a2e388003c17759ba,0.7970911551236315,b743fe7228434906b9048ef7faf033fd6e5448453864a9c29b94ea2944f572a4,2026-09-06T14:57:58.295092+00:00,1,3.4683603329995094,,,,3,0.317,C-GDP-private-noise,0.9,2,10,,1,s2_p10_C-GDP-private-noise_l3_r1,fcf8b4f93626e8cf9603afe70c3a614f6523366181d2f4df2620ee6efbb41bdb,3ea87f4a1b7b84a26ee106434a73c8c3b1666cf072e5654900cb743a0c6ff2ae,a12dcb1ba4e2a21b6a4474c284e3079c1b8e06dc282072a6d2d3a684bd02794b,1a980269c1778978c64462bf76cf00949cd95e29e33d5066107809299e5dec35,p5_10,celeba-three-workers-v1,
0.7893445495969156,,,0.0,988babfb79a4be0620cf47d259d4da35f8fc07573e92f83a2e388003c17759ba,0.7892343461680403,b743fe7228434906b9048ef7faf033fd6e5448453864a9c29b94ea2944f572a4,2026-09-06T14:58:01.163975+00:00,1,2.5858657490007317,,,,3,0.254,C-GDP-private-noise,0.9,2,10,,2,s2_p10_C-GDP-private-noise_l3_r2,fcf8b4f93626e8cf9603afe70c3a614f6523366181d2f4df2620ee6efbb41bdb,3ea87f4a1b7b84a26ee106434a73c8c3b1666cf072e5654900cb743a0c6ff2ae,a12dcb1ba4e2a21b6a4474c284e3079c1b8e06dc282072a6d2d3a684bd02794b,1a980269c1778978c64462bf76cf00949cd95e29e33d5066107809299e5dec35,p5_10,celeba-three-workers-v1,
0.7928496319663512,,,0.0,988babfb79a4be0620cf47d259d4da35f8fc07573e92f83a2e388003c17759ba,0.7918317136179112,b743fe7228434906b9048ef7faf033fd6e5448453864a9c29b94ea2944f572a4,2026-09-06T14:58:03.981170+00:00,1,2.5708835440000257,,,,3,0.273,C-GDP-private-noise,0.9,2,10,,3,s2_p10_C-GDP-private-noise_l3_r3,fcf8b4f93626e8cf9603afe70c3a614f6523366181d2f4df2620ee6efbb41bdb,3ea87f4a1b7b84a26ee106434a73c8c3b1666cf072e5654900cb743a0c6ff2ae,a12dcb1ba4e2a21b6a4474c284e3079c1b8e06dc282072a6d2d3a684bd02794b,1a980269c1778978c64462bf76cf00949cd95e29e33d5066107809299e5dec35,p5_10,celeba-three-workers-v1,
0.7648089730108657,,,0.0,988babfb79a4be0620cf47d259d4da35f8fc07573e92f83a2e388003c17759ba,0.7637544593430926,b743fe7228434906b9048ef7faf033fd6e5448453864a9c29b94ea2944f572a4,2026-09-06T14:58:06.654614+00:00,1,2.416460341999482,,,,4,0.225,C-GDP-private-noise,1.2,2,10,,0,s2_p10_C-GDP-private-noise_l4_r0,fcf8b4f93626e8cf9603afe70c3a614f6523366181d2f4df2620ee6efbb41bdb,3ea87f4a1b7b84a26ee106434a73c8c3b1666cf072e5654900cb743a0c6ff2ae,a12dcb1ba4e2a21b6a4474c284e3079c1b8e06dc282072a6d2d3a684bd02794b,1a980269c1778978c64462bf76cf00949cd95e29e33d5066107809299e5dec35,p5_10,celeba-three-workers-v1,
0.7609533824044865,,,0.0,988babfb79a4be0620cf47d259d4da35f8fc07573e92f83a2e388003c17759ba,0.7598304834542995,b743fe7228434906b9048ef7faf033fd6e5448453864a9c29b94ea2944f572a4,2026-09-06T14:58:09.245362+00:00,1,2.3536337340010505,,,,4,0.175,C-GDP-private-noise,1.2,2,10,,1,s2_p10_C-GDP-private-noise_l4_r1,fcf8b4f93626e8cf9603afe70c3a614f6523366181d2f4df2620ee6efbb41bdb,3ea87f4a1b7b84a26ee106434a73c8c3b1666cf072e5654900cb743a0c6ff2ae,a12dcb1ba4e2a21b6a4474c284e3079c1b8e06dc282072a6d2d3a684bd02794b,1a980269c1778978c64462bf76cf00949cd95e29e33d5066107809299e5dec35,p5_10,celeba-three-workers-v1,
0.7486855941114616,,,0.0,988babfb79a4be0620cf47d259d4da35f8fc07573e92f83a2e388003c17759ba,0.7480155000615082,b743fe7228434906b9048ef7faf033fd6e5448453864a9c29b94ea2944f572a4,2026-09-06T14:58:12.866843+00:00,1,3.361613937000584,,,,4,0.268,C-GDP-private-noise,1.2,2,10,,2,s2_p10_C-GDP-private-noise_l4_r2,fcf8b4f93626e8cf9603afe70c3a614f6523366181d2f4df2620ee6efbb41bdb,3ea87f4a1b7b84a26ee106434a73c8c3b1666cf072e5654900cb743a0c6ff2ae,a12dcb1ba4e2a21b6a4474c284e3079c1b8e06dc282072a6d2d3a684bd02794b,1a980269c1778978c64462bf76cf00949cd95e29e33d5066107809299e5dec35,p5_10,celeba-three-workers-v1,
0.7588503329828251,,,0.0,988babfb79a4be0620cf47d259d4da35f8fc07573e92f83a2e388003c17759ba,0.7576486652724812,b743fe7228434906b9048ef7faf033fd6e5448453864a9c29b94ea2944f572a4,2026-09-06T14:58:15.790960+00:00,1,2.6730451679995895,,,,4,0.24,C-GDP-private-noise,1.2,2,10,,3,s2_p10_C-GDP-private-noise_l4_r3,fcf8b4f93626e8cf9603afe70c3a614f6523366181d2f4df2620ee6efbb41bdb,3ea87f4a1b7b84a26ee106434a73c8c3b1666cf072e5654900cb743a0c6ff2ae,a12dcb1ba4e2a21b6a4474c284e3079c1b8e06dc282072a6d2d3a684bd02794b,1a980269c1778978c64462bf76cf00949cd95e29e33d5066107809299e5dec35,p5_10,celeba-three-workers-v1,
0.7385208552400981,,,0.0,988babfb79a4be0620cf47d259d4da35f8fc07573e92f83a2e388003c17759ba,0.7366591216631813,b743fe7228434906b9048ef7faf033fd6e5448453864a9c29b94ea2944f572a4,2026-09-06T14:58:18.320411+00:00,1,2.276668158998291,,,,5,0.197,C-GDP-private-noise,1.5,2,10,,0,s2_p10_C-GDP-private-noise_l5_r0,fcf8b4f93626e8cf9603afe70c3a614f6523366181d2f4df2620ee6efbb41bdb,3ea87f4a1b7b84a26ee106434a73c8c3b1666cf072e5654900cb743a0c6ff2ae,a12dcb1ba4e2a21b6a4474c284e3079c1b8e06dc282072a6d2d3a684bd02794b,1a980269c1778978c64462bf76cf00949cd95e29e33d5066107809299e5dec35,p5_10,celeba-three-workers-v1,
0.7357167893445496,,,0.0,988babfb79a4be0620cf47d259d4da35f8fc07573e92f83a2e388003c17759ba,0.7333192274572518,b743fe7228434906b9048ef7faf033fd6e5448453864a9c29b94ea2944f572a4,2026-09-06T14:58:20.889994+00:00,1,2.3282230279983196,,,,5,0.18,C-GDP-private-noise,1.5,2,10,,1,s2_p10_C-GDP-private-noise_l5_r1,fcf8b4f93626e8cf9603afe70c3a614f6523366181d2f4df2620ee6efbb41bdb,3ea87f4a1b7b84a26ee106434a73c8c3b1666cf072e5654900cb743a0c6ff2ae,a12dcb1ba4e2a21b6a4474c284e3079c1b8e06dc282072a6d2d3a684bd02794b,1a980269c1778978c64462bf76cf00949cd95e29e33d5066107809299e5dec35,p5_10,celeba-three-workers-v1,
0.7234490010515248,,,0.0,988babfb79a4be0620cf47d259d4da35f8fc07573e92f83a2e388003c17759ba,0.7225178988805512,b743fe7228434906b9048ef7faf033fd6e5448453864a9c29b94ea2944f572a4,2026-09-06T14:58:24.035544+00:00,1,2.8839571709995653,,,,5,0.168,C-GDP-private-noise,1.5,2,10,,2,s2_p10_C-GDP-private-noise_l5_r2,fcf8b4f93626e8cf9603afe70c3a614f6523366181d2f4df2620ee6efbb41bdb,3ea87f4a1b7b84a26ee106434a73c8c3b1666cf072e5654900cb743a0c6ff2ae,a12dcb1ba4e2a21b6a4474c284e3079c1b8e06dc282072a6d2d3a684bd02794b,1a980269c1778978c64462bf76cf00949cd95e29e33d5066107809299e5dec35,p5_10,celeba-three-workers-v1,
0.7185418857343148,,,0.0,988babfb79a4be0620cf47d259d4da35f8fc07573e92f83a2e388003c17759ba,0.7214055849427974,b743fe7228434906b9048ef7faf033fd6e5448453864a9c29b94ea2944f572a4,2026-09-06T14:58:26.849264+00:00,1,2.557323360999362,,,,5,0.185,C-GDP-private-noise,1.5,2,10,,3,s2_p10_C-GDP-private-noise_l5_r3,fcf8b4f93626e8cf9603afe70c3a614f6523366181d2f4df2620ee6efbb41bdb,3ea87f4a1b7b84a26ee106434a73c8c3b1666cf072e5654900cb743a0c6ff2ae,a12dcb1ba4e2a21b6a4474c284e3079c1b8e06dc282072a6d2d3a684bd02794b,1a980269c1778978c64462bf76cf00949cd95e29e33d5066107809299e5dec35,p5_10,celeba-three-workers-v1,
0.7129337539432177,,,0.0,988babfb79a4be0620cf47d259d4da35f8fc07573e92f83a2e388003c17759ba,0.7114821011194489,b743fe7228434906b9048ef7faf033fd6e5448453864a9c29b94ea2944f572a4,2026-09-06T14:58:29.274673+00:00,1,2.1872454320000543,,,,6,0.173,C-GDP-private-noise,1.8,2,10,,0,s2_p10_C-GDP-private-noise_l6_r0,fcf8b4f93626e8cf9603afe70c3a614f6523366181d2f4df2620ee6efbb41bdb,3ea87f4a1b7b84a26ee106434a73c8c3b1666cf072e5654900cb743a0c6ff2ae,a12dcb1ba4e2a21b6a4474c284e3079c1b8e06dc282072a6d2d3a684bd02794b,1a980269c1778978c64462bf76cf00949cd95e29e33d5066107809299e5dec35,p5_10,celeba-three-workers-v1,
0.7020679985979671,,,0.0,988babfb79a4be0620cf47d259d4da35f8fc07573e92f83a2e388003c17759ba,0.7000826669947102,b743fe7228434906b9048ef7faf033fd6e5448453864a9c29b94ea2944f572a4,2026-09-06T14:58:31.892559+00:00,1,2.362320249001641,,,,6,0.168,C-GDP-private-noise,1.8,2,10,,1,s2_p10_C-GDP-private-noise_l6_r1,fcf8b4f93626e8cf9603afe70c3a614f6523366181d2f4df2620ee6efbb41bdb,3ea87f4a1b7b84a26ee106434a73c8c3b1666cf072e5654900cb743a0c6ff2ae,a12dcb1ba4e2a21b6a4474c284e3079c1b8e06dc282072a6d2d3a684bd02794b,1a980269c1778978c64462bf76cf00949cd95e29e33d5066107809299e5dec35,p5_10,celeba-three-workers-v1,
0.7164388363126534,,,0.0,988babfb79a4be0620cf47d259d4da35f8fc07573e92f83a2e388003c17759ba,0.7131925206052405,b743fe7228434906b9048ef7faf033fd6e5448453864a9c29b94ea2944f572a4,2026-09-06T14:58:34.555170+00:00,1,2.406557566999254,,,,6,0.173,C-GDP-private-noise,1.8,2,10,,2,s2_p10_C-GDP-private-noise_l6_r2,fcf8b4f93626e8cf9603afe70c3a614f6523366181d2f4df2620ee6efbb41bdb,3ea87f4a1b7b84a26ee106434a73c8c3b1666cf072e5654900cb743a0c6ff2ae,a12dcb1ba4e2a21b6a4474c284e3079c1b8e06dc282072a6d2d3a684bd02794b,1a980269c1778978c64462bf76cf00949cd95e29e33d5066107809299e5dec35,p5_10,celeba-three-workers-v1,
0.7108307045215563,,,0.0,988babfb79a4be0620cf47d259d4da35f8fc07573e92f83a2e388003c17759ba,0.7111755443473982,b743fe7228434906b9048ef7faf033fd6e5448453864a9c29b94ea2944f572a4,2026-09-06T14:58:37.425097+00:00,1,2.6119749669996963,,,,6,0.185,C-GDP-private-noise,1.8,2,10,,3,s2_p10_C-GDP-private-noise_l6_r3,fcf8b4f93626e8cf9603afe70c3a614f6523366181d2f4df2620ee6efbb41bdb,3ea87f4a1b7b84a26ee106434a73c8c3b1666cf072e5654900cb743a0c6ff2ae,a12dcb1ba4e2a21b6a4474c284e3079c1b8e06dc282072a6d2d3a684bd02794b,1a980269c1778978c64462bf76cf00949cd95e29e33d5066107809299e5dec35,p5_10,celeba-three-workers-v1,
0.6922537679635471,,,0.0,988babfb79a4be0620cf47d259d4da35f8fc07573e92f83a2e388003c17759ba,0.6923589617419117,b743fe7228434906b9048ef7faf033fd6e5448453864a9c29b94ea2944f572a4,2026-09-06T14:58:39.604475+00:00,1,1.924304268000924,,,,7,0.168,C-GDP-private-noise,2.1,2,10,,0,s2_p10_C-GDP-private-noise_l7_r0,fcf8b4f93626e8cf9603afe70c3a614f6523366181d2f4df2620ee6efbb41bdb,3ea87f4a1b7b84a26ee106434a73c8c3b1666cf072e5654900cb743a0c6ff2ae,a12dcb1ba4e2a21b6a4474c284e3079c1b8e06dc282072a6d2d3a684bd02794b,1a980269c1778978c64462bf76cf00949cd95e29e33d5066107809299e5dec35,p5_10,celeba-three-workers-v1,
0.6912022432527164,,,0.0,988babfb79a4be0620cf47d259d4da35f8fc07573e92f83a2e388003c17759ba,0.6922310247262886,b743fe7228434906b9048ef7faf033fd6e5448453864a9c29b94ea2944f572a4,2026-09-06T14:58:42.085149+00:00,1,2.2408128379993286,,,,7,0.158,C-GDP-private-noise,2.1,2,10,,1,s2_p10_C-GDP-private-noise_l7_r1,fcf8b4f93626e8cf9603afe70c3a614f6523366181d2f4df2620ee6efbb41bdb,3ea87f4a1b7b84a26ee106434a73c8c3b1666cf072e5654900cb743a0c6ff2ae,a12dcb1ba4e2a21b6a4474c284e3079c1b8e06dc282072a6d2d3a684bd02794b,1a980269c1778978c64462bf76cf00949cd95e29e33d5066107809299e5dec35,p5_10,celeba-three-workers-v1,
0.6887486855941115,,,0.0,988babfb79a4be0620cf47d259d4da35f8fc07573e92f83a2e388003c17759ba,0.686695288473367,b743fe7228434906b9048ef7faf033fd6e5448453864a9c29b94ea2944f572a4,2026-09-06T14:58:44.605919+00:00,1,2.2551987599999848,,,,7,0.129,C-GDP-private-noise,2.1,2,10,,2,s2_p10_C-GDP-private-noise_l7_r2,fcf8b4f93626e8cf9603afe70c3a614f6523366181d2f4df2620ee6efbb41bdb,3ea87f4a1b7b84a26ee106434a73c8c3b1666cf072e5654900cb743a0c6ff2ae,a12dcb1ba4e2a21b6a4474c284e3079c1b8e06dc282072a6d2d3a684bd02794b,1a980269c1778978c64462bf76cf00949cd95e29e33d5066107809299e5dec35,p5_10,celeba-three-workers-v1,
0.6813880126182965,,,0.0,988babfb79a4be0620cf47d259d4da35f8fc07573e92f83a2e388003c17759ba,0.6801739451347029,b743fe7228434906b9048ef7faf033fd6e5448453864a9c29b94ea2944f572a4,2026-09-06T14:58:47.152652+00:00,1,2.293382774998463,,,,7,0.141,C-GDP-private-noise,2.1,2,10,,3,s2_p10_C-GDP-private-noise_l7_r3,fcf8b4f93626e8cf9603afe70c3a614f6523366181d2f4df2620ee6efbb41bdb,3ea87f4a1b7b84a26ee106434a73c8c3b1666cf072e5654900cb743a0c6ff2ae,a12dcb1ba4e2a21b6a4474c284e3079c1b8e06dc282072a6d2d3a684bd02794b,1a980269c1778978c64462bf76cf00949cd95e29e33d5066107809299e5dec35,p5_10,celeba-three-workers-v1,
0.6701717490361023,,,0.0,988babfb79a4be0620cf47d259d4da35f8fc07573e92f83a2e388003c17759ba,0.6724148111698856,b743fe7228434906b9048ef7faf033fd6e5448453864a9c29b94ea2944f572a4,2026-09-06T14:58:49.700886+00:00,1,2.30829778000043,,,,8,0.152,C-GDP-private-noise,2.4,2,10,,0,s2_p10_C-GDP-private-noise_l8_r0,fcf8b4f93626e8cf9603afe70c3a614f6523366181d2f4df2620ee6efbb41bdb,3ea87f4a1b7b84a26ee106434a73c8c3b1666cf072e5654900cb743a0c6ff2ae,a12dcb1ba4e2a21b6a4474c284e3079c1b8e06dc282072a6d2d3a684bd02794b,1a980269c1778978c64462bf76cf00949cd95e29e33d5066107809299e5dec35,p5_10,celeba-three-workers-v1,
0.6936558009113214,,,0.0,988babfb79a4be0620cf47d259d4da35f8fc07573e92f83a2e388003c17759ba,0.6929519006027802,b743fe7228434906b9048ef7faf033fd6e5448453864a9c29b94ea2944f572a4,2026-09-06T14:58:52.197645+00:00,1,2.233262816000206,,,,8,0.17,C-GDP-private-noise,2.4,2,10,,1,s2_p10_C-GDP-private-noise_l8_r1,fcf8b4f93626e8cf9603afe70c3a614f6523366181d2f4df2620ee6efbb41bdb,3ea87f4a1b7b84a26ee106434a73c8c3b1666cf072e5654900cb743a0c6ff2ae,a12dcb1ba4e2a21b6a4474c284e3079c1b8e06dc282072a6d2d3a684bd02794b,1a980269c1778978c64462bf76cf00949cd95e29e33d5066107809299e5dec35,p5_10,celeba-three-workers-v1,
0.6708727655099895,,,0.0,988babfb79a4be0620cf47d259d4da35f8fc07573e92f83a2e388003c17759ba,0.6684539303727396,b743fe7228434906b9048ef7faf033fd6e5448453864a9c29b94ea2944f572a4,2026-09-06T14:58:54.478083+00:00,1,2.029791944001772,,,,8,0.173,C-GDP-private-noise,2.4,2,10,,2,s2_p10_C-GDP-private-noise_l8_r2,fcf8b4f93626e8cf9603afe70c3a614f6523366181d2f4df2620ee6efbb41bdb,3ea87f4a1b7b84a26ee106434a73c8c3b1666cf072e5654900cb743a0c6ff2ae,a12dcb1ba4e2a21b6a4474c284e3079c1b8e06dc282072a6d2d3a684bd02794b,1a980269c1778978c64462bf76cf00949cd95e29e33d5066107809299e5dec35,p5_10,celeba-three-workers-v1,
0.6838415702769015,,,0.0,988babfb79a4be0620cf47d259d4da35f8fc07573e92f83a2e388003c17759ba,0.6829728133841801,b743fe7228434906b9048ef7faf033fd6e5448453864a9c29b94ea2944f572a4,2026-09-06T14:58:56.820053+00:00,1,2.0802319329995953,,,,8,0.147,C-GDP-private-noise,2.4,2,10,,3,s2_p10_C-GDP-private-noise_l8_r3,fcf8b4f93626e8cf9603afe70c3a614f6523366181d2f4df2620ee6efbb41bdb,3ea87f4a1b7b84a26ee106434a73c8c3b1666cf072e5654900cb743a0c6ff2ae,a12dcb1ba4e2a21b6a4474c284e3079c1b8e06dc282072a6d2d3a684bd02794b,1a980269c1778978c64462bf76cf00949cd95e29e33d5066107809299e5dec35,p5_10,celeba-three-workers-v1,
0.6522958289519803,,,0.0,988babfb79a4be0620cf47d259d4da35f8fc07573e92f83a2e388003c17759ba,0.6536159429204085,b743fe7228434906b9048ef7faf033fd6e5448453864a9c29b94ea2944f572a4,2026-09-06T14:58:58.842655+00:00,1,1.77941551999902,,,,9,0.125,C-GDP-private-noise,2.7,2,10,,0,s2_p10_C-GDP-private-noise_l9_r0,fcf8b4f93626e8cf9603afe70c3a614f6523366181d2f4df2620ee6efbb41bdb,3ea87f4a1b7b84a26ee106434a73c8c3b1666cf072e5654900cb743a0c6ff2ae,a12dcb1ba4e2a21b6a4474c284e3079c1b8e06dc282072a6d2d3a684bd02794b,1a980269c1778978c64462bf76cf00949cd95e29e33d5066107809299e5dec35,p5_10,celeba-three-workers-v1,
0.6691202243252716,,,0.0,988babfb79a4be0620cf47d259d4da35f8fc07573e92f83a2e388003c17759ba,0.6683589617419117,b743fe7228434906b9048ef7faf033fd6e5448453864a9c29b94ea2944f572a4,2026-09-06T14:59:01.255412+00:00,1,2.1602440110000316,,,,9,0.124,C-GDP-private-noise,2.7,2,10,,1,s2_p10_C-GDP-private-noise_l9_r1,fcf8b4f93626e8cf9603afe70c3a614f6523366181d2f4df2620ee6efbb41bdb,3ea87f4a1b7b84a26ee106434a73c8c3b1666cf072e5654900cb743a0c6ff2ae,a12dcb1ba4e2a21b6a4474c284e3079c1b8e06dc282072a6d2d3a684bd02794b,1a980269c1778978c64462bf76cf00949cd95e29e33d5066107809299e5dec35,p5_10,celeba-three-workers-v1,
0.6529968454258676,,,0.0,988babfb79a4be0620cf47d259d4da35f8fc07573e92f83a2e388003c17759ba,0.6536336572764178,b743fe7228434906b9048ef7faf033fd6e5448453864a9c29b94ea2944f572a4,2026-09-06T14:59:03.675579+00:00,1,2.142440010997234,,,,9,0.132,C-GDP-private-noise,2.7,2,10,,2,s2_p10_C-GDP-private-noise_l9_r2,fcf8b4f93626e8cf9603afe70c3a614f6523366181d2f4df2620ee6efbb41bdb,3ea87f4a1b7b84a26ee106434a73c8c3b1666cf072e5654900cb743a0c6ff2ae,a12dcb1ba4e2a21b6a4474c284e3079c1b8e06dc282072a6d2d3a684bd02794b,1a980269c1778978c64462bf76cf00949cd95e29e33d5066107809299e5dec35,p5_10,celeba-three-workers-v1,
0.655800911321416,,,0.0,988babfb79a4be0620cf47d259d4da35f8fc07573e92f83a2e388003c17759ba,0.6566441136671177,b743fe7228434906b9048ef7faf033fd6e5448453864a9c29b94ea2944f572a4,2026-09-06T14:59:05.947254+00:00,1,2.0307107160006126,,,,9,0.154,C-GDP-private-noise,2.7,2,10,,3,s2_p10_C-GDP-private-noise_l9_r3,fcf8b4f93626e8cf9603afe70c3a614f6523366181d2f4df2620ee6efbb41bdb,3ea87f4a1b7b84a26ee106434a73c8c3b1666cf072e5654900cb743a0c6ff2ae,a12dcb1ba4e2a21b6a4474c284e3079c1b8e06dc282072a6d2d3a684bd02794b,1a980269c1778978c64462bf76cf00949cd95e29e33d5066107809299e5dec35,p5_10,celeba-three-workers-v1,
0.629863301787592,,,0.0,988babfb79a4be0620cf47d259d4da35f8fc07573e92f83a2e388003c17759ba,0.6326492803542871,b743fe7228434906b9048ef7faf033fd6e5448453864a9c29b94ea2944f572a4,2026-09-06T14:59:08.298709+00:00,1,2.0958115809989977,,,,10,0.138,C-GDP-private-noise,3.0,2,10,,0,s2_p10_C-GDP-private-noise_l10_r0,fcf8b4f93626e8cf9603afe70c3a614f6523366181d2f4df2620ee6efbb41bdb,3ea87f4a1b7b84a26ee106434a73c8c3b1666cf072e5654900cb743a0c6ff2ae,a12dcb1ba4e2a21b6a4474c284e3079c1b8e06dc282072a6d2d3a684bd02794b,1a980269c1778978c64462bf76cf00949cd95e29e33d5066107809299e5dec35,p5_10,celeba-three-workers-v1,
0.6340694006309149,,,0.0,988babfb79a4be0620cf47d259d4da35f8fc07573e92f83a2e388003c17759ba,0.6368608684955099,b743fe7228434906b9048ef7faf033fd6e5448453864a9c29b94ea2944f572a4,2026-09-06T14:59:10.321239+00:00,1,1.7616469989989127,,,,10,0.131,C-GDP-private-noise,3.0,2,10,,1,s2_p10_C-GDP-private-noise_l10_r1,fcf8b4f93626e8cf9603afe70c3a614f6523366181d2f4df2620ee6efbb41bdb,3ea87f4a1b7b84a26ee106434a73c8c3b1666cf072e5654900cb743a0c6ff2ae,a12dcb1ba4e2a21b6a4474c284e3079c1b8e06dc282072a6d2d3a684bd02794b,1a980269c1778978c64462bf76cf00949cd95e29e33d5066107809299e5dec35,p5_10,celeba-three-workers-v1,
0.6593059936908517,,,0.0,988babfb79a4be0620cf47d259d4da35f8fc07573e92f83a2e388003c17759ba,0.6577463402632551,b743fe7228434906b9048ef7faf033fd6e5448453864a9c29b94ea2944f572a4,2026-09-06T14:59:12.658035+00:00,1,2.075664218999009,,,,10,0.125,C-GDP-private-noise,3.0,2,10,,2,s2_p10_C-GDP-private-noise_l10_r2,fcf8b4f93626e8cf9603afe70c3a614f6523366181d2f4df2620ee6efbb41bdb,3ea87f4a1b7b84a26ee106434a73c8c3b1666cf072e5654900cb743a0c6ff2ae,a12dcb1ba4e2a21b6a4474c284e3079c1b8e06dc282072a6d2d3a684bd02794b,1a980269c1778978c64462bf76cf00949cd95e29e33d5066107809299e5dec35,p5_10,celeba-three-workers-v1,
0.6670171749036102,,,0.0,988babfb79a4be0620cf47d259d4da35f8fc07573e92f83a2e388003c17759ba,0.6671401156353796,b743fe7228434906b9048ef7faf033fd6e5448453864a9c29b94ea2944f572a4,2026-09-06T14:59:15.214314+00:00,1,2.2903791009994166,,,,10,0.126,C-GDP-private-noise,3.0,2,10,,3,s2_p10_C-GDP-private-noise_l10_r3,fcf8b4f93626e8cf9603afe70c3a614f6523366181d2f4df2620ee6efbb41bdb,3ea87f4a1b7b84a26ee106434a73c8c3b1666cf072e5654900cb743a0c6ff2ae,a12dcb1ba4e2a21b6a4474c284e3079c1b8e06dc282072a6d2d3a684bd02794b,1a980269c1778978c64462bf76cf00949cd95e29e33d5066107809299e5dec35,p5_10,celeba-three-workers-v1,
0.8711267605633802,,,0.0,988babfb79a4be0620cf47d259d4da35f8fc07573e92f83a2e388003c17759ba,0.871164546899841,caa86f237e43056408787c677572585176b7f771bfcba7cecd40feeb7dc79e4e,2026-09-06T14:59:31.460275+00:00,1,2.9023346960020717,,,,0,0.754,C-GDP,0.0,3,5,,0,s3_p5_C-GDP_l0_r0,fcf8b4f93626e8cf9603afe70c3a614f6523366181d2f4df2620ee6efbb41bdb,3ea87f4a1b7b84a26ee106434a73c8c3b1666cf072e5654900cb743a0c6ff2ae,a12dcb1ba4e2a21b6a4474c284e3079c1b8e06dc282072a6d2d3a684bd02794b,1a980269c1778978c64462bf76cf00949cd95e29e33d5066107809299e5dec35,p5_10,celeba-three-workers-v1,
0.8415492957746479,,,0.0,988babfb79a4be0620cf47d259d4da35f8fc07573e92f83a2e388003c17759ba,0.8413553259141495,caa86f237e43056408787c677572585176b7f771bfcba7cecd40feeb7dc79e4e,2026-09-06T14:59:33.869514+00:00,1,2.368852264000452,,,,0,,I-GDP,0.0,3,5,,0,s3_p5_I-GDP_l0_r0,fcf8b4f93626e8cf9603afe70c3a614f6523366181d2f4df2620ee6efbb41bdb,3ea87f4a1b7b84a26ee106434a73c8c3b1666cf072e5654900cb743a0c6ff2ae,a12dcb1ba4e2a21b6a4474c284e3079c1b8e06dc282072a6d2d3a684bd02794b,1a980269c1778978c64462bf76cf00949cd95e29e33d5066107809299e5dec35,p5_10,celeba-three-workers-v1,
0.8816901408450705,,,0.0,988babfb79a4be0620cf47d259d4da35f8fc07573e92f83a2e388003c17759ba,0.8804650238473768,caa86f237e43056408787c677572585176b7f771bfcba7cecd40feeb7dc79e4e,2026-09-06T14:59:36.887611+00:00,1,2.9456561129991314,,,,0,0.754,AA-GDP,0.0,3,5,,0,s3_p5_AA-GDP_l0_r0,fcf8b4f93626e8cf9603afe70c3a614f6523366181d2f4df2620ee6efbb41bdb,3ea87f4a1b7b84a26ee106434a73c8c3b1666cf072e5654900cb743a0c6ff2ae,a12dcb1ba4e2a21b6a4474c284e3079c1b8e06dc282072a6d2d3a684bd02794b,1a980269c1778978c64462bf76cf00949cd95e29e33d5066107809299e5dec35,p5_10,celeba-three-workers-v1,8.029190376804274e-13
0.8788732394366198,,,0.0,988babfb79a4be0620cf47d259d4da35f8fc07573e92f83a2e388003c17759ba,0.8790143084260731,caa86f237e43056408787c677572585176b7f771bfcba7cecd40feeb7dc79e4e,2026-09-06T14:59:41.997837+00:00,1,4.551946631003375,,,,0,0.754,C-GDP,0.0,3,10,,0,s3_p10_C-GDP_l0_r0,fcf8b4f93626e8cf9603afe70c3a614f6523366181d2f4df2620ee6efbb41bdb,3ea87f4a1b7b84a26ee106434a73c8c3b1666cf072e5654900cb743a0c6ff2ae,a12dcb1ba4e2a21b6a4474c284e3079c1b8e06dc282072a6d2d3a684bd02794b,1a980269c1778978c64462bf76cf00949cd95e29e33d5066107809299e5dec35,p5_10,celeba-three-workers-v1,
0.8373239436619718,,,0.0,988babfb79a4be0620cf47d259d4da35f8fc07573e92f83a2e388003c17759ba,0.8351251987281398,caa86f237e43056408787c677572585176b7f771bfcba7cecd40feeb7dc79e4e,2026-09-06T14:59:46.362196+00:00,1,4.301628121000249,,,,0,,I-GDP,0.0,3,10,,0,s3_p10_I-GDP_l0_r0,fcf8b4f93626e8cf9603afe70c3a614f6523366181d2f4df2620ee6efbb41bdb,3ea87f4a1b7b84a26ee106434a73c8c3b1666cf072e5654900cb743a0c6ff2ae,a12dcb1ba4e2a21b6a4474c284e3079c1b8e06dc282072a6d2d3a684bd02794b,1a980269c1778978c64462bf76cf00949cd95e29e33d5066107809299e5dec35,p5_10,celeba-three-workers-v1,
0.8760563380281691,,,0.0,988babfb79a4be0620cf47d259d4da35f8fc07573e92f83a2e388003c17759ba,0.8764308426073132,caa86f237e43056408787c677572585176b7f771bfcba7cecd40feeb7dc79e4e,2026-09-06T14:59:50.252348+00:00,1,3.7676117150003847,,,,0,0.754,AA-GDP,0.0,3,10,,0,s3_p10_AA-GDP_l0_r0,fcf8b4f93626e8cf9603afe70c3a614f6523366181d2f4df2620ee6efbb41bdb,3ea87f4a1b7b84a26ee106434a73c8c3b1666cf072e5654900cb743a0c6ff2ae,a12dcb1ba4e2a21b6a4474c284e3079c1b8e06dc282072a6d2d3a684bd02794b,1a980269c1778978c64462bf76cf00949cd95e29e33d5066107809299e5dec35,p5_10,celeba-three-workers-v1,1.4663567582395842e-10
0.8852112676056338,,,1.523333981000178,988babfb79a4be0620cf47d259d4da35f8fc07573e92f83a2e388003c17759ba,0.8852742448330684,caa86f237e43056408787c677572585176b7f771bfcba7cecd40feeb7dc79e4e,2026-09-06T14:59:54.482036+00:00,1,1.7412891089988989,True,5.0,3.120252847968768e-08,1,0.65,NAA-GDP,0.006,3,5,,0,s3_p5_NAA-GDP_l1_r0,fcf8b4f93626e8cf9603afe70c3a614f6523366181d2f4df2620ee6efbb41bdb,3ea87f4a1b7b84a26ee106434a73c8c3b1666cf072e5654900cb743a0c6ff2ae,a12dcb1ba4e2a21b6a4474c284e3079c1b8e06dc282072a6d2d3a684bd02794b,1a980269c1778978c64462bf76cf00949cd95e29e33d5066107809299e5dec35,p5_10,celeba-three-workers-v1,
0.879225352112676,,,3.027004555999156,988babfb79a4be0620cf47d259d4da35f8fc07573e92f83a2e388003c17759ba,0.8793223370429253,caa86f237e43056408787c677572585176b7f771bfcba7cecd40feeb7dc79e4e,2026-09-06T15:00:02.052327+00:00,1,4.264040241003386,True,5.0,8.705320502198549e-09,1,0.65,NAA-GDP,0.006,3,10,,0,s3_p10_NAA-GDP_l1_r0,fcf8b4f93626e8cf9603afe70c3a614f6523366181d2f4df2620ee6efbb41bdb,3ea87f4a1b7b84a26ee106434a73c8c3b1666cf072e5654900cb743a0c6ff2ae,a12dcb1ba4e2a21b6a4474c284e3079c1b8e06dc282072a6d2d3a684bd02794b,1a980269c1778978c64462bf76cf00949cd95e29e33d5066107809299e5dec35,p5_10,celeba-three-workers-v1,
0.8788732394366198,,,1.5178802100017492,988babfb79a4be0620cf47d259d4da35f8fc07573e92f83a2e388003c17759ba,0.8767488076311605,caa86f237e43056408787c677572585176b7f771bfcba7cecd40feeb7dc79e4e,2026-09-06T15:00:06.163970+00:00,1,1.7169813889995567,True,5.0,3.0716833389727416e-08,1,0.601,NAA-GDP,0.006,3,5,,1,s3_p5_NAA-GDP_l1_r1,fcf8b4f93626e8cf9603afe70c3a614f6523366181d2f4df2620ee6efbb41bdb,3ea87f4a1b7b84a26ee106434a73c8c3b1666cf072e5654900cb743a0c6ff2ae,a12dcb1ba4e2a21b6a4474c284e3079c1b8e06dc282072a6d2d3a684bd02794b,1a980269c1778978c64462bf76cf00949cd95e29e33d5066107809299e5dec35,p5_10,celeba-three-workers-v1,
0.8757042253521127,,,3.0292143160004343,988babfb79a4be0620cf47d259d4da35f8fc07573e92f83a2e388003c17759ba,0.8752881558028617,caa86f237e43056408787c677572585176b7f771bfcba7cecd40feeb7dc79e4e,2026-09-06T15:00:13.394442+00:00,1,3.92457572299827,True,5.0,8.702809811530682e-09,1,0.601,NAA-GDP,0.006,3,10,,1,s3_p10_NAA-GDP_l1_r1,fcf8b4f93626e8cf9603afe70c3a614f6523366181d2f4df2620ee6efbb41bdb,3ea87f4a1b7b84a26ee106434a73c8c3b1666cf072e5654900cb743a0c6ff2ae,a12dcb1ba4e2a21b6a4474c284e3079c1b8e06dc282072a6d2d3a684bd02794b,1a980269c1778978c64462bf76cf00949cd95e29e33d5066107809299e5dec35,p5_10,celeba-three-workers-v1,
0.8830985915492958,,,1.532541280001169,988babfb79a4be0620cf47d259d4da35f8fc07573e92f83a2e388003c17759ba,0.8800278219395867,caa86f237e43056408787c677572585176b7f771bfcba7cecd40feeb7dc79e4e,2026-09-06T15:00:17.932661+00:00,1,2.134603729999071,True,5.0,3.1496270824521796e-08,1,0.64,NAA-GDP,0.006,3,5,,2,s3_p5_NAA-GDP_l1_r2,fcf8b4f93626e8cf9603afe70c3a614f6523366181d2f4df2620ee6efbb41bdb,3ea87f4a1b7b84a26ee106434a73c8c3b1666cf072e5654900cb743a0c6ff2ae,a12dcb1ba4e2a21b6a4474c284e3079c1b8e06dc282072a6d2d3a684bd02794b,1a980269c1778978c64462bf76cf00949cd95e29e33d5066107809299e5dec35,p5_10,celeba-three-workers-v1,
0.877112676056338,,,3.046253964999778,988babfb79a4be0620cf47d259d4da35f8fc07573e92f83a2e388003c17759ba,0.8771164546899841,caa86f237e43056408787c677572585176b7f771bfcba7cecd40feeb7dc79e4e,2026-09-06T15:00:25.186686+00:00,1,3.9377192440006183,True,5.0,8.805392068427776e-09,1,0.64,NAA-GDP,0.006,3,10,,2,s3_p10_NAA-GDP_l1_r2,fcf8b4f93626e8cf9603afe70c3a614f6523366181d2f4df2620ee6efbb41bdb,3ea87f4a1b7b84a26ee106434a73c8c3b1666cf072e5654900cb743a0c6ff2ae,a12dcb1ba4e2a21b6a4474c284e3079c1b8e06dc282072a6d2d3a684bd02794b,1a980269c1778978c64462bf76cf00949cd95e29e33d5066107809299e5dec35,p5_10,celeba-three-workers-v1,
0.8788732394366198,,,1.5225751840007433,988babfb79a4be0620cf47d259d4da35f8fc07573e92f83a2e388003c17759ba,0.8785969793322734,caa86f237e43056408787c677572585176b7f771bfcba7cecd40feeb7dc79e4e,2026-09-06T15:00:30.064663+00:00,1,2.370835760000773,True,5.0,3.1359743745430126e-08,1,0.617,NAA-GDP,0.006,3,5,,3,s3_p5_NAA-GDP_l1_r3,fcf8b4f93626e8cf9603afe70c3a614f6523366181d2f4df2620ee6efbb41bdb,3ea87f4a1b7b84a26ee106434a73c8c3b1666cf072e5654900cb743a0c6ff2ae,a12dcb1ba4e2a21b6a4474c284e3079c1b8e06dc282072a6d2d3a684bd02794b,1a980269c1778978c64462bf76cf00949cd95e29e33d5066107809299e5dec35,p5_10,celeba-three-workers-v1,
0.8767605633802817,,,3.028823998000007,988babfb79a4be0620cf47d259d4da35f8fc07573e92f83a2e388003c17759ba,0.87564586645469,caa86f237e43056408787c677572585176b7f771bfcba7cecd40feeb7dc79e4e,2026-09-06T15:00:36.028680+00:00,1,2.6694223929989676,True,5.0,8.780084545200355e-09,1,0.617,NAA-GDP,0.006,3,10,,3,s3_p10_NAA-GDP_l1_r3,fcf8b4f93626e8cf9603afe70c3a614f6523366181d2f4df2620ee6efbb41bdb,3ea87f4a1b7b84a26ee106434a73c8c3b1666cf072e5654900cb743a0c6ff2ae,a12dcb1ba4e2a21b6a4474c284e3079c1b8e06dc282072a6d2d3a684bd02794b,1a980269c1778978c64462bf76cf00949cd95e29e33d5066107809299e5dec35,p5_10,celeba-three-workers-v1,
0.8697183098591549,,,2.039469502000429,988babfb79a4be0620cf47d259d4da35f8fc07573e92f83a2e388003c17759ba,0.8693362480127187,caa86f237e43056408787c677572585176b7f771bfcba7cecd40feeb7dc79e4e,2026-09-06T15:00:40.564112+00:00,1,1.6279608910008392,True,8.0,4.0994573442936666e-08,2,0.435,NAA-GDP,0.012,3,5,,0,s3_p5_NAA-GDP_l2_r0,fcf8b4f93626e8cf9603afe70c3a614f6523366181d2f4df2620ee6efbb41bdb,3ea87f4a1b7b84a26ee106434a73c8c3b1666cf072e5654900cb743a0c6ff2ae,a12dcb1ba4e2a21b6a4474c284e3079c1b8e06dc282072a6d2d3a684bd02794b,1a980269c1778978c64462bf76cf00949cd95e29e33d5066107809299e5dec35,p5_10,celeba-three-workers-v1,
0.8676056338028169,,,3.647085160999268,988babfb79a4be0620cf47d259d4da35f8fc07573e92f83a2e388003c17759ba,0.868233306836248,caa86f237e43056408787c677572585176b7f771bfcba7cecd40feeb7dc79e4e,2026-09-06T15:00:48.443074+00:00,1,3.970764355999563,True,7.0,5.642661596678911e-08,2,0.435,NAA-GDP,0.012,3,10,,0,s3_p10_NAA-GDP_l2_r0,fcf8b4f93626e8cf9603afe70c3a614f6523366181d2f4df2620ee6efbb41bdb,3ea87f4a1b7b84a26ee106434a73c8c3b1666cf072e5654900cb743a0c6ff2ae,a12dcb1ba4e2a21b6a4474c284e3079c1b8e06dc282072a6d2d3a684bd02794b,1a980269c1778978c64462bf76cf00949cd95e29e33d5066107809299e5dec35,p5_10,celeba-three-workers-v1,
0.8760563380281691,,,2.037460953997652,988babfb79a4be0620cf47d259d4da35f8fc07573e92f83a2e388003c17759ba,0.8754173290937997,caa86f237e43056408787c677572585176b7f771bfcba7cecd40feeb7dc79e4e,2026-09-06T15:00:53.049112+00:00,1,1.702448853997339,True,8.0,4.1267989385760466e-08,2,0.483,NAA-GDP,0.012,3,5,,1,s3_p5_NAA-GDP_l2_r1,fcf8b4f93626e8cf9603afe70c3a614f6523366181d2f4df2620ee6efbb41bdb,3ea87f4a1b7b84a26ee106434a73c8c3b1666cf072e5654900cb743a0c6ff2ae,a12dcb1ba4e2a21b6a4474c284e3079c1b8e06dc282072a6d2d3a684bd02794b,1a980269c1778978c64462bf76cf00949cd95e29e33d5066107809299e5dec35,p5_10,celeba-three-workers-v1,
0.8704225352112676,,,3.6466316059995734,988babfb79a4be0620cf47d259d4da35f8fc07573e92f83a2e388003c17759ba,0.8703994435612084,caa86f237e43056408787c677572585176b7f771bfcba7cecd40feeb7dc79e4e,2026-09-06T15:01:02.780388+00:00,1,5.808967564997147,True,7.0,5.6746684243014345e-08,2,0.483,NAA-GDP,0.012,3,10,,1,s3_p10_NAA-GDP_l2_r1,fcf8b4f93626e8cf9603afe70c3a614f6523366181d2f4df2620ee6efbb41bdb,3ea87f4a1b7b84a26ee106434a73c8c3b1666cf072e5654900cb743a0c6ff2ae,a12dcb1ba4e2a21b6a4474c284e3079c1b8e06dc282072a6d2d3a684bd02794b,1a980269c1778978c64462bf76cf00949cd95e29e33d5066107809299e5dec35,p5_10,celeba-three-workers-v1,
0.8816901408450705,,,2.054120658998727,988babfb79a4be0620cf47d259d4da35f8fc07573e92f83a2e388003c17759ba,0.8802265500794912,caa86f237e43056408787c677572585176b7f771bfcba7cecd40feeb7dc79e4e,2026-09-06T15:01:07.610226+00:00,1,1.8206202029978158,True,8.0,4.2020015791085405e-08,2,0.51,NAA-GDP,0.012,3,5,,2,s3_p5_NAA-GDP_l2_r2,fcf8b4f93626e8cf9603afe70c3a614f6523366181d2f4df2620ee6efbb41bdb,3ea87f4a1b7b84a26ee106434a73c8c3b1666cf072e5654900cb743a0c6ff2ae,a12dcb1ba4e2a21b6a4474c284e3079c1b8e06dc282072a6d2d3a684bd02794b,1a980269c1778978c64462bf76cf00949cd95e29e33d5066107809299e5dec35,p5_10,celeba-three-workers-v1,
0.8778169014084507,,,3.6944896210006846,988babfb79a4be0620cf47d259d4da35f8fc07573e92f83a2e388003c17759ba,0.8772257551669316,caa86f237e43056408787c677572585176b7f771bfcba7cecd40feeb7dc79e4e,2026-09-06T15:01:15.388095+00:00,1,3.811013009999442,True,7.0,5.759683412473167e-08,2,0.51,NAA-GDP,0.012,3,10,,2,s3_p10_NAA-GDP_l2_r2,fcf8b4f93626e8cf9603afe70c3a614f6523366181d2f4df2620ee6efbb41bdb,3ea87f4a1b7b84a26ee106434a73c8c3b1666cf072e5654900cb743a0c6ff2ae,a12dcb1ba4e2a21b6a4474c284e3079c1b8e06dc282072a6d2d3a684bd02794b,1a980269c1778978c64462bf76cf00949cd95e29e33d5066107809299e5dec35,p5_10,celeba-three-workers-v1,
0.8760563380281691,,,2.036082795002585,988babfb79a4be0620cf47d259d4da35f8fc07573e92f83a2e388003c17759ba,0.8746422893481718,caa86f237e43056408787c677572585176b7f771bfcba7cecd40feeb7dc79e4e,2026-09-06T15:01:20.208071+00:00,1,1.9149327850027476,True,8.0,4.163485175798542e-08,2,0.436,NAA-GDP,0.012,3,5,,3,s3_p5_NAA-GDP_l2_r3,fcf8b4f93626e8cf9603afe70c3a614f6523366181d2f4df2620ee6efbb41bdb,3ea87f4a1b7b84a26ee106434a73c8c3b1666cf072e5654900cb743a0c6ff2ae,a12dcb1ba4e2a21b6a4474c284e3079c1b8e06dc282072a6d2d3a684bd02794b,1a980269c1778978c64462bf76cf00949cd95e29e33d5066107809299e5dec35,p5_10,celeba-three-workers-v1,
0.8767605633802817,,,3.6606958149968705,988babfb79a4be0620cf47d259d4da35f8fc07573e92f83a2e388003c17759ba,0.8760930047694754,caa86f237e43056408787c677572585176b7f771bfcba7cecd40feeb7dc79e4e,2026-09-06T15:01:28.538292+00:00,1,4.397702938000293,True,7.0,5.5955560736718e-08,2,0.436,NAA-GDP,0.012,3,10,,3,s3_p10_NAA-GDP_l2_r3,fcf8b4f93626e8cf9603afe70c3a614f6523366181d2f4df2620ee6efbb41bdb,3ea87f4a1b7b84a26ee106434a73c8c3b1666cf072e5654900cb743a0c6ff2ae,a12dcb1ba4e2a21b6a4474c284e3079c1b8e06dc282072a6d2d3a684bd02794b,1a980269c1778978c64462bf76cf00949cd95e29e33d5066107809299e5dec35,p5_10,celeba-three-workers-v1,
0.8718309859154929,,,2.9694526410021354,988babfb79a4be0620cf47d259d4da35f8fc07573e92f83a2e388003c17759ba,0.8699920508744038,caa86f237e43056408787c677572585176b7f771bfcba7cecd40feeb7dc79e4e,2026-09-06T15:01:34.197739+00:00,1,1.8143625980010256,True,13.0,3.27645451901158e-08,3,0.355,NAA-GDP,0.018,3,5,,0,s3_p5_NAA-GDP_l3_r0,fcf8b4f93626e8cf9603afe70c3a614f6523366181d2f4df2620ee6efbb41bdb,3ea87f4a1b7b84a26ee106434a73c8c3b1666cf072e5654900cb743a0c6ff2ae,a12dcb1ba4e2a21b6a4474c284e3079c1b8e06dc282072a6d2d3a684bd02794b,1a980269c1778978c64462bf76cf00949cd95e29e33d5066107809299e5dec35,p5_10,celeba-three-workers-v1,
0.8714788732394366,,,5.132138658998883,988babfb79a4be0620cf47d259d4da35f8fc07573e92f83a2e388003c17759ba,0.8710552464228936,caa86f237e43056408787c677572585176b7f771bfcba7cecd40feeb7dc79e4e,2026-09-06T15:01:43.468689+00:00,1,3.874135573998501,True,11.0,2.071963791530769e-08,3,0.355,NAA-GDP,0.018,3,10,,0,s3_p10_NAA-GDP_l3_r0,fcf8b4f93626e8cf9603afe70c3a614f6523366181d2f4df2620ee6efbb41bdb,3ea87f4a1b7b84a26ee106434a73c8c3b1666cf072e5654900cb743a0c6ff2ae,a12dcb1ba4e2a21b6a4474c284e3079c1b8e06dc282072a6d2d3a684bd02794b,1a980269c1778978c64462bf76cf00949cd95e29e33d5066107809299e5dec35,p5_10,celeba-three-workers-v1,
0.8605633802816901,,,2.9787110600009328,988babfb79a4be0620cf47d259d4da35f8fc07573e92f83a2e388003c17759ba,0.8613871224165341,caa86f237e43056408787c677572585176b7f771bfcba7cecd40feeb7dc79e4e,2026-09-06T15:01:49.338535+00:00,1,1.9017529769989778,True,13.0,3.225136354156573e-08,3,0.348,NAA-GDP,0.018,3,5,,1,s3_p5_NAA-GDP_l3_r1,fcf8b4f93626e8cf9603afe70c3a614f6523366181d2f4df2620ee6efbb41bdb,3ea87f4a1b7b84a26ee106434a73c8c3b1666cf072e5654900cb743a0c6ff2ae,a12dcb1ba4e2a21b6a4474c284e3079c1b8e06dc282072a6d2d3a684bd02794b,1a980269c1778978c64462bf76cf00949cd95e29e33d5066107809299e5dec35,p5_10,celeba-three-workers-v1,
0.8704225352112676,,,5.116116802000761,988babfb79a4be0620cf47d259d4da35f8fc07573e92f83a2e388003c17759ba,0.8697138314785373,caa86f237e43056408787c677572585176b7f771bfcba7cecd40feeb7dc79e4e,2026-09-06T15:01:58.792210+00:00,1,4.071941836999031,True,11.0,2.0548384610557554e-08,3,0.348,NAA-GDP,0.018,3,10,,1,s3_p10_NAA-GDP_l3_r1,fcf8b4f93626e8cf9603afe70c3a614f6523366181d2f4df2620ee6efbb41bdb,3ea87f4a1b7b84a26ee106434a73c8c3b1666cf072e5654900cb743a0c6ff2ae,a12dcb1ba4e2a21b6a4474c284e3079c1b8e06dc282072a6d2d3a684bd02794b,1a980269c1778978c64462bf76cf00949cd95e29e33d5066107809299e5dec35,p5_10,celeba-three-workers-v1,
0.8788732394366198,,,2.97335237399966,988babfb79a4be0620cf47d259d4da35f8fc07573e92f83a2e388003c17759ba,0.87758346581876,caa86f237e43056408787c677572585176b7f771bfcba7cecd40feeb7dc79e4e,2026-09-06T15:02:04.343021+00:00,1,1.710087741001189,True,13.0,3.4037901271305965e-08,3,0.408,NAA-GDP,0.018,3,5,,2,s3_p5_NAA-GDP_l3_r2,fcf8b4f93626e8cf9603afe70c3a614f6523366181d2f4df2620ee6efbb41bdb,3ea87f4a1b7b84a26ee106434a73c8c3b1666cf072e5654900cb743a0c6ff2ae,a12dcb1ba4e2a21b6a4474c284e3079c1b8e06dc282072a6d2d3a684bd02794b,1a980269c1778978c64462bf76cf00949cd95e29e33d5066107809299e5dec35,p5_10,celeba-three-workers-v1,
0.8686619718309859,,,5.123610728998756,988babfb79a4be0620cf47d259d4da35f8fc07573e92f83a2e388003c17759ba,0.8691275834658188,caa86f237e43056408787c677572585176b7f771bfcba7cecd40feeb7dc79e4e,2026-09-06T15:02:13.977432+00:00,1,4.232489938996878,True,11.0,2.086992452401442e-08,3,0.408,NAA-GDP,0.018,3,10,,2,s3_p10_NAA-GDP_l3_r2,fcf8b4f93626e8cf9603afe70c3a614f6523366181d2f4df2620ee6efbb41bdb,3ea87f4a1b7b84a26ee106434a73c8c3b1666cf072e5654900cb743a0c6ff2ae,a12dcb1ba4e2a21b6a4474c284e3079c1b8e06dc282072a6d2d3a684bd02794b,1a980269c1778978c64462bf76cf00949cd95e29e33d5066107809299e5dec35,p5_10,celeba-three-workers-v1,
0.8746478873239436,,,2.9726301619994047,988babfb79a4be0620cf47d259d4da35f8fc07573e92f83a2e388003c17759ba,0.8731120826709062,caa86f237e43056408787c677572585176b7f771bfcba7cecd40feeb7dc79e4e,2026-09-06T15:02:19.516574+00:00,1,1.7073472949996358,True,13.0,3.426517543329856e-08,3,0.33,NAA-GDP,0.018,3,5,,3,s3_p5_NAA-GDP_l3_r3,fcf8b4f93626e8cf9603afe70c3a614f6523366181d2f4df2620ee6efbb41bdb,3ea87f4a1b7b84a26ee106434a73c8c3b1666cf072e5654900cb743a0c6ff2ae,a12dcb1ba4e2a21b6a4474c284e3079c1b8e06dc282072a6d2d3a684bd02794b,1a980269c1778978c64462bf76cf00949cd95e29e33d5066107809299e5dec35,p5_10,celeba-three-workers-v1,
0.8669014084507042,,,5.1369746630007285,988babfb79a4be0620cf47d259d4da35f8fc07573e92f83a2e388003c17759ba,0.8669912559618442,caa86f237e43056408787c677572585176b7f771bfcba7cecd40feeb7dc79e4e,2026-09-06T15:02:28.706427+00:00,1,3.76718123700266,True,11.0,2.0880651237392367e-08,3,0.33,NAA-GDP,0.018,3,10,,3,s3_p10_NAA-GDP_l3_r3,fcf8b4f93626e8cf9603afe70c3a614f6523366181d2f4df2620ee6efbb41bdb,3ea87f4a1b7b84a26ee106434a73c8c3b1666cf072e5654900cb743a0c6ff2ae,a12dcb1ba4e2a21b6a4474c284e3079c1b8e06dc282072a6d2d3a684bd02794b,1a980269c1778978c64462bf76cf00949cd95e29e33d5066107809299e5dec35,p5_10,celeba-three-workers-v1,
0.8676056338028169,,,4.642804652998166,988babfb79a4be0620cf47d259d4da35f8fc07573e92f83a2e388003c17759ba,0.8665341812400635,caa86f237e43056408787c677572585176b7f771bfcba7cecd40feeb7dc79e4e,2026-09-06T15:02:36.094708+00:00,1,1.7909523350026575,True,22.0,7.312881208890836e-08,4,0.254,NAA-GDP,0.024,3,5,,0,s3_p5_NAA-GDP_l4_r0,fcf8b4f93626e8cf9603afe70c3a614f6523366181d2f4df2620ee6efbb41bdb,3ea87f4a1b7b84a26ee106434a73c8c3b1666cf072e5654900cb743a0c6ff2ae,a12dcb1ba4e2a21b6a4474c284e3079c1b8e06dc282072a6d2d3a684bd02794b,1a980269c1778978c64462bf76cf00949cd95e29e33d5066107809299e5dec35,p5_10,celeba-three-workers-v1,
0.8595070422535211,,,6.942210986002465,988babfb79a4be0620cf47d259d4da35f8fc07573e92f83a2e388003c17759ba,0.8595389507154214,caa86f237e43056408787c677572585176b7f771bfcba7cecd40feeb7dc79e4e,2026-09-06T15:02:47.464175+00:00,1,4.151228656999592,True,16.0,5.875693310045887e-08,4,0.254,NAA-GDP,0.024,3,10,,0,s3_p10_NAA-GDP_l4_r0,fcf8b4f93626e8cf9603afe70c3a614f6523366181d2f4df2620ee6efbb41bdb,3ea87f4a1b7b84a26ee106434a73c8c3b1666cf072e5654900cb743a0c6ff2ae,a12dcb1ba4e2a21b6a4474c284e3079c1b8e06dc282072a6d2d3a684bd02794b,1a980269c1778978c64462bf76cf00949cd95e29e33d5066107809299e5dec35,p5_10,celeba-three-workers-v1,
0.8591549295774648,,,4.656563942000503,988babfb79a4be0620cf47d259d4da35f8fc07573e92f83a2e388003c17759ba,0.8562798092209857,caa86f237e43056408787c677572585176b7f771bfcba7cecd40feeb7dc79e4e,2026-09-06T15:02:55.312993+00:00,1,2.3175101989982068,True,22.0,8.411449558797331e-08,4,0.262,NAA-GDP,0.024,3,5,,1,s3_p5_NAA-GDP_l4_r1,fcf8b4f93626e8cf9603afe70c3a614f6523366181d2f4df2620ee6efbb41bdb,3ea87f4a1b7b84a26ee106434a73c8c3b1666cf072e5654900cb743a0c6ff2ae,a12dcb1ba4e2a21b6a4474c284e3079c1b8e06dc282072a6d2d3a684bd02794b,1a980269c1778978c64462bf76cf00949cd95e29e33d5066107809299e5dec35,p5_10,celeba-three-workers-v1,
0.8665492957746479,,,6.953934671000752,988babfb79a4be0620cf47d259d4da35f8fc07573e92f83a2e388003c17759ba,0.8648052464228935,caa86f237e43056408787c677572585176b7f771bfcba7cecd40feeb7dc79e4e,2026-09-06T15:03:06.653122+00:00,1,4.119274616998155,True,16.0,5.951446153650579e-08,4,0.262,NAA-GDP,0.024,3,10,,1,s3_p10_NAA-GDP_l4_r1,fcf8b4f93626e8cf9603afe70c3a614f6523366181d2f4df2620ee6efbb41bdb,3ea87f4a1b7b84a26ee106434a73c8c3b1666cf072e5654900cb743a0c6ff2ae,a12dcb1ba4e2a21b6a4474c284e3079c1b8e06dc282072a6d2d3a684bd02794b,1a980269c1778978c64462bf76cf00949cd95e29e33d5066107809299e5dec35,p5_10,celeba-three-workers-v1,
0.8683098591549295,,,4.634285065996664,988babfb79a4be0620cf47d259d4da35f8fc07573e92f83a2e388003c17759ba,0.8658982511923689,caa86f237e43056408787c677572585176b7f771bfcba7cecd40feeb7dc79e4e,2026-09-06T15:03:14.378351+00:00,1,2.2143083379996824,True,22.0,8.380937039238033e-08,4,0.33,NAA-GDP,0.024,3,5,,2,s3_p5_NAA-GDP_l4_r2,fcf8b4f93626e8cf9603afe70c3a614f6523366181d2f4df2620ee6efbb41bdb,3ea87f4a1b7b84a26ee106434a73c8c3b1666cf072e5654900cb743a0c6ff2ae,a12dcb1ba4e2a21b6a4474c284e3079c1b8e06dc282072a6d2d3a684bd02794b,1a980269c1778978c64462bf76cf00949cd95e29e33d5066107809299e5dec35,p5_10,celeba-three-workers-v1,
0.8679577464788732,,,6.977278738999303,988babfb79a4be0620cf47d259d4da35f8fc07573e92f83a2e388003c17759ba,0.8662460254372019,caa86f237e43056408787c677572585176b7f771bfcba7cecd40feeb7dc79e4e,2026-09-06T15:03:26.615061+00:00,1,4.987451449000218,True,16.0,5.8841915093515555e-08,4,0.33,NAA-GDP,0.024,3,10,,2,s3_p10_NAA-GDP_l4_r2,fcf8b4f93626e8cf9603afe70c3a614f6523366181d2f4df2620ee6efbb41bdb,3ea87f4a1b7b84a26ee106434a73c8c3b1666cf072e5654900cb743a0c6ff2ae,a12dcb1ba4e2a21b6a4474c284e3079c1b8e06dc282072a6d2d3a684bd02794b,1a980269c1778978c64462bf76cf00949cd95e29e33d5066107809299e5dec35,p5_10,celeba-three-workers-v1,
0.8612676056338028,,,4.639563036998879,988babfb79a4be0620cf47d259d4da35f8fc07573e92f83a2e388003c17759ba,0.8600357710651829,caa86f237e43056408787c677572585176b7f771bfcba7cecd40feeb7dc79e4e,2026-09-06T15:03:34.523295+00:00,1,2.299885276999703,True,22.0,7.27716295138212e-08,4,0.235,NAA-GDP,0.024,3,5,,3,s3_p5_NAA-GDP_l4_r3,fcf8b4f93626e8cf9603afe70c3a614f6523366181d2f4df2620ee6efbb41bdb,3ea87f4a1b7b84a26ee106434a73c8c3b1666cf072e5654900cb743a0c6ff2ae,a12dcb1ba4e2a21b6a4474c284e3079c1b8e06dc282072a6d2d3a684bd02794b,1a980269c1778978c64462bf76cf00949cd95e29e33d5066107809299e5dec35,p5_10,celeba-three-workers-v1,
0.8647887323943662,,,6.948792956998659,988babfb79a4be0620cf47d259d4da35f8fc07573e92f83a2e388003c17759ba,0.8645767090620032,caa86f237e43056408787c677572585176b7f771bfcba7cecd40feeb7dc79e4e,2026-09-06T15:03:45.492651+00:00,1,3.7564116180001292,True,16.0,6.356087344544004e-08,4,0.235,NAA-GDP,0.024,3,10,,3,s3_p10_NAA-GDP_l4_r3,fcf8b4f93626e8cf9603afe70c3a614f6523366181d2f4df2620ee6efbb41bdb,3ea87f4a1b7b84a26ee106434a73c8c3b1666cf072e5654900cb743a0c6ff2ae,a12dcb1ba4e2a21b6a4474c284e3079c1b8e06dc282072a6d2d3a684bd02794b,1a980269c1778978c64462bf76cf00949cd95e29e33d5066107809299e5dec35,p5_10,celeba-three-workers-v1,
0.8669014084507042,,,10.389081115001318,988babfb79a4be0620cf47d259d4da35f8fc07573e92f83a2e388003c17759ba,0.8656796502384738,caa86f237e43056408787c677572585176b7f771bfcba7cecd40feeb7dc79e4e,2026-09-06T15:03:58.867967+00:00,1,2.1146808240009705,True,53.0,8.618481284307116e-08,5,0.22,NAA-GDP,0.03,3,5,,0,s3_p5_NAA-GDP_l5_r0,fcf8b4f93626e8cf9603afe70c3a614f6523366181d2f4df2620ee6efbb41bdb,3ea87f4a1b7b84a26ee106434a73c8c3b1666cf072e5654900cb743a0c6ff2ae,a12dcb1ba4e2a21b6a4474c284e3079c1b8e06dc282072a6d2d3a684bd02794b,1a980269c1778978c64462bf76cf00949cd95e29e33d5066107809299e5dec35,p5_10,celeba-three-workers-v1,
0.8573943661971831,,,11.380053592998593,988babfb79a4be0620cf47d259d4da35f8fc07573e92f83a2e388003c17759ba,0.8557531796502384,caa86f237e43056408787c677572585176b7f771bfcba7cecd40feeb7dc79e4e,2026-09-06T15:04:13.086369+00:00,1,2.5748984980018577,True,28.0,5.605000805169077e-08,5,0.22,NAA-GDP,0.03,3,10,,0,s3_p10_NAA-GDP_l5_r0,fcf8b4f93626e8cf9603afe70c3a614f6523366181d2f4df2620ee6efbb41bdb,3ea87f4a1b7b84a26ee106434a73c8c3b1666cf072e5654900cb743a0c6ff2ae,a12dcb1ba4e2a21b6a4474c284e3079c1b8e06dc282072a6d2d3a684bd02794b,1a980269c1778978c64462bf76cf00949cd95e29e33d5066107809299e5dec35,p5_10,celeba-three-workers-v1,
0.8626760563380281,,,10.455608203999873,988babfb79a4be0620cf47d259d4da35f8fc07573e92f83a2e388003c17759ba,0.8625198728139905,caa86f237e43056408787c677572585176b7f771bfcba7cecd40feeb7dc79e4e,2026-09-06T15:04:26.174015+00:00,1,1.7619803859997774,True,53.0,9.191469670856777e-08,5,0.199,NAA-GDP,0.03,3,5,,1,s3_p5_NAA-GDP_l5_r1,fcf8b4f93626e8cf9603afe70c3a614f6523366181d2f4df2620ee6efbb41bdb,3ea87f4a1b7b84a26ee106434a73c8c3b1666cf072e5654900cb743a0c6ff2ae,a12dcb1ba4e2a21b6a4474c284e3079c1b8e06dc282072a6d2d3a684bd02794b,1a980269c1778978c64462bf76cf00949cd95e29e33d5066107809299e5dec35,p5_10,celeba-three-workers-v1,
0.8591549295774648,,,10.983522053997149,988babfb79a4be0620cf47d259d4da35f8fc07573e92f83a2e388003c17759ba,0.8576510333863274,caa86f237e43056408787c677572585176b7f771bfcba7cecd40feeb7dc79e4e,2026-09-06T15:04:41.856112+00:00,1,4.421515169000486,True,27.0,9.82111674032326e-08,5,0.199,NAA-GDP,0.03,3,10,,1,s3_p10_NAA-GDP_l5_r1,fcf8b4f93626e8cf9603afe70c3a614f6523366181d2f4df2620ee6efbb41bdb,3ea87f4a1b7b84a26ee106434a73c8c3b1666cf072e5654900cb743a0c6ff2ae,a12dcb1ba4e2a21b6a4474c284e3079c1b8e06dc282072a6d2d3a684bd02794b,1a980269c1778978c64462bf76cf00949cd95e29e33d5066107809299e5dec35,p5_10,celeba-three-workers-v1,
0.856338028169014,,,10.608121602999745,988babfb79a4be0620cf47d259d4da35f8fc07573e92f83a2e388003c17759ba,0.8551271860095389,caa86f237e43056408787c677572585176b7f771bfcba7cecd40feeb7dc79e4e,2026-09-06T15:04:55.496950+00:00,1,2.07640677100062,True,54.0,8.249890781026087e-08,5,0.227,NAA-GDP,0.03,3,5,,2,s3_p5_NAA-GDP_l5_r2,fcf8b4f93626e8cf9603afe70c3a614f6523366181d2f4df2620ee6efbb41bdb,3ea87f4a1b7b84a26ee106434a73c8c3b1666cf072e5654900cb743a0c6ff2ae,a12dcb1ba4e2a21b6a4474c284e3079c1b8e06dc282072a6d2d3a684bd02794b,1a980269c1778978c64462bf76cf00949cd95e29e33d5066107809299e5dec35,p5_10,celeba-three-workers-v1,
0.8419014084507043,,,11.332861507999041,988babfb79a4be0620cf47d259d4da35f8fc07573e92f83a2e388003c17759ba,0.8425874403815581,caa86f237e43056408787c677572585176b7f771bfcba7cecd40feeb7dc79e4e,2026-09-06T15:05:10.673879+00:00,1,3.5657448500023747,True,28.0,6.032577448347947e-08,5,0.227,NAA-GDP,0.03,3,10,,2,s3_p10_NAA-GDP_l5_r2,fcf8b4f93626e8cf9603afe70c3a614f6523366181d2f4df2620ee6efbb41bdb,3ea87f4a1b7b84a26ee106434a73c8c3b1666cf072e5654900cb743a0c6ff2ae,a12dcb1ba4e2a21b6a4474c284e3079c1b8e06dc282072a6d2d3a684bd02794b,1a980269c1778978c64462bf76cf00949cd95e29e33d5066107809299e5dec35,p5_10,celeba-three-workers-v1,
0.8535211267605634,,,10.799982956999884,988babfb79a4be0620cf47d259d4da35f8fc07573e92f83a2e388003c17759ba,0.852841812400636,caa86f237e43056408787c677572585176b7f771bfcba7cecd40feeb7dc79e4e,2026-09-06T15:05:24.427472+00:00,1,2.0853731290008,True,55.0,7.706910738459587e-08,5,0.263,NAA-GDP,0.03,3,5,,3,s3_p5_NAA-GDP_l5_r3,fcf8b4f93626e8cf9603afe70c3a614f6523366181d2f4df2620ee6efbb41bdb,3ea87f4a1b7b84a26ee106434a73c8c3b1666cf072e5654900cb743a0c6ff2ae,a12dcb1ba4e2a21b6a4474c284e3079c1b8e06dc282072a6d2d3a684bd02794b,1a980269c1778978c64462bf76cf00949cd95e29e33d5066107809299e5dec35,p5_10,celeba-three-workers-v1,
0.8577464788732394,,,10.967476595997141,988babfb79a4be0620cf47d259d4da35f8fc07573e92f83a2e388003c17759ba,0.8574920508744037,caa86f237e43056408787c677572585176b7f771bfcba7cecd40feeb7dc79e4e,2026-09-06T15:05:39.987866+00:00,1,4.31565754300027,True,27.0,9.54436864405658e-08,5,0.263,NAA-GDP,0.03,3,10,,3,s3_p10_NAA-GDP_l5_r3,fcf8b4f93626e8cf9603afe70c3a614f6523366181d2f4df2620ee6efbb41bdb,3ea87f4a1b7b84a26ee106434a73c8c3b1666cf072e5654900cb743a0c6ff2ae,a12dcb1ba4e2a21b6a4474c284e3079c1b8e06dc282072a6d2d3a684bd02794b,1a980269c1778978c64462bf76cf00949cd95e29e33d5066107809299e5dec35,p5_10,celeba-three-workers-v1,
0.8443661971830986,,,94.01061622700217,988babfb79a4be0620cf47d259d4da35f8fc07573e92f83a2e388003c17759ba,0.8419117647058824,caa86f237e43056408787c677572585176b7f771bfcba7cecd40feeb7dc79e4e,2026-09-06T15:07:16.716507+00:00,1,1.8446467440007837,False,500.0,0.008223448040728396,6,0.149,NAA-GDP,0.036,3,5,,0,s3_p5_NAA-GDP_l6_r0,fcf8b4f93626e8cf9603afe70c3a614f6523366181d2f4df2620ee6efbb41bdb,3ea87f4a1b7b84a26ee106434a73c8c3b1666cf072e5654900cb743a0c6ff2ae,a12dcb1ba4e2a21b6a4474c284e3079c1b8e06dc282072a6d2d3a684bd02794b,1a980269c1778978c64462bf76cf00949cd95e29e33d5066107809299e5dec35,p5_10,celeba-three-workers-v1,
0.8436619718309859,,,28.34410956300053,988babfb79a4be0620cf47d259d4da35f8fc07573e92f83a2e388003c17759ba,0.8417726550079492,caa86f237e43056408787c677572585176b7f771bfcba7cecd40feeb7dc79e4e,2026-09-06T15:07:48.579848+00:00,1,3.253596918999392,True,74.0,9.592915274831129e-08,6,0.149,NAA-GDP,0.036,3,10,,0,s3_p10_NAA-GDP_l6_r0,fcf8b4f93626e8cf9603afe70c3a614f6523366181d2f4df2620ee6efbb41bdb,3ea87f4a1b7b84a26ee106434a73c8c3b1666cf072e5654900cb743a0c6ff2ae,a12dcb1ba4e2a21b6a4474c284e3079c1b8e06dc282072a6d2d3a684bd02794b,1a980269c1778978c64462bf76cf00949cd95e29e33d5066107809299e5dec35,p5_10,celeba-three-workers-v1,
0.8485915492957746,,,93.93258781799886,988babfb79a4be0620cf47d259d4da35f8fc07573e92f83a2e388003c17759ba,0.8470985691573927,caa86f237e43056408787c677572585176b7f771bfcba7cecd40feeb7dc79e4e,2026-09-06T15:09:26.426415+00:00,1,2.9440139969992742,False,500.0,0.00027942936806190966,6,0.197,NAA-GDP,0.036,3,5,,1,s3_p5_NAA-GDP_l6_r1,fcf8b4f93626e8cf9603afe70c3a614f6523366181d2f4df2620ee6efbb41bdb,3ea87f4a1b7b84a26ee106434a73c8c3b1666cf072e5654900cb743a0c6ff2ae,a12dcb1ba4e2a21b6a4474c284e3079c1b8e06dc282072a6d2d3a684bd02794b,1a980269c1778978c64462bf76cf00949cd95e29e33d5066107809299e5dec35,p5_10,celeba-three-workers-v1,
0.8383802816901409,,,26.08530578999853,988babfb79a4be0620cf47d259d4da35f8fc07573e92f83a2e388003c17759ba,0.840818759936407,caa86f237e43056408787c677572585176b7f771bfcba7cecd40feeb7dc79e4e,2026-09-06T15:09:55.974920+00:00,1,3.1967614059976768,True,68.0,9.733552361022764e-08,6,0.197,NAA-GDP,0.036,3,10,,1,s3_p10_NAA-GDP_l6_r1,fcf8b4f93626e8cf9603afe70c3a614f6523366181d2f4df2620ee6efbb41bdb,3ea87f4a1b7b84a26ee106434a73c8c3b1666cf072e5654900cb743a0c6ff2ae,a12dcb1ba4e2a21b6a4474c284e3079c1b8e06dc282072a6d2d3a684bd02794b,1a980269c1778978c64462bf76cf00949cd95e29e33d5066107809299e5dec35,p5_10,celeba-three-workers-v1,
0.852112676056338,,,94.01073826100037,988babfb79a4be0620cf47d259d4da35f8fc07573e92f83a2e388003c17759ba,0.8517289348171702,caa86f237e43056408787c677572585176b7f771bfcba7cecd40feeb7dc79e4e,2026-09-06T15:11:33.114495+00:00,1,2.2501390830002492,False,500.0,0.002050459358779439,6,0.217,NAA-GDP,0.036,3,5,,2,s3_p5_NAA-GDP_l6_r2,fcf8b4f93626e8cf9603afe70c3a614f6523366181d2f4df2620ee6efbb41bdb,3ea87f4a1b7b84a26ee106434a73c8c3b1666cf072e5654900cb743a0c6ff2ae,a12dcb1ba4e2a21b6a4474c284e3079c1b8e06dc282072a6d2d3a684bd02794b,1a980269c1778978c64462bf76cf00949cd95e29e33d5066107809299e5dec35,p5_10,celeba-three-workers-v1,
0.8559859154929578,,,27.24708520400236,988babfb79a4be0620cf47d259d4da35f8fc07573e92f83a2e388003c17759ba,0.8561009538950715,caa86f237e43056408787c677572585176b7f771bfcba7cecd40feeb7dc79e4e,2026-09-06T15:12:05.180523+00:00,1,4.544115698998212,True,71.0,9.329337441132093e-08,6,0.217,NAA-GDP,0.036,3,10,,2,s3_p10_NAA-GDP_l6_r2,fcf8b4f93626e8cf9603afe70c3a614f6523366181d2f4df2620ee6efbb41bdb,3ea87f4a1b7b84a26ee106434a73c8c3b1666cf072e5654900cb743a0c6ff2ae,a12dcb1ba4e2a21b6a4474c284e3079c1b8e06dc282072a6d2d3a684bd02794b,1a980269c1778978c64462bf76cf00949cd95e29e33d5066107809299e5dec35,p5_10,celeba-three-workers-v1,
0.8323943661971831,,,94.2748457029993,988babfb79a4be0620cf47d259d4da35f8fc07573e92f83a2e388003c17759ba,0.833704292527822,caa86f237e43056408787c677572585176b7f771bfcba7cecd40feeb7dc79e4e,2026-09-06T15:13:42.139418+00:00,1,1.8172193079990393,False,500.0,0.012194482802327239,6,0.193,NAA-GDP,0.036,3,5,,3,s3_p5_NAA-GDP_l6_r3,fcf8b4f93626e8cf9603afe70c3a614f6523366181d2f4df2620ee6efbb41bdb,3ea87f4a1b7b84a26ee106434a73c8c3b1666cf072e5654900cb743a0c6ff2ae,a12dcb1ba4e2a21b6a4474c284e3079c1b8e06dc282072a6d2d3a684bd02794b,1a980269c1778978c64462bf76cf00949cd95e29e33d5066107809299e5dec35,p5_10,celeba-three-workers-v1,
0.8507042253521127,,,26.431203059000836,988babfb79a4be0620cf47d259d4da35f8fc07573e92f83a2e388003c17759ba,0.8496621621621621,caa86f237e43056408787c677572585176b7f771bfcba7cecd40feeb7dc79e4e,2026-09-06T15:14:12.904491+00:00,1,4.060993340997811,True,69.0,9.824384613611289e-08,6,0.193,NAA-GDP,0.036,3,10,,3,s3_p10_NAA-GDP_l6_r3,fcf8b4f93626e8cf9603afe70c3a614f6523366181d2f4df2620ee6efbb41bdb,3ea87f4a1b7b84a26ee106434a73c8c3b1666cf072e5654900cb743a0c6ff2ae,a12dcb1ba4e2a21b6a4474c284e3079c1b8e06dc282072a6d2d3a684bd02794b,1a980269c1778978c64462bf76cf00949cd95e29e33d5066107809299e5dec35,p5_10,celeba-three-workers-v1,
0.8429577464788732,,,93.7598112980013,988babfb79a4be0620cf47d259d4da35f8fc07573e92f83a2e388003c17759ba,0.8427662957074722,caa86f237e43056408787c677572585176b7f771bfcba7cecd40feeb7dc79e4e,2026-09-06T15:15:50.270331+00:00,1,2.654343540998525,False,500.0,0.008263871964924794,7,0.207,NAA-GDP,0.042,3,5,,0,s3_p5_NAA-GDP_l7_r0,fcf8b4f93626e8cf9603afe70c3a614f6523366181d2f4df2620ee6efbb41bdb,3ea87f4a1b7b84a26ee106434a73c8c3b1666cf072e5654900cb743a0c6ff2ae,a12dcb1ba4e2a21b6a4474c284e3079c1b8e06dc282072a6d2d3a684bd02794b,1a980269c1778978c64462bf76cf00949cd95e29e33d5066107809299e5dec35,p5_10,celeba-three-workers-v1,
0.8390845070422536,,,186.04127549400073,988babfb79a4be0620cf47d259d4da35f8fc07573e92f83a2e388003c17759ba,0.8376788553259142,caa86f237e43056408787c677572585176b7f771bfcba7cecd40feeb7dc79e4e,2026-09-06T15:19:00.353736+00:00,1,3.7607145980000496,False,500.0,0.011805254216319169,7,0.207,NAA-GDP,0.042,3,10,,0,s3_p10_NAA-GDP_l7_r0,fcf8b4f93626e8cf9603afe70c3a614f6523366181d2f4df2620ee6efbb41bdb,3ea87f4a1b7b84a26ee106434a73c8c3b1666cf072e5654900cb743a0c6ff2ae,a12dcb1ba4e2a21b6a4474c284e3079c1b8e06dc282072a6d2d3a684bd02794b,1a980269c1778978c64462bf76cf00949cd95e29e33d5066107809299e5dec35,p5_10,celeba-three-workers-v1,
0.8408450704225352,,,93.94290293499944,988babfb79a4be0620cf47d259d4da35f8fc07573e92f83a2e388003c17759ba,0.8398449920508744,caa86f237e43056408787c677572585176b7f771bfcba7cecd40feeb7dc79e4e,2026-09-06T15:20:38.228847+00:00,1,3.0591175760018814,False,500.0,0.006331897387445829,7,0.17,NAA-GDP,0.042,3,5,,1,s3_p5_NAA-GDP_l7_r1,fcf8b4f93626e8cf9603afe70c3a614f6523366181d2f4df2620ee6efbb41bdb,3ea87f4a1b7b84a26ee106434a73c8c3b1666cf072e5654900cb743a0c6ff2ae,a12dcb1ba4e2a21b6a4474c284e3079c1b8e06dc282072a6d2d3a684bd02794b,1a980269c1778978c64462bf76cf00949cd95e29e33d5066107809299e5dec35,p5_10,celeba-three-workers-v1,
0.8429577464788732,,,186.0112471800021,988babfb79a4be0620cf47d259d4da35f8fc07573e92f83a2e388003c17759ba,0.84181240063593,caa86f237e43056408787c677572585176b7f771bfcba7cecd40feeb7dc79e4e,2026-09-06T15:23:48.580004+00:00,1,4.062401889001194,False,500.0,0.009302621401074322,7,0.17,NAA-GDP,0.042,3,10,,1,s3_p10_NAA-GDP_l7_r1,fcf8b4f93626e8cf9603afe70c3a614f6523366181d2f4df2620ee6efbb41bdb,3ea87f4a1b7b84a26ee106434a73c8c3b1666cf072e5654900cb743a0c6ff2ae,a12dcb1ba4e2a21b6a4474c284e3079c1b8e06dc282072a6d2d3a684bd02794b,1a980269c1778978c64462bf76cf00949cd95e29e33d5066107809299e5dec35,p5_10,celeba-three-workers-v1,
0.8422535211267606,,,93.71428593900055,988babfb79a4be0620cf47d259d4da35f8fc07573e92f83a2e388003c17759ba,0.8400635930047695,caa86f237e43056408787c677572585176b7f771bfcba7cecd40feeb7dc79e4e,2026-09-06T15:25:25.085466+00:00,1,1.9244718929985538,False,500.0,0.006631754498956909,7,0.19,NAA-GDP,0.042,3,5,,2,s3_p5_NAA-GDP_l7_r2,fcf8b4f93626e8cf9603afe70c3a614f6523366181d2f4df2620ee6efbb41bdb,3ea87f4a1b7b84a26ee106434a73c8c3b1666cf072e5654900cb743a0c6ff2ae,a12dcb1ba4e2a21b6a4474c284e3079c1b8e06dc282072a6d2d3a684bd02794b,1a980269c1778978c64462bf76cf00949cd95e29e33d5066107809299e5dec35,p5_10,celeba-three-workers-v1,
0.8482394366197183,,,186.3596376429996,988babfb79a4be0620cf47d259d4da35f8fc07573e92f83a2e388003c17759ba,0.8468799682034975,caa86f237e43056408787c677572585176b7f771bfcba7cecd40feeb7dc79e4e,2026-09-06T15:28:34.808616+00:00,1,3.0860206140023365,False,500.0,0.014077239515415394,7,0.19,NAA-GDP,0.042,3,10,,2,s3_p10_NAA-GDP_l7_r2,fcf8b4f93626e8cf9603afe70c3a614f6523366181d2f4df2620ee6efbb41bdb,3ea87f4a1b7b84a26ee106434a73c8c3b1666cf072e5654900cb743a0c6ff2ae,a12dcb1ba4e2a21b6a4474c284e3079c1b8e06dc282072a6d2d3a684bd02794b,1a980269c1778978c64462bf76cf00949cd95e29e33d5066107809299e5dec35,p5_10,celeba-three-workers-v1,
0.8429577464788732,,,93.97254767500272,988babfb79a4be0620cf47d259d4da35f8fc07573e92f83a2e388003c17759ba,0.8427066772655007,caa86f237e43056408787c677572585176b7f771bfcba7cecd40feeb7dc79e4e,2026-09-06T15:30:12.710604+00:00,1,2.9721007180014567,False,500.0,0.007205891384688081,7,0.17,NAA-GDP,0.042,3,5,,3,s3_p5_NAA-GDP_l7_r3,fcf8b4f93626e8cf9603afe70c3a614f6523366181d2f4df2620ee6efbb41bdb,3ea87f4a1b7b84a26ee106434a73c8c3b1666cf072e5654900cb743a0c6ff2ae,a12dcb1ba4e2a21b6a4474c284e3079c1b8e06dc282072a6d2d3a684bd02794b,1a980269c1778978c64462bf76cf00949cd95e29e33d5066107809299e5dec35,p5_10,celeba-three-workers-v1,
0.8397887323943662,,,186.10865848200046,988babfb79a4be0620cf47d259d4da35f8fc07573e92f83a2e388003c17759ba,0.8379670111287758,caa86f237e43056408787c677572585176b7f771bfcba7cecd40feeb7dc79e4e,2026-09-06T15:33:22.955877+00:00,1,3.8627803710005537,False,500.0,0.015183495513728574,7,0.17,NAA-GDP,0.042,3,10,,3,s3_p10_NAA-GDP_l7_r3,fcf8b4f93626e8cf9603afe70c3a614f6523366181d2f4df2620ee6efbb41bdb,3ea87f4a1b7b84a26ee106434a73c8c3b1666cf072e5654900cb743a0c6ff2ae,a12dcb1ba4e2a21b6a4474c284e3079c1b8e06dc282072a6d2d3a684bd02794b,1a980269c1778978c64462bf76cf00949cd95e29e33d5066107809299e5dec35,p5_10,celeba-three-workers-v1,
0.8345070422535211,,,94.31533624700023,988babfb79a4be0620cf47d259d4da35f8fc07573e92f83a2e388003c17759ba,0.8348966613672496,caa86f237e43056408787c677572585176b7f771bfcba7cecd40feeb7dc79e4e,2026-09-06T15:35:00.597815+00:00,1,2.448728748000576,False,500.0,0.010168664405085341,8,0.148,NAA-GDP,0.048,3,5,,0,s3_p5_NAA-GDP_l8_r0,fcf8b4f93626e8cf9603afe70c3a614f6523366181d2f4df2620ee6efbb41bdb,3ea87f4a1b7b84a26ee106434a73c8c3b1666cf072e5654900cb743a0c6ff2ae,a12dcb1ba4e2a21b6a4474c284e3079c1b8e06dc282072a6d2d3a684bd02794b,1a980269c1778978c64462bf76cf00949cd95e29e33d5066107809299e5dec35,p5_10,celeba-three-workers-v1,
0.8309859154929577,,,186.10798759599857,988babfb79a4be0620cf47d259d4da35f8fc07573e92f83a2e388003c17759ba,0.8311903815580286,caa86f237e43056408787c677572585176b7f771bfcba7cecd40feeb7dc79e4e,2026-09-06T15:38:11.455852+00:00,1,4.479285526002059,False,500.0,0.025673558605156695,8,0.148,NAA-GDP,0.048,3,10,,0,s3_p10_NAA-GDP_l8_r0,fcf8b4f93626e8cf9603afe70c3a614f6523366181d2f4df2620ee6efbb41bdb,3ea87f4a1b7b84a26ee106434a73c8c3b1666cf072e5654900cb743a0c6ff2ae,a12dcb1ba4e2a21b6a4474c284e3079c1b8e06dc282072a6d2d3a684bd02794b,1a980269c1778978c64462bf76cf00949cd95e29e33d5066107809299e5dec35,p5_10,celeba-three-workers-v1,
0.8330985915492958,,,94.26915227599966,988babfb79a4be0620cf47d259d4da35f8fc07573e92f83a2e388003c17759ba,0.8327106518282988,caa86f237e43056408787c677572585176b7f771bfcba7cecd40feeb7dc79e4e,2026-09-06T15:39:49.370890+00:00,1,2.774630118998175,False,500.0,0.008715072765498483,8,0.159,NAA-GDP,0.048,3,5,,1,s3_p5_NAA-GDP_l8_r1,fcf8b4f93626e8cf9603afe70c3a614f6523366181d2f4df2620ee6efbb41bdb,3ea87f4a1b7b84a26ee106434a73c8c3b1666cf072e5654900cb743a0c6ff2ae,a12dcb1ba4e2a21b6a4474c284e3079c1b8e06dc282072a6d2d3a684bd02794b,1a980269c1778978c64462bf76cf00949cd95e29e33d5066107809299e5dec35,p5_10,celeba-three-workers-v1,
0.8373239436619718,,,185.9881211489992,988babfb79a4be0620cf47d259d4da35f8fc07573e92f83a2e388003c17759ba,0.83685413354531,caa86f237e43056408787c677572585176b7f771bfcba7cecd40feeb7dc79e4e,2026-09-06T15:42:59.712652+00:00,1,4.076703015998646,False,500.0,0.026223791089015236,8,0.159,NAA-GDP,0.048,3,10,,1,s3_p10_NAA-GDP_l8_r1,fcf8b4f93626e8cf9603afe70c3a614f6523366181d2f4df2620ee6efbb41bdb,3ea87f4a1b7b84a26ee106434a73c8c3b1666cf072e5654900cb743a0c6ff2ae,a12dcb1ba4e2a21b6a4474c284e3079c1b8e06dc282072a6d2d3a684bd02794b,1a980269c1778978c64462bf76cf00949cd95e29e33d5066107809299e5dec35,p5_10,celeba-three-workers-v1,
0.8401408450704225,,,94.21346231300049,988babfb79a4be0620cf47d259d4da35f8fc07573e92f83a2e388003c17759ba,0.840779014308426,caa86f237e43056408787c677572585176b7f771bfcba7cecd40feeb7dc79e4e,2026-09-06T15:44:37.281512+00:00,1,2.399567354001192,False,500.0,0.0063056292193646385,8,0.122,NAA-GDP,0.048,3,5,,2,s3_p5_NAA-GDP_l8_r2,fcf8b4f93626e8cf9603afe70c3a614f6523366181d2f4df2620ee6efbb41bdb,3ea87f4a1b7b84a26ee106434a73c8c3b1666cf072e5654900cb743a0c6ff2ae,a12dcb1ba4e2a21b6a4474c284e3079c1b8e06dc282072a6d2d3a684bd02794b,1a980269c1778978c64462bf76cf00949cd95e29e33d5066107809299e5dec35,p5_10,celeba-three-workers-v1,
0.8341549295774648,,,186.33481031300107,988babfb79a4be0620cf47d259d4da35f8fc07573e92f83a2e388003c17759ba,0.8348569157392687,caa86f237e43056408787c677572585176b7f771bfcba7cecd40feeb7dc79e4e,2026-09-06T15:47:47.578903+00:00,1,3.6819406489994435,False,500.0,0.015452980645325114,8,0.122,NAA-GDP,0.048,3,10,,2,s3_p10_NAA-GDP_l8_r2,fcf8b4f93626e8cf9603afe70c3a614f6523366181d2f4df2620ee6efbb41bdb,3ea87f4a1b7b84a26ee106434a73c8c3b1666cf072e5654900cb743a0c6ff2ae,a12dcb1ba4e2a21b6a4474c284e3079c1b8e06dc282072a6d2d3a684bd02794b,1a980269c1778978c64462bf76cf00949cd95e29e33d5066107809299e5dec35,p5_10,celeba-three-workers-v1,
0.8323943661971831,,,94.11952159700013,988babfb79a4be0620cf47d259d4da35f8fc07573e92f83a2e388003c17759ba,0.8317965023847377,caa86f237e43056408787c677572585176b7f771bfcba7cecd40feeb7dc79e4e,2026-09-06T15:49:24.878841+00:00,1,2.3134077539980353,False,500.0,0.004869716261269532,8,0.158,NAA-GDP,0.048,3,5,,3,s3_p5_NAA-GDP_l8_r3,fcf8b4f93626e8cf9603afe70c3a614f6523366181d2f4df2620ee6efbb41bdb,3ea87f4a1b7b84a26ee106434a73c8c3b1666cf072e5654900cb743a0c6ff2ae,a12dcb1ba4e2a21b6a4474c284e3079c1b8e06dc282072a6d2d3a684bd02794b,1a980269c1778978c64462bf76cf00949cd95e29e33d5066107809299e5dec35,p5_10,celeba-three-workers-v1,
0.8383802816901409,,,186.239006607997,988babfb79a4be0620cf47d259d4da35f8fc07573e92f83a2e388003c17759ba,0.8390003974562799,caa86f237e43056408787c677572585176b7f771bfcba7cecd40feeb7dc79e4e,2026-09-06T15:52:35.759719+00:00,1,4.376087863001885,False,500.0,0.021668906805854458,8,0.158,NAA-GDP,0.048,3,10,,3,s3_p10_NAA-GDP_l8_r3,fcf8b4f93626e8cf9603afe70c3a614f6523366181d2f4df2620ee6efbb41bdb,3ea87f4a1b7b84a26ee106434a73c8c3b1666cf072e5654900cb743a0c6ff2ae,a12dcb1ba4e2a21b6a4474c284e3079c1b8e06dc282072a6d2d3a684bd02794b,1a980269c1778978c64462bf76cf00949cd95e29e33d5066107809299e5dec35,p5_10,celeba-three-workers-v1,
0.8373239436619718,,,94.30152141199869,988babfb79a4be0620cf47d259d4da35f8fc07573e92f83a2e388003c17759ba,0.8350953895071542,caa86f237e43056408787c677572585176b7f771bfcba7cecd40feeb7dc79e4e,2026-09-06T15:54:12.877879+00:00,1,1.9281766080021043,False,500.0,0.007086472729020139,9,0.156,NAA-GDP,0.054,3,5,,0,s3_p5_NAA-GDP_l9_r0,fcf8b4f93626e8cf9603afe70c3a614f6523366181d2f4df2620ee6efbb41bdb,3ea87f4a1b7b84a26ee106434a73c8c3b1666cf072e5654900cb743a0c6ff2ae,a12dcb1ba4e2a21b6a4474c284e3079c1b8e06dc282072a6d2d3a684bd02794b,1a980269c1778978c64462bf76cf00949cd95e29e33d5066107809299e5dec35,p5_10,celeba-three-workers-v1,
0.8373239436619718,,,186.74300881399904,988babfb79a4be0620cf47d259d4da35f8fc07573e92f83a2e388003c17759ba,0.8371820349761526,caa86f237e43056408787c677572585176b7f771bfcba7cecd40feeb7dc79e4e,2026-09-06T15:57:24.407979+00:00,1,4.5207358920015395,False,500.0,0.024822450275775485,9,0.156,NAA-GDP,0.054,3,10,,0,s3_p10_NAA-GDP_l9_r0,fcf8b4f93626e8cf9603afe70c3a614f6523366181d2f4df2620ee6efbb41bdb,3ea87f4a1b7b84a26ee106434a73c8c3b1666cf072e5654900cb743a0c6ff2ae,a12dcb1ba4e2a21b6a4474c284e3079c1b8e06dc282072a6d2d3a684bd02794b,1a980269c1778978c64462bf76cf00949cd95e29e33d5066107809299e5dec35,p5_10,celeba-three-workers-v1,
0.8408450704225352,,,94.05019588399955,988babfb79a4be0620cf47d259d4da35f8fc07573e92f83a2e388003c17759ba,0.8407988871224166,caa86f237e43056408787c677572585176b7f771bfcba7cecd40feeb7dc79e4e,2026-09-06T15:59:02.535375+00:00,1,3.108043076001195,False,500.0,0.007326850149358589,9,0.137,NAA-GDP,0.054,3,5,,1,s3_p5_NAA-GDP_l9_r1,fcf8b4f93626e8cf9603afe70c3a614f6523366181d2f4df2620ee6efbb41bdb,3ea87f4a1b7b84a26ee106434a73c8c3b1666cf072e5654900cb743a0c6ff2ae,a12dcb1ba4e2a21b6a4474c284e3079c1b8e06dc282072a6d2d3a684bd02794b,1a980269c1778978c64462bf76cf00949cd95e29e33d5066107809299e5dec35,p5_10,celeba-three-workers-v1,
0.8274647887323944,,,186.66045743999712,988babfb79a4be0620cf47d259d4da35f8fc07573e92f83a2e388003c17759ba,0.8276331478537361,caa86f237e43056408787c677572585176b7f771bfcba7cecd40feeb7dc79e4e,2026-09-06T16:02:14.565986+00:00,1,5.104392730001564,False,500.0,0.017407444561588152,9,0.137,NAA-GDP,0.054,3,10,,1,s3_p10_NAA-GDP_l9_r1,fcf8b4f93626e8cf9603afe70c3a614f6523366181d2f4df2620ee6efbb41bdb,3ea87f4a1b7b84a26ee106434a73c8c3b1666cf072e5654900cb743a0c6ff2ae,a12dcb1ba4e2a21b6a4474c284e3079c1b8e06dc282072a6d2d3a684bd02794b,1a980269c1778978c64462bf76cf00949cd95e29e33d5066107809299e5dec35,p5_10,celeba-three-workers-v1,
0.8429577464788732,,,94.18881396999859,988babfb79a4be0620cf47d259d4da35f8fc07573e92f83a2e388003c17759ba,0.8415739268680444,caa86f237e43056408787c677572585176b7f771bfcba7cecd40feeb7dc79e4e,2026-09-06T16:03:52.514522+00:00,1,2.8944144119996054,False,500.0,0.010217480821300208,9,0.101,NAA-GDP,0.054,3,5,,2,s3_p5_NAA-GDP_l9_r2,fcf8b4f93626e8cf9603afe70c3a614f6523366181d2f4df2620ee6efbb41bdb,3ea87f4a1b7b84a26ee106434a73c8c3b1666cf072e5654900cb743a0c6ff2ae,a12dcb1ba4e2a21b6a4474c284e3079c1b8e06dc282072a6d2d3a684bd02794b,1a980269c1778978c64462bf76cf00949cd95e29e33d5066107809299e5dec35,p5_10,celeba-three-workers-v1,
0.8320422535211267,,,186.8335771790007,988babfb79a4be0620cf47d259d4da35f8fc07573e92f83a2e388003c17759ba,0.8318163751987282,caa86f237e43056408787c677572585176b7f771bfcba7cecd40feeb7dc79e4e,2026-09-06T16:07:03.558941+00:00,1,3.9352444789983565,False,500.0,0.023116996495255778,9,0.101,NAA-GDP,0.054,3,10,,2,s3_p10_NAA-GDP_l9_r2,fcf8b4f93626e8cf9603afe70c3a614f6523366181d2f4df2620ee6efbb41bdb,3ea87f4a1b7b84a26ee106434a73c8c3b1666cf072e5654900cb743a0c6ff2ae,a12dcb1ba4e2a21b6a4474c284e3079c1b8e06dc282072a6d2d3a684bd02794b,1a980269c1778978c64462bf76cf00949cd95e29e33d5066107809299e5dec35,p5_10,celeba-three-workers-v1,
0.8415492957746479,,,94.33866770900204,988babfb79a4be0620cf47d259d4da35f8fc07573e92f83a2e388003c17759ba,0.8409379968203498,caa86f237e43056408787c677572585176b7f771bfcba7cecd40feeb7dc79e4e,2026-09-06T16:08:41.700535+00:00,1,2.929507974000444,False,500.0,0.011310041174030977,9,0.119,NAA-GDP,0.054,3,5,,3,s3_p5_NAA-GDP_l9_r3,fcf8b4f93626e8cf9603afe70c3a614f6523366181d2f4df2620ee6efbb41bdb,3ea87f4a1b7b84a26ee106434a73c8c3b1666cf072e5654900cb743a0c6ff2ae,a12dcb1ba4e2a21b6a4474c284e3079c1b8e06dc282072a6d2d3a684bd02794b,1a980269c1778978c64462bf76cf00949cd95e29e33d5066107809299e5dec35,p5_10,celeba-three-workers-v1,
0.8323943661971831,,,186.60627303300134,988babfb79a4be0620cf47d259d4da35f8fc07573e92f83a2e388003c17759ba,0.8300675675675675,caa86f237e43056408787c677572585176b7f771bfcba7cecd40feeb7dc79e4e,2026-09-06T16:11:52.789381+00:00,1,4.212084686998423,False,500.0,0.018785221537989866,9,0.119,NAA-GDP,0.054,3,10,,3,s3_p10_NAA-GDP_l9_r3,fcf8b4f93626e8cf9603afe70c3a614f6523366181d2f4df2620ee6efbb41bdb,3ea87f4a1b7b84a26ee106434a73c8c3b1666cf072e5654900cb743a0c6ff2ae,a12dcb1ba4e2a21b6a4474c284e3079c1b8e06dc282072a6d2d3a684bd02794b,1a980269c1778978c64462bf76cf00949cd95e29e33d5066107809299e5dec35,p5_10,celeba-three-workers-v1,
0.8154929577464789,,,94.27486500600207,988babfb79a4be0620cf47d259d4da35f8fc07573e92f83a2e388003c17759ba,0.815818759936407,caa86f237e43056408787c677572585176b7f771bfcba7cecd40feeb7dc79e4e,2026-09-06T16:13:31.042419+00:00,1,3.004089426001883,False,500.0,0.009712980082923914,10,0.12,NAA-GDP,0.06,3,5,,0,s3_p5_NAA-GDP_l10_r0,fcf8b4f93626e8cf9603afe70c3a614f6523366181d2f4df2620ee6efbb41bdb,3ea87f4a1b7b84a26ee106434a73c8c3b1666cf072e5654900cb743a0c6ff2ae,a12dcb1ba4e2a21b6a4474c284e3079c1b8e06dc282072a6d2d3a684bd02794b,1a980269c1778978c64462bf76cf00949cd95e29e33d5066107809299e5dec35,p5_10,celeba-three-workers-v1,
0.828169014084507,,,186.78851878700152,988babfb79a4be0620cf47d259d4da35f8fc07573e92f83a2e388003c17759ba,0.8271760731319555,caa86f237e43056408787c677572585176b7f771bfcba7cecd40feeb7dc79e4e,2026-09-06T16:16:42.250660+00:00,1,4.153222201999597,False,500.0,0.02086079129803517,10,0.12,NAA-GDP,0.06,3,10,,0,s3_p10_NAA-GDP_l10_r0,fcf8b4f93626e8cf9603afe70c3a614f6523366181d2f4df2620ee6efbb41bdb,3ea87f4a1b7b84a26ee106434a73c8c3b1666cf072e5654900cb743a0c6ff2ae,a12dcb1ba4e2a21b6a4474c284e3079c1b8e06dc282072a6d2d3a684bd02794b,1a980269c1778978c64462bf76cf00949cd95e29e33d5066107809299e5dec35,p5_10,celeba-three-workers-v1,
0.8394366197183099,,,94.12662245899992,988babfb79a4be0620cf47d259d4da35f8fc07573e92f83a2e388003c17759ba,0.8379570747217806,caa86f237e43056408787c677572585176b7f771bfcba7cecd40feeb7dc79e4e,2026-09-06T16:18:19.839706+00:00,1,2.5802229800028726,False,500.0,0.013267899980521927,10,0.159,NAA-GDP,0.06,3,5,,1,s3_p5_NAA-GDP_l10_r1,fcf8b4f93626e8cf9603afe70c3a614f6523366181d2f4df2620ee6efbb41bdb,3ea87f4a1b7b84a26ee106434a73c8c3b1666cf072e5654900cb743a0c6ff2ae,a12dcb1ba4e2a21b6a4474c284e3079c1b8e06dc282072a6d2d3a684bd02794b,1a980269c1778978c64462bf76cf00949cd95e29e33d5066107809299e5dec35,p5_10,celeba-three-workers-v1,
0.8387323943661972,,,186.80282242799876,988babfb79a4be0620cf47d259d4da35f8fc07573e92f83a2e388003c17759ba,0.8381160572337043,caa86f237e43056408787c677572585176b7f771bfcba7cecd40feeb7dc79e4e,2026-09-06T16:21:34.831292+00:00,1,7.920620045002579,False,500.0,0.023945350375631703,10,0.159,NAA-GDP,0.06,3,10,,1,s3_p10_NAA-GDP_l10_r1,fcf8b4f93626e8cf9603afe70c3a614f6523366181d2f4df2620ee6efbb41bdb,3ea87f4a1b7b84a26ee106434a73c8c3b1666cf072e5654900cb743a0c6ff2ae,a12dcb1ba4e2a21b6a4474c284e3079c1b8e06dc282072a6d2d3a684bd02794b,1a980269c1778978c64462bf76cf00949cd95e29e33d5066107809299e5dec35,p5_10,celeba-three-workers-v1,
0.8366197183098592,,,94.23875756900088,988babfb79a4be0620cf47d259d4da35f8fc07573e92f83a2e388003c17759ba,0.8349562798092209,caa86f237e43056408787c677572585176b7f771bfcba7cecd40feeb7dc79e4e,2026-09-06T16:23:11.907624+00:00,1,1.9594993690006959,False,500.0,0.010148481568815875,10,0.108,NAA-GDP,0.06,3,5,,2,s3_p5_NAA-GDP_l10_r2,fcf8b4f93626e8cf9603afe70c3a614f6523366181d2f4df2620ee6efbb41bdb,3ea87f4a1b7b84a26ee106434a73c8c3b1666cf072e5654900cb743a0c6ff2ae,a12dcb1ba4e2a21b6a4474c284e3079c1b8e06dc282072a6d2d3a684bd02794b,1a980269c1778978c64462bf76cf00949cd95e29e33d5066107809299e5dec35,p5_10,celeba-three-workers-v1,
0.8232394366197183,,,186.904874292999,988babfb79a4be0620cf47d259d4da35f8fc07573e92f83a2e388003c17759ba,0.823489666136725,caa86f237e43056408787c677572585176b7f771bfcba7cecd40feeb7dc79e4e,2026-09-06T16:26:24.140487+00:00,1,5.063214256999345,False,500.0,0.02580999618913823,10,0.108,NAA-GDP,0.06,3,10,,2,s3_p10_NAA-GDP_l10_r2,fcf8b4f93626e8cf9603afe70c3a614f6523366181d2f4df2620ee6efbb41bdb,3ea87f4a1b7b84a26ee106434a73c8c3b1666cf072e5654900cb743a0c6ff2ae,a12dcb1ba4e2a21b6a4474c284e3079c1b8e06dc282072a6d2d3a684bd02794b,1a980269c1778978c64462bf76cf00949cd95e29e33d5066107809299e5dec35,p5_10,celeba-three-workers-v1,
0.8309859154929577,,,94.42058164300033,988babfb79a4be0620cf47d259d4da35f8fc07573e92f83a2e388003c17759ba,0.8285373608903022,caa86f237e43056408787c677572585176b7f771bfcba7cecd40feeb7dc79e4e,2026-09-06T16:28:02.183992+00:00,1,2.6558368879996124,False,500.0,0.01190181479495954,10,0.12,NAA-GDP,0.06,3,5,,3,s3_p5_NAA-GDP_l10_r3,fcf8b4f93626e8cf9603afe70c3a614f6523366181d2f4df2620ee6efbb41bdb,3ea87f4a1b7b84a26ee106434a73c8c3b1666cf072e5654900cb743a0c6ff2ae,a12dcb1ba4e2a21b6a4474c284e3079c1b8e06dc282072a6d2d3a684bd02794b,1a980269c1778978c64462bf76cf00949cd95e29e33d5066107809299e5dec35,p5_10,celeba-three-workers-v1,
0.8348591549295775,,,186.88776119600152,988babfb79a4be0620cf47d259d4da35f8fc07573e92f83a2e388003c17759ba,0.8340421303656598,caa86f237e43056408787c677572585176b7f771bfcba7cecd40feeb7dc79e4e,2026-09-06T16:31:13.699203+00:00,1,4.3641914109975914,False,500.0,0.022408208418325908,10,0.12,NAA-GDP,0.06,3,10,,3,s3_p10_NAA-GDP_l10_r3,fcf8b4f93626e8cf9603afe70c3a614f6523366181d2f4df2620ee6efbb41bdb,3ea87f4a1b7b84a26ee106434a73c8c3b1666cf072e5654900cb743a0c6ff2ae,a12dcb1ba4e2a21b6a4474c284e3079c1b8e06dc282072a6d2d3a684bd02794b,1a980269c1778978c64462bf76cf00949cd95e29e33d5066107809299e5dec35,p5_10,celeba-three-workers-v1,
0.8630281690140845,,,0.0,988babfb79a4be0620cf47d259d4da35f8fc07573e92f83a2e388003c17759ba,0.8635433227344992,caa86f237e43056408787c677572585176b7f771bfcba7cecd40feeb7dc79e4e,2026-09-06T16:31:18.014511+00:00,1,4.05515103200014,,,,1,0.59,C-GDP-private-noise,0.3,3,10,,0,s3_p10_C-GDP-private-noise_l1_r0,fcf8b4f93626e8cf9603afe70c3a614f6523366181d2f4df2620ee6efbb41bdb,3ea87f4a1b7b84a26ee106434a73c8c3b1666cf072e5654900cb743a0c6ff2ae,a12dcb1ba4e2a21b6a4474c284e3079c1b8e06dc282072a6d2d3a684bd02794b,1a980269c1778978c64462bf76cf00949cd95e29e33d5066107809299e5dec35,p5_10,celeba-three-workers-v1,
0.8623239436619718,,,0.0,988babfb79a4be0620cf47d259d4da35f8fc07573e92f83a2e388003c17759ba,0.8620329888712241,caa86f237e43056408787c677572585176b7f771bfcba7cecd40feeb7dc79e4e,2026-09-06T16:31:22.191336+00:00,1,3.9145899940012896,,,,1,0.623,C-GDP-private-noise,0.3,3,10,,1,s3_p10_C-GDP-private-noise_l1_r1,fcf8b4f93626e8cf9603afe70c3a614f6523366181d2f4df2620ee6efbb41bdb,3ea87f4a1b7b84a26ee106434a73c8c3b1666cf072e5654900cb743a0c6ff2ae,a12dcb1ba4e2a21b6a4474c284e3079c1b8e06dc282072a6d2d3a684bd02794b,1a980269c1778978c64462bf76cf00949cd95e29e33d5066107809299e5dec35,p5_10,celeba-three-workers-v1,
0.8630281690140845,,,0.0,988babfb79a4be0620cf47d259d4da35f8fc07573e92f83a2e388003c17759ba,0.8618441971383148,caa86f237e43056408787c677572585176b7f771bfcba7cecd40feeb7dc79e4e,2026-09-06T16:31:27.351103+00:00,1,4.9220868529992,,,,1,0.6,C-GDP-private-noise,0.3,3,10,,2,s3_p10_C-GDP-private-noise_l1_r2,fcf8b4f93626e8cf9603afe70c3a614f6523366181d2f4df2620ee6efbb41bdb,3ea87f4a1b7b84a26ee106434a73c8c3b1666cf072e5654900cb743a0c6ff2ae,a12dcb1ba4e2a21b6a4474c284e3079c1b8e06dc282072a6d2d3a684bd02794b,1a980269c1778978c64462bf76cf00949cd95e29e33d5066107809299e5dec35,p5_10,celeba-three-workers-v1,
0.8626760563380281,,,0.0,988babfb79a4be0620cf47d259d4da35f8fc07573e92f83a2e388003c17759ba,0.8636526232114468,caa86f237e43056408787c677572585176b7f771bfcba7cecd40feeb7dc79e4e,2026-09-06T16:31:30.491853+00:00,1,2.891442256997834,,,,1,0.621,C-GDP-private-noise,0.3,3,10,,3,s3_p10_C-GDP-private-noise_l1_r3,fcf8b4f93626e8cf9603afe70c3a614f6523366181d2f4df2620ee6efbb41bdb,3ea87f4a1b7b84a26ee106434a73c8c3b1666cf072e5654900cb743a0c6ff2ae,a12dcb1ba4e2a21b6a4474c284e3079c1b8e06dc282072a6d2d3a684bd02794b,1a980269c1778978c64462bf76cf00949cd95e29e33d5066107809299e5dec35,p5_10,celeba-three-workers-v1,
0.8144366197183098,,,0.0,988babfb79a4be0620cf47d259d4da35f8fc07573e92f83a2e388003c17759ba,0.8123310810810811,caa86f237e43056408787c677572585176b7f771bfcba7cecd40feeb7dc79e4e,2026-09-06T16:31:32.844077+00:00,1,2.091237215001456,,,,2,0.417,C-GDP-private-noise,0.6,3,10,,0,s3_p10_C-GDP-private-noise_l2_r0,fcf8b4f93626e8cf9603afe70c3a614f6523366181d2f4df2620ee6efbb41bdb,3ea87f4a1b7b84a26ee106434a73c8c3b1666cf072e5654900cb743a0c6ff2ae,a12dcb1ba4e2a21b6a4474c284e3079c1b8e06dc282072a6d2d3a684bd02794b,1a980269c1778978c64462bf76cf00949cd95e29e33d5066107809299e5dec35,p5_10,celeba-three-workers-v1,
0.8126760563380282,,,0.0,988babfb79a4be0620cf47d259d4da35f8fc07573e92f83a2e388003c17759ba,0.8143680445151034,caa86f237e43056408787c677572585176b7f771bfcba7cecd40feeb7dc79e4e,2026-09-06T16:31:36.420093+00:00,1,3.334365162998438,,,,2,0.382,C-GDP-private-noise,0.6,3,10,,1,s3_p10_C-GDP-private-noise_l2_r1,fcf8b4f93626e8cf9603afe70c3a614f6523366181d2f4df2620ee6efbb41bdb,3ea87f4a1b7b84a26ee106434a73c8c3b1666cf072e5654900cb743a0c6ff2ae,a12dcb1ba4e2a21b6a4474c284e3079c1b8e06dc282072a6d2d3a684bd02794b,1a980269c1778978c64462bf76cf00949cd95e29e33d5066107809299e5dec35,p5_10,celeba-three-workers-v1,
0.8228873239436619,,,0.0,988babfb79a4be0620cf47d259d4da35f8fc07573e92f83a2e388003c17759ba,0.8232710651828299,caa86f237e43056408787c677572585176b7f771bfcba7cecd40feeb7dc79e4e,2026-09-06T16:31:40.633045+00:00,1,3.9624401119981485,,,,2,0.435,C-GDP-private-noise,0.6,3,10,,2,s3_p10_C-GDP-private-noise_l2_r2,fcf8b4f93626e8cf9603afe70c3a614f6523366181d2f4df2620ee6efbb41bdb,3ea87f4a1b7b84a26ee106434a73c8c3b1666cf072e5654900cb743a0c6ff2ae,a12dcb1ba4e2a21b6a4474c284e3079c1b8e06dc282072a6d2d3a684bd02794b,1a980269c1778978c64462bf76cf00949cd95e29e33d5066107809299e5dec35,p5_10,celeba-three-workers-v1,
0.8338028169014085,,,0.0,988babfb79a4be0620cf47d259d4da35f8fc07573e92f83a2e388003c17759ba,0.8341613672496025,caa86f237e43056408787c677572585176b7f771bfcba7cecd40feeb7dc79e4e,2026-09-06T16:31:44.886100+00:00,1,3.974901741999929,,,,2,0.452,C-GDP-private-noise,0.6,3,10,,3,s3_p10_C-GDP-private-noise_l2_r3,fcf8b4f93626e8cf9603afe70c3a614f6523366181d2f4df2620ee6efbb41bdb,3ea87f4a1b7b84a26ee106434a73c8c3b1666cf072e5654900cb743a0c6ff2ae,a12dcb1ba4e2a21b6a4474c284e3079c1b8e06dc282072a6d2d3a684bd02794b,1a980269c1778978c64462bf76cf00949cd95e29e33d5066107809299e5dec35,p5_10,celeba-three-workers-v1,
0.7894366197183098,,,0.0,988babfb79a4be0620cf47d259d4da35f8fc07573e92f83a2e388003c17759ba,0.7900735294117647,caa86f237e43056408787c677572585176b7f771bfcba7cecd40feeb7dc79e4e,2026-09-06T16:31:48.370659+00:00,1,3.246927723997942,,,,3,0.285,C-GDP-private-noise,0.9,3,10,,0,s3_p10_C-GDP-private-noise_l3_r0,fcf8b4f93626e8cf9603afe70c3a614f6523366181d2f4df2620ee6efbb41bdb,3ea87f4a1b7b84a26ee106434a73c8c3b1666cf072e5654900cb743a0c6ff2ae,a12dcb1ba4e2a21b6a4474c284e3079c1b8e06dc282072a6d2d3a684bd02794b,1a980269c1778978c64462bf76cf00949cd95e29e33d5066107809299e5dec35,p5_10,celeba-three-workers-v1,
0.7848591549295775,,,0.0,988babfb79a4be0620cf47d259d4da35f8fc07573e92f83a2e388003c17759ba,0.7844296502384738,caa86f237e43056408787c677572585176b7f771bfcba7cecd40feeb7dc79e4e,2026-09-06T16:31:52.618545+00:00,1,4.005816030999995,,,,3,0.336,C-GDP-private-noise,0.9,3,10,,1,s3_p10_C-GDP-private-noise_l3_r1,fcf8b4f93626e8cf9603afe70c3a614f6523366181d2f4df2620ee6efbb41bdb,3ea87f4a1b7b84a26ee106434a73c8c3b1666cf072e5654900cb743a0c6ff2ae,a12dcb1ba4e2a21b6a4474c284e3079c1b8e06dc282072a6d2d3a684bd02794b,1a980269c1778978c64462bf76cf00949cd95e29e33d5066107809299e5dec35,p5_10,celeba-three-workers-v1,
0.7901408450704225,,,0.0,988babfb79a4be0620cf47d259d4da35f8fc07573e92f83a2e388003c17759ba,0.7893481717011128,caa86f237e43056408787c677572585176b7f771bfcba7cecd40feeb7dc79e4e,2026-09-06T16:31:55.900203+00:00,1,3.004649120000977,,,,3,0.306,C-GDP-private-noise,0.9,3,10,,2,s3_p10_C-GDP-private-noise_l3_r2,fcf8b4f93626e8cf9603afe70c3a614f6523366181d2f4df2620ee6efbb41bdb,3ea87f4a1b7b84a26ee106434a73c8c3b1666cf072e5654900cb743a0c6ff2ae,a12dcb1ba4e2a21b6a4474c284e3079c1b8e06dc282072a6d2d3a684bd02794b,1a980269c1778978c64462bf76cf00949cd95e29e33d5066107809299e5dec35,p5_10,celeba-three-workers-v1,
0.7876760563380282,,,0.0,988babfb79a4be0620cf47d259d4da35f8fc07573e92f83a2e388003c17759ba,0.7881160572337043,caa86f237e43056408787c677572585176b7f771bfcba7cecd40feeb7dc79e4e,2026-09-06T16:31:59.239353+00:00,1,3.097377318998042,,,,3,0.303,C-GDP-private-noise,0.9,3,10,,3,s3_p10_C-GDP-private-noise_l3_r3,fcf8b4f93626e8cf9603afe70c3a614f6523366181d2f4df2620ee6efbb41bdb,3ea87f4a1b7b84a26ee106434a73c8c3b1666cf072e5654900cb743a0c6ff2ae,a12dcb1ba4e2a21b6a4474c284e3079c1b8e06dc282072a6d2d3a684bd02794b,1a980269c1778978c64462bf76cf00949cd95e29e33d5066107809299e5dec35,p5_10,celeba-three-workers-v1,
0.7647887323943662,,,0.0,988babfb79a4be0620cf47d259d4da35f8fc07573e92f83a2e388003c17759ba,0.7630266295707473,caa86f237e43056408787c677572585176b7f771bfcba7cecd40feeb7dc79e4e,2026-09-06T16:32:02.039645+00:00,1,2.562974729000416,,,,4,0.22,C-GDP-private-noise,1.2,3,10,,0,s3_p10_C-GDP-private-noise_l4_r0,fcf8b4f93626e8cf9603afe70c3a614f6523366181d2f4df2620ee6efbb41bdb,3ea87f4a1b7b84a26ee106434a73c8c3b1666cf072e5654900cb743a0c6ff2ae,a12dcb1ba4e2a21b6a4474c284e3079c1b8e06dc282072a6d2d3a684bd02794b,1a980269c1778978c64462bf76cf00949cd95e29e33d5066107809299e5dec35,p5_10,celeba-three-workers-v1,
0.7647887323943662,,,0.0,988babfb79a4be0620cf47d259d4da35f8fc07573e92f83a2e388003c17759ba,0.7642488076311605,caa86f237e43056408787c677572585176b7f771bfcba7cecd40feeb7dc79e4e,2026-09-06T16:32:05.375686+00:00,1,3.0581046380029875,,,,4,0.229,C-GDP-private-noise,1.2,3,10,,1,s3_p10_C-GDP-private-noise_l4_r1,fcf8b4f93626e8cf9603afe70c3a614f6523366181d2f4df2620ee6efbb41bdb,3ea87f4a1b7b84a26ee106434a73c8c3b1666cf072e5654900cb743a0c6ff2ae,a12dcb1ba4e2a21b6a4474c284e3079c1b8e06dc282072a6d2d3a684bd02794b,1a980269c1778978c64462bf76cf00949cd95e29e33d5066107809299e5dec35,p5_10,celeba-three-workers-v1,
0.7746478873239436,,,0.0,988babfb79a4be0620cf47d259d4da35f8fc07573e92f83a2e388003c17759ba,0.7751987281399046,caa86f237e43056408787c677572585176b7f771bfcba7cecd40feeb7dc79e4e,2026-09-06T16:32:08.342956+00:00,1,2.7276222500004224,,,,4,0.25,C-GDP-private-noise,1.2,3,10,,2,s3_p10_C-GDP-private-noise_l4_r2,fcf8b4f93626e8cf9603afe70c3a614f6523366181d2f4df2620ee6efbb41bdb,3ea87f4a1b7b84a26ee106434a73c8c3b1666cf072e5654900cb743a0c6ff2ae,a12dcb1ba4e2a21b6a4474c284e3079c1b8e06dc282072a6d2d3a684bd02794b,1a980269c1778978c64462bf76cf00949cd95e29e33d5066107809299e5dec35,p5_10,celeba-three-workers-v1,
0.7651408450704226,,,0.0,988babfb79a4be0620cf47d259d4da35f8fc07573e92f83a2e388003c17759ba,0.7628279014308426,caa86f237e43056408787c677572585176b7f771bfcba7cecd40feeb7dc79e4e,2026-09-06T16:32:11.095481+00:00,1,2.515867910002271,,,,4,0.247,C-GDP-private-noise,1.2,3,10,,3,s3_p10_C-GDP-private-noise_l4_r3,fcf8b4f93626e8cf9603afe70c3a614f6523366181d2f4df2620ee6efbb41bdb,3ea87f4a1b7b84a26ee106434a73c8c3b1666cf072e5654900cb743a0c6ff2ae,a12dcb1ba4e2a21b6a4474c284e3079c1b8e06dc282072a6d2d3a684bd02794b,1a980269c1778978c64462bf76cf00949cd95e29e33d5066107809299e5dec35,p5_10,celeba-three-workers-v1,
0.7492957746478873,,,0.0,988babfb79a4be0620cf47d259d4da35f8fc07573e92f83a2e388003c17759ba,0.7502186009538951,caa86f237e43056408787c677572585176b7f771bfcba7cecd40feeb7dc79e4e,2026-09-06T16:32:13.898391+00:00,1,2.528193335998367,,,,5,0.172,C-GDP-private-noise,1.5,3,10,,0,s3_p10_C-GDP-private-noise_l5_r0,fcf8b4f93626e8cf9603afe70c3a614f6523366181d2f4df2620ee6efbb41bdb,3ea87f4a1b7b84a26ee106434a73c8c3b1666cf072e5654900cb743a0c6ff2ae,a12dcb1ba4e2a21b6a4474c284e3079c1b8e06dc282072a6d2d3a684bd02794b,1a980269c1778978c64462bf76cf00949cd95e29e33d5066107809299e5dec35,p5_10,celeba-three-workers-v1,
0.7330985915492958,,,0.0,988babfb79a4be0620cf47d259d4da35f8fc07573e92f83a2e388003c17759ba,0.7346482511923689,caa86f237e43056408787c677572585176b7f771bfcba7cecd40feeb7dc79e4e,2026-09-06T16:32:16.578467+00:00,1,2.4228972929995507,,,,5,0.178,C-GDP-private-noise,1.5,3,10,,1,s3_p10_C-GDP-private-noise_l5_r1,fcf8b4f93626e8cf9603afe70c3a614f6523366181d2f4df2620ee6efbb41bdb,3ea87f4a1b7b84a26ee106434a73c8c3b1666cf072e5654900cb743a0c6ff2ae,a12dcb1ba4e2a21b6a4474c284e3079c1b8e06dc282072a6d2d3a684bd02794b,1a980269c1778978c64462bf76cf00949cd95e29e33d5066107809299e5dec35,p5_10,celeba-three-workers-v1,
0.7285211267605634,,,0.0,988babfb79a4be0620cf47d259d4da35f8fc07573e92f83a2e388003c17759ba,0.7273052464228935,caa86f237e43056408787c677572585176b7f771bfcba7cecd40feeb7dc79e4e,2026-09-06T16:32:19.019581+00:00,1,2.202963285999431,,,,5,0.181,C-GDP-private-noise,1.5,3,10,,2,s3_p10_C-GDP-private-noise_l5_r2,fcf8b4f93626e8cf9603afe70c3a614f6523366181d2f4df2620ee6efbb41bdb,3ea87f4a1b7b84a26ee106434a73c8c3b1666cf072e5654900cb743a0c6ff2ae,a12dcb1ba4e2a21b6a4474c284e3079c1b8e06dc282072a6d2d3a684bd02794b,1a980269c1778978c64462bf76cf00949cd95e29e33d5066107809299e5dec35,p5_10,celeba-three-workers-v1,
0.7274647887323944,,,0.0,988babfb79a4be0620cf47d259d4da35f8fc07573e92f83a2e388003c17759ba,0.7268879173290939,caa86f237e43056408787c677572585176b7f771bfcba7cecd40feeb7dc79e4e,2026-09-06T16:32:21.494792+00:00,1,2.212758956000471,,,,5,0.231,C-GDP-private-noise,1.5,3,10,,3,s3_p10_C-GDP-private-noise_l5_r3,fcf8b4f93626e8cf9603afe70c3a614f6523366181d2f4df2620ee6efbb41bdb,3ea87f4a1b7b84a26ee106434a73c8c3b1666cf072e5654900cb743a0c6ff2ae,a12dcb1ba4e2a21b6a4474c284e3079c1b8e06dc282072a6d2d3a684bd02794b,1a980269c1778978c64462bf76cf00949cd95e29e33d5066107809299e5dec35,p5_10,celeba-three-workers-v1,
0.7214788732394366,,,0.0,988babfb79a4be0620cf47d259d4da35f8fc07573e92f83a2e388003c17759ba,0.7194157392686804,caa86f237e43056408787c677572585176b7f771bfcba7cecd40feeb7dc79e4e,2026-09-06T16:32:23.989210+00:00,1,2.24005411699909,,,,6,0.183,C-GDP-private-noise,1.8,3,10,,0,s3_p10_C-GDP-private-noise_l6_r0,fcf8b4f93626e8cf9603afe70c3a614f6523366181d2f4df2620ee6efbb41bdb,3ea87f4a1b7b84a26ee106434a73c8c3b1666cf072e5654900cb743a0c6ff2ae,a12dcb1ba4e2a21b6a4474c284e3079c1b8e06dc282072a6d2d3a684bd02794b,1a980269c1778978c64462bf76cf00949cd95e29e33d5066107809299e5dec35,p5_10,celeba-three-workers-v1,
0.704225352112676,,,0.0,988babfb79a4be0620cf47d259d4da35f8fc07573e92f83a2e388003c17759ba,0.7045310015898252,caa86f237e43056408787c677572585176b7f771bfcba7cecd40feeb7dc79e4e,2026-09-06T16:32:26.623397+00:00,1,2.389754292998987,,,,6,0.159,C-GDP-private-noise,1.8,3,10,,1,s3_p10_C-GDP-private-noise_l6_r1,fcf8b4f93626e8cf9603afe70c3a614f6523366181d2f4df2620ee6efbb41bdb,3ea87f4a1b7b84a26ee106434a73c8c3b1666cf072e5654900cb743a0c6ff2ae,a12dcb1ba4e2a21b6a4474c284e3079c1b8e06dc282072a6d2d3a684bd02794b,1a980269c1778978c64462bf76cf00949cd95e29e33d5066107809299e5dec35,p5_10,celeba-three-workers-v1,
0.7126760563380282,,,0.0,988babfb79a4be0620cf47d259d4da35f8fc07573e92f83a2e388003c17759ba,0.7099860890302068,caa86f237e43056408787c677572585176b7f771bfcba7cecd40feeb7dc79e4e,2026-09-06T16:32:29.639401+00:00,1,2.74697260800167,,,,6,0.134,C-GDP-private-noise,1.8,3,10,,2,s3_p10_C-GDP-private-noise_l6_r2,fcf8b4f93626e8cf9603afe70c3a614f6523366181d2f4df2620ee6efbb41bdb,3ea87f4a1b7b84a26ee106434a73c8c3b1666cf072e5654900cb743a0c6ff2ae,a12dcb1ba4e2a21b6a4474c284e3079c1b8e06dc282072a6d2d3a684bd02794b,1a980269c1778978c64462bf76cf00949cd95e29e33d5066107809299e5dec35,p5_10,celeba-three-workers-v1,
0.6936619718309859,,,0.0,988babfb79a4be0620cf47d259d4da35f8fc07573e92f83a2e388003c17759ba,0.6966315580286169,caa86f237e43056408787c677572585176b7f771bfcba7cecd40feeb7dc79e4e,2026-09-06T16:32:32.130749+00:00,1,2.2410082739988866,,,,6,0.203,C-GDP-private-noise,1.8,3,10,,3,s3_p10_C-GDP-private-noise_l6_r3,fcf8b4f93626e8cf9603afe70c3a614f6523366181d2f4df2620ee6efbb41bdb,3ea87f4a1b7b84a26ee106434a73c8c3b1666cf072e5654900cb743a0c6ff2ae,a12dcb1ba4e2a21b6a4474c284e3079c1b8e06dc282072a6d2d3a684bd02794b,1a980269c1778978c64462bf76cf00949cd95e29e33d5066107809299e5dec35,p5_10,celeba-three-workers-v1,
0.6904929577464789,,,0.0,988babfb79a4be0620cf47d259d4da35f8fc07573e92f83a2e388003c17759ba,0.6885532591414945,caa86f237e43056408787c677572585176b7f771bfcba7cecd40feeb7dc79e4e,2026-09-06T16:32:34.619590+00:00,1,2.2490930240019225,,,,7,0.112,C-GDP-private-noise,2.1,3,10,,0,s3_p10_C-GDP-private-noise_l7_r0,fcf8b4f93626e8cf9603afe70c3a614f6523366181d2f4df2620ee6efbb41bdb,3ea87f4a1b7b84a26ee106434a73c8c3b1666cf072e5654900cb743a0c6ff2ae,a12dcb1ba4e2a21b6a4474c284e3079c1b8e06dc282072a6d2d3a684bd02794b,1a980269c1778978c64462bf76cf00949cd95e29e33d5066107809299e5dec35,p5_10,celeba-three-workers-v1,
0.702112676056338,,,0.0,988babfb79a4be0620cf47d259d4da35f8fc07573e92f83a2e388003c17759ba,0.7014606518282989,caa86f237e43056408787c677572585176b7f771bfcba7cecd40feeb7dc79e4e,2026-09-06T16:32:37.100530+00:00,1,2.218460664000304,,,,7,0.153,C-GDP-private-noise,2.1,3,10,,1,s3_p10_C-GDP-private-noise_l7_r1,fcf8b4f93626e8cf9603afe70c3a614f6523366181d2f4df2620ee6efbb41bdb,3ea87f4a1b7b84a26ee106434a73c8c3b1666cf072e5654900cb743a0c6ff2ae,a12dcb1ba4e2a21b6a4474c284e3079c1b8e06dc282072a6d2d3a684bd02794b,1a980269c1778978c64462bf76cf00949cd95e29e33d5066107809299e5dec35,p5_10,celeba-three-workers-v1,
0.678169014084507,,,0.0,988babfb79a4be0620cf47d259d4da35f8fc07573e92f83a2e388003c17759ba,0.6802166136724961,caa86f237e43056408787c677572585176b7f771bfcba7cecd40feeb7dc79e4e,2026-09-06T16:32:39.525367+00:00,1,2.1825165879999986,,,,7,0.174,C-GDP-private-noise,2.1,3,10,,2,s3_p10_C-GDP-private-noise_l7_r2,fcf8b4f93626e8cf9603afe70c3a614f6523366181d2f4df2620ee6efbb41bdb,3ea87f4a1b7b84a26ee106434a73c8c3b1666cf072e5654900cb743a0c6ff2ae,a12dcb1ba4e2a21b6a4474c284e3079c1b8e06dc282072a6d2d3a684bd02794b,1a980269c1778978c64462bf76cf00949cd95e29e33d5066107809299e5dec35,p5_10,celeba-three-workers-v1,
0.6866197183098591,,,0.0,988babfb79a4be0620cf47d259d4da35f8fc07573e92f83a2e388003c17759ba,0.6825715421303657,caa86f237e43056408787c677572585176b7f771bfcba7cecd40feeb7dc79e4e,2026-09-06T16:32:41.910564+00:00,1,2.1282594069998595,,,,7,0.186,C-GDP-private-noise,2.1,3,10,,3,s3_p10_C-GDP-private-noise_l7_r3,fcf8b4f93626e8cf9603afe70c3a614f6523366181d2f4df2620ee6efbb41bdb,3ea87f4a1b7b84a26ee106434a73c8c3b1666cf072e5654900cb743a0c6ff2ae,a12dcb1ba4e2a21b6a4474c284e3079c1b8e06dc282072a6d2d3a684bd02794b,1a980269c1778978c64462bf76cf00949cd95e29e33d5066107809299e5dec35,p5_10,celeba-three-workers-v1,
0.6894366197183098,,,0.0,988babfb79a4be0620cf47d259d4da35f8fc07573e92f83a2e388003c17759ba,0.6900139109697934,caa86f237e43056408787c677572585176b7f771bfcba7cecd40feeb7dc79e4e,2026-09-06T16:32:44.097383+00:00,1,1.9240275420015678,,,,8,0.115,C-GDP-private-noise,2.4,3,10,,0,s3_p10_C-GDP-private-noise_l8_r0,fcf8b4f93626e8cf9603afe70c3a614f6523366181d2f4df2620ee6efbb41bdb,3ea87f4a1b7b84a26ee106434a73c8c3b1666cf072e5654900cb743a0c6ff2ae,a12dcb1ba4e2a21b6a4474c284e3079c1b8e06dc282072a6d2d3a684bd02794b,1a980269c1778978c64462bf76cf00949cd95e29e33d5066107809299e5dec35,p5_10,celeba-three-workers-v1,
0.6714788732394367,,,0.0,988babfb79a4be0620cf47d259d4da35f8fc07573e92f83a2e388003c17759ba,0.6700119236883942,caa86f237e43056408787c677572585176b7f771bfcba7cecd40feeb7dc79e4e,2026-09-06T16:32:46.382636+00:00,1,2.04661397900054,,,,8,0.16,C-GDP-private-noise,2.4,3,10,,1,s3_p10_C-GDP-private-noise_l8_r1,fcf8b4f93626e8cf9603afe70c3a614f6523366181d2f4df2620ee6efbb41bdb,3ea87f4a1b7b84a26ee106434a73c8c3b1666cf072e5654900cb743a0c6ff2ae,a12dcb1ba4e2a21b6a4474c284e3079c1b8e06dc282072a6d2d3a684bd02794b,1a980269c1778978c64462bf76cf00949cd95e29e33d5066107809299e5dec35,p5_10,celeba-three-workers-v1,
0.6806338028169014,,,0.0,988babfb79a4be0620cf47d259d4da35f8fc07573e92f83a2e388003c17759ba,0.675904213036566,caa86f237e43056408787c677572585176b7f771bfcba7cecd40feeb7dc79e4e,2026-09-06T16:32:48.805027+00:00,1,2.1670703169984336,,,,8,0.18,C-GDP-private-noise,2.4,3,10,,2,s3_p10_C-GDP-private-noise_l8_r2,fcf8b4f93626e8cf9603afe70c3a614f6523366181d2f4df2620ee6efbb41bdb,3ea87f4a1b7b84a26ee106434a73c8c3b1666cf072e5654900cb743a0c6ff2ae,a12dcb1ba4e2a21b6a4474c284e3079c1b8e06dc282072a6d2d3a684bd02794b,1a980269c1778978c64462bf76cf00949cd95e29e33d5066107809299e5dec35,p5_10,celeba-three-workers-v1,
0.672887323943662,,,0.0,988babfb79a4be0620cf47d259d4da35f8fc07573e92f83a2e388003c17759ba,0.6740162957074722,caa86f237e43056408787c677572585176b7f771bfcba7cecd40feeb7dc79e4e,2026-09-06T16:32:51.264461+00:00,1,2.1936174779984867,,,,8,0.152,C-GDP-private-noise,2.4,3,10,,3,s3_p10_C-GDP-private-noise_l8_r3,fcf8b4f93626e8cf9603afe70c3a614f6523366181d2f4df2620ee6efbb41bdb,3ea87f4a1b7b84a26ee106434a73c8c3b1666cf072e5654900cb743a0c6ff2ae,a12dcb1ba4e2a21b6a4474c284e3079c1b8e06dc282072a6d2d3a684bd02794b,1a980269c1778978c64462bf76cf00949cd95e29e33d5066107809299e5dec35,p5_10,celeba-three-workers-v1,
0.652112676056338,,,0.0,988babfb79a4be0620cf47d259d4da35f8fc07573e92f83a2e388003c17759ba,0.6538751987281399,caa86f237e43056408787c677572585176b7f771bfcba7cecd40feeb7dc79e4e,2026-09-06T16:32:53.600514+00:00,1,2.0966536840023764,,,,9,0.14,C-GDP-private-noise,2.7,3,10,,0,s3_p10_C-GDP-private-noise_l9_r0,fcf8b4f93626e8cf9603afe70c3a614f6523366181d2f4df2620ee6efbb41bdb,3ea87f4a1b7b84a26ee106434a73c8c3b1666cf072e5654900cb743a0c6ff2ae,a12dcb1ba4e2a21b6a4474c284e3079c1b8e06dc282072a6d2d3a684bd02794b,1a980269c1778978c64462bf76cf00949cd95e29e33d5066107809299e5dec35,p5_10,celeba-three-workers-v1,
0.6658450704225352,,,0.0,988babfb79a4be0620cf47d259d4da35f8fc07573e92f83a2e388003c17759ba,0.6616852146263911,caa86f237e43056408787c677572585176b7f771bfcba7cecd40feeb7dc79e4e,2026-09-06T16:32:55.986400+00:00,1,2.1337978650008154,,,,9,0.128,C-GDP-private-noise,2.7,3,10,,1,s3_p10_C-GDP-private-noise_l9_r1,fcf8b4f93626e8cf9603afe70c3a614f6523366181d2f4df2620ee6efbb41bdb,3ea87f4a1b7b84a26ee106434a73c8c3b1666cf072e5654900cb743a0c6ff2ae,a12dcb1ba4e2a21b6a4474c284e3079c1b8e06dc282072a6d2d3a684bd02794b,1a980269c1778978c64462bf76cf00949cd95e29e33d5066107809299e5dec35,p5_10,celeba-three-workers-v1,
0.6419014084507042,,,0.0,988babfb79a4be0620cf47d259d4da35f8fc07573e92f83a2e388003c17759ba,0.6462539745627981,caa86f237e43056408787c677572585176b7f771bfcba7cecd40feeb7dc79e4e,2026-09-06T16:32:58.146047+00:00,1,1.8827096620007069,,,,9,0.13,C-GDP-private-noise,2.7,3,10,,2,s3_p10_C-GDP-private-noise_l9_r2,fcf8b4f93626e8cf9603afe70c3a614f6523366181d2f4df2620ee6efbb41bdb,3ea87f4a1b7b84a26ee106434a73c8c3b1666cf072e5654900cb743a0c6ff2ae,a12dcb1ba4e2a21b6a4474c284e3079c1b8e06dc282072a6d2d3a684bd02794b,1a980269c1778978c64462bf76cf00949cd95e29e33d5066107809299e5dec35,p5_10,celeba-three-workers-v1,
0.6559859154929577,,,0.0,988babfb79a4be0620cf47d259d4da35f8fc07573e92f83a2e388003c17759ba,0.6530306041335454,caa86f237e43056408787c677572585176b7f771bfcba7cecd40feeb7dc79e4e,2026-09-06T16:33:00.471483+00:00,1,2.085210476001521,,,,9,0.131,C-GDP-private-noise,2.7,3,10,,3,s3_p10_C-GDP-private-noise_l9_r3,fcf8b4f93626e8cf9603afe70c3a614f6523366181d2f4df2620ee6efbb41bdb,3ea87f4a1b7b84a26ee106434a73c8c3b1666cf072e5654900cb743a0c6ff2ae,a12dcb1ba4e2a21b6a4474c284e3079c1b8e06dc282072a6d2d3a684bd02794b,1a980269c1778978c64462bf76cf00949cd95e29e33d5066107809299e5dec35,p5_10,celeba-three-workers-v1,
0.6514084507042254,,,0.0,988babfb79a4be0620cf47d259d4da35f8fc07573e92f83a2e388003c17759ba,0.6471780604133546,caa86f237e43056408787c677572585176b7f771bfcba7cecd40feeb7dc79e4e,2026-09-06T16:33:02.828130+00:00,1,2.1174324820021866,,,,10,0.126,C-GDP-private-noise,3.0,3,10,,0,s3_p10_C-GDP-private-noise_l10_r0,fcf8b4f93626e8cf9603afe70c3a614f6523366181d2f4df2620ee6efbb41bdb,3ea87f4a1b7b84a26ee106434a73c8c3b1666cf072e5654900cb743a0c6ff2ae,a12dcb1ba4e2a21b6a4474c284e3079c1b8e06dc282072a6d2d3a684bd02794b,1a980269c1778978c64462bf76cf00949cd95e29e33d5066107809299e5dec35,p5_10,celeba-three-workers-v1,
0.652112676056338,,,0.0,988babfb79a4be0620cf47d259d4da35f8fc07573e92f83a2e388003c17759ba,0.6494038155802861,caa86f237e43056408787c677572585176b7f771bfcba7cecd40feeb7dc79e4e,2026-09-06T16:33:05.284193+00:00,1,2.176198471999669,,,,10,0.123,C-GDP-private-noise,3.0,3,10,,1,s3_p10_C-GDP-private-noise_l10_r1,fcf8b4f93626e8cf9603afe70c3a614f6523366181d2f4df2620ee6efbb41bdb,3ea87f4a1b7b84a26ee106434a73c8c3b1666cf072e5654900cb743a0c6ff2ae,a12dcb1ba4e2a21b6a4474c284e3079c1b8e06dc282072a6d2d3a684bd02794b,1a980269c1778978c64462bf76cf00949cd95e29e33d5066107809299e5dec35,p5_10,celeba-three-workers-v1,
0.6426056338028169,,,0.0,988babfb79a4be0620cf47d259d4da35f8fc07573e92f83a2e388003c17759ba,0.6392984896661367,caa86f237e43056408787c677572585176b7f771bfcba7cecd40feeb7dc79e4e,2026-09-06T16:33:07.759486+00:00,1,2.234241476999159,,,,10,0.143,C-GDP-private-noise,3.0,3,10,,2,s3_p10_C-GDP-private-noise_l10_r2,fcf8b4f93626e8cf9603afe70c3a614f6523366181d2f4df2620ee6efbb41bdb,3ea87f4a1b7b84a26ee106434a73c8c3b1666cf072e5654900cb743a0c6ff2ae,a12dcb1ba4e2a21b6a4474c284e3079c1b8e06dc282072a6d2d3a684bd02794b,1a980269c1778978c64462bf76cf00949cd95e29e33d5066107809299e5dec35,p5_10,celeba-three-workers-v1,
0.6475352112676056,,,0.0,988babfb79a4be0620cf47d259d4da35f8fc07573e92f83a2e388003c17759ba,0.6496621621621621,caa86f237e43056408787c677572585176b7f771bfcba7cecd40feeb7dc79e4e,2026-09-06T16:33:09.979408+00:00,1,1.9742182549998688,,,,10,0.138,C-GDP-private-noise,3.0,3,10,,3,s3_p10_C-GDP-private-noise_l10_r3,fcf8b4f93626e8cf9603afe70c3a614f6523366181d2f4df2620ee6efbb41bdb,3ea87f4a1b7b84a26ee106434a73c8c3b1666cf072e5654900cb743a0c6ff2ae,a12dcb1ba4e2a21b6a4474c284e3079c1b8e06dc282072a6d2d3a684bd02794b,1a980269c1778978c64462bf76cf00949cd95e29e33d5066107809299e5dec35,p5_10,celeba-three-workers-v1,
0.8547368421052631,,,0.0,988babfb79a4be0620cf47d259d4da35f8fc07573e92f83a2e388003c17759ba,0.8523773884469862,9e6b34785c76ea03b316f0e97fd7505cbf81a983e7090ec2bd252ce085312a5b,2026-09-06T16:33:26.534344+00:00,1,2.337282796001091,,,,0,0.736,C-GDP,0.0,4,5,,0,s4_p5_C-GDP_l0_r0,fcf8b4f93626e8cf9603afe70c3a614f6523366181d2f4df2620ee6efbb41bdb,3ea87f4a1b7b84a26ee106434a73c8c3b1666cf072e5654900cb743a0c6ff2ae,a12dcb1ba4e2a21b6a4474c284e3079c1b8e06dc282072a6d2d3a684bd02794b,1a980269c1778978c64462bf76cf00949cd95e29e33d5066107809299e5dec35,p5_10,celeba-three-workers-v1,
0.8203508771929825,,,0.0,988babfb79a4be0620cf47d259d4da35f8fc07573e92f83a2e388003c17759ba,0.8174501773315745,9e6b34785c76ea03b316f0e97fd7505cbf81a983e7090ec2bd252ce085312a5b,2026-09-06T16:33:28.980681+00:00,1,2.3906402440006786,,,,0,,I-GDP,0.0,4,5,,0,s4_p5_I-GDP_l0_r0,fcf8b4f93626e8cf9603afe70c3a614f6523366181d2f4df2620ee6efbb41bdb,3ea87f4a1b7b84a26ee106434a73c8c3b1666cf072e5654900cb743a0c6ff2ae,a12dcb1ba4e2a21b6a4474c284e3079c1b8e06dc282072a6d2d3a684bd02794b,1a980269c1778978c64462bf76cf00949cd95e29e33d5066107809299e5dec35,p5_10,celeba-three-workers-v1,
0.8547368421052631,,,0.0,988babfb79a4be0620cf47d259d4da35f8fc07573e92f83a2e388003c17759ba,0.8521670787289,9e6b34785c76ea03b316f0e97fd7505cbf81a983e7090ec2bd252ce085312a5b,2026-09-06T16:33:31.672478+00:00,1,2.612624618999689,,,,0,0.736,AA-GDP,0.0,4,5,,0,s4_p5_AA-GDP_l0_r0,fcf8b4f93626e8cf9603afe70c3a614f6523366181d2f4df2620ee6efbb41bdb,3ea87f4a1b7b84a26ee106434a73c8c3b1666cf072e5654900cb743a0c6ff2ae,a12dcb1ba4e2a21b6a4474c284e3079c1b8e06dc282072a6d2d3a684bd02794b,1a980269c1778978c64462bf76cf00949cd95e29e33d5066107809299e5dec35,p5_10,celeba-three-workers-v1,2.495454884399173e-11
0.8771929824561403,,,0.0,988babfb79a4be0620cf47d259d4da35f8fc07573e92f83a2e388003c17759ba,0.8737340122135233,9e6b34785c76ea03b316f0e97fd7505cbf81a983e7090ec2bd252ce085312a5b,2026-09-06T16:33:36.295098+00:00,1,4.568624315998022,,,,0,0.736,C-GDP,0.0,4,10,,0,s4_p10_C-GDP_l0_r0,fcf8b4f93626e8cf9603afe70c3a614f6523366181d2f4df2620ee6efbb41bdb,3ea87f4a1b7b84a26ee106434a73c8c3b1666cf072e5654900cb743a0c6ff2ae,a12dcb1ba4e2a21b6a4474c284e3079c1b8e06dc282072a6d2d3a684bd02794b,1a980269c1778978c64462bf76cf00949cd95e29e33d5066107809299e5dec35,p5_10,celeba-three-workers-v1,
0.8228070175438597,,,0.0,988babfb79a4be0620cf47d259d4da35f8fc07573e92f83a2e388003c17759ba,0.8204484677795245,9e6b34785c76ea03b316f0e97fd7505cbf81a983e7090ec2bd252ce085312a5b,2026-09-06T16:33:41.097707+00:00,1,4.750392426001781,,,,0,,I-GDP,0.0,4,10,,0,s4_p10_I-GDP_l0_r0,fcf8b4f93626e8cf9603afe70c3a614f6523366181d2f4df2620ee6efbb41bdb,3ea87f4a1b7b84a26ee106434a73c8c3b1666cf072e5654900cb743a0c6ff2ae,a12dcb1ba4e2a21b6a4474c284e3079c1b8e06dc282072a6d2d3a684bd02794b,1a980269c1778978c64462bf76cf00949cd95e29e33d5066107809299e5dec35,p5_10,celeba-three-workers-v1,
0.88,,,0.0,988babfb79a4be0620cf47d259d4da35f8fc07573e92f83a2e388003c17759ba,0.8778820478586834,9e6b34785c76ea03b316f0e97fd7505cbf81a983e7090ec2bd252ce085312a5b,2026-09-06T16:33:46.018030+00:00,1,4.753280511999037,,,,0,0.736,AA-GDP,0.0,4,10,,0,s4_p10_AA-GDP_l0_r0,fcf8b4f93626e8cf9603afe70c3a614f6523366181d2f4df2620ee6efbb41bdb,3ea87f4a1b7b84a26ee106434a73c8c3b1666cf072e5654900cb743a0c6ff2ae,a12dcb1ba4e2a21b6a4474c284e3079c1b8e06dc282072a6d2d3a684bd02794b,1a980269c1778978c64462bf76cf00949cd95e29e33d5066107809299e5dec35,p5_10,celeba-three-workers-v1,7.396991352770499e-11
0.8512280701754386,,,1.5111498289988958,988babfb79a4be0620cf47d259d4da35f8fc07573e92f83a2e388003c17759ba,0.8477031809098019,9e6b34785c76ea03b316f0e97fd7505cbf81a983e7090ec2bd252ce085312a5b,2026-09-06T16:33:51.519732+00:00,1,2.478426150002633,True,5.0,3.1475987117637116e-08,1,0.655,NAA-GDP,0.006,4,5,,0,s4_p5_NAA-GDP_l1_r0,fcf8b4f93626e8cf9603afe70c3a614f6523366181d2f4df2620ee6efbb41bdb,3ea87f4a1b7b84a26ee106434a73c8c3b1666cf072e5654900cb743a0c6ff2ae,a12dcb1ba4e2a21b6a4474c284e3079c1b8e06dc282072a6d2d3a684bd02794b,1a980269c1778978c64462bf76cf00949cd95e29e33d5066107809299e5dec35,p5_10,celeba-three-workers-v1,
0.883859649122807,,,3.029152928997064,988babfb79a4be0620cf47d259d4da35f8fc07573e92f83a2e388003c17759ba,0.8820942716521437,9e6b34785c76ea03b316f0e97fd7505cbf81a983e7090ec2bd252ce085312a5b,2026-09-06T16:34:00.041516+00:00,1,5.209167131000868,True,5.0,8.75427412866872e-09,1,0.655,NAA-GDP,0.006,4,10,,0,s4_p10_NAA-GDP_l1_r0,fcf8b4f93626e8cf9603afe70c3a614f6523366181d2f4df2620ee6efbb41bdb,3ea87f4a1b7b84a26ee106434a73c8c3b1666cf072e5654900cb743a0c6ff2ae,a12dcb1ba4e2a21b6a4474c284e3079c1b8e06dc282072a6d2d3a684bd02794b,1a980269c1778978c64462bf76cf00949cd95e29e33d5066107809299e5dec35,p5_10,celeba-three-workers-v1,
0.8456140350877193,,,1.5319033000014315,988babfb79a4be0620cf47d259d4da35f8fc07573e92f83a2e388003c17759ba,0.843126722959897,9e6b34785c76ea03b316f0e97fd7505cbf81a983e7090ec2bd252ce085312a5b,2026-09-06T16:34:04.778506+00:00,1,2.3325780799968925,True,5.0,3.193742174178571e-08,1,0.627,NAA-GDP,0.006,4,5,,1,s4_p5_NAA-GDP_l1_r1,fcf8b4f93626e8cf9603afe70c3a614f6523366181d2f4df2620ee6efbb41bdb,3ea87f4a1b7b84a26ee106434a73c8c3b1666cf072e5654900cb743a0c6ff2ae,a12dcb1ba4e2a21b6a4474c284e3079c1b8e06dc282072a6d2d3a684bd02794b,1a980269c1778978c64462bf76cf00949cd95e29e33d5066107809299e5dec35,p5_10,celeba-three-workers-v1,
0.8785964912280702,,,3.0478241380005784,988babfb79a4be0620cf47d259d4da35f8fc07573e92f83a2e388003c17759ba,0.8773399048830394,9e6b34785c76ea03b316f0e97fd7505cbf81a983e7090ec2bd252ce085312a5b,2026-09-06T16:34:12.717443+00:00,1,4.622334375999344,True,5.0,8.783281285775493e-09,1,0.627,NAA-GDP,0.006,4,10,,1,s4_p10_NAA-GDP_l1_r1,fcf8b4f93626e8cf9603afe70c3a614f6523366181d2f4df2620ee6efbb41bdb,3ea87f4a1b7b84a26ee106434a73c8c3b1666cf072e5654900cb743a0c6ff2ae,a12dcb1ba4e2a21b6a4474c284e3079c1b8e06dc282072a6d2d3a684bd02794b,1a980269c1778978c64462bf76cf00949cd95e29e33d5066107809299e5dec35,p5_10,celeba-three-workers-v1,
0.8392982456140351,,,1.5247939680011768,988babfb79a4be0620cf47d259d4da35f8fc07573e92f83a2e388003c17759ba,0.8352178927163721,9e6b34785c76ea03b316f0e97fd7505cbf81a983e7090ec2bd252ce085312a5b,2026-09-06T16:34:16.837338+00:00,1,1.7090038060014194,True,5.0,3.232585394809575e-08,1,0.658,NAA-GDP,0.006,4,5,,2,s4_p5_NAA-GDP_l1_r2,fcf8b4f93626e8cf9603afe70c3a614f6523366181d2f4df2620ee6efbb41bdb,3ea87f4a1b7b84a26ee106434a73c8c3b1666cf072e5654900cb743a0c6ff2ae,a12dcb1ba4e2a21b6a4474c284e3079c1b8e06dc282072a6d2d3a684bd02794b,1a980269c1778978c64462bf76cf00949cd95e29e33d5066107809299e5dec35,p5_10,celeba-three-workers-v1,
0.8782456140350877,,,3.0304422340013843,988babfb79a4be0620cf47d259d4da35f8fc07573e92f83a2e388003c17759ba,0.8761410677747845,9e6b34785c76ea03b316f0e97fd7505cbf81a983e7090ec2bd252ce085312a5b,2026-09-06T16:34:25.415061+00:00,1,5.27914459800013,True,5.0,8.905361388995797e-09,1,0.658,NAA-GDP,0.006,4,10,,2,s4_p10_NAA-GDP_l1_r2,fcf8b4f93626e8cf9603afe70c3a614f6523366181d2f4df2620ee6efbb41bdb,3ea87f4a1b7b84a26ee106434a73c8c3b1666cf072e5654900cb743a0c6ff2ae,a12dcb1ba4e2a21b6a4474c284e3079c1b8e06dc282072a6d2d3a684bd02794b,1a980269c1778978c64462bf76cf00949cd95e29e33d5066107809299e5dec35,p5_10,celeba-three-workers-v1,
0.8456140350877193,,,1.534057130000292,988babfb79a4be0620cf47d259d4da35f8fc07573e92f83a2e388003c17759ba,0.8421452776088278,9e6b34785c76ea03b316f0e97fd7505cbf81a983e7090ec2bd252ce085312a5b,2026-09-06T16:34:30.188840+00:00,1,2.266643159000523,True,5.0,3.1538932448610076e-08,1,0.636,NAA-GDP,0.006,4,5,,3,s4_p5_NAA-GDP_l1_r3,fcf8b4f93626e8cf9603afe70c3a614f6523366181d2f4df2620ee6efbb41bdb,3ea87f4a1b7b84a26ee106434a73c8c3b1666cf072e5654900cb743a0c6ff2ae,a12dcb1ba4e2a21b6a4474c284e3079c1b8e06dc282072a6d2d3a684bd02794b,1a980269c1778978c64462bf76cf00949cd95e29e33d5066107809299e5dec35,p5_10,celeba-three-workers-v1,
0.8768421052631579,,,3.0209169079971616,988babfb79a4be0620cf47d259d4da35f8fc07573e92f83a2e388003c17759ba,0.874661777833956,9e6b34785c76ea03b316f0e97fd7505cbf81a983e7090ec2bd252ce085312a5b,2026-09-06T16:34:38.707704+00:00,1,5.228629871999146,True,5.0,8.765422700397662e-09,1,0.636,NAA-GDP,0.006,4,10,,3,s4_p10_NAA-GDP_l1_r3,fcf8b4f93626e8cf9603afe70c3a614f6523366181d2f4df2620ee6efbb41bdb,3ea87f4a1b7b84a26ee106434a73c8c3b1666cf072e5654900cb743a0c6ff2ae,a12dcb1ba4e2a21b6a4474c284e3079c1b8e06dc282072a6d2d3a684bd02794b,1a980269c1778978c64462bf76cf00949cd95e29e33d5066107809299e5dec35,p5_10,celeba-three-workers-v1,
0.840701754385965,,,2.037514217001444,988babfb79a4be0620cf47d259d4da35f8fc07573e92f83a2e388003c17759ba,0.8374661332238011,9e6b34785c76ea03b316f0e97fd7505cbf81a983e7090ec2bd252ce085312a5b,2026-09-06T16:34:44.146949+00:00,1,2.5332650929994998,True,8.0,4.1996937028286095e-08,2,0.491,NAA-GDP,0.012,4,5,,0,s4_p5_NAA-GDP_l2_r0,fcf8b4f93626e8cf9603afe70c3a614f6523366181d2f4df2620ee6efbb41bdb,3ea87f4a1b7b84a26ee106434a73c8c3b1666cf072e5654900cb743a0c6ff2ae,a12dcb1ba4e2a21b6a4474c284e3079c1b8e06dc282072a6d2d3a684bd02794b,1a980269c1778978c64462bf76cf00949cd95e29e33d5066107809299e5dec35,p5_10,celeba-three-workers-v1,
0.8740350877192983,,,3.681603939003253,988babfb79a4be0620cf47d259d4da35f8fc07573e92f83a2e388003c17759ba,0.8710183597854338,9e6b34785c76ea03b316f0e97fd7505cbf81a983e7090ec2bd252ce085312a5b,2026-09-06T16:34:52.221442+00:00,1,4.104512402998807,True,7.0,5.6832286452797384e-08,2,0.491,NAA-GDP,0.012,4,10,,0,s4_p10_NAA-GDP_l2_r0,fcf8b4f93626e8cf9603afe70c3a614f6523366181d2f4df2620ee6efbb41bdb,3ea87f4a1b7b84a26ee106434a73c8c3b1666cf072e5654900cb743a0c6ff2ae,a12dcb1ba4e2a21b6a4474c284e3079c1b8e06dc282072a6d2d3a684bd02794b,1a980269c1778978c64462bf76cf00949cd95e29e33d5066107809299e5dec35,p5_10,celeba-three-workers-v1,
0.8554385964912281,,,2.0591794610008947,988babfb79a4be0620cf47d259d4da35f8fc07573e92f83a2e388003c17759ba,0.8525551149693125,9e6b34785c76ea03b316f0e97fd7505cbf81a983e7090ec2bd252ce085312a5b,2026-09-06T16:34:58.114031+00:00,1,2.9612264999996114,True,8.0,4.208294351009774e-08,2,0.551,NAA-GDP,0.012,4,5,,1,s4_p5_NAA-GDP_l2_r1,fcf8b4f93626e8cf9603afe70c3a614f6523366181d2f4df2620ee6efbb41bdb,3ea87f4a1b7b84a26ee106434a73c8c3b1666cf072e5654900cb743a0c6ff2ae,a12dcb1ba4e2a21b6a4474c284e3079c1b8e06dc282072a6d2d3a684bd02794b,1a980269c1778978c64462bf76cf00949cd95e29e33d5066107809299e5dec35,p5_10,celeba-three-workers-v1,
0.8736842105263158,,,3.665821001999575,988babfb79a4be0620cf47d259d4da35f8fc07573e92f83a2e388003c17759ba,0.8729914047131876,9e6b34785c76ea03b316f0e97fd7505cbf81a983e7090ec2bd252ce085312a5b,2026-09-06T16:35:05.596442+00:00,1,3.5366422070001136,True,7.0,5.673281936739094e-08,2,0.551,NAA-GDP,0.012,4,10,,1,s4_p10_NAA-GDP_l2_r1,fcf8b4f93626e8cf9603afe70c3a614f6523366181d2f4df2620ee6efbb41bdb,3ea87f4a1b7b84a26ee106434a73c8c3b1666cf072e5654900cb743a0c6ff2ae,a12dcb1ba4e2a21b6a4474c284e3079c1b8e06dc282072a6d2d3a684bd02794b,1a980269c1778978c64462bf76cf00949cd95e29e33d5066107809299e5dec35,p5_10,celeba-three-workers-v1,
0.8463157894736842,,,2.064205758000753,988babfb79a4be0620cf47d259d4da35f8fc07573e92f83a2e388003c17759ba,0.8437951721577579,9e6b34785c76ea03b316f0e97fd7505cbf81a983e7090ec2bd252ce085312a5b,2026-09-06T16:35:11.716315+00:00,1,3.097284346997185,True,8.0,4.0080005630854685e-08,2,0.44,NAA-GDP,0.012,4,5,,2,s4_p5_NAA-GDP_l2_r2,fcf8b4f93626e8cf9603afe70c3a614f6523366181d2f4df2620ee6efbb41bdb,3ea87f4a1b7b84a26ee106434a73c8c3b1666cf072e5654900cb743a0c6ff2ae,a12dcb1ba4e2a21b6a4474c284e3079c1b8e06dc282072a6d2d3a684bd02794b,1a980269c1778978c64462bf76cf00949cd95e29e33d5066107809299e5dec35,p5_10,celeba-three-workers-v1,
0.875438596491228,,,3.683617767001124,988babfb79a4be0620cf47d259d4da35f8fc07573e92f83a2e388003c17759ba,0.8733266643493098,9e6b34785c76ea03b316f0e97fd7505cbf81a983e7090ec2bd252ce085312a5b,2026-09-06T16:35:19.872855+00:00,1,4.202108116001909,True,7.0,5.60372735263318e-08,2,0.44,NAA-GDP,0.012,4,10,,2,s4_p10_NAA-GDP_l2_r2,fcf8b4f93626e8cf9603afe70c3a614f6523366181d2f4df2620ee6efbb41bdb,3ea87f4a1b7b84a26ee106434a73c8c3b1666cf072e5654900cb743a0c6ff2ae,a12dcb1ba4e2a21b6a4474c284e3079c1b8e06dc282072a6d2d3a684bd02794b,1a980269c1778978c64462bf76cf00949cd95e29e33d5066107809299e5dec35,p5_10,celeba-three-workers-v1,
0.8378947368421052,,,2.037707876999775,988babfb79a4be0620cf47d259d4da35f8fc07573e92f83a2e388003c17759ba,0.8348624396717194,9e6b34785c76ea03b316f0e97fd7505cbf81a983e7090ec2bd252ce085312a5b,2026-09-06T16:35:24.556863+00:00,1,1.7681173060009314,True,8.0,4.1770082749971676e-08,2,0.388,NAA-GDP,0.012,4,5,,3,s4_p5_NAA-GDP_l2_r3,fcf8b4f93626e8cf9603afe70c3a614f6523366181d2f4df2620ee6efbb41bdb,3ea87f4a1b7b84a26ee106434a73c8c3b1666cf072e5654900cb743a0c6ff2ae,a12dcb1ba4e2a21b6a4474c284e3079c1b8e06dc282072a6d2d3a684bd02794b,1a980269c1778978c64462bf76cf00949cd95e29e33d5066107809299e5dec35,p5_10,celeba-three-workers-v1,
0.8673684210526316,,,3.6780949259991758,988babfb79a4be0620cf47d259d4da35f8fc07573e92f83a2e388003c17759ba,0.8646044825052733,9e6b34785c76ea03b316f0e97fd7505cbf81a983e7090ec2bd252ce085312a5b,2026-09-06T16:35:32.625365+00:00,1,4.12573216400051,True,7.0,5.689709552942698e-08,2,0.388,NAA-GDP,0.012,4,10,,3,s4_p10_NAA-GDP_l2_r3,fcf8b4f93626e8cf9603afe70c3a614f6523366181d2f4df2620ee6efbb41bdb,3ea87f4a1b7b84a26ee106434a73c8c3b1666cf072e5654900cb743a0c6ff2ae,a12dcb1ba4e2a21b6a4474c284e3079c1b8e06dc282072a6d2d3a684bd02794b,1a980269c1778978c64462bf76cf00949cd95e29e33d5066107809299e5dec35,p5_10,celeba-three-workers-v1,
0.8357894736842105,,,2.9871353630005615,988babfb79a4be0620cf47d259d4da35f8fc07573e92f83a2e388003c17759ba,0.8318756467270674,9e6b34785c76ea03b316f0e97fd7505cbf81a983e7090ec2bd252ce085312a5b,2026-09-06T16:35:38.730805+00:00,1,2.231695606998983,True,13.0,3.3617604238162963e-08,3,0.32,NAA-GDP,0.018,4,5,,0,s4_p5_NAA-GDP_l3_r0,fcf8b4f93626e8cf9603afe70c3a614f6523366181d2f4df2620ee6efbb41bdb,3ea87f4a1b7b84a26ee106434a73c8c3b1666cf072e5654900cb743a0c6ff2ae,a12dcb1ba4e2a21b6a4474c284e3079c1b8e06dc282072a6d2d3a684bd02794b,1a980269c1778978c64462bf76cf00949cd95e29e33d5066107809299e5dec35,p5_10,celeba-three-workers-v1,
0.8656140350877193,,,5.126155564998044,988babfb79a4be0620cf47d259d4da35f8fc07573e92f83a2e388003c17759ba,0.8633320759039667,9e6b34785c76ea03b316f0e97fd7505cbf81a983e7090ec2bd252ce085312a5b,2026-09-06T16:35:47.915575+00:00,1,3.7970999399985885,True,11.0,2.1401869173171098e-08,3,0.32,NAA-GDP,0.018,4,10,,0,s4_p10_NAA-GDP_l3_r0,fcf8b4f93626e8cf9603afe70c3a614f6523366181d2f4df2620ee6efbb41bdb,3ea87f4a1b7b84a26ee106434a73c8c3b1666cf072e5654900cb743a0c6ff2ae,a12dcb1ba4e2a21b6a4474c284e3079c1b8e06dc282072a6d2d3a684bd02794b,1a980269c1778978c64462bf76cf00949cd95e29e33d5066107809299e5dec35,p5_10,celeba-three-workers-v1,
0.8294736842105264,,,2.97612895400016,988babfb79a4be0620cf47d259d4da35f8fc07573e92f83a2e388003c17759ba,0.8256492942282325,9e6b34785c76ea03b316f0e97fd7505cbf81a983e7090ec2bd252ce085312a5b,2026-09-06T16:35:54.859129+00:00,1,2.9732671520032454,True,13.0,3.3401987422969366e-08,3,0.369,NAA-GDP,0.018,4,5,,1,s4_p5_NAA-GDP_l3_r1,fcf8b4f93626e8cf9603afe70c3a614f6523366181d2f4df2620ee6efbb41bdb,3ea87f4a1b7b84a26ee106434a73c8c3b1666cf072e5654900cb743a0c6ff2ae,a12dcb1ba4e2a21b6a4474c284e3079c1b8e06dc282072a6d2d3a684bd02794b,1a980269c1778978c64462bf76cf00949cd95e29e33d5066107809299e5dec35,p5_10,celeba-three-workers-v1,
0.8673684210526316,,,5.1331521889987926,988babfb79a4be0620cf47d259d4da35f8fc07573e92f83a2e388003c17759ba,0.8652172324440477,9e6b34785c76ea03b316f0e97fd7505cbf81a983e7090ec2bd252ce085312a5b,2026-09-06T16:36:04.538945+00:00,1,4.273929767998197,True,11.0,2.1251763908370578e-08,3,0.369,NAA-GDP,0.018,4,10,,1,s4_p10_NAA-GDP_l3_r1,fcf8b4f93626e8cf9603afe70c3a614f6523366181d2f4df2620ee6efbb41bdb,3ea87f4a1b7b84a26ee106434a73c8c3b1666cf072e5654900cb743a0c6ff2ae,a12dcb1ba4e2a21b6a4474c284e3079c1b8e06dc282072a6d2d3a684bd02794b,1a980269c1778978c64462bf76cf00949cd95e29e33d5066107809299e5dec35,p5_10,celeba-three-workers-v1,
0.8336842105263158,,,2.9906783059996087,988babfb79a4be0620cf47d259d4da35f8fc07573e92f83a2e388003c17759ba,0.8322538092717953,9e6b34785c76ea03b316f0e97fd7505cbf81a983e7090ec2bd252ce085312a5b,2026-09-06T16:36:10.442741+00:00,1,2.0500661709993437,True,13.0,3.487563128769809e-08,3,0.341,NAA-GDP,0.018,4,5,,2,s4_p5_NAA-GDP_l3_r2,fcf8b4f93626e8cf9603afe70c3a614f6523366181d2f4df2620ee6efbb41bdb,3ea87f4a1b7b84a26ee106434a73c8c3b1666cf072e5654900cb743a0c6ff2ae,a12dcb1ba4e2a21b6a4474c284e3079c1b8e06dc282072a6d2d3a684bd02794b,1a980269c1778978c64462bf76cf00949cd95e29e33d5066107809299e5dec35,p5_10,celeba-three-workers-v1,
0.8624561403508771,,,5.1327266929984035,988babfb79a4be0620cf47d259d4da35f8fc07573e92f83a2e388003c17759ba,0.8607966440461049,9e6b34785c76ea03b316f0e97fd7505cbf81a983e7090ec2bd252ce085312a5b,2026-09-06T16:36:19.922815+00:00,1,4.065218546998949,True,11.0,2.116135863423393e-08,3,0.341,NAA-GDP,0.018,4,10,,2,s4_p10_NAA-GDP_l3_r2,fcf8b4f93626e8cf9603afe70c3a614f6523366181d2f4df2620ee6efbb41bdb,3ea87f4a1b7b84a26ee106434a73c8c3b1666cf072e5654900cb743a0c6ff2ae,a12dcb1ba4e2a21b6a4474c284e3079c1b8e06dc282072a6d2d3a684bd02794b,1a980269c1778978c64462bf76cf00949cd95e29e33d5066107809299e5dec35,p5_10,celeba-three-workers-v1,
0.8414035087719298,,,2.969718976000877,988babfb79a4be0620cf47d259d4da35f8fc07573e92f83a2e388003c17759ba,0.838905718054645,9e6b34785c76ea03b316f0e97fd7505cbf81a983e7090ec2bd252ce085312a5b,2026-09-06T16:36:26.834508+00:00,1,3.059323278001102,True,13.0,3.5396951177921504e-08,3,0.275,NAA-GDP,0.018,4,5,,3,s4_p5_NAA-GDP_l3_r3,fcf8b4f93626e8cf9603afe70c3a614f6523366181d2f4df2620ee6efbb41bdb,3ea87f4a1b7b84a26ee106434a73c8c3b1666cf072e5654900cb743a0c6ff2ae,a12dcb1ba4e2a21b6a4474c284e3079c1b8e06dc282072a6d2d3a684bd02794b,1a980269c1778978c64462bf76cf00949cd95e29e33d5066107809299e5dec35,p5_10,celeba-three-workers-v1,
0.8712280701754386,,,5.139993822998804,988babfb79a4be0620cf47d259d4da35f8fc07573e92f83a2e388003c17759ba,0.8687806621846881,9e6b34785c76ea03b316f0e97fd7505cbf81a983e7090ec2bd252ce085312a5b,2026-09-06T16:36:36.264056+00:00,1,4.011456338001153,True,11.0,2.0525839161917656e-08,3,0.275,NAA-GDP,0.018,4,10,,3,s4_p10_NAA-GDP_l3_r3,fcf8b4f93626e8cf9603afe70c3a614f6523366181d2f4df2620ee6efbb41bdb,3ea87f4a1b7b84a26ee106434a73c8c3b1666cf072e5654900cb743a0c6ff2ae,a12dcb1ba4e2a21b6a4474c284e3079c1b8e06dc282072a6d2d3a684bd02794b,1a980269c1778978c64462bf76cf00949cd95e29e33d5066107809299e5dec35,p5_10,celeba-three-workers-v1,
0.8336842105263158,,,4.668911518001551,988babfb79a4be0620cf47d259d4da35f8fc07573e92f83a2e388003c17759ba,0.8316929833568986,9e6b34785c76ea03b316f0e97fd7505cbf81a983e7090ec2bd252ce085312a5b,2026-09-06T16:36:44.165368+00:00,1,2.269419280000875,True,22.0,7.535260043974454e-08,4,0.244,NAA-GDP,0.024,4,5,,0,s4_p5_NAA-GDP_l4_r0,fcf8b4f93626e8cf9603afe70c3a614f6523366181d2f4df2620ee6efbb41bdb,3ea87f4a1b7b84a26ee106434a73c8c3b1666cf072e5654900cb743a0c6ff2ae,a12dcb1ba4e2a21b6a4474c284e3079c1b8e06dc282072a6d2d3a684bd02794b,1a980269c1778978c64462bf76cf00949cd95e29e33d5066107809299e5dec35,p5_10,celeba-three-workers-v1,
0.8617543859649123,,,6.947126531002141,988babfb79a4be0620cf47d259d4da35f8fc07573e92f83a2e388003c17759ba,0.8595523814790529,9e6b34785c76ea03b316f0e97fd7505cbf81a983e7090ec2bd252ce085312a5b,2026-09-06T16:36:56.347313+00:00,1,4.962797580999904,True,16.0,5.653156332328707e-08,4,0.244,NAA-GDP,0.024,4,10,,0,s4_p10_NAA-GDP_l4_r0,fcf8b4f93626e8cf9603afe70c3a614f6523366181d2f4df2620ee6efbb41bdb,3ea87f4a1b7b84a26ee106434a73c8c3b1666cf072e5654900cb743a0c6ff2ae,a12dcb1ba4e2a21b6a4474c284e3079c1b8e06dc282072a6d2d3a684bd02794b,1a980269c1778978c64462bf76cf00949cd95e29e33d5066107809299e5dec35,p5_10,celeba-three-workers-v1,
0.8238596491228071,,,4.630484250999871,988babfb79a4be0620cf47d259d4da35f8fc07573e92f83a2e388003c17759ba,0.8200212876878965,9e6b34785c76ea03b316f0e97fd7505cbf81a983e7090ec2bd252ce085312a5b,2026-09-06T16:37:04.206747+00:00,1,2.351121856001555,True,22.0,8.653074972154001e-08,4,0.248,NAA-GDP,0.024,4,5,,1,s4_p5_NAA-GDP_l4_r1,fcf8b4f93626e8cf9603afe70c3a614f6523366181d2f4df2620ee6efbb41bdb,3ea87f4a1b7b84a26ee106434a73c8c3b1666cf072e5654900cb743a0c6ff2ae,a12dcb1ba4e2a21b6a4474c284e3079c1b8e06dc282072a6d2d3a684bd02794b,1a980269c1778978c64462bf76cf00949cd95e29e33d5066107809299e5dec35,p5_10,celeba-three-workers-v1,
0.8596491228070176,,,6.95644368399735,988babfb79a4be0620cf47d259d4da35f8fc07573e92f83a2e388003c17759ba,0.8559277261200338,9e6b34785c76ea03b316f0e97fd7505cbf81a983e7090ec2bd252ce085312a5b,2026-09-06T16:37:14.626420+00:00,1,3.1956222510016232,True,16.0,5.9177883069868176e-08,4,0.248,NAA-GDP,0.024,4,10,,1,s4_p10_NAA-GDP_l4_r1,fcf8b4f93626e8cf9603afe70c3a614f6523366181d2f4df2620ee6efbb41bdb,3ea87f4a1b7b84a26ee106434a73c8c3b1666cf072e5654900cb743a0c6ff2ae,a12dcb1ba4e2a21b6a4474c284e3079c1b8e06dc282072a6d2d3a684bd02794b,1a980269c1778978c64462bf76cf00949cd95e29e33d5066107809299e5dec35,p5_10,celeba-three-workers-v1,
0.8252631578947368,,,4.64031002900083,988babfb79a4be0620cf47d259d4da35f8fc07573e92f83a2e388003c17759ba,0.8214282893229805,9e6b34785c76ea03b316f0e97fd7505cbf81a983e7090ec2bd252ce085312a5b,2026-09-06T16:37:22.569910+00:00,1,2.420015694999165,True,22.0,7.354959978064926e-08,4,0.274,NAA-GDP,0.024,4,5,,2,s4_p5_NAA-GDP_l4_r2,fcf8b4f93626e8cf9603afe70c3a614f6523366181d2f4df2620ee6efbb41bdb,3ea87f4a1b7b84a26ee106434a73c8c3b1666cf072e5654900cb743a0c6ff2ae,a12dcb1ba4e2a21b6a4474c284e3079c1b8e06dc282072a6d2d3a684bd02794b,1a980269c1778978c64462bf76cf00949cd95e29e33d5066107809299e5dec35,p5_10,celeba-three-workers-v1,
0.856140350877193,,,6.931705566003075,988babfb79a4be0620cf47d259d4da35f8fc07573e92f83a2e388003c17759ba,0.8552211627337436,9e6b34785c76ea03b316f0e97fd7505cbf81a983e7090ec2bd252ce085312a5b,2026-09-06T16:37:32.996219+00:00,1,3.224637976996746,True,16.0,5.479283917122876e-08,4,0.274,NAA-GDP,0.024,4,10,,2,s4_p10_NAA-GDP_l4_r2,fcf8b4f93626e8cf9603afe70c3a614f6523366181d2f4df2620ee6efbb41bdb,3ea87f4a1b7b84a26ee106434a73c8c3b1666cf072e5654900cb743a0c6ff2ae,a12dcb1ba4e2a21b6a4474c284e3079c1b8e06dc282072a6d2d3a684bd02794b,1a980269c1778978c64462bf76cf00949cd95e29e33d5066107809299e5dec35,p5_10,celeba-three-workers-v1,
0.8414035087719298,,,4.638816468002915,988babfb79a4be0620cf47d259d4da35f8fc07573e92f83a2e388003c17759ba,0.8391160277727312,9e6b34785c76ea03b316f0e97fd7505cbf81a983e7090ec2bd252ce085312a5b,2026-09-06T16:37:41.086012+00:00,1,2.500276949002,True,22.0,7.448197869132887e-08,4,0.278,NAA-GDP,0.024,4,5,,3,s4_p5_NAA-GDP_l4_r3,fcf8b4f93626e8cf9603afe70c3a614f6523366181d2f4df2620ee6efbb41bdb,3ea87f4a1b7b84a26ee106434a73c8c3b1666cf072e5654900cb743a0c6ff2ae,a12dcb1ba4e2a21b6a4474c284e3079c1b8e06dc282072a6d2d3a684bd02794b,1a980269c1778978c64462bf76cf00949cd95e29e33d5066107809299e5dec35,p5_10,celeba-three-workers-v1,
0.8628070175438597,,,6.950226901997667,988babfb79a4be0620cf47d259d4da35f8fc07573e92f83a2e388003c17759ba,0.8588596432323967,9e6b34785c76ea03b316f0e97fd7505cbf81a983e7090ec2bd252ce085312a5b,2026-09-06T16:37:51.639980+00:00,1,3.320551715001784,True,16.0,6.047084839062498e-08,4,0.278,NAA-GDP,0.024,4,10,,3,s4_p10_NAA-GDP_l4_r3,fcf8b4f93626e8cf9603afe70c3a614f6523366181d2f4df2620ee6efbb41bdb,3ea87f4a1b7b84a26ee106434a73c8c3b1666cf072e5654900cb743a0c6ff2ae,a12dcb1ba4e2a21b6a4474c284e3079c1b8e06dc282072a6d2d3a684bd02794b,1a980269c1778978c64462bf76cf00949cd95e29e33d5066107809299e5dec35,p5_10,celeba-three-workers-v1,
0.8238596491228071,,,10.066355918999761,988babfb79a4be0620cf47d259d4da35f8fc07573e92f83a2e388003c17759ba,0.8219140751506726,9e6b34785c76ea03b316f0e97fd7505cbf81a983e7090ec2bd252ce085312a5b,2026-09-06T16:38:04.661125+00:00,1,2.08385348000229,True,51.0,8.823107188522858e-08,5,0.26,NAA-GDP,0.03,4,5,,0,s4_p5_NAA-GDP_l5_r0,fcf8b4f93626e8cf9603afe70c3a614f6523366181d2f4df2620ee6efbb41bdb,3ea87f4a1b7b84a26ee106434a73c8c3b1666cf072e5654900cb743a0c6ff2ae,a12dcb1ba4e2a21b6a4474c284e3079c1b8e06dc282072a6d2d3a684bd02794b,1a980269c1778978c64462bf76cf00949cd95e29e33d5066107809299e5dec35,p5_10,celeba-three-workers-v1,
0.8592982456140351,,,10.982491636001214,988babfb79a4be0620cf47d259d4da35f8fc07573e92f83a2e388003c17759ba,0.8567113152842843,9e6b34785c76ea03b316f0e97fd7505cbf81a983e7090ec2bd252ce085312a5b,2026-09-06T16:38:20.066987+00:00,1,4.140465477998077,True,27.0,8.04521500961969e-08,5,0.26,NAA-GDP,0.03,4,10,,0,s4_p10_NAA-GDP_l5_r0,fcf8b4f93626e8cf9603afe70c3a614f6523366181d2f4df2620ee6efbb41bdb,3ea87f4a1b7b84a26ee106434a73c8c3b1666cf072e5654900cb743a0c6ff2ae,a12dcb1ba4e2a21b6a4474c284e3079c1b8e06dc282072a6d2d3a684bd02794b,1a980269c1778978c64462bf76cf00949cd95e29e33d5066107809299e5dec35,p5_10,celeba-three-workers-v1,
0.8189473684210526,,,10.566618798999116,988babfb79a4be0620cf47d259d4da35f8fc07573e92f83a2e388003c17759ba,0.8161833821752147,9e6b34785c76ea03b316f0e97fd7505cbf81a983e7090ec2bd252ce085312a5b,2026-09-06T16:38:34.335906+00:00,1,2.83141468499889,True,54.0,9.093440076744987e-08,5,0.171,NAA-GDP,0.03,4,5,,1,s4_p5_NAA-GDP_l5_r1,fcf8b4f93626e8cf9603afe70c3a614f6523366181d2f4df2620ee6efbb41bdb,3ea87f4a1b7b84a26ee106434a73c8c3b1666cf072e5654900cb743a0c6ff2ae,a12dcb1ba4e2a21b6a4474c284e3079c1b8e06dc282072a6d2d3a684bd02794b,1a980269c1778978c64462bf76cf00949cd95e29e33d5066107809299e5dec35,p5_10,celeba-three-workers-v1,
0.8564912280701754,,,11.376349341000605,988babfb79a4be0620cf47d259d4da35f8fc07573e92f83a2e388003c17759ba,0.8541131765430832,9e6b34785c76ea03b316f0e97fd7505cbf81a983e7090ec2bd252ce085312a5b,2026-09-06T16:38:49.224730+00:00,1,3.245508519001305,True,28.0,5.6688435152316086e-08,5,0.171,NAA-GDP,0.03,4,10,,1,s4_p10_NAA-GDP_l5_r1,fcf8b4f93626e8cf9603afe70c3a614f6523366181d2f4df2620ee6efbb41bdb,3ea87f4a1b7b84a26ee106434a73c8c3b1666cf072e5654900cb743a0c6ff2ae,a12dcb1ba4e2a21b6a4474c284e3079c1b8e06dc282072a6d2d3a684bd02794b,1a980269c1778978c64462bf76cf00949cd95e29e33d5066107809299e5dec35,p5_10,celeba-three-workers-v1,
0.8210526315789474,,,10.833092715998646,988babfb79a4be0620cf47d259d4da35f8fc07573e92f83a2e388003c17759ba,0.8207124463858324,9e6b34785c76ea03b316f0e97fd7505cbf81a983e7090ec2bd252ce085312a5b,2026-09-06T16:39:03.217272+00:00,1,2.202132457001426,True,55.0,8.741504498859189e-08,5,0.185,NAA-GDP,0.03,4,5,,2,s4_p5_NAA-GDP_l5_r2,fcf8b4f93626e8cf9603afe70c3a614f6523366181d2f4df2620ee6efbb41bdb,3ea87f4a1b7b84a26ee106434a73c8c3b1666cf072e5654900cb743a0c6ff2ae,a12dcb1ba4e2a21b6a4474c284e3079c1b8e06dc282072a6d2d3a684bd02794b,1a980269c1778978c64462bf76cf00949cd95e29e33d5066107809299e5dec35,p5_10,celeba-three-workers-v1,
0.8487719298245614,,,10.970579003998864,988babfb79a4be0620cf47d259d4da35f8fc07573e92f83a2e388003c17759ba,0.8475990670005766,9e6b34785c76ea03b316f0e97fd7505cbf81a983e7090ec2bd252ce085312a5b,2026-09-06T16:39:18.920909+00:00,1,4.464837568997609,True,27.0,9.528825921116375e-08,5,0.185,NAA-GDP,0.03,4,10,,2,s4_p10_NAA-GDP_l5_r2,fcf8b4f93626e8cf9603afe70c3a614f6523366181d2f4df2620ee6efbb41bdb,3ea87f4a1b7b84a26ee106434a73c8c3b1666cf072e5654900cb743a0c6ff2ae,a12dcb1ba4e2a21b6a4474c284e3079c1b8e06dc282072a6d2d3a684bd02794b,1a980269c1778978c64462bf76cf00949cd95e29e33d5066107809299e5dec35,p5_10,celeba-three-workers-v1,
0.8357894736842105,,,10.635607329000777,988babfb79a4be0620cf47d259d4da35f8fc07573e92f83a2e388003c17759ba,0.8322261629238777,9e6b34785c76ea03b316f0e97fd7505cbf81a983e7090ec2bd252ce085312a5b,2026-09-06T16:39:32.881968+00:00,1,2.444639745001041,True,54.0,8.903257851504237e-08,5,0.232,NAA-GDP,0.03,4,5,,3,s4_p5_NAA-GDP_l5_r3,fcf8b4f93626e8cf9603afe70c3a614f6523366181d2f4df2620ee6efbb41bdb,3ea87f4a1b7b84a26ee106434a73c8c3b1666cf072e5654900cb743a0c6ff2ae,a12dcb1ba4e2a21b6a4474c284e3079c1b8e06dc282072a6d2d3a684bd02794b,1a980269c1778978c64462bf76cf00949cd95e29e33d5066107809299e5dec35,p5_10,celeba-three-workers-v1,
0.8554385964912281,,,10.991121840001142,988babfb79a4be0620cf47d259d4da35f8fc07573e92f83a2e388003c17759ba,0.853544370798145,9e6b34785c76ea03b316f0e97fd7505cbf81a983e7090ec2bd252ce085312a5b,2026-09-06T16:39:48.402285+00:00,1,4.2618468460023,True,27.0,8.190363143966152e-08,5,0.232,NAA-GDP,0.03,4,10,,3,s4_p10_NAA-GDP_l5_r3,fcf8b4f93626e8cf9603afe70c3a614f6523366181d2f4df2620ee6efbb41bdb,3ea87f4a1b7b84a26ee106434a73c8c3b1666cf072e5654900cb743a0c6ff2ae,a12dcb1ba4e2a21b6a4474c284e3079c1b8e06dc282072a6d2d3a684bd02794b,1a980269c1778978c64462bf76cf00949cd95e29e33d5066107809299e5dec35,p5_10,celeba-three-workers-v1,
0.8203508771929825,,,93.94915230699917,988babfb79a4be0620cf47d259d4da35f8fc07573e92f83a2e388003c17759ba,0.8187821388794541,9e6b34785c76ea03b316f0e97fd7505cbf81a983e7090ec2bd252ce085312a5b,2026-09-06T16:41:25.940306+00:00,1,2.7013812529985444,False,500.0,0.0007684267483489999,6,0.17,NAA-GDP,0.036,4,5,,0,s4_p5_NAA-GDP_l6_r0,fcf8b4f93626e8cf9603afe70c3a614f6523366181d2f4df2620ee6efbb41bdb,3ea87f4a1b7b84a26ee106434a73c8c3b1666cf072e5654900cb743a0c6ff2ae,a12dcb1ba4e2a21b6a4474c284e3079c1b8e06dc282072a6d2d3a684bd02794b,1a980269c1778978c64462bf76cf00949cd95e29e33d5066107809299e5dec35,p5_10,celeba-three-workers-v1,
0.8473684210526315,,,26.52067541299766,988babfb79a4be0620cf47d259d4da35f8fc07573e92f83a2e388003c17759ba,0.844137350787243,9e6b34785c76ea03b316f0e97fd7505cbf81a983e7090ec2bd252ce085312a5b,2026-09-06T16:41:56.193496+00:00,1,3.458284383999853,True,69.0,8.504864787795265e-08,6,0.17,NAA-GDP,0.036,4,10,,0,s4_p10_NAA-GDP_l6_r0,fcf8b4f93626e8cf9603afe70c3a614f6523366181d2f4df2620ee6efbb41bdb,3ea87f4a1b7b84a26ee106434a73c8c3b1666cf072e5654900cb743a0c6ff2ae,a12dcb1ba4e2a21b6a4474c284e3079c1b8e06dc282072a6d2d3a684bd02794b,1a980269c1778978c64462bf76cf00949cd95e29e33d5066107809299e5dec35,p5_10,celeba-three-workers-v1,
0.8154385964912281,,,93.92637980099971,988babfb79a4be0620cf47d259d4da35f8fc07573e92f83a2e388003c17759ba,0.812981342664634,9e6b34785c76ea03b316f0e97fd7505cbf81a983e7090ec2bd252ce085312a5b,2026-09-06T16:43:33.728361+00:00,1,2.654778598000121,False,500.0,0.011088118738205893,6,0.221,NAA-GDP,0.036,4,5,,1,s4_p5_NAA-GDP_l6_r1,fcf8b4f93626e8cf9603afe70c3a614f6523366181d2f4df2620ee6efbb41bdb,3ea87f4a1b7b84a26ee106434a73c8c3b1666cf072e5654900cb743a0c6ff2ae,a12dcb1ba4e2a21b6a4474c284e3079c1b8e06dc282072a6d2d3a684bd02794b,1a980269c1778978c64462bf76cf00949cd95e29e33d5066107809299e5dec35,p5_10,celeba-three-workers-v1,
0.8389473684210527,,,26.81466711699977,988babfb79a4be0620cf47d259d4da35f8fc07573e92f83a2e388003c17759ba,0.8348651258877715,9e6b34785c76ea03b316f0e97fd7505cbf81a983e7090ec2bd252ce085312a5b,2026-09-06T16:44:05.831466+00:00,1,5.024437308002234,True,70.0,8.205911072700558e-08,6,0.221,NAA-GDP,0.036,4,10,,1,s4_p10_NAA-GDP_l6_r1,fcf8b4f93626e8cf9603afe70c3a614f6523366181d2f4df2620ee6efbb41bdb,3ea87f4a1b7b84a26ee106434a73c8c3b1666cf072e5654900cb743a0c6ff2ae,a12dcb1ba4e2a21b6a4474c284e3079c1b8e06dc282072a6d2d3a684bd02794b,1a980269c1778978c64462bf76cf00949cd95e29e33d5066107809299e5dec35,p5_10,celeba-three-workers-v1,
0.8105263157894737,,,93.8477591539995,988babfb79a4be0620cf47d259d4da35f8fc07573e92f83a2e388003c17759ba,0.807250649689176,9e6b34785c76ea03b316f0e97fd7505cbf81a983e7090ec2bd252ce085312a5b,2026-09-06T16:45:42.827647+00:00,1,2.2571233409980778,False,500.0,0.005530607170143563,6,0.164,NAA-GDP,0.036,4,5,,2,s4_p5_NAA-GDP_l6_r2,fcf8b4f93626e8cf9603afe70c3a614f6523366181d2f4df2620ee6efbb41bdb,3ea87f4a1b7b84a26ee106434a73c8c3b1666cf072e5654900cb743a0c6ff2ae,a12dcb1ba4e2a21b6a4474c284e3079c1b8e06dc282072a6d2d3a684bd02794b,1a980269c1778978c64462bf76cf00949cd95e29e33d5066107809299e5dec35,p5_10,celeba-three-workers-v1,
0.8501754385964913,,,28.021886929000175,988babfb79a4be0620cf47d259d4da35f8fc07573e92f83a2e388003c17759ba,0.8485376952307218,9e6b34785c76ea03b316f0e97fd7505cbf81a983e7090ec2bd252ce085312a5b,2026-09-06T16:46:15.690377+00:00,1,4.572441485001036,True,73.0,8.483817129387445e-08,6,0.164,NAA-GDP,0.036,4,10,,2,s4_p10_NAA-GDP_l6_r2,fcf8b4f93626e8cf9603afe70c3a614f6523366181d2f4df2620ee6efbb41bdb,3ea87f4a1b7b84a26ee106434a73c8c3b1666cf072e5654900cb743a0c6ff2ae,a12dcb1ba4e2a21b6a4474c284e3079c1b8e06dc282072a6d2d3a684bd02794b,1a980269c1778978c64462bf76cf00949cd95e29e33d5066107809299e5dec35,p5_10,celeba-three-workers-v1,
0.8147368421052632,,,93.86377360099868,988babfb79a4be0620cf47d259d4da35f8fc07573e92f83a2e388003c17759ba,0.8104201060039968,9e6b34785c76ea03b316f0e97fd7505cbf81a983e7090ec2bd252ce085312a5b,2026-09-06T16:47:52.038487+00:00,1,1.6243202939986077,False,500.0,0.004356390727415952,6,0.219,NAA-GDP,0.036,4,5,,3,s4_p5_NAA-GDP_l6_r3,fcf8b4f93626e8cf9603afe70c3a614f6523366181d2f4df2620ee6efbb41bdb,3ea87f4a1b7b84a26ee106434a73c8c3b1666cf072e5654900cb743a0c6ff2ae,a12dcb1ba4e2a21b6a4474c284e3079c1b8e06dc282072a6d2d3a684bd02794b,1a980269c1778978c64462bf76cf00949cd95e29e33d5066107809299e5dec35,p5_10,celeba-three-workers-v1,
0.8526315789473684,,,26.87070750899875,988babfb79a4be0620cf47d259d4da35f8fc07573e92f83a2e388003c17759ba,0.8508741438288526,9e6b34785c76ea03b316f0e97fd7505cbf81a983e7090ec2bd252ce085312a5b,2026-09-06T16:48:23.729941+00:00,1,4.545067967999785,True,70.0,9.005806195083449e-08,6,0.219,NAA-GDP,0.036,4,10,,3,s4_p10_NAA-GDP_l6_r3,fcf8b4f93626e8cf9603afe70c3a614f6523366181d2f4df2620ee6efbb41bdb,3ea87f4a1b7b84a26ee106434a73c8c3b1666cf072e5654900cb743a0c6ff2ae,a12dcb1ba4e2a21b6a4474c284e3079c1b8e06dc282072a6d2d3a684bd02794b,1a980269c1778978c64462bf76cf00949cd95e29e33d5066107809299e5dec35,p5_10,celeba-three-workers-v1,
0.8224561403508772,,,94.08386070899724,988babfb79a4be0620cf47d259d4da35f8fc07573e92f83a2e388003c17759ba,0.8202967637975024,9e6b34785c76ea03b316f0e97fd7505cbf81a983e7090ec2bd252ce085312a5b,2026-09-06T16:50:00.913971+00:00,1,2.147894183999597,False,500.0,0.008302072778207277,7,0.183,NAA-GDP,0.042,4,5,,0,s4_p5_NAA-GDP_l7_r0,fcf8b4f93626e8cf9603afe70c3a614f6523366181d2f4df2620ee6efbb41bdb,3ea87f4a1b7b84a26ee106434a73c8c3b1666cf072e5654900cb743a0c6ff2ae,a12dcb1ba4e2a21b6a4474c284e3079c1b8e06dc282072a6d2d3a684bd02794b,1a980269c1778978c64462bf76cf00949cd95e29e33d5066107809299e5dec35,p5_10,celeba-three-workers-v1,
0.848421052631579,,,185.7369215559993,988babfb79a4be0620cf47d259d4da35f8fc07573e92f83a2e388003c17759ba,0.8465444063485041,9e6b34785c76ea03b316f0e97fd7505cbf81a983e7090ec2bd252ce085312a5b,2026-09-06T16:53:12.253272+00:00,1,5.332011300997692,False,500.0,0.010024837712291266,7,0.183,NAA-GDP,0.042,4,10,,0,s4_p10_NAA-GDP_l7_r0,fcf8b4f93626e8cf9603afe70c3a614f6523366181d2f4df2620ee6efbb41bdb,3ea87f4a1b7b84a26ee106434a73c8c3b1666cf072e5654900cb743a0c6ff2ae,a12dcb1ba4e2a21b6a4474c284e3079c1b8e06dc282072a6d2d3a684bd02794b,1a980269c1778978c64462bf76cf00949cd95e29e33d5066107809299e5dec35,p5_10,celeba-three-workers-v1,
0.8238596491228071,,,93.96221848700225,988babfb79a4be0620cf47d259d4da35f8fc07573e92f83a2e388003c17759ba,0.8197408747304482,9e6b34785c76ea03b316f0e97fd7505cbf81a983e7090ec2bd252ce085312a5b,2026-09-06T16:54:49.984811+00:00,1,2.8903507700015325,False,500.0,0.007496114033035607,7,0.154,NAA-GDP,0.042,4,5,,1,s4_p5_NAA-GDP_l7_r1,fcf8b4f93626e8cf9603afe70c3a614f6523366181d2f4df2620ee6efbb41bdb,3ea87f4a1b7b84a26ee106434a73c8c3b1666cf072e5654900cb743a0c6ff2ae,a12dcb1ba4e2a21b6a4474c284e3079c1b8e06dc282072a6d2d3a684bd02794b,1a980269c1778978c64462bf76cf00949cd95e29e33d5066107809299e5dec35,p5_10,celeba-three-workers-v1,
0.8242105263157895,,,185.85295580800084,988babfb79a4be0620cf47d259d4da35f8fc07573e92f83a2e388003c17759ba,0.8239822722209494,9e6b34785c76ea03b316f0e97fd7505cbf81a983e7090ec2bd252ce085312a5b,2026-09-06T16:58:01.501701+00:00,1,5.382019097000011,False,500.0,0.015376363670922247,7,0.154,NAA-GDP,0.042,4,10,,1,s4_p10_NAA-GDP_l7_r1,fcf8b4f93626e8cf9603afe70c3a614f6523366181d2f4df2620ee6efbb41bdb,3ea87f4a1b7b84a26ee106434a73c8c3b1666cf072e5654900cb743a0c6ff2ae,a12dcb1ba4e2a21b6a4474c284e3079c1b8e06dc282072a6d2d3a684bd02794b,1a980269c1778978c64462bf76cf00949cd95e29e33d5066107809299e5dec35,p5_10,celeba-three-workers-v1,
0.8105263157894737,,,94.03026314799718,988babfb79a4be0620cf47d259d4da35f8fc07573e92f83a2e388003c17759ba,0.8087228177157797,9e6b34785c76ea03b316f0e97fd7505cbf81a983e7090ec2bd252ce085312a5b,2026-09-06T16:59:38.747807+00:00,1,2.3475359130025026,False,500.0,0.010707422002732158,7,0.168,NAA-GDP,0.042,4,5,,2,s4_p5_NAA-GDP_l7_r2,fcf8b4f93626e8cf9603afe70c3a614f6523366181d2f4df2620ee6efbb41bdb,3ea87f4a1b7b84a26ee106434a73c8c3b1666cf072e5654900cb743a0c6ff2ae,a12dcb1ba4e2a21b6a4474c284e3079c1b8e06dc282072a6d2d3a684bd02794b,1a980269c1778978c64462bf76cf00949cd95e29e33d5066107809299e5dec35,p5_10,celeba-three-workers-v1,
0.8161403508771929,,,186.24564894099967,988babfb79a4be0620cf47d259d4da35f8fc07573e92f83a2e388003c17759ba,0.8114394142880843,9e6b34785c76ea03b316f0e97fd7505cbf81a983e7090ec2bd252ce085312a5b,2026-09-06T17:02:48.525214+00:00,1,3.246304127998883,False,500.0,0.005033743831976497,7,0.168,NAA-GDP,0.042,4,10,,2,s4_p10_NAA-GDP_l7_r2,fcf8b4f93626e8cf9603afe70c3a614f6523366181d2f4df2620ee6efbb41bdb,3ea87f4a1b7b84a26ee106434a73c8c3b1666cf072e5654900cb743a0c6ff2ae,a12dcb1ba4e2a21b6a4474c284e3079c1b8e06dc282072a6d2d3a684bd02794b,1a980269c1778978c64462bf76cf00949cd95e29e33d5066107809299e5dec35,p5_10,celeba-three-workers-v1,
0.8175438596491228,,,94.03061653300028,988babfb79a4be0620cf47d259d4da35f8fc07573e92f83a2e388003c17759ba,0.816739271242269,9e6b34785c76ea03b316f0e97fd7505cbf81a983e7090ec2bd252ce085312a5b,2026-09-06T17:04:25.685537+00:00,1,2.1686316870000155,False,500.0,0.015351338119808145,7,0.169,NAA-GDP,0.042,4,5,,3,s4_p5_NAA-GDP_l7_r3,fcf8b4f93626e8cf9603afe70c3a614f6523366181d2f4df2620ee6efbb41bdb,3ea87f4a1b7b84a26ee106434a73c8c3b1666cf072e5654900cb743a0c6ff2ae,a12dcb1ba4e2a21b6a4474c284e3079c1b8e06dc282072a6d2d3a684bd02794b,1a980269c1778978c64462bf76cf00949cd95e29e33d5066107809299e5dec35,p5_10,celeba-three-workers-v1,
0.8298245614035088,,,185.89170874800038,988babfb79a4be0620cf47d259d4da35f8fc07573e92f83a2e388003c17759ba,0.8260066676673434,9e6b34785c76ea03b316f0e97fd7505cbf81a983e7090ec2bd252ce085312a5b,2026-09-06T17:07:35.641730+00:00,1,3.79334782099977,False,500.0,0.012618985212353207,7,0.169,NAA-GDP,0.042,4,10,,3,s4_p10_NAA-GDP_l7_r3,fcf8b4f93626e8cf9603afe70c3a614f6523366181d2f4df2620ee6efbb41bdb,3ea87f4a1b7b84a26ee106434a73c8c3b1666cf072e5654900cb743a0c6ff2ae,a12dcb1ba4e2a21b6a4474c284e3079c1b8e06dc282072a6d2d3a684bd02794b,1a980269c1778978c64462bf76cf00949cd95e29e33d5066107809299e5dec35,p5_10,celeba-three-workers-v1,
0.8189473684210526,,,94.01287690199752,988babfb79a4be0620cf47d259d4da35f8fc07573e92f83a2e388003c17759ba,0.8163235886539388,9e6b34785c76ea03b316f0e97fd7505cbf81a983e7090ec2bd252ce085312a5b,2026-09-06T17:09:12.993472+00:00,1,2.461765213000035,False,500.0,0.007753256458568398,8,0.152,NAA-GDP,0.048,4,5,,0,s4_p5_NAA-GDP_l8_r0,fcf8b4f93626e8cf9603afe70c3a614f6523366181d2f4df2620ee6efbb41bdb,3ea87f4a1b7b84a26ee106434a73c8c3b1666cf072e5654900cb743a0c6ff2ae,a12dcb1ba4e2a21b6a4474c284e3079c1b8e06dc282072a6d2d3a684bd02794b,1a980269c1778978c64462bf76cf00949cd95e29e33d5066107809299e5dec35,p5_10,celeba-three-workers-v1,
0.840701754385965,,,186.3914173259982,988babfb79a4be0620cf47d259d4da35f8fc07573e92f83a2e388003c17759ba,0.8383362234458568,9e6b34785c76ea03b316f0e97fd7505cbf81a983e7090ec2bd252ce085312a5b,2026-09-06T17:12:24.064003+00:00,1,4.402718633999029,False,500.0,0.017362409634139927,8,0.152,NAA-GDP,0.048,4,10,,0,s4_p10_NAA-GDP_l8_r0,fcf8b4f93626e8cf9603afe70c3a614f6523366181d2f4df2620ee6efbb41bdb,3ea87f4a1b7b84a26ee106434a73c8c3b1666cf072e5654900cb743a0c6ff2ae,a12dcb1ba4e2a21b6a4474c284e3079c1b8e06dc282072a6d2d3a684bd02794b,1a980269c1778978c64462bf76cf00949cd95e29e33d5066107809299e5dec35,p5_10,celeba-three-workers-v1,
0.8126315789473684,,,94.18690581400006,988babfb79a4be0620cf47d259d4da35f8fc07573e92f83a2e388003c17759ba,0.8103075458731901,9e6b34785c76ea03b316f0e97fd7505cbf81a983e7090ec2bd252ce085312a5b,2026-09-06T17:14:01.551439+00:00,1,2.4280853790005494,False,500.0,0.00780799034531803,8,0.16,NAA-GDP,0.048,4,5,,1,s4_p5_NAA-GDP_l8_r1,fcf8b4f93626e8cf9603afe70c3a614f6523366181d2f4df2620ee6efbb41bdb,3ea87f4a1b7b84a26ee106434a73c8c3b1666cf072e5654900cb743a0c6ff2ae,a12dcb1ba4e2a21b6a4474c284e3079c1b8e06dc282072a6d2d3a684bd02794b,1a980269c1778978c64462bf76cf00949cd95e29e33d5066107809299e5dec35,p5_10,celeba-three-workers-v1,
0.8287719298245614,,,186.07188508000036,988babfb79a4be0620cf47d259d4da35f8fc07573e92f83a2e388003c17759ba,0.8266273176859087,9e6b34785c76ea03b316f0e97fd7505cbf81a983e7090ec2bd252ce085312a5b,2026-09-06T17:17:12.774252+00:00,1,4.885052658999484,False,500.0,0.02101889940078245,8,0.16,NAA-GDP,0.048,4,10,,1,s4_p10_NAA-GDP_l8_r1,fcf8b4f93626e8cf9603afe70c3a614f6523366181d2f4df2620ee6efbb41bdb,3ea87f4a1b7b84a26ee106434a73c8c3b1666cf072e5654900cb743a0c6ff2ae,a12dcb1ba4e2a21b6a4474c284e3079c1b8e06dc282072a6d2d3a684bd02794b,1a980269c1778978c64462bf76cf00949cd95e29e33d5066107809299e5dec35,p5_10,celeba-three-workers-v1,
0.8140350877192982,,,94.38173070499761,988babfb79a4be0620cf47d259d4da35f8fc07573e92f83a2e388003c17759ba,0.8140980576465848,9e6b34785c76ea03b316f0e97fd7505cbf81a983e7090ec2bd252ce085312a5b,2026-09-06T17:18:50.168089+00:00,1,2.0414448399969842,False,500.0,0.010570639009139949,8,0.151,NAA-GDP,0.048,4,5,,2,s4_p5_NAA-GDP_l8_r2,fcf8b4f93626e8cf9603afe70c3a614f6523366181d2f4df2620ee6efbb41bdb,3ea87f4a1b7b84a26ee106434a73c8c3b1666cf072e5654900cb743a0c6ff2ae,a12dcb1ba4e2a21b6a4474c284e3079c1b8e06dc282072a6d2d3a684bd02794b,1a980269c1778978c64462bf76cf00949cd95e29e33d5066107809299e5dec35,p5_10,celeba-three-workers-v1,
0.84,,,186.0732725859998,988babfb79a4be0620cf47d259d4da35f8fc07573e92f83a2e388003c17759ba,0.8370198726507138,9e6b34785c76ea03b316f0e97fd7505cbf81a983e7090ec2bd252ce085312a5b,2026-09-06T17:22:01.221159+00:00,1,4.712538448999112,False,500.0,0.01910067298662028,8,0.151,NAA-GDP,0.048,4,10,,2,s4_p10_NAA-GDP_l8_r2,fcf8b4f93626e8cf9603afe70c3a614f6523366181d2f4df2620ee6efbb41bdb,3ea87f4a1b7b84a26ee106434a73c8c3b1666cf072e5654900cb743a0c6ff2ae,a12dcb1ba4e2a21b6a4474c284e3079c1b8e06dc282072a6d2d3a684bd02794b,1a980269c1778978c64462bf76cf00949cd95e29e33d5066107809299e5dec35,p5_10,celeba-three-workers-v1,
0.8217543859649122,,,94.16016137200131,988babfb79a4be0620cf47d259d4da35f8fc07573e92f83a2e388003c17759ba,0.8182262498123998,9e6b34785c76ea03b316f0e97fd7505cbf81a983e7090ec2bd252ce085312a5b,2026-09-06T17:23:38.083171+00:00,1,1.8243485749990214,False,500.0,0.006607132388640826,8,0.138,NAA-GDP,0.048,4,5,,3,s4_p5_NAA-GDP_l8_r3,fcf8b4f93626e8cf9603afe70c3a614f6523366181d2f4df2620ee6efbb41bdb,3ea87f4a1b7b84a26ee106434a73c8c3b1666cf072e5654900cb743a0c6ff2ae,a12dcb1ba4e2a21b6a4474c284e3079c1b8e06dc282072a6d2d3a684bd02794b,1a980269c1778978c64462bf76cf00949cd95e29e33d5066107809299e5dec35,p5_10,celeba-three-workers-v1,
0.8364912280701754,,,186.268333177999,988babfb79a4be0620cf47d259d4da35f8fc07573e92f83a2e388003c17759ba,0.8345471476761915,9e6b34785c76ea03b316f0e97fd7505cbf81a983e7090ec2bd252ce085312a5b,2026-09-06T17:26:49.381613+00:00,1,4.761825319001218,False,500.0,0.020116994548586804,8,0.138,NAA-GDP,0.048,4,10,,3,s4_p10_NAA-GDP_l8_r3,fcf8b4f93626e8cf9603afe70c3a614f6523366181d2f4df2620ee6efbb41bdb,3ea87f4a1b7b84a26ee106434a73c8c3b1666cf072e5654900cb743a0c6ff2ae,a12dcb1ba4e2a21b6a4474c284e3079c1b8e06dc282072a6d2d3a684bd02794b,1a980269c1778978c64462bf76cf00949cd95e29e33d5066107809299e5dec35,p5_10,celeba-three-workers-v1,
0.8273684210526315,,,94.1925998020015,988babfb79a4be0620cf47d259d4da35f8fc07573e92f83a2e388003c17759ba,0.8260274567729603,9e6b34785c76ea03b316f0e97fd7505cbf81a983e7090ec2bd252ce085312a5b,2026-09-06T17:28:26.845877+00:00,1,2.4056583489982586,False,500.0,0.006596809366598046,9,0.152,NAA-GDP,0.054,4,5,,0,s4_p5_NAA-GDP_l9_r0,fcf8b4f93626e8cf9603afe70c3a614f6523366181d2f4df2620ee6efbb41bdb,3ea87f4a1b7b84a26ee106434a73c8c3b1666cf072e5654900cb743a0c6ff2ae,a12dcb1ba4e2a21b6a4474c284e3079c1b8e06dc282072a6d2d3a684bd02794b,1a980269c1778978c64462bf76cf00949cd95e29e33d5066107809299e5dec35,p5_10,celeba-three-workers-v1,
0.8305263157894737,,,186.7009266069981,988babfb79a4be0620cf47d259d4da35f8fc07573e92f83a2e388003c17759ba,0.8272509302343953,9e6b34785c76ea03b316f0e97fd7505cbf81a983e7090ec2bd252ce085312a5b,2026-09-06T17:31:39.288565+00:00,1,5.463685372000327,False,500.0,0.0269309434632058,9,0.152,NAA-GDP,0.054,4,10,,0,s4_p10_NAA-GDP_l9_r0,fcf8b4f93626e8cf9603afe70c3a614f6523366181d2f4df2620ee6efbb41bdb,3ea87f4a1b7b84a26ee106434a73c8c3b1666cf072e5654900cb743a0c6ff2ae,a12dcb1ba4e2a21b6a4474c284e3079c1b8e06dc282072a6d2d3a684bd02794b,1a980269c1778978c64462bf76cf00949cd95e29e33d5066107809299e5dec35,p5_10,celeba-three-workers-v1,
0.8133333333333334,,,94.06218782200085,988babfb79a4be0620cf47d259d4da35f8fc07573e92f83a2e388003c17759ba,0.8113265112678615,9e6b34785c76ea03b316f0e97fd7505cbf81a983e7090ec2bd252ce085312a5b,2026-09-06T17:33:17.085011+00:00,1,2.781376682996779,False,500.0,0.011227568971462423,9,0.132,NAA-GDP,0.054,4,5,,1,s4_p5_NAA-GDP_l9_r1,fcf8b4f93626e8cf9603afe70c3a614f6523366181d2f4df2620ee6efbb41bdb,3ea87f4a1b7b84a26ee106434a73c8c3b1666cf072e5654900cb743a0c6ff2ae,a12dcb1ba4e2a21b6a4474c284e3079c1b8e06dc282072a6d2d3a684bd02794b,1a980269c1778978c64462bf76cf00949cd95e29e33d5066107809299e5dec35,p5_10,celeba-three-workers-v1,
0.8280701754385965,,,186.4293675379995,988babfb79a4be0620cf47d259d4da35f8fc07573e92f83a2e388003c17759ba,0.8253830551188567,9e6b34785c76ea03b316f0e97fd7505cbf81a983e7090ec2bd252ce085312a5b,2026-09-06T17:36:28.165010+00:00,1,4.364929380997637,False,500.0,0.02347180845145585,9,0.132,NAA-GDP,0.054,4,10,,1,s4_p10_NAA-GDP_l9_r1,fcf8b4f93626e8cf9603afe70c3a614f6523366181d2f4df2620ee6efbb41bdb,3ea87f4a1b7b84a26ee106434a73c8c3b1666cf072e5654900cb743a0c6ff2ae,a12dcb1ba4e2a21b6a4474c284e3079c1b8e06dc282072a6d2d3a684bd02794b,1a980269c1778978c64462bf76cf00949cd95e29e33d5066107809299e5dec35,p5_10,celeba-three-workers-v1,
0.8203508771929825,,,94.38862784400044,988babfb79a4be0620cf47d259d4da35f8fc07573e92f83a2e388003c17759ba,0.8166089384592295,9e6b34785c76ea03b316f0e97fd7505cbf81a983e7090ec2bd252ce085312a5b,2026-09-06T17:38:05.532412+00:00,1,2.1150780520001717,False,500.0,0.00572051928350269,9,0.137,NAA-GDP,0.054,4,5,,2,s4_p5_NAA-GDP_l9_r2,fcf8b4f93626e8cf9603afe70c3a614f6523366181d2f4df2620ee6efbb41bdb,3ea87f4a1b7b84a26ee106434a73c8c3b1666cf072e5654900cb743a0c6ff2ae,a12dcb1ba4e2a21b6a4474c284e3079c1b8e06dc282072a6d2d3a684bd02794b,1a980269c1778978c64462bf76cf00949cd95e29e33d5066107809299e5dec35,p5_10,celeba-three-workers-v1,
0.8287719298245614,,,186.59024951099855,988babfb79a4be0620cf47d259d4da35f8fc07573e92f83a2e388003c17759ba,0.8259785236330888,9e6b34785c76ea03b316f0e97fd7505cbf81a983e7090ec2bd252ce085312a5b,2026-09-06T17:41:17.053793+00:00,1,4.662088327000674,False,500.0,0.027566146042338893,9,0.137,NAA-GDP,0.054,4,10,,2,s4_p10_NAA-GDP_l9_r2,fcf8b4f93626e8cf9603afe70c3a614f6523366181d2f4df2620ee6efbb41bdb,3ea87f4a1b7b84a26ee106434a73c8c3b1666cf072e5654900cb743a0c6ff2ae,a12dcb1ba4e2a21b6a4474c284e3079c1b8e06dc282072a6d2d3a684bd02794b,1a980269c1778978c64462bf76cf00949cd95e29e33d5066107809299e5dec35,p5_10,celeba-three-workers-v1,
0.8126315789473684,,,94.38990929099964,988babfb79a4be0620cf47d259d4da35f8fc07573e92f83a2e388003c17759ba,0.810167339394466,9e6b34785c76ea03b316f0e97fd7505cbf81a983e7090ec2bd252ce085312a5b,2026-09-06T17:42:54.123533+00:00,1,1.813572565002687,False,500.0,0.015015229322844227,9,0.114,NAA-GDP,0.054,4,5,,3,s4_p5_NAA-GDP_l9_r3,fcf8b4f93626e8cf9603afe70c3a614f6523366181d2f4df2620ee6efbb41bdb,3ea87f4a1b7b84a26ee106434a73c8c3b1666cf072e5654900cb743a0c6ff2ae,a12dcb1ba4e2a21b6a4474c284e3079c1b8e06dc282072a6d2d3a684bd02794b,1a980269c1778978c64462bf76cf00949cd95e29e33d5066107809299e5dec35,p5_10,celeba-three-workers-v1,
0.8231578947368421,,,186.55732458000057,988babfb79a4be0620cf47d259d4da35f8fc07573e92f83a2e388003c17759ba,0.8205659814664128,9e6b34785c76ea03b316f0e97fd7505cbf81a983e7090ec2bd252ce085312a5b,2026-09-06T17:46:05.970313+00:00,1,5.024238244997832,False,500.0,0.02265157188981624,9,0.114,NAA-GDP,0.054,4,10,,3,s4_p10_NAA-GDP_l9_r3,fcf8b4f93626e8cf9603afe70c3a614f6523366181d2f4df2620ee6efbb41bdb,3ea87f4a1b7b84a26ee106434a73c8c3b1666cf072e5654900cb743a0c6ff2ae,a12dcb1ba4e2a21b6a4474c284e3079c1b8e06dc282072a6d2d3a684bd02794b,1a980269c1778978c64462bf76cf00949cd95e29e33d5066107809299e5dec35,p5_10,celeba-three-workers-v1,
0.8014035087719298,,,94.27529057200081,988babfb79a4be0620cf47d259d4da35f8fc07573e92f83a2e388003c17759ba,0.799822668425501,9e6b34785c76ea03b316f0e97fd7505cbf81a983e7090ec2bd252ce085312a5b,2026-09-06T17:47:43.802699+00:00,1,2.596386649998749,False,500.0,0.009783066842827363,10,0.132,NAA-GDP,0.06,4,5,,0,s4_p5_NAA-GDP_l10_r0,fcf8b4f93626e8cf9603afe70c3a614f6523366181d2f4df2620ee6efbb41bdb,3ea87f4a1b7b84a26ee106434a73c8c3b1666cf072e5654900cb743a0c6ff2ae,a12dcb1ba4e2a21b6a4474c284e3079c1b8e06dc282072a6d2d3a684bd02794b,1a980269c1778978c64462bf76cf00949cd95e29e33d5066107809299e5dec35,p5_10,celeba-three-workers-v1,
0.8238596491228071,,,186.90328991299975,988babfb79a4be0620cf47d259d4da35f8fc07573e92f83a2e388003c17759ba,0.8224950822003302,9e6b34785c76ea03b316f0e97fd7505cbf81a983e7090ec2bd252ce085312a5b,2026-09-06T17:50:55.885223+00:00,1,4.908277015001659,False,500.0,0.022484040985452293,10,0.132,NAA-GDP,0.06,4,10,,0,s4_p10_NAA-GDP_l10_r0,fcf8b4f93626e8cf9603afe70c3a614f6523366181d2f4df2620ee6efbb41bdb,3ea87f4a1b7b84a26ee106434a73c8c3b1666cf072e5654900cb743a0c6ff2ae,a12dcb1ba4e2a21b6a4474c284e3079c1b8e06dc282072a6d2d3a684bd02794b,1a980269c1778978c64462bf76cf00949cd95e29e33d5066107809299e5dec35,p5_10,celeba-three-workers-v1,
0.8203508771929825,,,94.44182804400043,988babfb79a4be0620cf47d259d4da35f8fc07573e92f83a2e388003c17759ba,0.8180110032464711,9e6b34785c76ea03b316f0e97fd7505cbf81a983e7090ec2bd252ce085312a5b,2026-09-06T17:52:33.884428+00:00,1,2.69969798099919,False,500.0,0.011441658432071126,10,0.152,NAA-GDP,0.06,4,5,,1,s4_p5_NAA-GDP_l10_r1,fcf8b4f93626e8cf9603afe70c3a614f6523366181d2f4df2620ee6efbb41bdb,3ea87f4a1b7b84a26ee106434a73c8c3b1666cf072e5654900cb743a0c6ff2ae,a12dcb1ba4e2a21b6a4474c284e3079c1b8e06dc282072a6d2d3a684bd02794b,1a980269c1778978c64462bf76cf00949cd95e29e33d5066107809299e5dec35,p5_10,celeba-three-workers-v1,
0.8280701754385965,,,186.76522115999978,988babfb79a4be0620cf47d259d4da35f8fc07573e92f83a2e388003c17759ba,0.8263922903121321,9e6b34785c76ea03b316f0e97fd7505cbf81a983e7090ec2bd252ce085312a5b,2026-09-06T17:55:45.997599+00:00,1,5.063830581999355,False,500.0,0.030638063424626164,10,0.152,NAA-GDP,0.06,4,10,,1,s4_p10_NAA-GDP_l10_r1,fcf8b4f93626e8cf9603afe70c3a614f6523366181d2f4df2620ee6efbb41bdb,3ea87f4a1b7b84a26ee106434a73c8c3b1666cf072e5654900cb743a0c6ff2ae,a12dcb1ba4e2a21b6a4474c284e3079c1b8e06dc282072a6d2d3a684bd02794b,1a980269c1778978c64462bf76cf00949cd95e29e33d5066107809299e5dec35,p5_10,celeba-three-workers-v1,
0.8182456140350877,,,94.0656572700027,988babfb79a4be0620cf47d259d4da35f8fc07573e92f83a2e388003c17759ba,0.8161458621316124,9e6b34785c76ea03b316f0e97fd7505cbf81a983e7090ec2bd252ce085312a5b,2026-09-06T17:57:24.149340+00:00,1,3.2120213099988177,False,500.0,0.010625865929584423,10,0.137,NAA-GDP,0.06,4,5,,2,s4_p5_NAA-GDP_l10_r2,fcf8b4f93626e8cf9603afe70c3a614f6523366181d2f4df2620ee6efbb41bdb,3ea87f4a1b7b84a26ee106434a73c8c3b1666cf072e5654900cb743a0c6ff2ae,a12dcb1ba4e2a21b6a4474c284e3079c1b8e06dc282072a6d2d3a684bd02794b,1a980269c1778978c64462bf76cf00949cd95e29e33d5066107809299e5dec35,p5_10,celeba-three-workers-v1,
0.8343859649122807,,,186.918401146002,988babfb79a4be0620cf47d259d4da35f8fc07573e92f83a2e388003c17759ba,0.8325444774492222,9e6b34785c76ea03b316f0e97fd7505cbf81a983e7090ec2bd252ce085312a5b,2026-09-06T18:00:36.338464+00:00,1,4.992074411999056,False,500.0,0.02562145793589128,10,0.137,NAA-GDP,0.06,4,10,,2,s4_p10_NAA-GDP_l10_r2,fcf8b4f93626e8cf9603afe70c3a614f6523366181d2f4df2620ee6efbb41bdb,3ea87f4a1b7b84a26ee106434a73c8c3b1666cf072e5654900cb743a0c6ff2ae,a12dcb1ba4e2a21b6a4474c284e3079c1b8e06dc282072a6d2d3a684bd02794b,1a980269c1778978c64462bf76cf00949cd95e29e33d5066107809299e5dec35,p5_10,celeba-three-workers-v1,
0.8126315789473684,,,94.02358003699919,988babfb79a4be0620cf47d259d4da35f8fc07573e92f83a2e388003c17759ba,0.8086951713678623,9e6b34785c76ea03b316f0e97fd7505cbf81a983e7090ec2bd252ce085312a5b,2026-09-06T18:02:13.178697+00:00,1,1.8432367140012502,False,500.0,0.009433208218937754,10,0.159,NAA-GDP,0.06,4,5,,3,s4_p5_NAA-GDP_l10_r3,fcf8b4f93626e8cf9603afe70c3a614f6523366181d2f4df2620ee6efbb41bdb,3ea87f4a1b7b84a26ee106434a73c8c3b1666cf072e5654900cb743a0c6ff2ae,a12dcb1ba4e2a21b6a4474c284e3079c1b8e06dc282072a6d2d3a684bd02794b,1a980269c1778978c64462bf76cf00949cd95e29e33d5066107809299e5dec35,p5_10,celeba-three-workers-v1,
0.828421052631579,,,186.74978380599714,988babfb79a4be0620cf47d259d4da35f8fc07573e92f83a2e388003c17759ba,0.8261493628585649,9e6b34785c76ea03b316f0e97fd7505cbf81a983e7090ec2bd252ce085312a5b,2026-09-06T18:05:25.058929+00:00,1,4.860739645002468,False,500.0,0.02709543021773642,10,0.159,NAA-GDP,0.06,4,10,,3,s4_p10_NAA-GDP_l10_r3,fcf8b4f93626e8cf9603afe70c3a614f6523366181d2f4df2620ee6efbb41bdb,3ea87f4a1b7b84a26ee106434a73c8c3b1666cf072e5654900cb743a0c6ff2ae,a12dcb1ba4e2a21b6a4474c284e3079c1b8e06dc282072a6d2d3a684bd02794b,1a980269c1778978c64462bf76cf00949cd95e29e33d5066107809299e5dec35,p5_10,celeba-three-workers-v1,
0.8624561403508771,,,0.0,988babfb79a4be0620cf47d259d4da35f8fc07573e92f83a2e388003c17759ba,0.8594269677123739,9e6b34785c76ea03b316f0e97fd7505cbf81a983e7090ec2bd252ce085312a5b,2026-09-06T18:05:30.079865+00:00,1,4.758319142998516,,,,1,0.578,C-GDP-private-noise,0.3,4,10,,0,s4_p10_C-GDP-private-noise_l1_r0,fcf8b4f93626e8cf9603afe70c3a614f6523366181d2f4df2620ee6efbb41bdb,3ea87f4a1b7b84a26ee106434a73c8c3b1666cf072e5654900cb743a0c6ff2ae,a12dcb1ba4e2a21b6a4474c284e3079c1b8e06dc282072a6d2d3a684bd02794b,1a980269c1778978c64462bf76cf00949cd95e29e33d5066107809299e5dec35,p5_10,celeba-three-workers-v1,
0.8614035087719298,,,0.0,988babfb79a4be0620cf47d259d4da35f8fc07573e92f83a2e388003c17759ba,0.8585698090550715,9e6b34785c76ea03b316f0e97fd7505cbf81a983e7090ec2bd252ce085312a5b,2026-09-06T18:05:34.416391+00:00,1,4.0612735959985,,,,1,0.535,C-GDP-private-noise,0.3,4,10,,1,s4_p10_C-GDP-private-noise_l1_r1,fcf8b4f93626e8cf9603afe70c3a614f6523366181d2f4df2620ee6efbb41bdb,3ea87f4a1b7b84a26ee106434a73c8c3b1666cf072e5654900cb743a0c6ff2ae,a12dcb1ba4e2a21b6a4474c284e3079c1b8e06dc282072a6d2d3a684bd02794b,1a980269c1778978c64462bf76cf00949cd95e29e33d5066107809299e5dec35,p5_10,celeba-three-workers-v1,
0.8550877192982456,,,0.0,988babfb79a4be0620cf47d259d4da35f8fc07573e92f83a2e388003c17759ba,0.8527420189443913,9e6b34785c76ea03b316f0e97fd7505cbf81a983e7090ec2bd252ce085312a5b,2026-09-06T18:05:38.880270+00:00,1,4.223040263997973,,,,1,0.606,C-GDP-private-noise,0.3,4,10,,2,s4_p10_C-GDP-private-noise_l1_r2,fcf8b4f93626e8cf9603afe70c3a614f6523366181d2f4df2620ee6efbb41bdb,3ea87f4a1b7b84a26ee106434a73c8c3b1666cf072e5654900cb743a0c6ff2ae,a12dcb1ba4e2a21b6a4474c284e3079c1b8e06dc282072a6d2d3a684bd02794b,1a980269c1778978c64462bf76cf00949cd95e29e33d5066107809299e5dec35,p5_10,celeba-three-workers-v1,
0.8614035087719298,,,0.0,988babfb79a4be0620cf47d259d4da35f8fc07573e92f83a2e388003c17759ba,0.8602278383011668,9e6b34785c76ea03b316f0e97fd7505cbf81a983e7090ec2bd252ce085312a5b,2026-09-06T18:05:43.480240+00:00,1,4.336724349999713,,,,1,0.581,C-GDP-private-noise,0.3,4,10,,3,s4_p10_C-GDP-private-noise_l1_r3,fcf8b4f93626e8cf9603afe70c3a614f6523366181d2f4df2620ee6efbb41bdb,3ea87f4a1b7b84a26ee106434a73c8c3b1666cf072e5654900cb743a0c6ff2ae,a12dcb1ba4e2a21b6a4474c284e3079c1b8e06dc282072a6d2d3a684bd02794b,1a980269c1778978c64462bf76cf00949cd95e29e33d5066107809299e5dec35,p5_10,celeba-three-workers-v1,
0.8333333333333334,,,0.0,988babfb79a4be0620cf47d259d4da35f8fc07573e92f83a2e388003c17759ba,0.8307141277126899,9e6b34785c76ea03b316f0e97fd7505cbf81a983e7090ec2bd252ce085312a5b,2026-09-06T18:05:46.441161+00:00,1,2.694649650999054,,,,2,0.391,C-GDP-private-noise,0.6,4,10,,0,s4_p10_C-GDP-private-noise_l2_r0,fcf8b4f93626e8cf9603afe70c3a614f6523366181d2f4df2620ee6efbb41bdb,3ea87f4a1b7b84a26ee106434a73c8c3b1666cf072e5654900cb743a0c6ff2ae,a12dcb1ba4e2a21b6a4474c284e3079c1b8e06dc282072a6d2d3a684bd02794b,1a980269c1778978c64462bf76cf00949cd95e29e33d5066107809299e5dec35,p5_10,celeba-three-workers-v1,
0.8214035087719298,,,0.0,988babfb79a4be0620cf47d259d4da35f8fc07573e92f83a2e388003c17759ba,0.8171669721364185,9e6b34785c76ea03b316f0e97fd7505cbf81a983e7090ec2bd252ce085312a5b,2026-09-06T18:05:50.537420+00:00,1,3.854688782001176,,,,2,0.373,C-GDP-private-noise,0.6,4,10,,1,s4_p10_C-GDP-private-noise_l2_r1,fcf8b4f93626e8cf9603afe70c3a614f6523366181d2f4df2620ee6efbb41bdb,3ea87f4a1b7b84a26ee106434a73c8c3b1666cf072e5654900cb743a0c6ff2ae,a12dcb1ba4e2a21b6a4474c284e3079c1b8e06dc282072a6d2d3a684bd02794b,1a980269c1778978c64462bf76cf00949cd95e29e33d5066107809299e5dec35,p5_10,celeba-three-workers-v1,
0.8319298245614035,,,0.0,988babfb79a4be0620cf47d259d4da35f8fc07573e92f83a2e388003c17759ba,0.8290185730875881,9e6b34785c76ea03b316f0e97fd7505cbf81a983e7090ec2bd252ce085312a5b,2026-09-06T18:05:54.976355+00:00,1,4.185833991999971,,,,2,0.408,C-GDP-private-noise,0.6,4,10,,2,s4_p10_C-GDP-private-noise_l2_r2,fcf8b4f93626e8cf9603afe70c3a614f6523366181d2f4df2620ee6efbb41bdb,3ea87f4a1b7b84a26ee106434a73c8c3b1666cf072e5654900cb743a0c6ff2ae,a12dcb1ba4e2a21b6a4474c284e3079c1b8e06dc282072a6d2d3a684bd02794b,1a980269c1778978c64462bf76cf00949cd95e29e33d5066107809299e5dec35,p5_10,celeba-three-workers-v1,
0.8371929824561404,,,0.0,988babfb79a4be0620cf47d259d4da35f8fc07573e92f83a2e388003c17759ba,0.8355751455589702,9e6b34785c76ea03b316f0e97fd7505cbf81a983e7090ec2bd252ce085312a5b,2026-09-06T18:05:57.968992+00:00,1,2.7404782169978716,,,,2,0.417,C-GDP-private-noise,0.6,4,10,,3,s4_p10_C-GDP-private-noise_l2_r3,fcf8b4f93626e8cf9603afe70c3a614f6523366181d2f4df2620ee6efbb41bdb,3ea87f4a1b7b84a26ee106434a73c8c3b1666cf072e5654900cb743a0c6ff2ae,a12dcb1ba4e2a21b6a4474c284e3079c1b8e06dc282072a6d2d3a684bd02794b,1a980269c1778978c64462bf76cf00949cd95e29e33d5066107809299e5dec35,p5_10,celeba-three-workers-v1,
0.7954385964912281,,,0.0,988babfb79a4be0620cf47d259d4da35f8fc07573e92f83a2e388003c17759ba,0.7934045196356483,9e6b34785c76ea03b316f0e97fd7505cbf81a983e7090ec2bd252ce085312a5b,2026-09-06T18:06:01.052702+00:00,1,2.843072840998502,,,,3,0.254,C-GDP-private-noise,0.9,4,10,,0,s4_p10_C-GDP-private-noise_l3_r0,fcf8b4f93626e8cf9603afe70c3a614f6523366181d2f4df2620ee6efbb41bdb,3ea87f4a1b7b84a26ee106434a73c8c3b1666cf072e5654900cb743a0c6ff2ae,a12dcb1ba4e2a21b6a4474c284e3079c1b8e06dc282072a6d2d3a684bd02794b,1a980269c1778978c64462bf76cf00949cd95e29e33d5066107809299e5dec35,p5_10,celeba-three-workers-v1,
0.7796491228070176,,,0.0,988babfb79a4be0620cf47d259d4da35f8fc07573e92f83a2e388003c17759ba,0.7766904195732377,9e6b34785c76ea03b316f0e97fd7505cbf81a983e7090ec2bd252ce085312a5b,2026-09-06T18:06:03.992135+00:00,1,2.696980489999987,,,,3,0.269,C-GDP-private-noise,0.9,4,10,,1,s4_p10_C-GDP-private-noise_l3_r1,fcf8b4f93626e8cf9603afe70c3a614f6523366181d2f4df2620ee6efbb41bdb,3ea87f4a1b7b84a26ee106434a73c8c3b1666cf072e5654900cb743a0c6ff2ae,a12dcb1ba4e2a21b6a4474c284e3079c1b8e06dc282072a6d2d3a684bd02794b,1a980269c1778978c64462bf76cf00949cd95e29e33d5066107809299e5dec35,p5_10,celeba-three-workers-v1,
0.7933333333333333,,,0.0,988babfb79a4be0620cf47d259d4da35f8fc07573e92f83a2e388003c17759ba,0.790356570101358,9e6b34785c76ea03b316f0e97fd7505cbf81a983e7090ec2bd252ce085312a5b,2026-09-06T18:06:07.169150+00:00,1,2.921236055000918,,,,3,0.277,C-GDP-private-noise,0.9,4,10,,2,s4_p10_C-GDP-private-noise_l3_r2,fcf8b4f93626e8cf9603afe70c3a614f6523366181d2f4df2620ee6efbb41bdb,3ea87f4a1b7b84a26ee106434a73c8c3b1666cf072e5654900cb743a0c6ff2ae,a12dcb1ba4e2a21b6a4474c284e3079c1b8e06dc282072a6d2d3a684bd02794b,1a980269c1778978c64462bf76cf00949cd95e29e33d5066107809299e5dec35,p5_10,celeba-three-workers-v1,
0.7929824561403509,,,0.0,988babfb79a4be0620cf47d259d4da35f8fc07573e92f83a2e388003c17759ba,0.7903832328706519,9e6b34785c76ea03b316f0e97fd7505cbf81a983e7090ec2bd252ce085312a5b,2026-09-06T18:06:10.284687+00:00,1,2.871194382001704,,,,3,0.272,C-GDP-private-noise,0.9,4,10,,3,s4_p10_C-GDP-private-noise_l3_r3,fcf8b4f93626e8cf9603afe70c3a614f6523366181d2f4df2620ee6efbb41bdb,3ea87f4a1b7b84a26ee106434a73c8c3b1666cf072e5654900cb743a0c6ff2ae,a12dcb1ba4e2a21b6a4474c284e3079c1b8e06dc282072a6d2d3a684bd02794b,1a980269c1778978c64462bf76cf00949cd95e29e33d5066107809299e5dec35,p5_10,celeba-three-workers-v1,
0.7729824561403509,,,0.0,988babfb79a4be0620cf47d259d4da35f8fc07573e92f83a2e388003c17759ba,0.7694475276700294,9e6b34785c76ea03b316f0e97fd7505cbf81a983e7090ec2bd252ce085312a5b,2026-09-06T18:06:13.441561+00:00,1,2.9165934060001746,,,,4,0.223,C-GDP-private-noise,1.2,4,10,,0,s4_p10_C-GDP-private-noise_l4_r0,fcf8b4f93626e8cf9603afe70c3a614f6523366181d2f4df2620ee6efbb41bdb,3ea87f4a1b7b84a26ee106434a73c8c3b1666cf072e5654900cb743a0c6ff2ae,a12dcb1ba4e2a21b6a4474c284e3079c1b8e06dc282072a6d2d3a684bd02794b,1a980269c1778978c64462bf76cf00949cd95e29e33d5066107809299e5dec35,p5_10,celeba-three-workers-v1,
0.7596491228070176,,,0.0,988babfb79a4be0620cf47d259d4da35f8fc07573e92f83a2e388003c17759ba,0.7562953760832984,9e6b34785c76ea03b316f0e97fd7505cbf81a983e7090ec2bd252ce085312a5b,2026-09-06T18:06:16.295162+00:00,1,2.5922888530003547,,,,4,0.239,C-GDP-private-noise,1.2,4,10,,1,s4_p10_C-GDP-private-noise_l4_r1,fcf8b4f93626e8cf9603afe70c3a614f6523366181d2f4df2620ee6efbb41bdb,3ea87f4a1b7b84a26ee106434a73c8c3b1666cf072e5654900cb743a0c6ff2ae,a12dcb1ba4e2a21b6a4474c284e3079c1b8e06dc282072a6d2d3a684bd02794b,1a980269c1778978c64462bf76cf00949cd95e29e33d5066107809299e5dec35,p5_10,celeba-three-workers-v1,
0.7596491228070176,,,0.0,988babfb79a4be0620cf47d259d4da35f8fc07573e92f83a2e388003c17759ba,0.7586382434962593,9e6b34785c76ea03b316f0e97fd7505cbf81a983e7090ec2bd252ce085312a5b,2026-09-06T18:06:19.457609+00:00,1,2.9226975300007325,,,,4,0.23,C-GDP-private-noise,1.2,4,10,,2,s4_p10_C-GDP-private-noise_l4_r2,fcf8b4f93626e8cf9603afe70c3a614f6523366181d2f4df2620ee6efbb41bdb,3ea87f4a1b7b84a26ee106434a73c8c3b1666cf072e5654900cb743a0c6ff2ae,a12dcb1ba4e2a21b6a4474c284e3079c1b8e06dc282072a6d2d3a684bd02794b,1a980269c1778978c64462bf76cf00949cd95e29e33d5066107809299e5dec35,p5_10,celeba-three-workers-v1,
0.7719298245614035,,,0.0,988babfb79a4be0620cf47d259d4da35f8fc07573e92f83a2e388003c17759ba,0.7715820304785078,9e6b34785c76ea03b316f0e97fd7505cbf81a983e7090ec2bd252ce085312a5b,2026-09-06T18:06:22.620949+00:00,1,2.91783424499954,,,,4,0.274,C-GDP-private-noise,1.2,4,10,,3,s4_p10_C-GDP-private-noise_l4_r3,fcf8b4f93626e8cf9603afe70c3a614f6523366181d2f4df2620ee6efbb41bdb,3ea87f4a1b7b84a26ee106434a73c8c3b1666cf072e5654900cb743a0c6ff2ae,a12dcb1ba4e2a21b6a4474c284e3079c1b8e06dc282072a6d2d3a684bd02794b,1a980269c1778978c64462bf76cf00949cd95e29e33d5066107809299e5dec35,p5_10,celeba-three-workers-v1,
0.7242105263157895,,,0.0,988babfb79a4be0620cf47d259d4da35f8fc07573e92f83a2e388003c17759ba,0.7178619816560148,9e6b34785c76ea03b316f0e97fd7505cbf81a983e7090ec2bd252ce085312a5b,2026-09-06T18:06:24.981882+00:00,1,2.103605678999884,,,,5,0.209,C-GDP-private-noise,1.5,4,10,,0,s4_p10_C-GDP-private-noise_l5_r0,fcf8b4f93626e8cf9603afe70c3a614f6523366181d2f4df2620ee6efbb41bdb,3ea87f4a1b7b84a26ee106434a73c8c3b1666cf072e5654900cb743a0c6ff2ae,a12dcb1ba4e2a21b6a4474c284e3079c1b8e06dc282072a6d2d3a684bd02794b,1a980269c1778978c64462bf76cf00949cd95e29e33d5066107809299e5dec35,p5_10,celeba-three-workers-v1,
0.756140350877193,,,0.0,988babfb79a4be0620cf47d259d4da35f8fc07573e92f83a2e388003c17759ba,0.7555527685829626,9e6b34785c76ea03b316f0e97fd7505cbf81a983e7090ec2bd252ce085312a5b,2026-09-06T18:06:27.603092+00:00,1,2.368338865999249,,,,5,0.172,C-GDP-private-noise,1.5,4,10,,1,s4_p10_C-GDP-private-noise_l5_r1,fcf8b4f93626e8cf9603afe70c3a614f6523366181d2f4df2620ee6efbb41bdb,3ea87f4a1b7b84a26ee106434a73c8c3b1666cf072e5654900cb743a0c6ff2ae,a12dcb1ba4e2a21b6a4474c284e3079c1b8e06dc282072a6d2d3a684bd02794b,1a980269c1778978c64462bf76cf00949cd95e29e33d5066107809299e5dec35,p5_10,celeba-three-workers-v1,
0.7403508771929824,,,0.0,988babfb79a4be0620cf47d259d4da35f8fc07573e92f83a2e388003c17759ba,0.7390549332048253,9e6b34785c76ea03b316f0e97fd7505cbf81a983e7090ec2bd252ce085312a5b,2026-09-06T18:06:30.366039+00:00,1,2.5204336579990922,,,,5,0.151,C-GDP-private-noise,1.5,4,10,,2,s4_p10_C-GDP-private-noise_l5_r2,fcf8b4f93626e8cf9603afe70c3a614f6523366181d2f4df2620ee6efbb41bdb,3ea87f4a1b7b84a26ee106434a73c8c3b1666cf072e5654900cb743a0c6ff2ae,a12dcb1ba4e2a21b6a4474c284e3079c1b8e06dc282072a6d2d3a684bd02794b,1a980269c1778978c64462bf76cf00949cd95e29e33d5066107809299e5dec35,p5_10,celeba-three-workers-v1,
0.7371929824561404,,,0.0,988babfb79a4be0620cf47d259d4da35f8fc07573e92f83a2e388003c17759ba,0.7381775305930589,9e6b34785c76ea03b316f0e97fd7505cbf81a983e7090ec2bd252ce085312a5b,2026-09-06T18:06:33.390982+00:00,1,2.7788182979966223,,,,5,0.174,C-GDP-private-noise,1.5,4,10,,3,s4_p10_C-GDP-private-noise_l5_r3,fcf8b4f93626e8cf9603afe70c3a614f6523366181d2f4df2620ee6efbb41bdb,3ea87f4a1b7b84a26ee106434a73c8c3b1666cf072e5654900cb743a0c6ff2ae,a12dcb1ba4e2a21b6a4474c284e3079c1b8e06dc282072a6d2d3a684bd02794b,1a980269c1778978c64462bf76cf00949cd95e29e33d5066107809299e5dec35,p5_10,celeba-three-workers-v1,
0.7150877192982457,,,0.0,988babfb79a4be0620cf47d259d4da35f8fc07573e92f83a2e388003c17759ba,0.7130765083227341,9e6b34785c76ea03b316f0e97fd7505cbf81a983e7090ec2bd252ce085312a5b,2026-09-06T18:06:35.739468+00:00,1,2.088095596001949,,,,6,0.171,C-GDP-private-noise,1.8,4,10,,0,s4_p10_C-GDP-private-noise_l6_r0,fcf8b4f93626e8cf9603afe70c3a614f6523366181d2f4df2620ee6efbb41bdb,3ea87f4a1b7b84a26ee106434a73c8c3b1666cf072e5654900cb743a0c6ff2ae,a12dcb1ba4e2a21b6a4474c284e3079c1b8e06dc282072a6d2d3a684bd02794b,1a980269c1778978c64462bf76cf00949cd95e29e33d5066107809299e5dec35,p5_10,celeba-three-workers-v1,
0.7014035087719298,,,0.0,988babfb79a4be0620cf47d259d4da35f8fc07573e92f83a2e388003c17759ba,0.7016811369794835,9e6b34785c76ea03b316f0e97fd7505cbf81a983e7090ec2bd252ce085312a5b,2026-09-06T18:06:38.303307+00:00,1,2.3216393460024847,,,,6,0.157,C-GDP-private-noise,1.8,4,10,,1,s4_p10_C-GDP-private-noise_l6_r1,fcf8b4f93626e8cf9603afe70c3a614f6523366181d2f4df2620ee6efbb41bdb,3ea87f4a1b7b84a26ee106434a73c8c3b1666cf072e5654900cb743a0c6ff2ae,a12dcb1ba4e2a21b6a4474c284e3079c1b8e06dc282072a6d2d3a684bd02794b,1a980269c1778978c64462bf76cf00949cd95e29e33d5066107809299e5dec35,p5_10,celeba-three-workers-v1,
0.7252631578947368,,,0.0,988babfb79a4be0620cf47d259d4da35f8fc07573e92f83a2e388003c17759ba,0.7231165222268745,9e6b34785c76ea03b316f0e97fd7505cbf81a983e7090ec2bd252ce085312a5b,2026-09-06T18:06:40.767600+00:00,1,2.2221267239983717,,,,6,0.181,C-GDP-private-noise,1.8,4,10,,2,s4_p10_C-GDP-private-noise_l6_r2,fcf8b4f93626e8cf9603afe70c3a614f6523366181d2f4df2620ee6efbb41bdb,3ea87f4a1b7b84a26ee106434a73c8c3b1666cf072e5654900cb743a0c6ff2ae,a12dcb1ba4e2a21b6a4474c284e3079c1b8e06dc282072a6d2d3a684bd02794b,1a980269c1778978c64462bf76cf00949cd95e29e33d5066107809299e5dec35,p5_10,celeba-three-workers-v1,
0.7217543859649123,,,0.0,988babfb79a4be0620cf47d259d4da35f8fc07573e92f83a2e388003c17759ba,0.7231668852355408,9e6b34785c76ea03b316f0e97fd7505cbf81a983e7090ec2bd252ce085312a5b,2026-09-06T18:06:43.515090+00:00,1,2.479304984997725,,,,6,0.175,C-GDP-private-noise,1.8,4,10,,3,s4_p10_C-GDP-private-noise_l6_r3,fcf8b4f93626e8cf9603afe70c3a614f6523366181d2f4df2620ee6efbb41bdb,3ea87f4a1b7b84a26ee106434a73c8c3b1666cf072e5654900cb743a0c6ff2ae,a12dcb1ba4e2a21b6a4474c284e3079c1b8e06dc282072a6d2d3a684bd02794b,1a980269c1778978c64462bf76cf00949cd95e29e33d5066107809299e5dec35,p5_10,celeba-three-workers-v1,
0.7045614035087719,,,0.0,988babfb79a4be0620cf47d259d4da35f8fc07573e92f83a2e388003c17759ba,0.705117671688484,9e6b34785c76ea03b316f0e97fd7505cbf81a983e7090ec2bd252ce085312a5b,2026-09-06T18:06:46.016584+00:00,1,2.2548327280019294,,,,7,0.181,C-GDP-private-noise,2.1,4,10,,0,s4_p10_C-GDP-private-noise_l7_r0,fcf8b4f93626e8cf9603afe70c3a614f6523366181d2f4df2620ee6efbb41bdb,3ea87f4a1b7b84a26ee106434a73c8c3b1666cf072e5654900cb743a0c6ff2ae,a12dcb1ba4e2a21b6a4474c284e3079c1b8e06dc282072a6d2d3a684bd02794b,1a980269c1778978c64462bf76cf00949cd95e29e33d5066107809299e5dec35,p5_10,celeba-three-workers-v1,
0.6778947368421052,,,0.0,988babfb79a4be0620cf47d259d4da35f8fc07573e92f83a2e388003c17759ba,0.6769390745846533,9e6b34785c76ea03b316f0e97fd7505cbf81a983e7090ec2bd252ce085312a5b,2026-09-06T18:06:48.426667+00:00,1,2.1675908970028104,,,,7,0.193,C-GDP-private-noise,2.1,4,10,,1,s4_p10_C-GDP-private-noise_l7_r1,fcf8b4f93626e8cf9603afe70c3a614f6523366181d2f4df2620ee6efbb41bdb,3ea87f4a1b7b84a26ee106434a73c8c3b1666cf072e5654900cb743a0c6ff2ae,a12dcb1ba4e2a21b6a4474c284e3079c1b8e06dc282072a6d2d3a684bd02794b,1a980269c1778978c64462bf76cf00949cd95e29e33d5066107809299e5dec35,p5_10,celeba-three-workers-v1,
0.6814035087719298,,,0.0,988babfb79a4be0620cf47d259d4da35f8fc07573e92f83a2e388003c17759ba,0.67937575544513,9e6b34785c76ea03b316f0e97fd7505cbf81a983e7090ec2bd252ce085312a5b,2026-09-06T18:06:50.747356+00:00,1,2.0644884840003215,,,,7,0.124,C-GDP-private-noise,2.1,4,10,,2,s4_p10_C-GDP-private-noise_l7_r2,fcf8b4f93626e8cf9603afe70c3a614f6523366181d2f4df2620ee6efbb41bdb,3ea87f4a1b7b84a26ee106434a73c8c3b1666cf072e5654900cb743a0c6ff2ae,a12dcb1ba4e2a21b6a4474c284e3079c1b8e06dc282072a6d2d3a684bd02794b,1a980269c1778978c64462bf76cf00949cd95e29e33d5066107809299e5dec35,p5_10,celeba-three-workers-v1,
0.6912280701754386,,,0.0,988babfb79a4be0620cf47d259d4da35f8fc07573e92f83a2e388003c17759ba,0.6886494616095622,9e6b34785c76ea03b316f0e97fd7505cbf81a983e7090ec2bd252ce085312a5b,2026-09-06T18:06:53.376299+00:00,1,2.3897535649994097,,,,7,0.154,C-GDP-private-noise,2.1,4,10,,3,s4_p10_C-GDP-private-noise_l7_r3,fcf8b4f93626e8cf9603afe70c3a614f6523366181d2f4df2620ee6efbb41bdb,3ea87f4a1b7b84a26ee106434a73c8c3b1666cf072e5654900cb743a0c6ff2ae,a12dcb1ba4e2a21b6a4474c284e3079c1b8e06dc282072a6d2d3a684bd02794b,1a980269c1778978c64462bf76cf00949cd95e29e33d5066107809299e5dec35,p5_10,celeba-three-workers-v1,
0.6705263157894736,,,0.0,988babfb79a4be0620cf47d259d4da35f8fc07573e92f83a2e388003c17759ba,0.6716958903784929,9e6b34785c76ea03b316f0e97fd7505cbf81a983e7090ec2bd252ce085312a5b,2026-09-06T18:06:55.697537+00:00,1,2.075695256997278,,,,8,0.125,C-GDP-private-noise,2.4,4,10,,0,s4_p10_C-GDP-private-noise_l8_r0,fcf8b4f93626e8cf9603afe70c3a614f6523366181d2f4df2620ee6efbb41bdb,3ea87f4a1b7b84a26ee106434a73c8c3b1666cf072e5654900cb743a0c6ff2ae,a12dcb1ba4e2a21b6a4474c284e3079c1b8e06dc282072a6d2d3a684bd02794b,1a980269c1778978c64462bf76cf00949cd95e29e33d5066107809299e5dec35,p5_10,celeba-three-workers-v1,
0.663859649122807,,,0.0,988babfb79a4be0620cf47d259d4da35f8fc07573e92f83a2e388003c17759ba,0.6660389394932889,9e6b34785c76ea03b316f0e97fd7505cbf81a983e7090ec2bd252ce085312a5b,2026-09-06T18:06:58.429678+00:00,1,2.4825383730021713,,,,8,0.135,C-GDP-private-noise,2.4,4,10,,1,s4_p10_C-GDP-private-noise_l8_r1,fcf8b4f93626e8cf9603afe70c3a614f6523366181d2f4df2620ee6efbb41bdb,3ea87f4a1b7b84a26ee106434a73c8c3b1666cf072e5654900cb743a0c6ff2ae,a12dcb1ba4e2a21b6a4474c284e3079c1b8e06dc282072a6d2d3a684bd02794b,1a980269c1778978c64462bf76cf00949cd95e29e33d5066107809299e5dec35,p5_10,celeba-three-workers-v1,
0.6684210526315789,,,0.0,988babfb79a4be0620cf47d259d4da35f8fc07573e92f83a2e388003c17759ba,0.665079573553693,9e6b34785c76ea03b316f0e97fd7505cbf81a983e7090ec2bd252ce085312a5b,2026-09-06T18:07:00.657108+00:00,1,1.9715029539984243,,,,8,0.152,C-GDP-private-noise,2.4,4,10,,2,s4_p10_C-GDP-private-noise_l8_r2,fcf8b4f93626e8cf9603afe70c3a614f6523366181d2f4df2620ee6efbb41bdb,3ea87f4a1b7b84a26ee106434a73c8c3b1666cf072e5654900cb743a0c6ff2ae,a12dcb1ba4e2a21b6a4474c284e3079c1b8e06dc282072a6d2d3a684bd02794b,1a980269c1778978c64462bf76cf00949cd95e29e33d5066107809299e5dec35,p5_10,celeba-three-workers-v1,
0.6621052631578948,,,0.0,988babfb79a4be0620cf47d259d4da35f8fc07573e92f83a2e388003c17759ba,0.6582785923637828,9e6b34785c76ea03b316f0e97fd7505cbf81a983e7090ec2bd252ce085312a5b,2026-09-06T18:07:02.782269+00:00,1,1.8794240400020499,,,,8,0.14,C-GDP-private-noise,2.4,4,10,,3,s4_p10_C-GDP-private-noise_l8_r3,fcf8b4f93626e8cf9603afe70c3a614f6523366181d2f4df2620ee6efbb41bdb,3ea87f4a1b7b84a26ee106434a73c8c3b1666cf072e5654900cb743a0c6ff2ae,a12dcb1ba4e2a21b6a4474c284e3079c1b8e06dc282072a6d2d3a684bd02794b,1a980269c1778978c64462bf76cf00949cd95e29e33d5066107809299e5dec35,p5_10,celeba-three-workers-v1,
0.6582456140350877,,,0.0,988babfb79a4be0620cf47d259d4da35f8fc07573e92f83a2e388003c17759ba,0.6582114416855611,9e6b34785c76ea03b316f0e97fd7505cbf81a983e7090ec2bd252ce085312a5b,2026-09-06T18:07:05.093289+00:00,1,2.065014963998692,,,,9,0.109,C-GDP-private-noise,2.7,4,10,,0,s4_p10_C-GDP-private-noise_l9_r0,fcf8b4f93626e8cf9603afe70c3a614f6523366181d2f4df2620ee6efbb41bdb,3ea87f4a1b7b84a26ee106434a73c8c3b1666cf072e5654900cb743a0c6ff2ae,a12dcb1ba4e2a21b6a4474c284e3079c1b8e06dc282072a6d2d3a684bd02794b,1a980269c1778978c64462bf76cf00949cd95e29e33d5066107809299e5dec35,p5_10,celeba-three-workers-v1,
0.6578947368421053,,,0.0,988babfb79a4be0620cf47d259d4da35f8fc07573e92f83a2e388003c17759ba,0.6581299721127183,9e6b34785c76ea03b316f0e97fd7505cbf81a983e7090ec2bd252ce085312a5b,2026-09-06T18:07:07.465994+00:00,1,2.115974651002034,,,,9,0.107,C-GDP-private-noise,2.7,4,10,,1,s4_p10_C-GDP-private-noise_l9_r1,fcf8b4f93626e8cf9603afe70c3a614f6523366181d2f4df2620ee6efbb41bdb,3ea87f4a1b7b84a26ee106434a73c8c3b1666cf072e5654900cb743a0c6ff2ae,a12dcb1ba4e2a21b6a4474c284e3079c1b8e06dc282072a6d2d3a684bd02794b,1a980269c1778978c64462bf76cf00949cd95e29e33d5066107809299e5dec35,p5_10,celeba-three-workers-v1,
0.6649122807017543,,,0.0,988babfb79a4be0620cf47d259d4da35f8fc07573e92f83a2e388003c17759ba,0.6635800396584006,9e6b34785c76ea03b316f0e97fd7505cbf81a983e7090ec2bd252ce085312a5b,2026-09-06T18:07:09.937553+00:00,1,2.230157506000978,,,,9,0.123,C-GDP-private-noise,2.7,4,10,,2,s4_p10_C-GDP-private-noise_l9_r2,fcf8b4f93626e8cf9603afe70c3a614f6523366181d2f4df2620ee6efbb41bdb,3ea87f4a1b7b84a26ee106434a73c8c3b1666cf072e5654900cb743a0c6ff2ae,a12dcb1ba4e2a21b6a4474c284e3079c1b8e06dc282072a6d2d3a684bd02794b,1a980269c1778978c64462bf76cf00949cd95e29e33d5066107809299e5dec35,p5_10,celeba-three-workers-v1,
0.6582456140350877,,,0.0,988babfb79a4be0620cf47d259d4da35f8fc07573e92f83a2e388003c17759ba,0.6573103388344222,9e6b34785c76ea03b316f0e97fd7505cbf81a983e7090ec2bd252ce085312a5b,2026-09-06T18:07:12.384142+00:00,1,2.18064408400096,,,,9,0.157,C-GDP-private-noise,2.7,4,10,,3,s4_p10_C-GDP-private-noise_l9_r3,fcf8b4f93626e8cf9603afe70c3a614f6523366181d2f4df2620ee6efbb41bdb,3ea87f4a1b7b84a26ee106434a73c8c3b1666cf072e5654900cb743a0c6ff2ae,a12dcb1ba4e2a21b6a4474c284e3079c1b8e06dc282072a6d2d3a684bd02794b,1a980269c1778978c64462bf76cf00949cd95e29e33d5066107809299e5dec35,p5_10,celeba-three-workers-v1,
0.6571929824561403,,,0.0,988babfb79a4be0620cf47d259d4da35f8fc07573e92f83a2e388003c17759ba,0.6534975628253845,9e6b34785c76ea03b316f0e97fd7505cbf81a983e7090ec2bd252ce085312a5b,2026-09-06T18:07:14.524250+00:00,1,1.8813971199997468,,,,10,0.141,C-GDP-private-noise,3.0,4,10,,0,s4_p10_C-GDP-private-noise_l10_r0,fcf8b4f93626e8cf9603afe70c3a614f6523366181d2f4df2620ee6efbb41bdb,3ea87f4a1b7b84a26ee106434a73c8c3b1666cf072e5654900cb743a0c6ff2ae,a12dcb1ba4e2a21b6a4474c284e3079c1b8e06dc282072a6d2d3a684bd02794b,1a980269c1778978c64462bf76cf00949cd95e29e33d5066107809299e5dec35,p5_10,celeba-three-workers-v1,
0.6417543859649123,,,0.0,988babfb79a4be0620cf47d259d4da35f8fc07573e92f83a2e388003c17759ba,0.6405414319684628,9e6b34785c76ea03b316f0e97fd7505cbf81a983e7090ec2bd252ce085312a5b,2026-09-06T18:07:16.637729+00:00,1,1.8685058420014684,,,,10,0.153,C-GDP-private-noise,3.0,4,10,,1,s4_p10_C-GDP-private-noise_l10_r1,fcf8b4f93626e8cf9603afe70c3a614f6523366181d2f4df2620ee6efbb41bdb,3ea87f4a1b7b84a26ee106434a73c8c3b1666cf072e5654900cb743a0c6ff2ae,a12dcb1ba4e2a21b6a4474c284e3079c1b8e06dc282072a6d2d3a684bd02794b,1a980269c1778978c64462bf76cf00949cd95e29e33d5066107809299e5dec35,p5_10,celeba-three-workers-v1,
0.6589473684210526,,,0.0,988babfb79a4be0620cf47d259d4da35f8fc07573e92f83a2e388003c17759ba,0.6564279986727866,9e6b34785c76ea03b316f0e97fd7505cbf81a983e7090ec2bd252ce085312a5b,2026-09-06T18:07:18.756673+00:00,1,1.8789387039978465,,,,10,0.123,C-GDP-private-noise,3.0,4,10,,2,s4_p10_C-GDP-private-noise_l10_r2,fcf8b4f93626e8cf9603afe70c3a614f6523366181d2f4df2620ee6efbb41bdb,3ea87f4a1b7b84a26ee106434a73c8c3b1666cf072e5654900cb743a0c6ff2ae,a12dcb1ba4e2a21b6a4474c284e3079c1b8e06dc282072a6d2d3a684bd02794b,1a980269c1778978c64462bf76cf00949cd95e29e33d5066107809299e5dec35,p5_10,celeba-three-workers-v1,
0.6484210526315789,,,0.0,988babfb79a4be0620cf47d259d4da35f8fc07573e92f83a2e388003c17759ba,0.6472797062750334,9e6b34785c76ea03b316f0e97fd7505cbf81a983e7090ec2bd252ce085312a5b,2026-09-06T18:07:21.131906+00:00,1,2.1305041240011633,,,,10,0.11,C-GDP-private-noise,3.0,4,10,,3,s4_p10_C-GDP-private-noise_l10_r3,fcf8b4f93626e8cf9603afe70c3a614f6523366181d2f4df2620ee6efbb41bdb,3ea87f4a1b7b84a26ee106434a73c8c3b1666cf072e5654900cb743a0c6ff2ae,a12dcb1ba4e2a21b6a4474c284e3079c1b8e06dc282072a6d2d3a684bd02794b,1a980269c1778978c64462bf76cf00949cd95e29e33d5066107809299e5dec35,p5_10,celeba-three-workers-v1,
