profile,dimension,participants,anchor_rows,seed,reference,sigma,records,anchor_rank,anchor_condition,anchor_centroid_norm,rotation_error,orthogonality_error,matrix_error,max_block_error,entry_error,independent_noise_error,passed
orthonormal,10,2,40,0,0,0.0,56,10,1.0000000000000004,2.7470080216959417e-17,5.90681666325364e-16,5.426558182586383e-16,3.734879517229769e-16,4.841878488865012e-16,5.714271271048972e-16,,True
orthonormal,10,2,40,0,0,0.01,56,10,1.0000000000000004,2.7470080216959417e-17,5.90681666325364e-16,5.426558182586383e-16,3.773947305212217e-16,4.890084753217219e-16,6.772240191805532e-16,0.00980512282983304,True
orthonormal,10,2,40,0,0,0.1,56,10,1.0000000000000004,2.7470080216959417e-17,5.90681666325364e-16,5.426558182586383e-16,3.849005038556282e-16,4.959287725626439e-16,5.923903760570192e-16,0.0976644723047198,True
orthonormal,10,2,40,0,0,1.0,56,10,1.0000000000000004,2.7470080216959417e-17,5.90681666325364e-16,5.426558182586383e-16,4.507066250173383e-16,5.443664522431079e-16,7.184727116774146e-16,0.7982941663589832,True
orthonormal,10,2,40,0,0,10.0,56,10,1.0000000000000004,2.7470080216959417e-17,5.90681666325364e-16,5.426558182586383e-16,5.504903664279748e-16,6.414080743716177e-16,9.940012778251331e-16,1.4057870653990656,True
orthonormal,10,2,40,1,1,0.0,56,10,1.0000000000000004,2.5558340977463887e-17,7.459864625679518e-16,4.338670128292911e-16,3.7927088117837176e-16,5.753203815681972e-16,4.3266860081720186e-16,,True
orthonormal,10,2,40,1,1,0.01,56,10,1.0000000000000004,2.5558340977463887e-17,7.459864625679518e-16,4.338670128292911e-16,3.8760802621298326e-16,5.855808324023762e-16,5.215372476408089e-16,0.010720133166371491,True
orthonormal,10,2,40,1,1,0.1,56,10,1.0000000000000004,2.5558340977463887e-17,7.459864625679518e-16,4.338670128292911e-16,3.9258357283567073e-16,5.900435057072412e-16,4.1897604882923386e-16,0.10706008380467265,True
orthonormal,10,2,40,1,1,1.0,56,10,1.0000000000000004,2.5558340977463887e-17,7.459864625679518e-16,4.338670128292911e-16,4.67463989194518e-16,6.48076233999448e-16,6.384733977376921e-16,0.872628440440265,True
orthonormal,10,2,40,1,1,10.0,56,10,1.0000000000000004,2.5558340977463887e-17,7.459864625679518e-16,4.338670128292911e-16,5.759551227981258e-16,7.832078710448645e-16,7.579259480730886e-16,1.4509423737147025,True
orthonormal,10,2,40,2,0,0.0,56,10,1.0000000000000007,3.0745740899918824e-17,7.12193848009711e-16,5.04587205820241e-16,4.812339700177335e-16,6.405148135859671e-16,6.454934876259955e-16,,True
orthonormal,10,2,40,2,0,0.01,56,10,1.0000000000000007,3.0745740899918824e-17,7.12193848009711e-16,5.04587205820241e-16,4.871843227156179e-16,6.473799805795729e-16,7.954459800148453e-16,0.0103086377521311,True
orthonormal,10,2,40,2,0,0.1,56,10,1.0000000000000007,3.0745740899918824e-17,7.12193848009711e-16,5.04587205820241e-16,4.935403903376157e-16,6.519187570024079e-16,7.039295748209505e-16,0.10283373539872948,True
orthonormal,10,2,40,2,0,1.0,56,10,1.0000000000000007,3.0745740899918824e-17,7.12193848009711e-16,5.04587205820241e-16,5.447956868663798e-16,6.810720510800734e-16,8.149847218355578e-16,0.8450651762339384,True
orthonormal,10,2,40,2,0,10.0,56,10,1.0000000000000007,3.0745740899918824e-17,7.12193848009711e-16,5.04587205820241e-16,6.321188508618911e-16,7.872764616504e-16,1.0189915566796574e-15,1.4620415221023169,True
orthonormal,10,2,40,3,1,0.0,56,10,1.0000000000000007,3.427396123325308e-17,6.80503077472793e-16,6.103541899841208e-16,3.379231919487242e-16,5.324727360057355e-16,6.958784949161964e-16,,True
orthonormal,10,2,40,3,1,0.01,56,10,1.0000000000000007,3.427396123325308e-17,6.80503077472793e-16,6.103541899841208e-16,3.4186170327958014e-16,5.363988182530629e-16,7.619601458678296e-16,0.011729151114872298,True
orthonormal,10,2,40,3,1,0.1,56,10,1.0000000000000007,3.427396123325308e-17,6.80503077472793e-16,6.103541899841208e-16,3.543811441545115e-16,5.484674688653612e-16,7.226223211627929e-16,0.11718638007380239,True
orthonormal,10,2,40,3,1,1.0,56,10,1.0000000000000007,3.427396123325308e-17,6.80503077472793e-16,6.103541899841208e-16,4.592713868722655e-16,6.03382294760036e-16,5.676174094801623e-16,0.9120069365076621,True
orthonormal,10,2,40,3,1,10.0,56,10,1.0000000000000007,3.427396123325308e-17,6.80503077472793e-16,6.103541899841208e-16,5.863325284822184e-16,7.027636412766065e-16,6.850582555413537e-16,1.3861294967208573,True
orthonormal,10,2,40,4,0,0.0,56,10,1.0000000000000009,3.0427465149982533e-17,5.710311425630454e-16,5.986537810060809e-16,3.2996056072283486e-16,4.2748290120717833e-16,5.172756227739337e-16,,True
orthonormal,10,2,40,4,0,0.01,56,10,1.0000000000000009,3.0427465149982533e-17,5.710311425630454e-16,5.986537810060809e-16,3.3591767525564923e-16,4.347255918836628e-16,5.186969722626755e-16,0.008485874172101828,True
orthonormal,10,2,40,4,0,0.1,56,10,1.0000000000000009,3.0427465149982533e-17,5.710311425630454e-16,5.986537810060809e-16,3.3174301897440336e-16,4.27526703203127e-16,5.318495280640248e-16,0.08468830283752464,True
orthonormal,10,2,40,4,0,1.0,56,10,1.0000000000000009,3.0427465149982533e-17,5.710311425630454e-16,5.986537810060809e-16,3.9425147744969954e-16,4.799512629759619e-16,5.074604732558108e-16,0.725815934830991,True
orthonormal,10,2,40,4,0,10.0,56,10,1.0000000000000009,3.0427465149982533e-17,5.710311425630454e-16,5.986537810060809e-16,5.189508899906455e-16,6.089010946794801e-16,5.435904474600795e-16,1.3902910132392696,True
orthonormal,10,2,40,5,1,0.0,56,10,1.0000000000000007,4.4455314157474285e-17,7.189191907248327e-16,6.049747743388283e-16,4.1602432951167756e-16,6.327242084219379e-16,6.826086927893614e-16,,True
orthonormal,10,2,40,5,1,0.01,56,10,1.0000000000000007,4.4455314157474285e-17,7.189191907248327e-16,6.049747743388283e-16,4.1703917394702503e-16,6.325864533198227e-16,6.266496012713239e-16,0.011061606633716638,True
orthonormal,10,2,40,5,1,0.1,56,10,1.0000000000000007,4.4455314157474285e-17,7.189191907248327e-16,6.049747743388283e-16,4.0578161894112725e-16,6.058920989945289e-16,6.350990147785801e-16,0.11091710651421746,True
orthonormal,10,2,40,5,1,1.0,56,10,1.0000000000000007,4.4455314157474285e-17,7.189191907248327e-16,6.049747743388283e-16,5.285123113840806e-16,6.702666559950217e-16,7.495427144325298e-16,0.9016640693635581,True
orthonormal,10,2,40,5,1,10.0,56,10,1.0000000000000007,4.4455314157474285e-17,7.189191907248327e-16,6.049747743388283e-16,6.628216190341478e-16,7.811650742710763e-16,7.335756123177144e-16,1.3927902237456455,True
orthonormal,10,2,40,6,0,0.0,56,10,1.0000000000000004,3.3303528332286065e-17,8.91853883451435e-16,7.6704085870642705e-16,4.7791554752444295e-16,6.278919051688693e-16,8.31423230239308e-16,,True
orthonormal,10,2,40,6,0,0.01,56,10,1.0000000000000004,3.3303528332286065e-17,8.91853883451435e-16,7.6704085870642705e-16,4.788480001888936e-16,6.28324027173736e-16,7.099145936625072e-16,0.010155510992440012,True
orthonormal,10,2,40,6,0,0.1,56,10,1.0000000000000004,3.3303528332286065e-17,8.91853883451435e-16,7.6704085870642705e-16,4.802546901794186e-16,6.287954841406642e-16,8.005923261621095e-16,0.10131440627832418,True
orthonormal,10,2,40,6,0,1.0,56,10,1.0000000000000004,3.3303528332286065e-17,8.91853883451435e-16,7.6704085870642705e-16,5.608161178983354e-16,7.139881400198095e-16,7.288892490545732e-16,0.8159133047142325,True
orthonormal,10,2,40,6,0,10.0,56,10,1.0000000000000004,3.3303528332286065e-17,8.91853883451435e-16,7.6704085870642705e-16,7.035166745508367e-16,8.7090092173327625e-16,9.401184273159006e-16,1.348876567325406,True
orthonormal,10,2,40,7,1,0.0,56,10,1.0000000000000004,3.076090791575817e-17,7.289835627295785e-16,6.118595452527796e-16,2.4162005054089166e-16,3.7134631349113237e-16,3.719715775598871e-16,,True
orthonormal,10,2,40,7,1,0.01,56,10,1.0000000000000004,3.076090791575817e-17,7.289835627295785e-16,6.118595452527796e-16,2.521195114840183e-16,3.869343162235825e-16,4.0943265240995655e-16,0.006604803345400501,True
orthonormal,10,2,40,7,1,0.1,56,10,1.0000000000000004,3.076090791575817e-17,7.289835627295785e-16,6.118595452527796e-16,2.609236443422039e-16,4.0035217170043493e-16,4.118233162895741e-16,0.06586436495884801,True
orthonormal,10,2,40,7,1,1.0,56,10,1.0000000000000004,3.076090791575817e-17,7.289835627295785e-16,6.118595452527796e-16,3.5995024922273926e-16,5.195117630777658e-16,6.334276271497783e-16,0.5830667143527394,True
orthonormal,10,2,40,7,1,10.0,56,10,1.0000000000000004,3.076090791575817e-17,7.289835627295785e-16,6.118595452527796e-16,6.239563229708802e-16,8.116946610769131e-16,1.0590619422019348e-15,1.2895610399470734,True
orthonormal,10,2,40,8,0,0.0,56,10,1.0000000000000009,3.627864246232861e-17,6.825668223413155e-16,6.376084457690378e-16,3.8614945463139983e-16,5.052970228352728e-16,7.064793519557934e-16,,True
orthonormal,10,2,40,8,0,0.01,56,10,1.0000000000000009,3.627864246232861e-17,6.825668223413155e-16,6.376084457690378e-16,3.8621942375991613e-16,5.050166402047691e-16,6.569458045361377e-16,0.00816914711862257,True
orthonormal,10,2,40,8,0,0.1,56,10,1.0000000000000009,3.627864246232861e-17,6.825668223413155e-16,6.376084457690378e-16,3.801281154202708e-16,4.940895483370959e-16,6.654291744682095e-16,0.08165751829424074,True
orthonormal,10,2,40,8,0,1.0,56,10,1.0000000000000009,3.627864246232861e-17,6.825668223413155e-16,6.376084457690378e-16,4.3245306978472927e-16,5.323467214156339e-16,6.246965716586267e-16,0.7036694262427013,True
orthonormal,10,2,40,8,0,10.0,56,10,1.0000000000000009,3.627864246232861e-17,6.825668223413155e-16,6.376084457690378e-16,5.482026606423408e-16,6.620759016013007e-16,5.769313283719804e-16,1.3135220406058847,True
orthonormal,10,2,40,9,1,0.0,56,10,1.0000000000000007,3.1596263106043924e-17,7.45050707246093e-16,6.756994331223404e-16,4.1790134451911365e-16,6.623597519210883e-16,1.1059155896322017e-15,,True
orthonormal,10,2,40,9,1,0.01,56,10,1.0000000000000007,3.1596263106043924e-17,7.45050707246093e-16,6.756994331223404e-16,4.1331725552669894e-16,6.540623870392295e-16,1.1354890654866175e-15,0.010112281708634136,True
orthonormal,10,2,40,9,1,0.1,56,10,1.0000000000000007,3.1596263106043924e-17,7.45050707246093e-16,6.756994331223404e-16,4.213012344426875e-16,6.665917933215295e-16,1.020973407229145e-15,0.10071091103692613,True
orthonormal,10,2,40,9,1,1.0,56,10,1.0000000000000007,3.1596263106043924e-17,7.45050707246093e-16,6.756994331223404e-16,4.704301708203644e-16,7.180678104428741e-16,8.354723722637164e-16,0.8060448884334535,True
orthonormal,10,2,40,9,1,10.0,56,10,1.0000000000000007,3.1596263106043924e-17,7.45050707246093e-16,6.756994331223404e-16,5.508934449814988e-16,7.680896888237822e-16,1.0639601616801237e-15,1.356093531472821,True
orthonormal,10,10,40,0,0,0.0,312,10,1.0000000000000004,2.920627346018761e-17,8.440445434396215e-16,9.100183405840902e-16,6.106009248970015e-16,6.976182757960234e-16,8.008106071420783e-16,,True
orthonormal,10,10,40,0,0,0.01,312,10,1.0000000000000004,2.920627346018761e-17,8.440445434396215e-16,9.100183405840902e-16,6.120388905795755e-16,6.893186386397447e-16,7.747832204757096e-16,0.011227327704322047,True
orthonormal,10,10,40,0,0,0.1,312,10,1.0000000000000004,2.920627346018761e-17,8.440445434396215e-16,9.100183405840902e-16,6.139353307417389e-16,6.978303894030799e-16,8.374540837773383e-16,0.11203129317891353,True
orthonormal,10,10,40,0,0,1.0,312,10,1.0000000000000004,2.920627346018761e-17,8.440445434396215e-16,9.100183405840902e-16,6.528252215099762e-16,7.366114369770164e-16,6.747062731063094e-16,0.8821938484531044,True
orthonormal,10,10,40,0,0,10.0,312,10,1.0000000000000004,2.920627346018761e-17,8.440445434396215e-16,9.100183405840902e-16,7.3345968599364175e-16,8.581137698797378e-16,1.049605969154595e-15,1.3927679969491948,True
orthonormal,10,10,40,1,1,0.0,312,10,1.0000000000000009,2.598208109761624e-17,9.113179360050381e-16,8.106810020478231e-16,6.298954764819028e-16,8.237771137153931e-16,7.988164557972538e-16,,True
orthonormal,10,10,40,1,1,0.01,312,10,1.0000000000000009,2.598208109761624e-17,9.113179360050381e-16,8.106810020478231e-16,6.346527014140385e-16,8.345092493559079e-16,7.786511487535468e-16,0.011135830887862049,True
orthonormal,10,10,40,1,1,0.1,312,10,1.0000000000000009,2.598208109761624e-17,9.113179360050381e-16,8.106810020478231e-16,6.353993129613966e-16,8.269302101152145e-16,8.392410492918635e-16,0.11068754750643152,True
orthonormal,10,10,40,1,1,1.0,312,10,1.0000000000000009,2.598208109761624e-17,9.113179360050381e-16,8.106810020478231e-16,6.76297702558423e-16,8.194371754550144e-16,7.7583986809318625e-16,0.8578830854405777,True
orthonormal,10,10,40,1,1,10.0,312,10,1.0000000000000009,2.598208109761624e-17,9.113179360050381e-16,8.106810020478231e-16,7.427631604209334e-16,8.655756830622061e-16,7.862483274455108e-16,1.3970472928600515,True
orthonormal,10,10,40,2,2,0.0,312,10,1.0000000000000009,2.8107338574093423e-17,7.495852347884286e-16,8.019497466925529e-16,5.788303680559374e-16,7.194038310552343e-16,8.338822830880582e-16,,True
orthonormal,10,10,40,2,2,0.01,312,10,1.0000000000000009,2.8107338574093423e-17,7.495852347884286e-16,8.019497466925529e-16,5.783404858694338e-16,7.091716813508312e-16,8.336876702136515e-16,0.01163303067744977,True
orthonormal,10,10,40,2,2,0.1,312,10,1.0000000000000009,2.8107338574093423e-17,7.495852347884286e-16,8.019497466925529e-16,5.795652097437192e-16,7.052496714473769e-16,8.319402334937139e-16,0.116298698088779,True
orthonormal,10,10,40,2,2,1.0,312,10,1.0000000000000009,2.8107338574093423e-17,7.495852347884286e-16,8.019497466925529e-16,6.027091347188325e-16,7.524168175437531e-16,8.798976159092164e-16,0.9108317010593153,True
orthonormal,10,10,40,2,2,10.0,312,10,1.0000000000000009,2.8107338574093423e-17,7.495852347884286e-16,8.019497466925529e-16,6.584869196796794e-16,7.994573736821697e-16,7.716097987868846e-16,1.3858602300139102,True
orthonormal,10,10,40,3,3,0.0,312,10,1.0000000000000004,3.101955279834143e-17,8.252421170467268e-16,8.286279076851743e-16,5.212302382014751e-16,5.733330123382264e-16,6.173712671863225e-16,,True
orthonormal,10,10,40,3,3,0.01,312,10,1.0000000000000004,3.101955279834143e-17,8.252421170467268e-16,8.286279076851743e-16,5.267546200444804e-16,5.816251863844092e-16,7.019855336539503e-16,0.009078446244039643,True
orthonormal,10,10,40,3,3,0.1,312,10,1.0000000000000004,3.101955279834143e-17,8.252421170467268e-16,8.286279076851743e-16,5.315472629693374e-16,5.993737124279488e-16,6.713156924509811e-16,0.09051823157241909,True
orthonormal,10,10,40,3,3,1.0,312,10,1.0000000000000004,3.101955279834143e-17,8.252421170467268e-16,8.286279076851743e-16,6.020757933158995e-16,6.721935269265434e-16,5.839959913014154e-16,0.7608310190179822,True
orthonormal,10,10,40,3,3,10.0,312,10,1.0000000000000004,3.101955279834143e-17,8.252421170467268e-16,8.286279076851743e-16,7.527266272248956e-16,8.377992379168893e-16,9.124532951183976e-16,1.4092157458194687,True
orthonormal,10,10,40,4,4,0.0,312,10,1.0000000000000007,2.7300408769583002e-17,7.844896501714432e-16,6.608858089636222e-16,4.702323308044389e-16,5.597849196672333e-16,6.533786900494651e-16,,True
orthonormal,10,10,40,4,4,0.01,312,10,1.0000000000000007,2.7300408769583002e-17,7.844896501714432e-16,6.608858089636222e-16,4.757832884550112e-16,5.718186236082125e-16,6.532567356453806e-16,0.008797578492757646,True
orthonormal,10,10,40,4,4,0.1,312,10,1.0000000000000007,2.7300408769583002e-17,7.844896501714432e-16,6.608858089636222e-16,4.706415328020588e-16,5.606229068260913e-16,6.114011167924787e-16,0.08778771896516356,True
orthonormal,10,10,40,4,4,1.0,312,10,1.0000000000000007,2.7300408769583002e-17,7.844896501714432e-16,6.608858089636222e-16,5.524284931112518e-16,6.638480796261084e-16,7.568799098599237e-16,0.7445718186048776,True
orthonormal,10,10,40,4,4,10.0,312,10,1.0000000000000007,2.7300408769583002e-17,7.844896501714432e-16,6.608858089636222e-16,7.007527391801478e-16,8.539693743896642e-16,9.699024186498334e-16,1.3874697764836121,True
orthonormal,10,10,40,5,5,0.0,312,10,1.0000000000000007,3.1020037854014183e-17,8.693068274921265e-16,8.181280998172968e-16,5.430495309214233e-16,6.826047597649271e-16,6.167518375852715e-16,,True
orthonormal,10,10,40,5,5,0.01,312,10,1.0000000000000007,3.1020037854014183e-17,8.693068274921265e-16,8.181280998172968e-16,5.457479523147802e-16,6.837437789451883e-16,6.379570281709305e-16,0.009562384147241683,True
orthonormal,10,10,40,5,5,0.1,312,10,1.0000000000000007,3.1020037854014183e-17,8.693068274921265e-16,8.181280998172968e-16,5.477578218695631e-16,6.855964776956852e-16,6.279641698582831e-16,0.09547360152866102,True
orthonormal,10,10,40,5,5,1.0,312,10,1.0000000000000007,3.1020037854014183e-17,8.693068274921265e-16,8.181280998172968e-16,5.871953692903099e-16,7.297803637116465e-16,6.90811037567176e-16,0.7923146348870229,True
orthonormal,10,10,40,5,5,10.0,312,10,1.0000000000000007,3.1020037854014183e-17,8.693068274921265e-16,8.181280998172968e-16,6.94271335288147e-16,9.067996442359014e-16,9.294028058507166e-16,1.3775566787895706,True
orthonormal,10,10,40,6,6,0.0,312,10,1.0000000000000004,5.0526575873830215e-17,8.016217777101523e-16,6.44448615581488e-16,4.2420803319548354e-16,4.759600873959713e-16,5.393848364797836e-16,,True
orthonormal,10,10,40,6,6,0.01,312,10,1.0000000000000004,5.0526575873830215e-17,8.016217777101523e-16,6.44448615581488e-16,4.2776708097329287e-16,4.799543289685429e-16,5.395277670679065e-16,0.008383442990448775,True
orthonormal,10,10,40,6,6,0.1,312,10,1.0000000000000004,5.0526575873830215e-17,8.016217777101523e-16,6.44448615581488e-16,4.2712147626844274e-16,4.792085825440388e-16,4.973590053835179e-16,0.08372325006440569,True
orthonormal,10,10,40,6,6,1.0,312,10,1.0000000000000004,5.0526575873830215e-17,8.016217777101523e-16,6.44448615581488e-16,5.045565304465004e-16,5.882781418094806e-16,5.399186961991748e-16,0.7238679792875873,True
orthonormal,10,10,40,6,6,10.0,312,10,1.0000000000000004,5.0526575873830215e-17,8.016217777101523e-16,6.44448615581488e-16,6.83789798547923e-16,8.48213675473738e-16,8.755004820916203e-16,1.3985159563136196,True
orthonormal,10,10,40,7,7,0.0,312,10,1.0000000000000007,3.315095255504625e-17,8.564964289312009e-16,6.848832192547231e-16,5.352044464182175e-16,6.528277543005139e-16,6.667824046102714e-16,,True
orthonormal,10,10,40,7,7,0.01,312,10,1.0000000000000007,3.315095255504625e-17,8.564964289312009e-16,6.848832192547231e-16,5.322712423489374e-16,6.569536079935864e-16,6.673122514018775e-16,0.009889295361019276,True
orthonormal,10,10,40,7,7,0.1,312,10,1.0000000000000007,3.315095255504625e-17,8.564964289312009e-16,6.848832192547231e-16,5.378220145977976e-16,6.648286709532548e-16,7.169269743764815e-16,0.09875193069799028,True
orthonormal,10,10,40,7,7,1.0,312,10,1.0000000000000007,3.315095255504625e-17,8.564964289312009e-16,6.848832192547231e-16,6.047593376364349e-16,7.741094106077189e-16,7.754686021928767e-16,0.8158642351949685,True
orthonormal,10,10,40,7,7,10.0,312,10,1.0000000000000007,3.315095255504625e-17,8.564964289312009e-16,6.848832192547231e-16,7.284722341607087e-16,8.870367255277834e-16,9.819050893615805e-16,1.399763106989231,True
orthonormal,10,10,40,8,8,0.0,312,10,1.0000000000000009,2.8596487437663e-17,9.398257677564195e-16,8.071902962960903e-16,5.441727840888347e-16,7.070373333520567e-16,7.489137268701698e-16,,True
orthonormal,10,10,40,8,8,0.01,312,10,1.0000000000000009,2.8596487437663e-17,9.398257677564195e-16,8.071902962960903e-16,5.415441074987396e-16,7.011581048955525e-16,7.491485787364705e-16,0.010254367444655771,True
orthonormal,10,10,40,8,8,0.1,312,10,1.0000000000000009,2.8596487437663e-17,9.398257677564195e-16,8.071902962960903e-16,5.461128754615155e-16,6.999027693367279e-16,7.512688925411038e-16,0.10243283764018313,True
orthonormal,10,10,40,8,8,1.0,312,10,1.0000000000000009,2.8596487437663e-17,9.398257677564195e-16,8.071902962960903e-16,6.133924846968901e-16,7.676494966250383e-16,8.115381597542279e-16,0.8410127521000492,True
orthonormal,10,10,40,8,8,10.0,312,10,1.0000000000000009,2.8596487437663e-17,9.398257677564195e-16,8.071902962960903e-16,7.373053075260031e-16,9.521855826344438e-16,8.587619850993159e-16,1.413673860076918,True
orthonormal,10,10,40,9,9,0.0,312,10,1.0000000000000007,1.7629434045807888e-17,7.587414807600446e-16,7.322935074642889e-16,5.740478035172573e-16,6.562505039642639e-16,7.514272901971843e-16,,True
orthonormal,10,10,40,9,9,0.01,312,10,1.0000000000000007,1.7629434045807888e-17,7.587414807600446e-16,7.322935074642889e-16,5.668566831539456e-16,6.416823100631119e-16,6.589079916218953e-16,0.010750256154909228,True
orthonormal,10,10,40,9,9,0.1,312,10,1.0000000000000007,1.7629434045807888e-17,7.587414807600446e-16,7.322935074642889e-16,5.717526551247947e-16,6.413709881202747e-16,7.490893449124051e-16,0.10727064581502412,True
orthonormal,10,10,40,9,9,1.0,312,10,1.0000000000000007,1.7629434045807888e-17,7.587414807600446e-16,7.322935074642889e-16,6.137646465268255e-16,7.267143294679643e-16,8.095271710899317e-16,0.8611238174295708,True
orthonormal,10,10,40,9,9,10.0,312,10,1.0000000000000007,1.7629434045807888e-17,7.587414807600446e-16,7.322935074642889e-16,6.858372449318234e-16,7.998498001262341e-16,7.801992931965816e-16,1.4092884701268362,True
orthonormal,10,50,40,0,0,0.0,1592,10,1.0000000000000002,2.0831132724716366e-17,8.896056246784107e-16,1.0133047951289415e-15,6.048340001796935e-16,7.341831603004785e-16,7.642062353036549e-16,,True
orthonormal,10,50,40,0,0,0.01,1592,10,1.0000000000000002,2.0831132724716366e-17,8.896056246784107e-16,1.0133047951289415e-15,6.075797237727534e-16,7.197992411476031e-16,8.136255256396168e-16,0.011105951206717478,True
orthonormal,10,50,40,0,0,0.1,1592,10,1.0000000000000002,2.0831132724716366e-17,8.896056246784107e-16,1.0133047951289415e-15,6.090684950400481e-16,7.239298764838125e-16,8.490586151925217e-16,0.11071384798006309,True
orthonormal,10,50,40,0,0,1.0,1592,10,1.0000000000000002,2.0831132724716366e-17,8.896056246784107e-16,1.0133047951289415e-15,6.578546670375472e-16,7.961905630879342e-16,8.918165432364867e-16,0.874478984056078,True
orthonormal,10,50,40,0,0,10.0,1592,10,1.0000000000000002,2.0831132724716366e-17,8.896056246784107e-16,1.0133047951289415e-15,7.253110348207814e-16,8.878006797762934e-16,9.75939549190877e-16,1.4094104783002053,True
orthonormal,10,50,40,1,1,0.0,1592,10,1.0000000000000009,2.6279199918181095e-17,8.419824888929626e-16,7.978248788227737e-16,5.852274132129503e-16,7.507774188074697e-16,7.021607513083213e-16,,True
orthonormal,10,50,40,1,1,0.01,1592,10,1.0000000000000009,2.6279199918181095e-17,8.419824888929626e-16,7.978248788227737e-16,5.910847540382807e-16,7.67230150193204e-16,7.021821154744678e-16,0.011261794101487052,True
orthonormal,10,50,40,1,1,0.1,1592,10,1.0000000000000009,2.6279199918181095e-17,8.419824888929626e-16,7.978248788227737e-16,5.874473495413053e-16,7.53158197572351e-16,7.023744514887728e-16,0.11220746586297406,True
orthonormal,10,50,40,1,1,1.0,1592,10,1.0000000000000009,2.6279199918181095e-17,8.419824888929626e-16,7.978248788227737e-16,6.267884301430497e-16,8.000345995118483e-16,9.162160811747338e-16,0.8809385687153103,True
orthonormal,10,50,40,1,1,10.0,1592,10,1.0000000000000009,2.6279199918181095e-17,8.419824888929626e-16,7.978248788227737e-16,7.000786970324005e-16,8.614819226608659e-16,1.0417546475129014e-15,1.4158444027382693,True
orthonormal,10,50,40,2,2,0.0,1592,10,1.0000000000000007,3.1264751372991516e-17,9.238056469034256e-16,8.6566199358804e-16,6.434445446030825e-16,7.890115037054298e-16,7.844960523312561e-16,,True
orthonormal,10,50,40,2,2,0.01,1592,10,1.0000000000000007,3.1264751372991516e-17,9.238056469034256e-16,8.6566199358804e-16,6.491931780109234e-16,7.848861031159203e-16,8.204766462634052e-16,0.011467441143285463,True
orthonormal,10,50,40,2,2,0.1,1592,10,1.0000000000000007,3.1264751372991516e-17,9.238056469034256e-16,8.6566199358804e-16,6.487988760564405e-16,7.850660450222504e-16,8.163385387481656e-16,0.11421835298395361,True
orthonormal,10,50,40,2,2,1.0,1592,10,1.0000000000000007,3.1264751372991516e-17,9.238056469034256e-16,8.6566199358804e-16,7.035028567540866e-16,8.538304826811934e-16,9.151597883126337e-16,0.8847203748439915,True
orthonormal,10,50,40,2,2,10.0,1592,10,1.0000000000000007,3.1264751372991516e-17,9.238056469034256e-16,8.6566199358804e-16,7.746174210907513e-16,9.538249655317495e-16,1.0839161245944637e-15,1.3947070579912284,True
orthonormal,10,50,40,3,3,0.0,1592,10,1.0000000000000007,3.685134125152095e-17,9.281416231611286e-16,7.873504094728021e-16,5.321893880781346e-16,6.714723515979184e-16,6.975308092054939e-16,,True
orthonormal,10,50,40,3,3,0.01,1592,10,1.0000000000000007,3.685134125152095e-17,9.281416231611286e-16,7.873504094728021e-16,5.361092540138825e-16,6.676795038268181e-16,6.602730510427735e-16,0.009356620272220294,True
orthonormal,10,50,40,3,3,0.1,1592,10,1.0000000000000007,3.685134125152095e-17,9.281416231611286e-16,7.873504094728021e-16,5.358535483425353e-16,6.787841129258019e-16,6.736084365009377e-16,0.09336701069866138,True
orthonormal,10,50,40,3,3,1.0,1592,10,1.0000000000000007,3.685134125152095e-17,9.281416231611286e-16,7.873504094728021e-16,6.011621918407489e-16,8.053930636812241e-16,7.254879466352581e-16,0.7806821092443765,True
orthonormal,10,50,40,3,3,10.0,1592,10,1.0000000000000007,3.685134125152095e-17,9.281416231611286e-16,7.873504094728021e-16,7.375343875929778e-16,9.455037225934822e-16,8.43517412652891e-16,1.3994075334438678,True
orthonormal,10,50,40,4,4,0.0,1592,10,1.0000000000000007,4.0464539971463744e-17,8.752545777729605e-16,8.905886554469623e-16,6.062063703485362e-16,7.1667646063767e-16,9.628442811689143e-16,,True
orthonormal,10,50,40,4,4,0.01,1592,10,1.0000000000000007,4.0464539971463744e-17,8.752545777729605e-16,8.905886554469623e-16,6.107753827614549e-16,7.227077005404399e-16,8.744427011873408e-16,0.011452059303692738,True
orthonormal,10,50,40,4,4,0.1,1592,10,1.0000000000000007,4.0464539971463744e-17,8.752545777729605e-16,8.905886554469623e-16,6.130707582871627e-16,7.311186911515668e-16,8.653091999190532e-16,0.11406069138950829,True
orthonormal,10,50,40,4,4,1.0,1592,10,1.0000000000000007,4.0464539971463744e-17,8.752545777729605e-16,8.905886554469623e-16,6.588293811711172e-16,8.060708472448794e-16,7.600219735632906e-16,0.8875130235905867,True
orthonormal,10,50,40,4,4,10.0,1592,10,1.0000000000000007,4.0464539971463744e-17,8.752545777729605e-16,8.905886554469623e-16,7.211803464614178e-16,9.084873897277323e-16,8.31726619421556e-16,1.411285495427973,True
orthonormal,10,50,40,5,5,0.0,1592,10,1.0000000000000004,4.0298358165094505e-17,8.283129420653963e-16,9.100041534048361e-16,5.320835930202499e-16,6.665552066496322e-16,9.743188760208768e-16,,True
orthonormal,10,50,40,5,5,0.01,1592,10,1.0000000000000004,4.0298358165094505e-17,8.283129420653963e-16,9.100041534048361e-16,5.356505300179249e-16,6.562087185696266e-16,8.64098800567542e-16,0.009907434601389431,True
orthonormal,10,50,40,5,5,0.1,1592,10,1.0000000000000004,4.0298358165094505e-17,8.283129420653963e-16,9.100041534048361e-16,5.353024610415914e-16,6.613232661352168e-16,9.546534378058692e-16,0.09880477002693154,True
orthonormal,10,50,40,5,5,1.0,1592,10,1.0000000000000004,4.0298358165094505e-17,8.283129420653963e-16,9.100041534048361e-16,5.881245090472495e-16,7.815062617227584e-16,8.054438867764311e-16,0.8107073844336382,True
orthonormal,10,50,40,5,5,10.0,1592,10,1.0000000000000004,4.0298358165094505e-17,8.283129420653963e-16,9.100041534048361e-16,6.988858894405323e-16,8.695209785733771e-16,7.590487035643244e-16,1.405217493668029,True
orthonormal,10,50,40,6,6,0.0,1592,10,1.0000000000000007,2.5193275328158292e-17,9.247934441739344e-16,8.318419106511238e-16,5.204742889222675e-16,6.439853985820075e-16,6.069847499110467e-16,,True
orthonormal,10,50,40,6,6,0.01,1592,10,1.0000000000000007,2.5193275328158292e-17,9.247934441739344e-16,8.318419106511238e-16,5.237213260268259e-16,6.49206905941975e-16,6.394681117919272e-16,0.0091266504551739,True
orthonormal,10,50,40,6,6,0.1,1592,10,1.0000000000000007,2.5193275328158292e-17,9.247934441739344e-16,8.318419106511238e-16,5.250452590728197e-16,6.64676704305619e-16,6.443401747772438e-16,0.0911093171520152,True
orthonormal,10,50,40,6,6,1.0,1592,10,1.0000000000000007,2.5193275328158292e-17,9.247934441739344e-16,8.318419106511238e-16,5.887448573432483e-16,7.4908960387131545e-16,7.500401979681099e-16,0.7657630725126945,True
orthonormal,10,50,40,6,6,10.0,1592,10,1.0000000000000007,2.5193275328158292e-17,9.247934441739344e-16,8.318419106511238e-16,7.137783300312561e-16,9.547878996450553e-16,9.2814251387928e-16,1.3784108704317226,True
orthonormal,10,50,40,7,7,0.0,1592,10,1.0000000000000007,1.3233437019222123e-17,9.093361059338074e-16,8.526728658107419e-16,5.48494417311166e-16,6.713592296299474e-16,8.267568983147949e-16,,True
orthonormal,10,50,40,7,7,0.01,1592,10,1.0000000000000007,1.3233437019222123e-17,9.093361059338074e-16,8.526728658107419e-16,5.533964969386446e-16,6.80092751794623e-16,7.43410035982955e-16,0.009821466476788119,True
orthonormal,10,50,40,7,7,0.1,1592,10,1.0000000000000007,1.3233437019222123e-17,9.093361059338074e-16,8.526728658107419e-16,5.52920581810144e-16,6.609466717578781e-16,8.143486879049753e-16,0.09797476175767464,True
orthonormal,10,50,40,7,7,1.0,1592,10,1.0000000000000007,1.3233437019222123e-17,9.093361059338074e-16,8.526728658107419e-16,6.133063816237798e-16,7.409679679787565e-16,7.202063561056796e-16,0.8063003835460355,True
orthonormal,10,50,40,7,7,10.0,1592,10,1.0000000000000007,1.3233437019222123e-17,9.093361059338074e-16,8.526728658107419e-16,7.2892103326693435e-16,9.182452002068241e-16,8.718390723307519e-16,1.3994586969517908,True
orthonormal,10,50,40,8,8,0.0,1592,10,1.0000000000000004,3.3915951290516056e-17,7.891444382405736e-16,7.68054080571148e-16,5.751130299488856e-16,7.479838680701642e-16,8.066128010886216e-16,,True
orthonormal,10,50,40,8,8,0.01,1592,10,1.0000000000000004,3.3915951290516056e-17,7.891444382405736e-16,7.68054080571148e-16,5.782300729862926e-16,7.463056244249416e-16,8.29974038164912e-16,0.011280529967958992,True
orthonormal,10,50,40,8,8,0.1,1592,10,1.0000000000000004,3.3915951290516056e-17,7.891444382405736e-16,7.68054080571148e-16,5.793625885040808e-16,7.55629643577106e-16,8.24484113195079e-16,0.11250656228530992,True
orthonormal,10,50,40,8,8,1.0,1592,10,1.0000000000000004,3.3915951290516056e-17,7.891444382405736e-16,7.68054080571148e-16,6.300465029838677e-16,7.461155697311147e-16,7.685239744550186e-16,0.8843235526511931,True
orthonormal,10,50,40,8,8,10.0,1592,10,1.0000000000000004,3.3915951290516056e-17,7.891444382405736e-16,7.68054080571148e-16,6.958909868314344e-16,8.253386519405344e-16,8.767358656789771e-16,1.4022568288599297,True
orthonormal,10,50,40,9,9,0.0,1592,10,1.0000000000000009,3.16838825591232e-17,9.36599850355164e-16,9.051988321392813e-16,5.908091719678721e-16,7.371200814377056e-16,6.536331448527131e-16,,True
orthonormal,10,50,40,9,9,0.01,1592,10,1.0000000000000009,3.16838825591232e-17,9.36599850355164e-16,9.051988321392813e-16,5.963561208714056e-16,7.366597196563046e-16,6.956998226755104e-16,0.010434234880524411,True
orthonormal,10,50,40,9,9,0.1,1592,10,1.0000000000000009,3.16838825591232e-17,9.36599850355164e-16,9.051988321392813e-16,5.978314512255284e-16,7.363571219232126e-16,7.068255200852351e-16,0.10407823084919576,True
orthonormal,10,50,40,9,9,1.0,1592,10,1.0000000000000009,3.16838825591232e-17,9.36599850355164e-16,9.051988321392813e-16,6.676898287064374e-16,7.921311164535513e-16,9.700717469342292e-16,0.8411294892604936,True
orthonormal,10,50,40,9,9,10.0,1592,10,1.0000000000000009,3.16838825591232e-17,9.36599850355164e-16,9.051988321392813e-16,7.831355609540438e-16,9.9991925489265e-16,1.108705840589178e-15,1.4047669791930213,True
orthonormal,50,2,200,0,0,0.0,56,50,1.0000000000000009,3.331246474421333e-17,1.2659621226832628e-15,1.0904010548822167e-15,8.459849280590058e-16,1.1198824162109994e-15,1.2356453033765753e-15,,True
orthonormal,50,2,200,0,0,0.01,56,50,1.0000000000000009,3.331246474421333e-17,1.2659621226832628e-15,1.0904010548822167e-15,8.371479561672357e-16,1.1076143927693292e-15,1.239294787065813e-15,0.010499845329188452,True
orthonormal,50,2,200,0,0,0.1,56,50,1.0000000000000009,3.331246474421333e-17,1.2659621226832628e-15,1.0904010548822167e-15,8.381880725955878e-16,1.1061598497373602e-15,1.2613477010535897e-15,0.10478323158368366,True
orthonormal,50,2,200,0,0,1.0,56,50,1.0000000000000009,3.331246474421333e-17,1.2659621226832628e-15,1.0904010548822167e-15,9.328751431080581e-16,1.1746622611817409e-15,1.249922489758316e-15,0.8529108998429064,True
orthonormal,50,2,200,0,0,10.0,56,50,1.0000000000000009,3.331246474421333e-17,1.2659621226832628e-15,1.0904010548822167e-15,1.0697566659756003e-15,1.3025387314303743e-15,9.322716519568038e-16,1.433407843370687,True
orthonormal,50,2,200,1,1,0.0,56,50,1.000000000000001,3.16833571264795e-17,1.2976237297279646e-15,1.1112244756194522e-15,7.395620769722812e-16,1.1159635539818056e-15,8.9377001042253e-16,,True
orthonormal,50,2,200,1,1,0.01,56,50,1.000000000000001,3.16833571264795e-17,1.2976237297279646e-15,1.1112244756194522e-15,7.409428180046981e-16,1.1177659398746985e-15,8.955490596727642e-16,0.011429929794588931,True
orthonormal,50,2,200,1,1,0.1,56,50,1.000000000000001,3.16833571264795e-17,1.2976237297279646e-15,1.1112244756194522e-15,7.419152612598687e-16,1.121116966271229e-15,9.533343436386277e-16,0.11400975472574962,True
orthonormal,50,2,200,1,1,1.0,56,50,1.000000000000001,3.16833571264795e-17,1.2976237297279646e-15,1.1112244756194522e-15,8.794883749684595e-16,1.2757114019082113e-15,1.1169184882287981e-15,0.8943239351343659,True
orthonormal,50,2,200,1,1,10.0,56,50,1.000000000000001,3.16833571264795e-17,1.2976237297279646e-15,1.1112244756194522e-15,1.0455457883154273e-15,1.3941594119326428e-15,1.5715912552489422e-15,1.4105190775578205,True
orthonormal,50,2,200,2,0,0.0,56,50,1.0000000000000009,2.647973903196316e-17,1.3260970667768965e-15,1.131482220788658e-15,8.316738674537242e-16,1.087931797548764e-15,1.1096930628696304e-15,,True
orthonormal,50,2,200,2,0,0.01,56,50,1.0000000000000009,2.647973903196316e-17,1.3260970667768965e-15,1.131482220788658e-15,8.396828577420665e-16,1.0982700452026627e-15,1.1061138147533948e-15,0.010323328859342623,True
orthonormal,50,2,200,2,0,0.1,56,50,1.0000000000000009,2.647973903196316e-17,1.3260970667768965e-15,1.131482220788658e-15,8.452847813807061e-16,1.10489025096725e-15,1.0335675859325925e-15,0.10314757555927537,True
orthonormal,50,2,200,2,0,1.0,56,50,1.0000000000000009,2.647973903196316e-17,1.3260970667768965e-15,1.131482220788658e-15,9.517525708646054e-16,1.2203019920158007e-15,1.0963664105708556e-15,0.8482597829382119,True
orthonormal,50,2,200,2,0,10.0,56,50,1.0000000000000009,2.647973903196316e-17,1.3260970667768965e-15,1.131482220788658e-15,1.1095375332549891e-15,1.3876581760515343e-15,1.3008234782266597e-15,1.4240011546528455,True
orthonormal,50,2,200,3,1,0.0,56,50,1.0000000000000009,2.3246804725568838e-17,1.2663520538182737e-15,1.123628401975658e-15,7.050873270805761e-16,1.0591033076861794e-15,9.541432188936466e-16,,True
orthonormal,50,2,200,3,1,0.01,56,50,1.0000000000000009,2.3246804725568838e-17,1.2663520538182737e-15,1.123628401975658e-15,7.111341186691512e-16,1.0677607117363528e-15,9.774003479735828e-16,0.010276475766638647,True
orthonormal,50,2,200,3,1,0.1,56,50,1.0000000000000009,2.3246804725568838e-17,1.2663520538182737e-15,1.123628401975658e-15,7.082934231700886e-16,1.0623231775622288e-15,9.962826661636905e-16,0.10237230354147848,True
orthonormal,50,2,200,3,1,1.0,56,50,1.0000000000000009,2.3246804725568838e-17,1.2663520538182737e-15,1.123628401975658e-15,8.039645857341559e-16,1.1457405697011468e-15,1.189478150679291e-15,0.8171840491976403,True
orthonormal,50,2,200,3,1,10.0,56,50,1.0000000000000009,2.3246804725568838e-17,1.2663520538182737e-15,1.123628401975658e-15,9.620356771031629e-16,1.2919290027760744e-15,1.1432693400167726e-15,1.3610176301539576,True
orthonormal,50,2,200,4,0,0.0,56,50,1.0000000000000009,2.898173056016101e-17,1.3141518170085055e-15,1.0964348674104221e-15,7.779147005920984e-16,1.0391923146186854e-15,1.197212785587933e-15,,True
orthonormal,50,2,200,4,0,0.01,56,50,1.0000000000000009,2.898173056016101e-17,1.3141518170085055e-15,1.0964348674104221e-15,7.821385278588184e-16,1.04438391340783e-15,1.366098820371339e-15,0.01015960373722076,True
orthonormal,50,2,200,4,0,0.1,56,50,1.0000000000000009,2.898173056016101e-17,1.3141518170085055e-15,1.0964348674104221e-15,7.882100271693788e-16,1.0489526327096667e-15,1.3470978105031745e-15,0.10137767937441325,True
orthonormal,50,2,200,4,0,1.0,56,50,1.0000000000000009,2.898173056016101e-17,1.3141518170085055e-15,1.0964348674104221e-15,9.340493743819077e-16,1.174749650376424e-15,1.4694940328208402e-15,0.8237701798937749,True
orthonormal,50,2,200,4,0,10.0,56,50,1.0000000000000009,2.898173056016101e-17,1.3141518170085055e-15,1.0964348674104221e-15,1.1382723761658798e-15,1.3660202200154043e-15,1.4631206046005773e-15,1.3819211581568909,True
orthonormal,50,2,200,5,1,0.0,56,50,1.0000000000000009,2.769685443431544e-17,1.3246046068209931e-15,1.1888139586753694e-15,7.004299989917568e-16,1.0603557381762097e-15,1.1671642001697846e-15,,True
orthonormal,50,2,200,5,1,0.01,56,50,1.0000000000000009,2.769685443431544e-17,1.3246046068209931e-15,1.1888139586753694e-15,7.039292912055476e-16,1.0653313231815629e-15,1.131218923270813e-15,0.010032782190177204,True
orthonormal,50,2,200,5,1,0.1,56,50,1.0000000000000009,2.769685443431544e-17,1.3246046068209931e-15,1.1888139586753694e-15,7.007719076180702e-16,1.0579047328959548e-15,1.0993535784794094e-15,0.09989945016593298,True
orthonormal,50,2,200,5,1,1.0,56,50,1.0000000000000009,2.769685443431544e-17,1.3246046068209931e-15,1.1888139586753694e-15,8.155309543880938e-16,1.168268306060606e-15,1.2334676693112216e-15,0.8068920590686509,True
orthonormal,50,2,200,5,1,10.0,56,50,1.0000000000000009,2.769685443431544e-17,1.3246046068209931e-15,1.1888139586753694e-15,9.91750405159134e-16,1.3378326068204387e-15,1.1317337840561274e-15,1.3903996106538572,True
orthonormal,50,2,200,6,0,0.0,56,50,1.0000000000000007,3.552929672253645e-17,1.3038229379382706e-15,1.1381552726666658e-15,7.937511519236372e-16,1.0439125413784506e-15,1.0844137683584165e-15,,True
orthonormal,50,2,200,6,0,0.01,56,50,1.0000000000000007,3.552929672253645e-17,1.3038229379382706e-15,1.1381552726666658e-15,8.003265139806236e-16,1.0523380873865466e-15,1.0355192562770937e-15,0.010228225366447545,True
orthonormal,50,2,200,6,0,0.1,56,50,1.0000000000000007,3.552929672253645e-17,1.3038229379382706e-15,1.1381552726666658e-15,7.917306041740502e-16,1.0398967378088895e-15,1.0468999114981115e-15,0.10203714997034644,True
orthonormal,50,2,200,6,0,1.0,56,50,1.0000000000000007,3.552929672253645e-17,1.3038229379382706e-15,1.1381552726666658e-15,8.897591482627118e-16,1.1214008997001897e-15,1.0644556566814313e-15,0.8325282549282416,True
orthonormal,50,2,200,6,0,10.0,56,50,1.0000000000000007,3.552929672253645e-17,1.3038229379382706e-15,1.1381552726666658e-15,1.088491695062284e-15,1.303380749888537e-15,1.4782548561382273e-15,1.4156301864128396,True
orthonormal,50,2,200,7,1,0.0,56,50,1.0000000000000009,2.973589985508017e-17,1.3171912177040819e-15,1.1728114576065835e-15,6.662481317490696e-16,1.0004619394029584e-15,1.0885954870742932e-15,,True
orthonormal,50,2,200,7,1,0.01,56,50,1.0000000000000009,2.973589985508017e-17,1.3171912177040819e-15,1.1728114576065835e-15,6.683212094909645e-16,1.003085082035228e-15,1.086442564261687e-15,0.009804626202586103,True
orthonormal,50,2,200,7,1,0.1,56,50,1.0000000000000009,2.973589985508017e-17,1.3171912177040819e-15,1.1728114576065835e-15,6.769866492250826e-16,1.0142490056731264e-15,1.1119195457583856e-15,0.09786700963070871,True
orthonormal,50,2,200,7,1,1.0,56,50,1.0000000000000009,2.973589985508017e-17,1.3171912177040819e-15,1.1728114576065835e-15,8.125876087671591e-16,1.1555769451504398e-15,9.354301552319851e-16,0.8079203907104326,True
orthonormal,50,2,200,7,1,10.0,56,50,1.0000000000000009,2.973589985508017e-17,1.3171912177040819e-15,1.1728114576065835e-15,1.0265367405722666e-15,1.3910022827488163e-15,1.3516099007671362e-15,1.394924254159011,True
orthonormal,50,2,200,8,0,0.0,56,50,1.0000000000000009,3.000836463964215e-17,1.3108767561509848e-15,1.1239448588216144e-15,6.864260349970928e-16,9.089225595095369e-16,1.0073766418190868e-15,,True
orthonormal,50,2,200,8,0,0.01,56,50,1.0000000000000009,3.000836463964215e-17,1.3108767561509848e-15,1.1239448588216144e-15,6.851996737131669e-16,9.069160893124407e-16,9.229216286659263e-16,0.008882062937638555,True
orthonormal,50,2,200,8,0,0.1,56,50,1.0000000000000009,3.000836463964215e-17,1.3108767561509848e-15,1.1239448588216144e-15,6.940675238695768e-16,9.160531645161019e-16,1.1688522583086493e-15,0.08856139778542761,True
orthonormal,50,2,200,8,0,1.0,56,50,1.0000000000000009,3.000836463964215e-17,1.3108767561509848e-15,1.1239448588216144e-15,8.429312437192855e-16,1.0629953304044521e-15,1.2285573554501823e-15,0.748088251101507,True
orthonormal,50,2,200,8,0,10.0,56,50,1.0000000000000009,3.000836463964215e-17,1.3108767561509848e-15,1.1239448588216144e-15,1.0838658582265395e-15,1.3136891004436617e-15,1.2176798467040148e-15,1.4049526521653273,True
orthonormal,50,2,200,9,1,0.0,56,50,1.0000000000000018,2.8712695049698863e-17,1.2630363260295301e-15,1.1002043254809113e-15,6.755103012996299e-16,1.0315931978692684e-15,1.0983373860234016e-15,,True
orthonormal,50,2,200,9,1,0.01,56,50,1.0000000000000018,2.8712695049698863e-17,1.2630363260295301e-15,1.1002043254809113e-15,6.777305689525876e-16,1.0341790468383829e-15,1.1492558806483273e-15,0.010521085875948518,True
orthonormal,50,2,200,9,1,0.1,56,50,1.0000000000000018,2.8712695049698863e-17,1.2630363260295301e-15,1.1002043254809113e-15,6.7541174036386e-16,1.026096807144861e-15,1.1358398156384884e-15,0.10492007696431524,True
orthonormal,50,2,200,9,1,1.0,56,50,1.0000000000000018,2.8712695049698863e-17,1.2630363260295301e-15,1.1002043254809113e-15,8.15751114520847e-16,1.1352699126337652e-15,1.22311830883283e-15,0.8496646726650683,True
orthonormal,50,2,200,9,1,10.0,56,50,1.0000000000000018,2.8712695049698863e-17,1.2630363260295301e-15,1.1002043254809113e-15,9.865116638437674e-16,1.2842752797473778e-15,1.182949538818495e-15,1.431278770403368,True
orthonormal,50,10,200,0,0,0.0,312,50,1.0000000000000009,2.5104507078550595e-17,1.3566078811530632e-15,1.1945596674639383e-15,9.35500195423459e-16,1.0210858570531862e-15,1.2762099088828299e-15,,True
orthonormal,50,10,200,0,0,0.01,312,50,1.0000000000000009,2.5104507078550595e-17,1.3566078811530632e-15,1.1945596674639383e-15,9.3823507331e-16,1.0212795891542409e-15,1.2750550401520521e-15,0.009391231066708349,True
orthonormal,50,10,200,0,0,0.1,312,50,1.0000000000000009,2.5104507078550595e-17,1.3566078811530632e-15,1.1945596674639383e-15,9.367667767259533e-16,1.0236089552988821e-15,1.1066602028641083e-15,0.09369664939121831,True
orthonormal,50,10,200,0,0,1.0,312,50,1.0000000000000009,2.5104507078550595e-17,1.3566078811530632e-15,1.1945596674639383e-15,1.0578516627437522e-15,1.1465909065798618e-15,1.148095219892542e-15,0.7820239430094452,True
orthonormal,50,10,200,0,0,10.0,312,50,1.0000000000000009,2.5104507078550595e-17,1.3566078811530632e-15,1.1945596674639383e-15,1.2937524138081997e-15,1.3954586832846104e-15,1.4103639461634048e-15,1.4005693939433512,True
orthonormal,50,10,200,1,1,0.0,312,50,1.0000000000000009,2.826418671171251e-17,1.3269593276960078e-15,1.1529027598582491e-15,1.0198441265683366e-15,1.1610626159550872e-15,1.3987294623421545e-15,,True
orthonormal,50,10,200,1,1,0.01,312,50,1.0000000000000009,2.826418671171251e-17,1.3269593276960078e-15,1.1529027598582491e-15,1.0189463187391147e-15,1.1531070790267642e-15,1.3120773096526928e-15,0.010605045741118549,True
orthonormal,50,10,200,1,1,0.1,312,50,1.0000000000000009,2.826418671171251e-17,1.3269593276960078e-15,1.1529027598582491e-15,1.0246071635320853e-15,1.1637422215732632e-15,1.2960819847304417e-15,0.10577058636520541,True
orthonormal,50,10,200,1,1,1.0,312,50,1.0000000000000009,2.826418671171251e-17,1.3269593276960078e-15,1.1529027598582491e-15,1.1165927339871809e-15,1.2709845899852262e-15,1.3050286229141227e-15,0.850967829402491,True
orthonormal,50,10,200,1,1,10.0,312,50,1.0000000000000009,2.826418671171251e-17,1.3269593276960078e-15,1.1529027598582491e-15,1.26211998388852e-15,1.3695995512140274e-15,1.473825485196911e-15,1.4107254675739873,True
orthonormal,50,10,200,2,2,0.0,312,50,1.0000000000000009,2.6663585795382406e-17,1.33455392248762e-15,1.2242697676220387e-15,9.999975270546874e-16,1.1268423373636745e-15,1.0478407632596316e-15,,True
orthonormal,50,10,200,2,2,0.01,312,50,1.0000000000000009,2.6663585795382406e-17,1.33455392248762e-15,1.2242697676220387e-15,1.0009239636177356e-15,1.1251370283890308e-15,1.0691647642115305e-15,0.010589304223158626,True
orthonormal,50,10,200,2,2,0.1,312,50,1.0000000000000009,2.6663585795382406e-17,1.33455392248762e-15,1.2242697676220387e-15,1.003224449145903e-15,1.1164919357835688e-15,1.0421845114292332e-15,0.10548212312285782,True
orthonormal,50,10,200,2,2,1.0,312,50,1.0000000000000009,2.6663585795382406e-17,1.33455392248762e-15,1.2242697676220387e-15,1.0960324415801232e-15,1.192325042302916e-15,1.1750416219213072e-15,0.8399698357228869,True
orthonormal,50,10,200,2,2,10.0,312,50,1.0000000000000009,2.6663585795382406e-17,1.33455392248762e-15,1.2242697676220387e-15,1.2651008066977942e-15,1.3859650697013607e-15,1.4088950718037689e-15,1.393476611892142,True
orthonormal,50,10,200,3,3,0.0,312,50,1.0000000000000013,2.791571111240999e-17,1.3587288220379714e-15,1.2298047772736777e-15,9.550753937681104e-16,1.0359620245972035e-15,1.1002176559436815e-15,,True
orthonormal,50,10,200,3,3,0.01,312,50,1.0000000000000013,2.791571111240999e-17,1.3587288220379714e-15,1.2298047772736777e-15,9.566151366274716e-16,1.0430593892796256e-15,1.1403121267960576e-15,0.009722632852753176,True
orthonormal,50,10,200,3,3,0.1,312,50,1.0000000000000013,2.791571111240999e-17,1.3587288220379714e-15,1.2298047772736777e-15,9.568392128647992e-16,1.0415673190212808e-15,1.0974591420993417e-15,0.09706093819755851,True
orthonormal,50,10,200,3,3,1.0,312,50,1.0000000000000013,2.791571111240999e-17,1.3587288220379714e-15,1.2298047772736777e-15,1.077028036111208e-15,1.1676107859326203e-15,1.1632265625421256e-15,0.8047162902565047,True
orthonormal,50,10,200,3,3,10.0,312,50,1.0000000000000013,2.791571111240999e-17,1.3587288220379714e-15,1.2298047772736777e-15,1.3118299525145938e-15,1.410660415286799e-15,1.4870382060659005e-15,1.3997362042352952,True
orthonormal,50,10,200,4,4,0.0,312,50,1.0000000000000009,3.262227845026651e-17,1.3333714206613833e-15,1.164117154792136e-15,8.821760304441557e-16,9.642120159926284e-16,9.987013064434618e-16,,True
orthonormal,50,10,200,4,4,0.01,312,50,1.0000000000000009,3.262227845026651e-17,1.3333714206613833e-15,1.164117154792136e-15,8.836529300904511e-16,9.70070929229123e-16,9.96994969011562e-16,0.0088841358370383,True
orthonormal,50,10,200,4,4,0.1,312,50,1.0000000000000009,3.262227845026651e-17,1.3333714206613833e-15,1.164117154792136e-15,8.870900891013622e-16,9.74495537456311e-16,1.1923027012138023e-15,0.08865246794375602,True
orthonormal,50,10,200,4,4,1.0,312,50,1.0000000000000009,3.262227845026651e-17,1.3333714206613833e-15,1.164117154792136e-15,1.028277823393554e-15,1.1051333709970394e-15,1.0794511528677981e-15,0.7515590862181979,True
orthonormal,50,10,200,4,4,10.0,312,50,1.0000000000000009,3.262227845026651e-17,1.3333714206613833e-15,1.164117154792136e-15,1.3119837058585451e-15,1.3905514968959367e-15,1.5108005379165096e-15,1.3982478724573109,True
orthonormal,50,10,200,5,5,0.0,312,50,1.0000000000000009,3.246172026658638e-17,1.2859714667244716e-15,1.1298136246673076e-15,9.663699013994274e-16,1.0705046379119884e-15,1.2391637761689202e-15,,True
orthonormal,50,10,200,5,5,0.01,312,50,1.0000000000000009,3.246172026658638e-17,1.2859714667244716e-15,1.1298136246673076e-15,9.68692163327602e-16,1.069152105992033e-15,1.1621194784057239e-15,0.010385098162860122,True
orthonormal,50,10,200,5,5,0.1,312,50,1.0000000000000009,3.246172026658638e-17,1.2859714667244716e-15,1.1298136246673076e-15,9.673186640415902e-16,1.0737790641827305e-15,1.2434806097401931e-15,0.10358950383167106,True
orthonormal,50,10,200,5,5,1.0,312,50,1.0000000000000009,3.246172026658638e-17,1.2859714667244716e-15,1.1298136246673076e-15,1.0701346898243992e-15,1.165275690778957e-15,1.2523354183526123e-15,0.8381698816401982,True
orthonormal,50,10,200,5,5,10.0,312,50,1.0000000000000009,3.246172026658638e-17,1.2859714667244716e-15,1.1298136246673076e-15,1.2384125510678501e-15,1.336254783032324e-15,1.6318619979657789e-15,1.4029640632278846,True
orthonormal,50,10,200,6,6,0.0,312,50,1.0000000000000009,3.1369582992564355e-17,1.3412697514874495e-15,1.1366764462534974e-15,9.117929652164826e-16,9.83852408588452e-16,9.569024161715931e-16,,True
orthonormal,50,10,200,6,6,0.01,312,50,1.0000000000000009,3.1369582992564355e-17,1.3412697514874495e-15,1.1366764462534974e-15,9.170238437435096e-16,9.840845805018893e-16,1.1136766470272262e-15,0.009145677143616353,True
orthonormal,50,10,200,6,6,0.1,312,50,1.0000000000000009,3.1369582992564355e-17,1.3412697514874495e-15,1.1366764462534974e-15,9.219469426257309e-16,9.824114807248226e-16,1.010823426866305e-15,0.09132115764310447,True
orthonormal,50,10,200,6,6,1.0,312,50,1.0000000000000009,3.1369582992564355e-17,1.3412697514874495e-15,1.1366764462534974e-15,1.0557882295900024e-15,1.1259668318165368e-15,1.1677824858089705e-15,0.7708930707978141,True
orthonormal,50,10,200,6,6,10.0,312,50,1.0000000000000009,3.1369582992564355e-17,1.3412697514874495e-15,1.1366764462534974e-15,1.3084310793667086e-15,1.3844467323268076e-15,1.649406946554991e-15,1.3958145261631119,True
orthonormal,50,10,200,7,7,0.0,312,50,1.000000000000001,3.1648219767826804e-17,1.3323110137011872e-15,1.126039355637045e-15,9.234354733785198e-16,1.0382429285971027e-15,9.95962419582241e-16,,True
orthonormal,50,10,200,7,7,0.01,312,50,1.000000000000001,3.1648219767826804e-17,1.3323110137011872e-15,1.126039355637045e-15,9.218761340582409e-16,1.0320810664028572e-15,1.0329300442537603e-15,0.00905808553829601,True
orthonormal,50,10,200,7,7,0.1,312,50,1.000000000000001,3.1648219767826804e-17,1.3323110137011872e-15,1.126039355637045e-15,9.27283893034306e-16,1.0388766780292729e-15,1.1344663741995018e-15,0.09039263154279002,True
orthonormal,50,10,200,7,7,1.0,312,50,1.000000000000001,3.1648219767826804e-17,1.3323110137011872e-15,1.126039355637045e-15,1.03920586867905e-15,1.1354390562813925e-15,1.031865636939068e-15,0.760227177329397,True
orthonormal,50,10,200,7,7,10.0,312,50,1.000000000000001,3.1648219767826804e-17,1.3323110137011872e-15,1.126039355637045e-15,1.285457166088082e-15,1.3935451559215757e-15,1.6523635765214702e-15,1.3820623694273202,True
orthonormal,50,10,200,8,8,0.0,312,50,1.0000000000000007,2.704149457054376e-17,1.3215013933800185e-15,1.1378210120987793e-15,8.481199940588262e-16,9.73523572899202e-16,9.064848417598096e-16,,True
orthonormal,50,10,200,8,8,0.01,312,50,1.0000000000000007,2.704149457054376e-17,1.3215013933800185e-15,1.1378210120987793e-15,8.512213127017126e-16,9.71245788206472e-16,9.378509099897687e-16,0.008866962283996022,True
orthonormal,50,10,200,8,8,0.1,312,50,1.0000000000000007,2.704149457054376e-17,1.3215013933800185e-15,1.1378210120987793e-15,8.535757882294807e-16,9.75779616812921e-16,9.609020063755785e-16,0.08849003246373668,True
orthonormal,50,10,200,8,8,1.0,312,50,1.0000000000000007,2.704149457054376e-17,1.3215013933800185e-15,1.1378210120987793e-15,9.84290311309173e-16,1.105195137737547e-15,1.0888715892216457e-15,0.7511019289398816,True
orthonormal,50,10,200,8,8,10.0,312,50,1.0000000000000007,2.704149457054376e-17,1.3215013933800185e-15,1.1378210120987793e-15,1.2642717615021452e-15,1.3819596169148537e-15,1.3856024264990221e-15,1.3987682003049962,True
orthonormal,50,10,200,9,9,0.0,312,50,1.0000000000000009,2.886412309529865e-17,1.3333687837306343e-15,1.1608720370020356e-15,9.953731231348708e-16,1.0790455618976742e-15,1.0595490853251667e-15,,True
orthonormal,50,10,200,9,9,0.01,312,50,1.0000000000000009,2.886412309529865e-17,1.3333687837306343e-15,1.1608720370020356e-15,9.960202755452683e-16,1.0864236150169987e-15,1.096738249319278e-15,0.009771709835548365,True
orthonormal,50,10,200,9,9,0.1,312,50,1.0000000000000009,2.886412309529865e-17,1.3333687837306343e-15,1.1608720370020356e-15,9.992989567290382e-16,1.0932353112642447e-15,1.0909060416477211e-15,0.09742593606339715,True
orthonormal,50,10,200,9,9,1.0,312,50,1.0000000000000009,2.886412309529865e-17,1.3333687837306343e-15,1.1608720370020356e-15,1.106571055036965e-15,1.1924878181561179e-15,1.376517065044304e-15,0.7991415586405111,True
orthonormal,50,10,200,9,9,10.0,312,50,1.0000000000000009,2.886412309529865e-17,1.3333687837306343e-15,1.1608720370020356e-15,1.2962990682167002e-15,1.3820546552291499e-15,1.4003006839583425e-15,1.391414533713267,True
orthonormal,50,50,200,0,0,0.0,1592,50,1.0000000000000009,2.843182803180214e-17,1.3520797088403444e-15,1.2072021925602565e-15,1.0113820053026294e-15,1.1241035778024775e-15,1.144579923096513e-15,,True
orthonormal,50,50,200,0,0,0.01,1592,50,1.0000000000000009,2.843182803180214e-17,1.3520797088403444e-15,1.2072021925602565e-15,1.0135292501911555e-15,1.118366241430996e-15,1.1088956048325403e-15,0.010037354235446053,True
orthonormal,50,50,200,0,0,0.1,1592,50,1.0000000000000009,2.843182803180214e-17,1.3520797088403444e-15,1.2072021925602565e-15,1.016130157743912e-15,1.1207682895828095e-15,1.1660514944016277e-15,0.10012718772342204,True
orthonormal,50,50,200,0,0,1.0,1592,50,1.0000000000000009,2.843182803180214e-17,1.3520797088403444e-15,1.2072021925602565e-15,1.1374421126278584e-15,1.2170474230222622e-15,1.0817765655784739e-15,0.8189895161021186,True
orthonormal,50,50,200,0,0,10.0,1592,50,1.0000000000000009,2.843182803180214e-17,1.3520797088403444e-15,1.2072021925602565e-15,1.3434199830820916e-15,1.4204870748045777e-15,1.5794062204172073e-15,1.401972902375892,True
orthonormal,50,50,200,1,1,0.0,1592,50,1.0000000000000009,2.691969792270703e-17,1.3632864390262082e-15,1.191881428508114e-15,1.0897712224514947e-15,1.1955011575817457e-15,1.3119703345286004e-15,,True
orthonormal,50,50,200,1,1,0.01,1592,50,1.0000000000000009,2.691969792270703e-17,1.3632864390262082e-15,1.191881428508114e-15,1.0924270927138925e-15,1.200196160235977e-15,1.2926031438531769e-15,0.011176291579291906,True
orthonormal,50,50,200,1,1,0.1,1592,50,1.0000000000000009,2.691969792270703e-17,1.3632864390262082e-15,1.191881428508114e-15,1.0928916750787297e-15,1.2059837982744297e-15,1.3522903568559498e-15,0.11142197095725608,True
orthonormal,50,50,200,1,1,1.0,1592,50,1.0000000000000009,2.691969792270703e-17,1.3632864390262082e-15,1.191881428508114e-15,1.1835393871600004e-15,1.2619686111726543e-15,1.170675334191161e-15,0.8772525798981387,True
orthonormal,50,50,200,1,1,10.0,1592,50,1.0000000000000009,2.691969792270703e-17,1.3632864390262082e-15,1.191881428508114e-15,1.3111669905671653e-15,1.4044500181463715e-15,1.4898451463318716e-15,1.4040634730590664,True
orthonormal,50,50,200,2,2,0.0,1592,50,1.000000000000001,2.632781259872455e-17,1.417625694602277e-15,1.2358657456907657e-15,1.0193594802641796e-15,1.1232125914250109e-15,1.206867973214864e-15,,True
orthonormal,50,50,200,2,2,0.01,1592,50,1.000000000000001,2.632781259872455e-17,1.417625694602277e-15,1.2358657456907657e-15,1.0213976113487966e-15,1.1188559944286258e-15,1.1903776950608116e-15,0.00970058253230265,True
orthonormal,50,50,200,2,2,0.1,1592,50,1.000000000000001,2.632781259872455e-17,1.417625694602277e-15,1.2358657456907657e-15,1.0225181333830474e-15,1.1217231223893787e-15,1.188748911708148e-15,0.09675085326774861,True
orthonormal,50,50,200,2,2,1.0,1592,50,1.000000000000001,2.632781259872455e-17,1.417625694602277e-15,1.2358657456907657e-15,1.1458923903284966e-15,1.2574098773463032e-15,1.2218118388952387e-15,0.798432425315432,True
orthonormal,50,50,200,2,2,10.0,1592,50,1.000000000000001,2.632781259872455e-17,1.417625694602277e-15,1.2358657456907657e-15,1.3666590172883131e-15,1.4756729610561627e-15,1.4737015399862705e-15,1.400300734760077,True
orthonormal,50,50,200,3,3,0.0,1592,50,1.000000000000001,2.922398011447396e-17,1.3687986629723898e-15,1.2298796746936587e-15,1.031705766246004e-15,1.1160333077280598e-15,1.196839103477182e-15,,True
orthonormal,50,50,200,3,3,0.01,1592,50,1.000000000000001,2.922398011447396e-17,1.3687986629723898e-15,1.2298796746936587e-15,1.0348577991159717e-15,1.1264704538406171e-15,1.2360272750838577e-15,0.010205158188568922,True
orthonormal,50,50,200,3,3,0.1,1592,50,1.000000000000001,2.922398011447396e-17,1.3687986629723898e-15,1.2298796746936587e-15,1.0384735588498328e-15,1.1181283063541425e-15,1.2523457410529517e-15,0.10179345582161559,True
orthonormal,50,50,200,3,3,1.0,1592,50,1.000000000000001,2.922398011447396e-17,1.3687986629723898e-15,1.2298796746936587e-15,1.1492780517671433e-15,1.2386804840371252e-15,1.2472720304691075e-15,0.8281962962302482,True
orthonormal,50,50,200,3,3,10.0,1592,50,1.000000000000001,2.922398011447396e-17,1.3687986629723898e-15,1.2298796746936587e-15,1.3264181644090543e-15,1.4662557467460672e-15,1.6335921470788228e-15,1.4031016955565234,True
orthonormal,50,50,200,4,4,0.0,1592,50,1.000000000000001,3.0556938238330846e-17,1.3706515669201632e-15,1.222147414462045e-15,1.0186268963325948e-15,1.1246407552373388e-15,1.1616470491794872e-15,,True
orthonormal,50,50,200,4,4,0.01,1592,50,1.000000000000001,3.0556938238330846e-17,1.3706515669201632e-15,1.222147414462045e-15,1.0222305768764707e-15,1.1210451238284471e-15,1.1606194986742668e-15,0.010288180672813925,True
orthonormal,50,50,200,4,4,0.1,1592,50,1.000000000000001,3.0556938238330846e-17,1.3706515669201632e-15,1.222147414462045e-15,1.0229473368470418e-15,1.1327461264303204e-15,1.2943680617172006e-15,0.10259410412911783,True
orthonormal,50,50,200,4,4,1.0,1592,50,1.000000000000001,3.0556938238330846e-17,1.3706515669201632e-15,1.222147414462045e-15,1.1359755812911955e-15,1.2307714903613626e-15,1.1235914497502404e-15,0.831360529531533,True
orthonormal,50,50,200,4,4,10.0,1592,50,1.000000000000001,3.0556938238330846e-17,1.3706515669201632e-15,1.222147414462045e-15,1.3358200368156841e-15,1.4156357267475924e-15,1.4806205652570338e-15,1.40323128056796,True
orthonormal,50,50,200,5,5,0.0,1592,50,1.0000000000000009,2.4206645065351958e-17,1.34167635591536e-15,1.1751504140138315e-15,9.9042281011601e-16,1.0824498986828536e-15,1.2681367717226051e-15,,True
orthonormal,50,50,200,5,5,0.01,1592,50,1.0000000000000009,2.4206645065351958e-17,1.34167635591536e-15,1.1751504140138315e-15,9.914227497746263e-16,1.0735602536811869e-15,1.2902650308354651e-15,0.009732863906929025,True
orthonormal,50,50,200,5,5,0.1,1592,50,1.0000000000000009,2.4206645065351958e-17,1.34167635591536e-15,1.1751504140138315e-15,9.935614502222344e-16,1.075495171293729e-15,1.3799431036015602e-15,0.09710967184962861,True
orthonormal,50,50,200,5,5,1.0,1592,50,1.0000000000000009,2.4206645065351958e-17,1.34167635591536e-15,1.1751504140138315e-15,1.110483189284702e-15,1.214338535453181e-15,1.4301513153097481e-15,0.802252147930933,True
orthonormal,50,50,200,5,5,10.0,1592,50,1.0000000000000009,2.4206645065351958e-17,1.34167635591536e-15,1.1751504140138315e-15,1.3273996499820965e-15,1.4241811056529688e-15,1.445421527433207e-15,1.3995440295184673,True
orthonormal,50,50,200,6,6,0.0,1592,50,1.000000000000001,3.1347255702236756e-17,1.342864866041101e-15,1.2259017887877146e-15,1.080981430544739e-15,1.1607372147493484e-15,1.0677225607653484e-15,,True
orthonormal,50,50,200,6,6,0.01,1592,50,1.000000000000001,3.1347255702236756e-17,1.342864866041101e-15,1.2259017887877146e-15,1.0812442836605743e-15,1.164507599422337e-15,1.1438305740942755e-15,0.01090216597139847,True
orthonormal,50,50,200,6,6,0.1,1592,50,1.000000000000001,3.1347255702236756e-17,1.342864866041101e-15,1.2259017887877146e-15,1.083887456814379e-15,1.164238284250432e-15,1.0662508060669683e-15,0.10870691993568185,True
orthonormal,50,50,200,6,6,1.0,1592,50,1.000000000000001,3.1347255702236756e-17,1.342864866041101e-15,1.2259017887877146e-15,1.17662220693163e-15,1.2575911142923395e-15,1.1873516571101575e-15,0.8639169547341292,True
orthonormal,50,50,200,6,6,10.0,1592,50,1.000000000000001,3.1347255702236756e-17,1.342864866041101e-15,1.2259017887877146e-15,1.3245526646916444e-15,1.4265132141670059e-15,1.4814067433177164e-15,1.4035916288709627,True
orthonormal,50,50,200,7,7,0.0,1592,50,1.0000000000000009,2.6584838544614e-17,1.3588032388801196e-15,1.1792033008256067e-15,1.0075620882045624e-15,1.1173632988213898e-15,1.153260969546762e-15,,True
orthonormal,50,50,200,7,7,0.01,1592,50,1.0000000000000009,2.6584838544614e-17,1.3588032388801196e-15,1.1792033008256067e-15,1.0092425533843592e-15,1.1117761556002936e-15,1.153480757075242e-15,0.010086352855299609,True
orthonormal,50,50,200,7,7,0.1,1592,50,1.0000000000000009,2.6584838544614e-17,1.3588032388801196e-15,1.1792033008256067e-15,1.013687025734622e-15,1.1197469729955686e-15,1.120448602309935e-15,0.1005982613121081,True
orthonormal,50,50,200,7,7,1.0,1592,50,1.0000000000000009,2.6584838544614e-17,1.3588032388801196e-15,1.1792033008256067e-15,1.127908408132027e-15,1.2037633514931339e-15,1.1541599810550597e-15,0.8216545405013221,True
orthonormal,50,50,200,7,7,10.0,1592,50,1.0000000000000009,2.6584838544614e-17,1.3588032388801196e-15,1.1792033008256067e-15,1.3256026789077605e-15,1.402882828992038e-15,1.4388832704343295e-15,1.406778852436992,True
orthonormal,50,50,200,8,8,0.0,1592,50,1.0000000000000007,2.7844154872117534e-17,1.3367200138052135e-15,1.1842968651826029e-15,1.0028517702865527e-15,1.0952680233344418e-15,1.0977684414458207e-15,,True
orthonormal,50,50,200,8,8,0.01,1592,50,1.0000000000000007,2.7844154872117534e-17,1.3367200138052135e-15,1.1842968651826029e-15,1.0048037272666137e-15,1.0919307688321469e-15,1.0820240109182901e-15,0.00986599973951968,True
orthonormal,50,50,200,8,8,0.1,1592,50,1.0000000000000007,2.7844154872117534e-17,1.3367200138052135e-15,1.1842968651826029e-15,1.005985165894627e-15,1.097158230464782e-15,1.0900296276134453e-15,0.09841506723217576,True
orthonormal,50,50,200,8,8,1.0,1592,50,1.0000000000000007,2.7844154872117534e-17,1.3367200138052135e-15,1.1842968651826029e-15,1.1248902774284891e-15,1.210965046284221e-15,1.2993731337988962e-15,0.8082129125952273,True
orthonormal,50,50,200,8,8,10.0,1592,50,1.0000000000000007,2.7844154872117534e-17,1.3367200138052135e-15,1.1842968651826029e-15,1.3249978342850607e-15,1.401668904507223e-15,1.398664491162457e-15,1.397010389505004,True
orthonormal,50,50,200,9,9,0.0,1592,50,1.000000000000001,3.326050360675069e-17,1.3902188763097715e-15,1.2294530470803952e-15,1.0462973812235808e-15,1.1056169636760174e-15,1.1433382012401857e-15,,True
orthonormal,50,50,200,9,9,0.01,1592,50,1.000000000000001,3.326050360675069e-17,1.3902188763097715e-15,1.2294530470803952e-15,1.048546739789064e-15,1.1086526457286177e-15,1.2191984644825984e-15,0.010026891540896431,True
orthonormal,50,50,200,9,9,0.1,1592,50,1.000000000000001,3.326050360675069e-17,1.3902188763097715e-15,1.2294530470803952e-15,1.051558498851756e-15,1.116656534958016e-15,1.14470064480924e-15,0.10003936459114082,True
orthonormal,50,50,200,9,9,1.0,1592,50,1.000000000000001,3.326050360675069e-17,1.3902188763097715e-15,1.2294530470803952e-15,1.1696766107261876e-15,1.2755969278562547e-15,1.6802230112416568e-15,0.8193872560839199,True
orthonormal,50,50,200,9,9,10.0,1592,50,1.000000000000001,3.326050360675069e-17,1.3902188763097715e-15,1.2294530470803952e-15,1.3641486187641823e-15,1.4386016950992068e-15,1.5436467396982597e-15,1.4024268163563205,True
orthonormal,100,2,400,0,0,0.0,56,100,1.000000000000001,3.104356408197182e-17,1.588050280216148e-15,1.276701769990875e-15,9.72529773397941e-16,1.2806151419764894e-15,1.3274685822042885e-15,,True
orthonormal,100,2,400,0,0,0.01,56,100,1.000000000000001,3.104356408197182e-17,1.588050280216148e-15,1.276701769990875e-15,9.758412113568404e-16,1.2848313247792479e-15,1.2807185292246609e-15,0.010104903047811373,True
orthonormal,100,2,400,0,0,0.1,56,100,1.000000000000001,3.104356408197182e-17,1.588050280216148e-15,1.276701769990875e-15,9.858249509902762e-16,1.296844644628353e-15,1.562449406885014e-15,0.10068846721235163,True
orthonormal,100,2,400,0,0,1.0,56,100,1.000000000000001,3.104356408197182e-17,1.588050280216148e-15,1.276701769990875e-15,1.1321381641915462e-15,1.436577685886473e-15,1.5919431050948929e-15,0.818950701212303,True
orthonormal,100,2,400,0,0,10.0,56,100,1.000000000000001,3.104356408197182e-17,1.588050280216148e-15,1.276701769990875e-15,1.3332068168970766e-15,1.6093538863924924e-15,1.3306139850833479e-15,1.4145509881148917,True
orthonormal,100,2,400,1,1,0.0,56,100,1.000000000000001,2.906139022455861e-17,1.5868923661205901e-15,1.3308152201819266e-15,8.137101727443484e-16,1.2383855157722094e-15,1.2886766293943679e-15,,True
orthonormal,100,2,400,1,1,0.01,56,100,1.000000000000001,2.906139022455861e-17,1.5868923661205901e-15,1.3308152201819266e-15,8.192954721404649e-16,1.2462780507761178e-15,1.242994013524858e-15,0.010037204918972666,True
orthonormal,100,2,400,1,1,0.1,56,100,1.000000000000001,2.906139022455861e-17,1.5868923661205901e-15,1.3308152201819266e-15,8.178638435165135e-16,1.2415567525197846e-15,1.38711545031351e-15,0.10012895672248702,True
orthonormal,100,2,400,1,1,1.0,56,100,1.000000000000001,2.906139022455861e-17,1.5868923661205901e-15,1.3308152201819266e-15,9.811405482712363e-16,1.3986728176355476e-15,1.3386639974345104e-15,0.8215716447341319,True
orthonormal,100,2,400,1,1,10.0,56,100,1.000000000000001,2.906139022455861e-17,1.5868923661205901e-15,1.3308152201819266e-15,1.2454971754177257e-15,1.6623767910456085e-15,1.740066462795577e-15,1.4155309971608292,True
orthonormal,100,2,400,2,0,0.0,56,100,1.000000000000001,2.3649611716124426e-17,1.587082594127697e-15,1.3353707103690762e-15,1.0446385895261928e-15,1.3608396317858262e-15,1.5894623400642028e-15,,True
orthonormal,100,2,400,2,0,0.01,56,100,1.000000000000001,2.3649611716124426e-17,1.587082594127697e-15,1.3353707103690762e-15,1.0399582531661977e-15,1.3545023768724663e-15,1.7788970488233973e-15,0.0105422108124538,True
orthonormal,100,2,400,2,0,0.1,56,100,1.000000000000001,2.3649611716124426e-17,1.587082594127697e-15,1.3353707103690762e-15,1.0473319686683303e-15,1.3628852963732485e-15,1.6115592772323222e-15,0.10512079847007863,True
orthonormal,100,2,400,2,0,1.0,56,100,1.000000000000001,2.3649611716124426e-17,1.587082594127697e-15,1.3353707103690762e-15,1.1586997813878277e-15,1.4694762472014736e-15,1.451838591759172e-15,0.8469647891304026,True
orthonormal,100,2,400,2,0,10.0,56,100,1.000000000000001,2.3649611716124426e-17,1.587082594127697e-15,1.3353707103690762e-15,1.3424772470401477e-15,1.6576279424249066e-15,1.4994145532446242e-15,1.4138354634396828,True
orthonormal,100,2,400,3,1,0.0,56,100,1.0000000000000009,2.783098998754167e-17,1.578409239770114e-15,1.312478927270453e-15,7.95453941452924e-16,1.2217819897407215e-15,1.3210479509580814e-15,,True
orthonormal,100,2,400,3,1,0.01,56,100,1.0000000000000009,2.783098998754167e-17,1.578409239770114e-15,1.312478927270453e-15,8.013156314078484e-16,1.2299635360669365e-15,1.366846658454535e-15,0.009940016884369863,True
orthonormal,100,2,400,3,1,0.1,56,100,1.0000000000000009,2.783098998754167e-17,1.578409239770114e-15,1.312478927270453e-15,7.980587243918525e-16,1.219983546746995e-15,1.3829281559100778e-15,0.09924851839473374,True
orthonormal,100,2,400,3,1,1.0,56,100,1.0000000000000009,2.783098998754167e-17,1.578409239770114e-15,1.312478927270453e-15,9.76070204610718e-16,1.3811003780452447e-15,1.3743411434152593e-15,0.822240868755377,True
orthonormal,100,2,400,3,1,10.0,56,100,1.0000000000000009,2.783098998754167e-17,1.578409239770114e-15,1.312478927270453e-15,1.2632124206477799e-15,1.6928420841423005e-15,1.4029236242261449e-15,1.4225697036732396,True
orthonormal,100,2,400,4,0,0.0,56,100,1.0000000000000016,3.036408801726287e-17,1.6058804064330677e-15,1.3312739901980361e-15,1.0075850442660288e-15,1.3202766770380263e-15,1.3987245574260184e-15,,True
orthonormal,100,2,400,4,0,0.01,56,100,1.0000000000000016,3.036408801726287e-17,1.6058804064330677e-15,1.3312739901980361e-15,1.0099969555298664e-15,1.3231991247943736e-15,1.5024802252002246e-15,0.009835961499999737,True
orthonormal,100,2,400,4,0,0.1,56,100,1.0000000000000016,3.036408801726287e-17,1.6058804064330677e-15,1.3312739901980361e-15,1.0129755271258202e-15,1.3252911313726133e-15,1.363683749385107e-15,0.09822719796170043,True
orthonormal,100,2,400,4,0,1.0,56,100,1.0000000000000016,3.036408801726287e-17,1.6058804064330677e-15,1.3312739901980361e-15,1.154352802690924e-15,1.4574365674798333e-15,1.5979377882279499e-15,0.8119181846966601,True
orthonormal,100,2,400,4,0,10.0,56,100,1.0000000000000016,3.036408801726287e-17,1.6058804064330677e-15,1.3312739901980361e-15,1.363041957803129e-15,1.6531891738033017e-15,1.3663047141174988e-15,1.392277061203845,True
orthonormal,100,2,400,5,1,0.0,56,100,1.000000000000001,2.8448712789499327e-17,1.6106235594090336e-15,1.302308390955084e-15,8.845239222129413e-16,1.3167740147890643e-15,1.3769191262277254e-15,,True
orthonormal,100,2,400,5,1,0.01,56,100,1.000000000000001,2.8448712789499327e-17,1.6106235594090336e-15,1.302308390955084e-15,8.933462643255402e-16,1.3292302591000015e-15,1.3518941767597166e-15,0.010482614173382955,True
orthonormal,100,2,400,5,1,0.1,56,100,1.000000000000001,2.8448712789499327e-17,1.6106235594090336e-15,1.302308390955084e-15,8.907225842056805e-16,1.321528554802537e-15,1.4613150442325117e-15,0.10452716806158881,True
orthonormal,100,2,400,5,1,1.0,56,100,1.000000000000001,2.8448712789499327e-17,1.6106235594090336e-15,1.302308390955084e-15,1.0346518154180391e-15,1.453241694510448e-15,1.4612225496993068e-15,0.8418440992372951,True
orthonormal,100,2,400,5,1,10.0,56,100,1.000000000000001,2.8448712789499327e-17,1.6106235594090336e-15,1.302308390955084e-15,1.2287533048913118e-15,1.657202216560302e-15,1.726470519220862e-15,1.4039570955754817,True
orthonormal,100,2,400,6,0,0.0,56,100,1.0000000000000009,2.7531867571768128e-17,1.6318352724290721e-15,1.3398216932470626e-15,9.713381495092603e-16,1.298924666062442e-15,1.0960554188917699e-15,,True
orthonormal,100,2,400,6,0,0.01,56,100,1.0000000000000009,2.7531867571768128e-17,1.6318352724290721e-15,1.3398216932470626e-15,9.814964778454236e-16,1.312299822847671e-15,1.1956576860787908e-15,0.009532069075700667,True
orthonormal,100,2,400,6,0,0.1,56,100,1.0000000000000009,2.7531867571768128e-17,1.6318352724290721e-15,1.3398216932470626e-15,9.860499893467801e-16,1.3169306583812367e-15,1.2027018825808654e-15,0.09508541937683673,True
orthonormal,100,2,400,6,0,1.0,56,100,1.0000000000000009,2.7531867571768128e-17,1.6318352724290721e-15,1.3398216932470626e-15,1.1316080534267337e-15,1.457445658679682e-15,1.4372676592462152e-15,0.7865182521809867,True
orthonormal,100,2,400,6,0,10.0,56,100,1.0000000000000009,2.7531867571768128e-17,1.6318352724290721e-15,1.3398216932470626e-15,1.3696326239035564e-15,1.682948196310514e-15,1.7409164490818325e-15,1.382551545855743,True
orthonormal,100,2,400,7,1,0.0,56,100,1.0000000000000009,2.826172589743114e-17,1.5752681508963363e-15,1.2647619564825305e-15,8.711268622462429e-16,1.3237727024538405e-15,1.5142459109085002e-15,,True
orthonormal,100,2,400,7,1,0.01,56,100,1.0000000000000009,2.826172589743114e-17,1.5752681508963363e-15,1.2647619564825305e-15,8.729146343687779e-16,1.3260675729593359e-15,1.4252712416493468e-15,0.010117799226058145,True
orthonormal,100,2,400,7,1,0.1,56,100,1.0000000000000009,2.826172589743114e-17,1.5752681508963363e-15,1.2647619564825305e-15,8.782461929861047e-16,1.331884113829237e-15,1.5215546887820287e-15,0.10093573321427472,True
orthonormal,100,2,400,7,1,1.0,56,100,1.0000000000000009,2.826172589743114e-17,1.5752681508963363e-15,1.2647619564825305e-15,1.0043638034835282e-15,1.4402989721806663e-15,1.2072072853858635e-15,0.8262590272701476,True
orthonormal,100,2,400,7,1,10.0,56,100,1.0000000000000009,2.826172589743114e-17,1.5752681508963363e-15,1.2647619564825305e-15,1.208165398173426e-15,1.6185001267171537e-15,1.3737120206415615e-15,1.4152884629193385,True
orthonormal,100,2,400,8,0,0.0,56,100,1.0000000000000009,2.4807877261314713e-17,1.5766477892597638e-15,1.2574860722439006e-15,9.486040952951595e-16,1.2535543096823863e-15,1.2264793318080709e-15,,True
orthonormal,100,2,400,8,0,0.01,56,100,1.0000000000000009,2.4807877261314713e-17,1.5766477892597638e-15,1.2574860722439006e-15,9.47433356590864e-16,1.251760359066414e-15,1.235152123440473e-15,0.010179170899033313,True
orthonormal,100,2,400,8,0,0.1,56,100,1.0000000000000009,2.4807877261314713e-17,1.5766477892597638e-15,1.2574860722439006e-15,9.496247996952478e-16,1.252268717639069e-15,1.3014724920949605e-15,0.10154548784315535,True
orthonormal,100,2,400,8,0,1.0,56,100,1.0000000000000009,2.4807877261314713e-17,1.5766477892597638e-15,1.2574860722439006e-15,1.1020746367158387e-15,1.395535278758544e-15,1.5428684370477447e-15,0.8268852941766482,True
orthonormal,100,2,400,8,0,10.0,56,100,1.0000000000000009,2.4807877261314713e-17,1.5766477892597638e-15,1.2574860722439006e-15,1.353759056334105e-15,1.6532547094224715e-15,1.710239102866341e-15,1.400561718269013,True
orthonormal,100,2,400,9,1,0.0,56,100,1.0000000000000009,2.6017624763829098e-17,1.5865164221522337e-15,1.3320585225264703e-15,8.360078756785325e-16,1.2803125106273693e-15,1.3622913311163788e-15,,True
orthonormal,100,2,400,9,1,0.01,56,100,1.0000000000000009,2.6017624763829098e-17,1.5865164221522337e-15,1.3320585225264703e-15,8.409923757516304e-16,1.2874457830065836e-15,1.452958073710837e-15,0.009982138081432496,True
orthonormal,100,2,400,9,1,0.1,56,100,1.0000000000000009,2.6017624763829098e-17,1.5865164221522337e-15,1.3320585225264703e-15,8.358070814472687e-16,1.2762037703994835e-15,1.4062233570451493e-15,0.09951003635217341,True
orthonormal,100,2,400,9,1,1.0,56,100,1.0000000000000009,2.6017624763829098e-17,1.5865164221522337e-15,1.3320585225264703e-15,9.858637136782954e-16,1.403517316588122e-15,1.2808251686419452e-15,0.8147062192151114,True
orthonormal,100,2,400,9,1,10.0,56,100,1.0000000000000009,2.6017624763829098e-17,1.5865164221522337e-15,1.3320585225264703e-15,1.2330060352061937e-15,1.6398109832228626e-15,1.6251483849837249e-15,1.4162415426781565,True
orthonormal,100,10,400,0,0,0.0,312,100,1.0000000000000013,2.7698851542442474e-17,1.610748295449434e-15,1.3203158740183402e-15,1.295940952434991e-15,1.394847118436281e-15,1.5389539656099009e-15,,True
orthonormal,100,10,400,0,0,0.01,312,100,1.0000000000000013,2.7698851542442474e-17,1.610748295449434e-15,1.3203158740183402e-15,1.2991964726118214e-15,1.3835157673142846e-15,1.5386373897953221e-15,0.010232580186711799,True
orthonormal,100,10,400,0,0,0.1,312,100,1.0000000000000013,2.7698851542442474e-17,1.610748295449434e-15,1.3203158740183402e-15,1.2990928913002028e-15,1.3849962685598195e-15,1.6893734634058386e-15,0.10203605886033325,True
orthonormal,100,10,400,0,0,1.0,312,100,1.0000000000000013,2.7698851542442474e-17,1.610748295449434e-15,1.3203158740183402e-15,1.4092994018164275e-15,1.487585377011615e-15,1.872147692605083e-15,0.828032167652969,True
orthonormal,100,10,400,0,0,10.0,312,100,1.0000000000000013,2.7698851542442474e-17,1.610748295449434e-15,1.3203158740183402e-15,1.6010338957080697e-15,1.7019724140050542e-15,1.5003208110084501e-15,1.402928354205942,True
orthonormal,100,10,400,1,1,0.0,312,100,1.0000000000000013,2.4993681314941557e-17,1.567663060864742e-15,1.3139813706091182e-15,1.2647208964473357e-15,1.381131323868277e-15,1.5198342200086888e-15,,True
orthonormal,100,10,400,1,1,0.01,312,100,1.0000000000000013,2.4993681314941557e-17,1.567663060864742e-15,1.3139813706091182e-15,1.269535432965388e-15,1.3896743376879342e-15,1.4332220568124147e-15,0.010679010041158522,True
orthonormal,100,10,400,1,1,0.1,312,100,1.0000000000000013,2.4993681314941557e-17,1.567663060864742e-15,1.3139813706091182e-15,1.2705478864224258e-15,1.391474700719212e-15,1.4504958590375514e-15,0.10649470831852989,True
orthonormal,100,10,400,1,1,1.0,312,100,1.0000000000000013,2.4993681314941557e-17,1.567663060864742e-15,1.3139813706091182e-15,1.3818525182235216e-15,1.495329336308522e-15,1.6426549043650499e-15,0.8525758716870794,True
orthonormal,100,10,400,1,1,10.0,312,100,1.0000000000000013,2.4993681314941557e-17,1.567663060864742e-15,1.3139813706091182e-15,1.5459412526052455e-15,1.650790162373726e-15,1.7796342627744945e-15,1.4024422135582502,True
orthonormal,100,10,400,2,2,0.0,312,100,1.0000000000000009,3.250632159007734e-17,1.624316622462435e-15,1.3043372051370351e-15,1.2546292604334286e-15,1.3966131940922653e-15,1.390670854054371e-15,,True
orthonormal,100,10,400,2,2,0.01,312,100,1.0000000000000009,3.250632159007734e-17,1.624316622462435e-15,1.3043372051370351e-15,1.2540223948450352e-15,1.3931378875158364e-15,1.4687887968247544e-15,0.010490277110367057,True
orthonormal,100,10,400,2,2,0.1,312,100,1.0000000000000009,3.250632159007734e-17,1.624316622462435e-15,1.3043372051370351e-15,1.257986971121822e-15,1.402809235748301e-15,1.3599897279453478e-15,0.10458485393658938,True
orthonormal,100,10,400,2,2,1.0,312,100,1.0000000000000009,3.250632159007734e-17,1.624316622462435e-15,1.3043372051370351e-15,1.38897916885351e-15,1.5369813627414468e-15,1.8933969349639634e-15,0.8403454986552793,True
orthonormal,100,10,400,2,2,10.0,312,100,1.0000000000000009,3.250632159007734e-17,1.624316622462435e-15,1.3043372051370351e-15,1.5728622858676301e-15,1.6752653464458909e-15,1.839889236491195e-15,1.3991326229807484,True
orthonormal,100,10,400,3,3,0.0,312,100,1.000000000000001,2.2590486960983253e-17,1.6119237978434816e-15,1.315529536544218e-15,1.2546100046936028e-15,1.3374881007189604e-15,1.3608795001904025e-15,,True
orthonormal,100,10,400,3,3,0.01,312,100,1.000000000000001,2.2590486960983253e-17,1.6119237978434816e-15,1.315529536544218e-15,1.254659297894976e-15,1.3471569053884457e-15,1.324004113210609e-15,0.009960067150843134,True
orthonormal,100,10,400,3,3,0.1,312,100,1.000000000000001,2.2590486960983253e-17,1.6119237978434816e-15,1.315529536544218e-15,1.259439067646608e-15,1.344990144849342e-15,1.3623252036080374e-15,0.09928696114845191,True
orthonormal,100,10,400,3,3,1.0,312,100,1.000000000000001,2.2590486960983253e-17,1.6119237978434816e-15,1.315529536544218e-15,1.3901276245304714e-15,1.467641980855315e-15,1.329895308411018e-15,0.80800649458559,True
orthonormal,100,10,400,3,3,10.0,312,100,1.000000000000001,2.2590486960983253e-17,1.6119237978434816e-15,1.315529536544218e-15,1.6140582392210324e-15,1.7209626318482551e-15,1.701751083068736e-15,1.3860624841509237,True
orthonormal,100,10,400,4,4,0.0,312,100,1.000000000000001,3.216590470047705e-17,1.6569993381384072e-15,1.3292499547114501e-15,1.1782833090695495e-15,1.2845830349741844e-15,1.4602874567557511e-15,,True
orthonormal,100,10,400,4,4,0.01,312,100,1.000000000000001,3.216590470047705e-17,1.6569993381384072e-15,1.3292499547114501e-15,1.184590136260861e-15,1.288717822405442e-15,1.500477481382283e-15,0.009623428899711364,True
orthonormal,100,10,400,4,4,0.1,312,100,1.000000000000001,3.216590470047705e-17,1.6569993381384072e-15,1.3292499547114501e-15,1.1840101792787076e-15,1.2948250958645522e-15,1.497124186233983e-15,0.09605494604195162,True
orthonormal,100,10,400,4,4,1.0,312,100,1.000000000000001,3.216590470047705e-17,1.6569993381384072e-15,1.3292499547114501e-15,1.3348481111495002e-15,1.436660335894558e-15,1.5266955753086721e-15,0.7991598608187162,True
orthonormal,100,10,400,4,4,10.0,312,100,1.000000000000001,3.216590470047705e-17,1.6569993381384072e-15,1.3292499547114501e-15,1.6062467196905557e-15,1.7062438434984037e-15,1.9443339674819894e-15,1.4065639516611237,True
orthonormal,100,10,400,5,5,0.0,312,100,1.000000000000001,2.4701873552435214e-17,1.6387453282288184e-15,1.3158474530771164e-15,1.1446278523795303e-15,1.2580709182407765e-15,1.251144576198421e-15,,True
orthonormal,100,10,400,5,5,0.01,312,100,1.000000000000001,2.4701873552435214e-17,1.6387453282288184e-15,1.3158474530771164e-15,1.1452171841235197e-15,1.257572615957567e-15,1.2891673747089088e-15,0.00959515190526771,True
orthonormal,100,10,400,5,5,0.1,312,100,1.000000000000001,2.4701873552435214e-17,1.6387453282288184e-15,1.3158474530771164e-15,1.1501460549051624e-15,1.2529254665727564e-15,1.2631416748768377e-15,0.09579127585649978,True
orthonormal,100,10,400,5,5,1.0,312,100,1.000000000000001,2.4701873552435214e-17,1.6387453282288184e-15,1.3158474530771164e-15,1.2982700645384437e-15,1.4150729606892627e-15,1.3339709193300006e-15,0.7989432563006522,True
orthonormal,100,10,400,5,5,10.0,312,100,1.000000000000001,2.4701873552435214e-17,1.6387453282288184e-15,1.3158474530771164e-15,1.5753834733982054e-15,1.6848043470524923e-15,1.5746066916997217e-15,1.4088524334715478,True
orthonormal,100,10,400,6,6,0.0,312,100,1.0000000000000009,2.585561035285127e-17,1.6159938210984957e-15,1.302112146905449e-15,1.2310908242993413e-15,1.3337166035053164e-15,1.6230059592182951e-15,,True
orthonormal,100,10,400,6,6,0.01,312,100,1.0000000000000009,2.585561035285127e-17,1.6159938210984957e-15,1.302112146905449e-15,1.2333489373368707e-15,1.334511910954882e-15,1.6226025231472583e-15,0.009967385408970762,True
orthonormal,100,10,400,6,6,0.1,312,100,1.0000000000000009,2.585561035285127e-17,1.6159938210984957e-15,1.302112146905449e-15,1.2327534271489837e-15,1.3342463073786184e-15,1.5337710984064233e-15,0.09942145081074576,True
orthonormal,100,10,400,6,6,1.0,312,100,1.0000000000000009,2.585561035285127e-17,1.6159938210984957e-15,1.302112146905449e-15,1.3659241086691906e-15,1.4665278475034576e-15,1.4065976786988446e-15,0.8139700123582059,True
orthonormal,100,10,400,6,6,10.0,312,100,1.0000000000000009,2.585561035285127e-17,1.6159938210984957e-15,1.302112146905449e-15,1.6051526771846532e-15,1.6908364923555936e-15,1.6699510344983052e-15,1.3984429162594012,True
orthonormal,100,10,400,7,7,0.0,312,100,1.0000000000000009,2.97458524409717e-17,1.6054025559080437e-15,1.3308709610066864e-15,1.2271775714775718e-15,1.350206810658226e-15,1.509189972492531e-15,,True
orthonormal,100,10,400,7,7,0.01,312,100,1.0000000000000009,2.97458524409717e-17,1.6054025559080437e-15,1.3308709610066864e-15,1.230546223638083e-15,1.3569856208851646e-15,1.5508770064178164e-15,0.010113191681085055,True
orthonormal,100,10,400,7,7,0.1,312,100,1.0000000000000009,2.97458524409717e-17,1.6054025559080437e-15,1.3308709610066864e-15,1.2343065962043565e-15,1.3568188523071888e-15,1.4535992922597719e-15,0.10083010106098551,True
orthonormal,100,10,400,7,7,1.0,312,100,1.0000000000000009,2.97458524409717e-17,1.6054025559080437e-15,1.3308709610066864e-15,1.3633533513512814e-15,1.4764991923522424e-15,1.4813971482341766e-15,0.8188610516589002,True
orthonormal,100,10,400,7,7,10.0,312,100,1.0000000000000009,2.97458524409717e-17,1.6054025559080437e-15,1.3308709610066864e-15,1.5761909155868333e-15,1.6787481341880847e-15,1.809668593375168e-15,1.3937169351308782,True
orthonormal,100,10,400,8,8,0.0,312,100,1.0000000000000009,3.206404350418301e-17,1.6170657573826489e-15,1.3332088792482947e-15,1.229097687086228e-15,1.3698898433917265e-15,1.391553134131223e-15,,True
orthonormal,100,10,400,8,8,0.01,312,100,1.0000000000000009,3.206404350418301e-17,1.6170657573826489e-15,1.3332088792482947e-15,1.2335439446195521e-15,1.3717225470315401e-15,1.3134974316347622e-15,0.010141518622738507,True
orthonormal,100,10,400,8,8,0.1,312,100,1.0000000000000009,3.206404350418301e-17,1.6170657573826489e-15,1.3332088792482947e-15,1.2361674485291582e-15,1.382130686808104e-15,1.3068107142366032e-15,0.10118767592999331,True
orthonormal,100,10,400,8,8,1.0,312,100,1.0000000000000009,3.206404350418301e-17,1.6170657573826489e-15,1.3332088792482947e-15,1.3538752548791066e-15,1.5145725013287865e-15,1.2735544007695854e-15,0.8280113685766911,True
orthonormal,100,10,400,8,8,10.0,312,100,1.0000000000000009,3.206404350418301e-17,1.6170657573826489e-15,1.3332088792482947e-15,1.5604897619279047e-15,1.67257781345872e-15,1.7229305913453136e-15,1.4129242730414036,True
orthonormal,100,10,400,9,9,0.0,312,100,1.0000000000000009,2.9838040896022374e-17,1.6137643237074966e-15,1.3155643916987301e-15,1.2523815158847875e-15,1.3369179701303392e-15,1.599044201347071e-15,,True
orthonormal,100,10,400,9,9,0.01,312,100,1.0000000000000009,2.9838040896022374e-17,1.6137643237074966e-15,1.3155643916987301e-15,1.2568606356913046e-15,1.345070810107813e-15,1.4282117087933985e-15,0.010027526718527201,True
orthonormal,100,10,400,9,9,0.1,312,100,1.0000000000000009,2.9838040896022374e-17,1.6137643237074966e-15,1.3155643916987301e-15,1.2566057679816543e-15,1.3458044994303788e-15,1.5507287181453467e-15,0.09998862624993832,True
orthonormal,100,10,400,9,9,1.0,312,100,1.0000000000000009,2.9838040896022374e-17,1.6137643237074966e-15,1.3155643916987301e-15,1.37163765706665e-15,1.4764004964834748e-15,1.6164682882985346e-15,0.8156133296173634,True
orthonormal,100,10,400,9,9,10.0,312,100,1.0000000000000009,2.9838040896022374e-17,1.6137643237074966e-15,1.3155643916987301e-15,1.5831062798492787e-15,1.6815880127620802e-15,1.8027283592436665e-15,1.3985593373700667,True
orthonormal,100,50,400,0,0,0.0,1592,100,1.000000000000001,2.8763076241715394e-17,1.587128685830463e-15,1.3460199181794488e-15,1.3077161849129892e-15,1.4060498785560726e-15,1.447193676889587e-15,,True
orthonormal,100,50,400,0,0,0.01,1592,100,1.000000000000001,2.8763076241715394e-17,1.587128685830463e-15,1.3460199181794488e-15,1.3099190147060386e-15,1.4043376466111556e-15,1.4489014589694637e-15,0.010207351460125368,True
orthonormal,100,50,400,0,0,0.1,1592,100,1.000000000000001,2.8763076241715394e-17,1.587128685830463e-15,1.3460199181794488e-15,1.311359845782077e-15,1.4148701573269703e-15,1.6109003031890167e-15,0.10179983224003418,True
orthonormal,100,50,400,0,0,1.0,1592,100,1.000000000000001,2.8763076241715394e-17,1.587128685830463e-15,1.3460199181794488e-15,1.4267232488475265e-15,1.5326742640191887e-15,1.5089747547483318e-15,0.8261220605930139,True
orthonormal,100,50,400,0,0,10.0,1592,100,1.000000000000001,2.8763076241715394e-17,1.587128685830463e-15,1.3460199181794488e-15,1.6230668278249998e-15,1.6897476925060148e-15,1.8040459952239384e-15,1.3957668910459833,True
orthonormal,100,50,400,1,1,0.0,1592,100,1.0000000000000009,2.5029648574380117e-17,1.6372940312570884e-15,1.3321031096080445e-15,1.2663624821892784e-15,1.3482110908225958e-15,1.417691230933008e-15,,True
orthonormal,100,50,400,1,1,0.01,1592,100,1.0000000000000009,2.5029648574380117e-17,1.6372940312570884e-15,1.3321031096080445e-15,1.2676618168927606e-15,1.3509380000259586e-15,1.4542686682798483e-15,0.00979102146052087,True
orthonormal,100,50,400,1,1,0.1,1592,100,1.0000000000000009,2.5029648574380117e-17,1.6372940312570884e-15,1.3321031096080445e-15,1.2696654374729957e-15,1.344555015391844e-15,1.2879250845538604e-15,0.09767073289038011,True
orthonormal,100,50,400,1,1,1.0,1592,100,1.0000000000000009,2.5029648574380117e-17,1.6372940312570884e-15,1.3321031096080445e-15,1.403069576964254e-15,1.500984261746118e-15,1.4166794609064675e-15,0.8036627678471598,True
orthonormal,100,50,400,1,1,10.0,1592,100,1.0000000000000009,2.5029648574380117e-17,1.6372940312570884e-15,1.3321031096080445e-15,1.6454210166063271e-15,1.7494199734046712e-15,1.623985663758001e-15,1.3944230482037083,True
orthonormal,100,50,400,2,2,0.0,1592,100,1.000000000000001,3.152350044083299e-17,1.6324690053489292e-15,1.3568654247470895e-15,1.2437618718628102e-15,1.3198673856980068e-15,1.3835484223601285e-15,,True
orthonormal,100,50,400,2,2,0.01,1592,100,1.000000000000001,3.152350044083299e-17,1.6324690053489292e-15,1.3568654247470895e-15,1.2461869926059371e-15,1.319004663973561e-15,1.2763276653136158e-15,0.009943572057118617,True
orthonormal,100,50,400,2,2,0.1,1592,100,1.000000000000001,3.152350044083299e-17,1.6324690053489292e-15,1.3568654247470895e-15,1.2478981134689714e-15,1.3287107696278469e-15,1.4658328415267216e-15,0.09917175585933181,True
orthonormal,100,50,400,2,2,1.0,1592,100,1.000000000000001,3.152350044083299e-17,1.6324690053489292e-15,1.3568654247470895e-15,1.3889619528099764e-15,1.4497390031243348e-15,1.4760342878413899e-15,0.8119537366644173,True
orthonormal,100,50,400,2,2,10.0,1592,100,1.000000000000001,3.152350044083299e-17,1.6324690053489292e-15,1.3568654247470895e-15,1.6400430683599426e-15,1.7221839149787475e-15,1.6684412779575239e-15,1.3984692163385246,True
orthonormal,100,50,400,3,3,0.0,1592,100,1.000000000000001,2.6151070002165696e-17,1.6304875133008388e-15,1.3402818283420728e-15,1.286170485709097e-15,1.3649051471917566e-15,1.418283768121061e-15,,True
orthonormal,100,50,400,3,3,0.01,1592,100,1.000000000000001,2.6151070002165696e-17,1.6304875133008388e-15,1.3402818283420728e-15,1.287094585532829e-15,1.3775919581245276e-15,1.4900468125592492e-15,0.01001611804409479,True
orthonormal,100,50,400,3,3,0.1,1592,100,1.000000000000001,2.6151070002165696e-17,1.6304875133008388e-15,1.3402818283420728e-15,1.290325511081255e-15,1.3815907889815933e-15,1.3550893085446296e-15,0.09992000730683034,True
orthonormal,100,50,400,3,3,1.0,1592,100,1.000000000000001,2.6151070002165696e-17,1.6304875133008388e-15,1.3402818283420728e-15,1.424103800615041e-15,1.4890731941803695e-15,1.479538844553203e-15,0.8174000821992172,True
orthonormal,100,50,400,3,3,10.0,1592,100,1.000000000000001,2.6151070002165696e-17,1.6304875133008388e-15,1.3402818283420728e-15,1.6503143507320864e-15,1.7190445061709352e-15,2.1299713131308177e-15,1.3983849927857244,True
orthonormal,100,50,400,4,4,0.0,1592,100,1.0000000000000009,2.7397434220556096e-17,1.6091408387681474e-15,1.3445415043000495e-15,1.2616414995945616e-15,1.3411356698712923e-15,1.4305031300020985e-15,,True
orthonormal,100,50,400,4,4,0.01,1592,100,1.0000000000000009,2.7397434220556096e-17,1.6091408387681474e-15,1.3445415043000495e-15,1.2643460849200468e-15,1.3471935138916412e-15,1.4995888509528598e-15,0.009996825838590115,True
orthonormal,100,50,400,4,4,0.1,1592,100,1.0000000000000009,2.7397434220556096e-17,1.6091408387681474e-15,1.3445415043000495e-15,1.2650829297087176e-15,1.3376983187842331e-15,1.511552758486503e-15,0.09971960684839912,True
orthonormal,100,50,400,4,4,1.0,1592,100,1.0000000000000009,2.7397434220556096e-17,1.6091408387681474e-15,1.3445415043000495e-15,1.3977152959274342e-15,1.470854830836513e-15,1.4558448416656026e-15,0.8162946121962394,True
orthonormal,100,50,400,4,4,10.0,1592,100,1.0000000000000009,2.7397434220556096e-17,1.6091408387681474e-15,1.3445415043000495e-15,1.6285542765281583e-15,1.6961454268833498e-15,1.9090669692728846e-15,1.4007398022934139,True
orthonormal,100,50,400,5,5,0.0,1592,100,1.0000000000000009,3.352951889305222e-17,1.6297754782468159e-15,1.3249618822313343e-15,1.2413107199062894e-15,1.3318332064912792e-15,1.4645891179386597e-15,,True
orthonormal,100,50,400,5,5,0.01,1592,100,1.0000000000000009,3.352951889305222e-17,1.6297754782468159e-15,1.3249618822313343e-15,1.2438175708213912e-15,1.3283692874229905e-15,1.4660765314500228e-15,0.00965092582613642,True
orthonormal,100,50,400,5,5,0.1,1592,100,1.0000000000000009,3.352951889305222e-17,1.6297754782468159e-15,1.3249618822313343e-15,1.2449545267930387e-15,1.3273706359447982e-15,1.3790962588892954e-15,0.09628532291379159,True
orthonormal,100,50,400,5,5,1.0,1592,100,1.0000000000000009,3.352951889305222e-17,1.6297754782468159e-15,1.3249618822313343e-15,1.3863747679970055e-15,1.4678850685228788e-15,1.3492693359338382e-15,0.7975936038172764,True
orthonormal,100,50,400,5,5,10.0,1592,100,1.0000000000000009,3.352951889305222e-17,1.6297754782468159e-15,1.3249618822313343e-15,1.6414339511459755e-15,1.7179614191530824e-15,1.8073338210303733e-15,1.4025583768429244,True
orthonormal,100,50,400,6,6,0.0,1592,100,1.000000000000001,2.764410276148985e-17,1.6314196693369072e-15,1.3388935084106367e-15,1.2882636543825028e-15,1.3804562511995348e-15,1.4776712794371424e-15,,True
orthonormal,100,50,400,6,6,0.01,1592,100,1.000000000000001,2.764410276148985e-17,1.6314196693369072e-15,1.3388935084106367e-15,1.2897726780867e-15,1.3830530840311483e-15,1.3908594458358429e-15,0.010076222575339773,True
orthonormal,100,50,400,6,6,0.1,1592,100,1.000000000000001,2.764410276148985e-17,1.6314196693369072e-15,1.3388935084106367e-15,1.2913543840031606e-15,1.3834252325989586e-15,1.4012480641662501e-15,0.10050961872127068,True
orthonormal,100,50,400,6,6,1.0,1592,100,1.000000000000001,2.764410276148985e-17,1.6314196693369072e-15,1.3388935084106367e-15,1.4236424495398367e-15,1.4902557481361548e-15,1.6229271135124803e-15,0.8203700932108651,True
orthonormal,100,50,400,6,6,10.0,1592,100,1.000000000000001,2.764410276148985e-17,1.6314196693369072e-15,1.3388935084106367e-15,1.64173451514934e-15,1.7166611199486712e-15,1.8096189898375568e-15,1.3990864300803507,True
orthonormal,100,50,400,7,7,0.0,1592,100,1.000000000000001,3.167806087518524e-17,1.6095717871908962e-15,1.3852355413439169e-15,1.2911891810945592e-15,1.379391702527234e-15,1.3689027384822292e-15,,True
orthonormal,100,50,400,7,7,0.01,1592,100,1.000000000000001,3.167806087518524e-17,1.6095717871908962e-15,1.3852355413439169e-15,1.2948346682457673e-15,1.3883684280081063e-15,1.3243797972818148e-15,0.010201768774201703,True
orthonormal,100,50,400,7,7,0.1,1592,100,1.000000000000001,3.167806087518524e-17,1.6095717871908962e-15,1.3852355413439169e-15,1.2953056049450378e-15,1.3967660750608574e-15,1.3755828352144318e-15,0.1017696369506225,True
orthonormal,100,50,400,7,7,1.0,1592,100,1.000000000000001,3.167806087518524e-17,1.6095717871908962e-15,1.3852355413439169e-15,1.4222366151981088e-15,1.5130250097638424e-15,1.650714254134332e-15,0.8284472566764223,True
orthonormal,100,50,400,7,7,10.0,1592,100,1.000000000000001,3.167806087518524e-17,1.6095717871908962e-15,1.3852355413439169e-15,1.6286160208737111e-15,1.7132632905226207e-15,1.7589657602777724e-15,1.402568769136882,True
orthonormal,100,50,400,8,8,0.0,1592,100,1.000000000000001,2.9139870954950487e-17,1.6328820686364893e-15,1.342267713092023e-15,1.2442784526306964e-15,1.322180045996231e-15,1.5401013869194006e-15,,True
orthonormal,100,50,400,8,8,0.01,1592,100,1.000000000000001,2.9139870954950487e-17,1.6328820686364893e-15,1.342267713092023e-15,1.2460703527175458e-15,1.3268337766605055e-15,1.5047972366515563e-15,0.009316828019152013,True
orthonormal,100,50,400,8,8,0.1,1592,100,1.000000000000001,2.9139870954950487e-17,1.6328820686364893e-15,1.342267713092023e-15,1.2486540895228176e-15,1.3292029531875542e-15,1.5646544114070353e-15,0.09298997728785985,True
orthonormal,100,50,400,8,8,1.0,1592,100,1.000000000000001,2.9139870954950487e-17,1.6328820686364893e-15,1.342267713092023e-15,1.3853102908464757e-15,1.4652610020711349e-15,1.6786251948895529e-15,0.7793123782864048,True
orthonormal,100,50,400,8,8,10.0,1592,100,1.000000000000001,2.9139870954950487e-17,1.6328820686364893e-15,1.342267713092023e-15,1.6498041547862997e-15,1.724904308001311e-15,1.9913662148460504e-15,1.398417144223256,True
orthonormal,100,50,400,9,9,0.0,1592,100,1.000000000000001,2.6085895322290064e-17,1.6368981635248833e-15,1.3496781846524531e-15,1.256035781633678e-15,1.3395500714881124e-15,1.3579763268501308e-15,,True
orthonormal,100,50,400,9,9,0.01,1592,100,1.000000000000001,2.6085895322290064e-17,1.6368981635248833e-15,1.3496781846524531e-15,1.2581143473249285e-15,1.347754182852563e-15,1.3580435929989768e-15,0.009761041405835032,True
orthonormal,100,50,400,9,9,0.1,1592,100,1.000000000000001,2.6085895322290064e-17,1.6368981635248833e-15,1.3496781846524531e-15,1.2601020575056042e-15,1.3453461711647777e-15,1.3586492883495336e-15,0.09735787377055473,True
orthonormal,100,50,400,9,9,1.0,1592,100,1.000000000000001,2.6085895322290064e-17,1.6368981635248833e-15,1.3496781846524531e-15,1.400601780033025e-15,1.4739305132985262e-15,1.7328821893709989e-15,0.8014999203961785,True
orthonormal,100,50,400,9,9,10.0,1592,100,1.000000000000001,2.6085895322290064e-17,1.6368981635248833e-15,1.3496781846524531e-15,1.6499899197438137e-15,1.7366652505371539e-15,1.821828658939342e-15,1.3963773704194948,True
orthonormal,400,2,1600,0,0,0.0,56,400,1.0000000000000056,2.4170202605619247e-17,2.4091628842340446e-15,1.7026901217911714e-15,1.6036164559567505e-15,2.1188989157016275e-15,2.021994076421335e-15,,True
orthonormal,400,2,1600,0,0,0.01,56,400,1.0000000000000056,2.4170202605619247e-17,2.4091628842340446e-15,1.7026901217911714e-15,1.609545521898558e-15,2.126578332833193e-15,2.092174140191112e-15,0.010053300983093745,True
orthonormal,400,2,1600,0,0,0.1,56,400,1.0000000000000056,2.4170202605619247e-17,2.4091628842340446e-15,1.7026901217911714e-15,1.6057550147850672e-15,2.1201598709496104e-15,2.0353870140601336e-15,0.10034376565902041,True
orthonormal,400,2,1600,0,0,1.0,56,400,1.0000000000000056,2.4170202605619247e-17,2.4091628842340446e-15,1.7026901217911714e-15,1.7513718568640783e-15,2.243964984451913e-15,2.3769997933646813e-15,0.8225059265510444,True
orthonormal,400,2,1600,0,0,10.0,56,400,1.0000000000000056,2.4170202605619247e-17,2.4091628842340446e-15,1.7026901217911714e-15,2.0160960571662957e-15,2.4792245266335985e-15,2.7077216381223113e-15,1.399007856660544,True
orthonormal,400,2,1600,1,1,0.0,56,400,1.0000000000000044,2.440154219915172e-17,2.3988301933452033e-15,1.7041818313473493e-15,1.4522369947155382e-15,2.1946759694888062e-15,2.640302116678244e-15,,True
orthonormal,400,2,1600,1,1,0.01,56,400,1.0000000000000044,2.440154219915172e-17,2.3988301933452033e-15,1.7041818313473493e-15,1.4499396368236988e-15,2.1907135801936024e-15,2.5607447350771192e-15,0.010291258289386335,True
orthonormal,400,2,1600,1,1,0.1,56,400,1.0000000000000044,2.440154219915172e-17,2.3988301933452033e-15,1.7041818313473493e-15,1.4525828842155937e-15,2.1912890567019863e-15,2.639501687441094e-15,0.10257015709857036,True
orthonormal,400,2,1600,1,1,1.0,56,400,1.0000000000000044,2.440154219915172e-17,2.3988301933452033e-15,1.7041818313473493e-15,1.6123093950949273e-15,2.3071513814977587e-15,2.545900658293817e-15,0.8278711024462376,True
orthonormal,400,2,1600,1,1,10.0,56,400,1.0000000000000044,2.440154219915172e-17,2.3988301933452033e-15,1.7041818313473493e-15,1.855396532953641e-15,2.4882553714002936e-15,2.4124919150845118e-15,1.3991155924728744,True
orthonormal,400,2,1600,2,0,0.0,56,400,1.0000000000000038,2.316315943855845e-17,2.390604553518479e-15,1.7022695372521309e-15,1.5195409769602823e-15,1.9949167041932405e-15,2.203430415601347e-15,,True
orthonormal,400,2,1600,2,0,0.01,56,400,1.0000000000000038,2.316315943855845e-17,2.390604553518479e-15,1.7022695372521309e-15,1.5194707710208593e-15,1.9946628845129043e-15,2.1403976488994012e-15,0.009695197440685123,True
orthonormal,400,2,1600,2,0,0.1,56,400,1.0000000000000038,2.316315943855845e-17,2.390604553518479e-15,1.7022695372521309e-15,1.5275761844303191e-15,2.0039673546020577e-15,2.181630809887727e-15,0.09672672771958844,True
orthonormal,400,2,1600,2,0,1.0,56,400,1.0000000000000038,2.316315943855845e-17,2.390604553518479e-15,1.7022695372521309e-15,1.7017303695268691e-15,2.169960473530058e-15,1.701117167106188e-15,0.7965667088899239,True
orthonormal,400,2,1600,2,0,10.0,56,400,1.0000000000000038,2.316315943855845e-17,2.390604553518479e-15,1.7022695372521309e-15,2.0132877820346447e-15,2.475986606724913e-15,2.20615264417898e-15,1.3813902724287916,True
orthonormal,400,2,1600,3,1,0.0,56,400,1.0000000000000033,2.636929020873423e-17,2.3682201589263797e-15,1.7073630573971878e-15,1.3487560195041488e-15,2.0605254682780874e-15,2.44942252264203e-15,,True
orthonormal,400,2,1600,3,1,0.01,56,400,1.0000000000000033,2.636929020873423e-17,2.3682201589263797e-15,1.7073630573971878e-15,1.3522049075353408e-15,2.0654579835429686e-15,2.311470599654833e-15,0.00993114549961276,True
orthonormal,400,2,1600,3,1,0.1,56,400,1.0000000000000033,2.636929020873423e-17,2.3682201589263797e-15,1.7073630573971878e-15,1.3554435118155935e-15,2.067549190578702e-15,2.4709637241514057e-15,0.09906225094913602,True
orthonormal,400,2,1600,3,1,1.0,56,400,1.0000000000000033,2.636929020873423e-17,2.3682201589263797e-15,1.7073630573971878e-15,1.5351574579723943e-15,2.216130333819305e-15,2.343175785733981e-15,0.8120425115875737,True
orthonormal,400,2,1600,3,1,10.0,56,400,1.0000000000000033,2.636929020873423e-17,2.3682201589263797e-15,1.7073630573971878e-15,1.821314647832959e-15,2.4454945559773673e-15,2.4736667201062478e-15,1.3984796547265235,True
orthonormal,400,2,1600,4,0,0.0,56,400,1.0000000000000049,2.3137372882169974e-17,2.3805875257521954e-15,1.709920748428054e-15,1.51791711534953e-15,2.0077078793859826e-15,1.7695587254854614e-15,,True
orthonormal,400,2,1600,4,0,0.01,56,400,1.0000000000000049,2.3137372882169974e-17,2.3805875257521954e-15,1.709920748428054e-15,1.5230305520993093e-15,2.0141961349659786e-15,1.9171356128938335e-15,0.00992795643905064,True
orthonormal,400,2,1600,4,0,0.1,56,400,1.0000000000000049,2.3137372882169974e-17,2.3805875257521954e-15,1.709920748428054e-15,1.5260822536726918e-15,2.0157792196973207e-15,1.7706084574909118e-15,0.09903578077592924,True
orthonormal,400,2,1600,4,0,1.0,56,400,1.0000000000000049,2.3137372882169974e-17,2.3805875257521954e-15,1.709920748428054e-15,1.7094479717297885e-15,2.18114259928007e-15,1.9136993690147964e-15,0.8135296256817672,True
orthonormal,400,2,1600,4,0,10.0,56,400,1.0000000000000049,2.3137372882169974e-17,2.3805875257521954e-15,1.709920748428054e-15,2.009911668008033e-15,2.4676671043223833e-15,1.820975129256999e-15,1.4063138629636014,True
orthonormal,400,2,1600,5,1,0.0,56,400,1.0000000000000038,2.419791424899267e-17,2.3532264436309043e-15,1.6882066068564032e-15,1.3627454068350166e-15,2.0899156550853384e-15,2.259784278568376e-15,,True
orthonormal,400,2,1600,5,1,0.01,56,400,1.0000000000000038,2.419791424899267e-17,2.3532264436309043e-15,1.6882066068564032e-15,1.3592376947194211e-15,2.0844899470334464e-15,2.1768100451026233e-15,0.010138820279695553,True
orthonormal,400,2,1600,5,1,0.1,56,400,1.0000000000000038,2.419791424899267e-17,2.3532264436309043e-15,1.6882066068564032e-15,1.3647413562270882e-15,2.092847007857283e-15,2.1810657698588492e-15,0.10115794404191782,True
orthonormal,400,2,1600,5,1,1.0,56,400,1.0000000000000038,2.419791424899267e-17,2.3532264436309043e-15,1.6882066068564032e-15,1.51971492618183e-15,2.216478171507198e-15,1.992084693880353e-15,0.8261789874660865,True
orthonormal,400,2,1600,5,1,10.0,56,400,1.0000000000000038,2.419791424899267e-17,2.3532264436309043e-15,1.6882066068564032e-15,1.8090126822427593e-15,2.4322233693159906e-15,2.1880921003294812e-15,1.4045485906745128,True
orthonormal,400,2,1600,6,0,0.0,56,400,1.0000000000000056,2.4755680669169982e-17,2.371097224077287e-15,1.7089404135349037e-15,1.5557359839163984e-15,2.0503414322784664e-15,2.109924052287421e-15,,True
orthonormal,400,2,1600,6,0,0.01,56,400,1.0000000000000056,2.4755680669169982e-17,2.371097224077287e-15,1.7089404135349037e-15,1.5610427533601884e-15,2.057206818641427e-15,2.108719285824624e-15,0.009864077673706267,True
orthonormal,400,2,1600,6,0,0.1,56,400,1.0000000000000056,2.4755680669169982e-17,2.371097224077287e-15,1.7089404135349037e-15,1.5648473330303629e-15,2.0612397940525275e-15,2.188366345437046e-15,0.09839869418344445,True
orthonormal,400,2,1600,6,0,1.0,56,400,1.0000000000000056,2.4755680669169982e-17,2.371097224077287e-15,1.7089404135349037e-15,1.716446914632293e-15,2.1917740648663833e-15,2.195445915239968e-15,0.8097162314553006,True
orthonormal,400,2,1600,6,0,10.0,56,400,1.0000000000000056,2.4755680669169982e-17,2.371097224077287e-15,1.7089404135349037e-15,2.0124403414784184e-15,2.4564909822775345e-15,2.6752995782330383e-15,1.4054207256020164,True
orthonormal,400,2,1600,7,1,0.0,56,400,1.0000000000000062,2.3667051014125063e-17,2.361569653555964e-15,1.7062762297083868e-15,1.3563929895212182e-15,2.077223127345655e-15,1.965434456887678e-15,,True
orthonormal,400,2,1600,7,1,0.01,56,400,1.0000000000000062,2.3667051014125063e-17,2.361569653555964e-15,1.7062762297083868e-15,1.3495270552663315e-15,2.0665653841770536e-15,2.0430913485945193e-15,0.009977122001715676,True
orthonormal,400,2,1600,7,1,0.1,56,400,1.0000000000000062,2.3667051014125063e-17,2.361569653555964e-15,1.7062762297083868e-15,1.357531172798034e-15,2.077939243501041e-15,2.0278188999601638e-15,0.0995131559983735,True
orthonormal,400,2,1600,7,1,1.0,56,400,1.0000000000000062,2.3667051014125063e-17,2.361569653555964e-15,1.7062762297083868e-15,1.5439547870480615e-15,2.2462240885614373e-15,1.9996790101528347e-15,0.8165795332984933,True
orthonormal,400,2,1600,7,1,10.0,56,400,1.0000000000000062,2.3667051014125063e-17,2.361569653555964e-15,1.7062762297083868e-15,1.848889536789108e-15,2.4862278516519704e-15,2.592475247474156e-15,1.4118134775033573,True
orthonormal,400,2,1600,8,0,0.0,56,400,1.0000000000000033,2.44901488626835e-17,2.3451940096007786e-15,1.6992389977392838e-15,1.5282901543163317e-15,2.019334585644896e-15,1.813940886876377e-15,,True
orthonormal,400,2,1600,8,0,0.01,56,400,1.0000000000000033,2.44901488626835e-17,2.3451940096007786e-15,1.6992389977392838e-15,1.5261621928546968e-15,2.0161780296427307e-15,1.847579575474287e-15,0.01012363221149036,True
orthonormal,400,2,1600,8,0,0.1,56,400,1.0000000000000033,2.44901488626835e-17,2.3451940096007786e-15,1.6992389977392838e-15,1.529334878309091e-15,2.017088444488156e-15,1.7289699063998812e-15,0.10103717239198255,True
orthonormal,400,2,1600,8,0,1.0,56,400,1.0000000000000033,2.44901488626835e-17,2.3451940096007786e-15,1.6992389977392838e-15,1.6901536183662065e-15,2.1462922147288725e-15,1.8888460956701727e-15,0.82873717594829,True
orthonormal,400,2,1600,8,0,10.0,56,400,1.0000000000000033,2.44901488626835e-17,2.3451940096007786e-15,1.6992389977392838e-15,1.98748811687438e-15,2.435269933207384e-15,2.3907599281436926e-15,1.4140097268662895,True
orthonormal,400,2,1600,9,1,0.0,56,400,1.0000000000000024,2.414135256991516e-17,2.345918356120586e-15,1.7001627315579888e-15,1.3798350266456152e-15,2.1235327929348528e-15,2.6985450023968317e-15,,True
orthonormal,400,2,1600,9,1,0.01,56,400,1.0000000000000024,2.414135256991516e-17,2.345918356120586e-15,1.7001627315579888e-15,1.379564195026417e-15,2.1227176868577902e-15,2.655765001199646e-15,0.010166426603238039,True
orthonormal,400,2,1600,9,1,0.1,56,400,1.0000000000000024,2.414135256991516e-17,2.345918356120586e-15,1.7001627315579888e-15,1.3789105511364207e-15,2.1187096544549868e-15,2.7200443256107025e-15,0.10140373988012331,True
orthonormal,400,2,1600,9,1,1.0,56,400,1.0000000000000024,2.414135256991516e-17,2.345918356120586e-15,1.7001627315579888e-15,1.5287144396890627e-15,2.2259887831769444e-15,2.509465912050058e-15,0.8231607826157213,True
orthonormal,400,2,1600,9,1,10.0,56,400,1.0000000000000024,2.414135256991516e-17,2.345918356120586e-15,1.7001627315579888e-15,1.7761019202483597e-15,2.414627266732184e-15,2.293830665563919e-15,1.3886014641127116,True
orthonormal,400,10,1600,0,0,0.0,312,400,1.0000000000000042,2.4481843718719453e-17,2.3592866561920212e-15,1.718933666756357e-15,1.965232533236337e-15,2.0954895510685402e-15,2.1598603786991197e-15,,True
orthonormal,400,10,1600,0,0,0.01,312,400,1.0000000000000042,2.4481843718719453e-17,2.3592866561920212e-15,1.718933666756357e-15,1.9675026094540432e-15,2.0947756948895047e-15,2.2829840368158516e-15,0.01016566070819265,True
orthonormal,400,10,1600,0,0,0.1,312,400,1.0000000000000042,2.4481843718719453e-17,2.3592866561920212e-15,1.718933666756357e-15,1.9678238941745862e-15,2.0939810573189185e-15,2.0852127678291247e-15,0.1013723605455766,True
orthonormal,400,10,1600,0,0,1.0,312,400,1.0000000000000042,2.4481843718719453e-17,2.3592866561920212e-15,1.718933666756357e-15,2.1181444626629863e-15,2.219252513398908e-15,1.7652981840053234e-15,0.8238327596695438,True
orthonormal,400,10,1600,0,0,10.0,312,400,1.0000000000000042,2.4481843718719453e-17,2.3592866561920212e-15,1.718933666756357e-15,2.373888237238402e-15,2.4797130973604612e-15,2.747517732031716e-15,1.3992964145182483,True
orthonormal,400,10,1600,1,1,0.0,312,400,1.0000000000000044,2.1901357687612778e-17,2.4083058686518066e-15,1.7357168891962205e-15,2.0053483286705253e-15,2.1730372569350517e-15,2.4453685882523307e-15,,True
orthonormal,400,10,1600,1,1,0.01,312,400,1.0000000000000044,2.1901357687612778e-17,2.4083058686518066e-15,1.7357168891962205e-15,2.00534551062222e-15,2.1738262995763793e-15,2.4861464633223944e-15,0.009833467330812518,True
orthonormal,400,10,1600,1,1,0.1,312,400,1.0000000000000044,2.1901357687612778e-17,2.4083058686518066e-15,1.7357168891962205e-15,2.0068476991812017e-15,2.176891296936963e-15,2.551262133495979e-15,0.0981151919207821,True
orthonormal,400,10,1600,1,1,1.0,312,400,1.0000000000000044,2.1901357687612778e-17,2.4083058686518066e-15,1.7357168891962205e-15,2.140514013502363e-15,2.299587220227581e-15,2.2015021899022802e-15,0.8084274221121086,True
orthonormal,400,10,1600,1,1,10.0,312,400,1.0000000000000044,2.1901357687612778e-17,2.4083058686518066e-15,1.7357168891962205e-15,2.385188187525826e-15,2.511139077642035e-15,2.367033279106065e-15,1.4010826760047483,True
orthonormal,400,10,1600,2,2,0.0,312,400,1.0000000000000049,2.4322149927463335e-17,2.406896986136472e-15,1.7159148959475052e-15,1.92735420102499e-15,2.097554082394411e-15,2.2448525865796006e-15,,True
orthonormal,400,10,1600,2,2,0.01,312,400,1.0000000000000049,2.4322149927463335e-17,2.406896986136472e-15,1.7159148959475052e-15,1.925536459907396e-15,2.097323598281587e-15,2.1720886067753678e-15,0.009879805137756756,True
orthonormal,400,10,1600,2,2,0.1,312,400,1.0000000000000049,2.4322149927463335e-17,2.406896986136472e-15,1.7159148959475052e-15,1.9297262507845145e-15,2.0971157510035167e-15,2.221941384571054e-15,0.0985676853689466,True
orthonormal,400,10,1600,2,2,1.0,312,400,1.0000000000000049,2.4322149927463335e-17,2.406896986136472e-15,1.7159148959475052e-15,2.072914491773364e-15,2.2260774013602665e-15,2.353391332592947e-15,0.8104235021170173,True
orthonormal,400,10,1600,2,2,10.0,312,400,1.0000000000000049,2.4322149927463335e-17,2.406896986136472e-15,1.7159148959475052e-15,2.34328950089508e-15,2.4908884093473916e-15,2.2945274556820565e-15,1.4004124896255623,True
orthonormal,400,10,1600,3,3,0.0,312,400,1.000000000000006,2.708059558629789e-17,2.3777956741545013e-15,1.7088227407152122e-15,2.023176876195048e-15,2.145807024839772e-15,2.2605622279028427e-15,,True
orthonormal,400,10,1600,3,3,0.01,312,400,1.000000000000006,2.708059558629789e-17,2.3777956741545013e-15,1.7088227407152122e-15,2.0243032269979827e-15,2.1488493201778668e-15,2.25869322303561e-15,0.010195459226413186,True
orthonormal,400,10,1600,3,3,0.1,312,400,1.000000000000006,2.708059558629789e-17,2.3777956741545013e-15,1.7088227407152122e-15,2.0241327967951326e-15,2.1441898750542853e-15,2.242010226317861e-15,0.10170977151170592,True
orthonormal,400,10,1600,3,3,1.0,312,400,1.000000000000006,2.708059558629789e-17,2.3777956741545013e-15,1.7088227407152122e-15,2.151044558098229e-15,2.261603158227255e-15,2.2781066682658306e-15,0.8275687375414198,True
orthonormal,400,10,1600,3,3,10.0,312,400,1.000000000000006,2.708059558629789e-17,2.3777956741545013e-15,1.7088227407152122e-15,2.3720183031679046e-15,2.4705513556986366e-15,2.4803510589169602e-15,1.398842648980957,True
orthonormal,400,10,1600,4,4,0.0,312,400,1.0000000000000044,2.6162929662076565e-17,2.382713848636316e-15,1.7311001993387948e-15,1.999227013881029e-15,2.1888956695742057e-15,2.188058703372449e-15,,True
orthonormal,400,10,1600,4,4,0.01,312,400,1.0000000000000044,2.6162929662076565e-17,2.382713848636316e-15,1.7311001993387948e-15,1.998695902649872e-15,2.185941222871592e-15,2.121780631797797e-15,0.010256108186055943,True
orthonormal,400,10,1600,4,4,0.1,312,400,1.0000000000000044,2.6162929662076565e-17,2.382713848636316e-15,1.7311001993387948e-15,2.0029843506380316e-15,2.189424635786256e-15,2.08886471786845e-15,0.10228216307890181,True
orthonormal,400,10,1600,4,4,1.0,312,400,1.0000000000000044,2.6162929662076565e-17,2.382713848636316e-15,1.7311001993387948e-15,2.140534899008736e-15,2.309302843293382e-15,2.3480480493320252e-15,0.8290805129255061,True
orthonormal,400,10,1600,4,4,10.0,312,400,1.0000000000000044,2.6162929662076565e-17,2.382713848636316e-15,1.7311001993387948e-15,2.358326605982518e-15,2.474330148142249e-15,2.1497377288209635e-15,1.3982800792712098,True
orthonormal,400,10,1600,5,5,0.0,312,400,1.0000000000000038,2.4701323447264032e-17,2.3760380036850314e-15,1.706962920680269e-15,1.9096836773805456e-15,2.1219458978976664e-15,2.4504700590180296e-15,,True
orthonormal,400,10,1600,5,5,0.01,312,400,1.0000000000000038,2.4701323447264032e-17,2.3760380036850314e-15,1.706962920680269e-15,1.9097278713186508e-15,2.12047887720483e-15,2.518643684362023e-15,0.009940189616985538,True
orthonormal,400,10,1600,5,5,0.1,312,400,1.0000000000000038,2.4701323447264032e-17,2.3760380036850314e-15,1.706962920680269e-15,1.912704689168376e-15,2.1282366652707314e-15,2.315298176362933e-15,0.09916786977384855,True
orthonormal,400,10,1600,5,5,1.0,312,400,1.0000000000000038,2.4701323447264032e-17,2.3760380036850314e-15,1.706962920680269e-15,2.0690527713679987e-15,2.2681177250575256e-15,2.7029701182191416e-15,0.8139010203398914,True
orthonormal,400,10,1600,5,5,10.0,312,400,1.0000000000000038,2.4701323447264032e-17,2.3760380036850314e-15,1.706962920680269e-15,2.3379308980764656e-15,2.487336850170235e-15,2.6569074941603468e-15,1.4012772550104418,True
orthonormal,400,10,1600,6,6,0.0,312,400,1.0000000000000049,2.5389419393546312e-17,2.3854505541192956e-15,1.7206768327590587e-15,1.981128390974524e-15,2.1016152519981063e-15,2.083339130922586e-15,,True
orthonormal,400,10,1600,6,6,0.01,312,400,1.0000000000000049,2.5389419393546312e-17,2.3854505541192956e-15,1.7206768327590587e-15,1.9811405782038915e-15,2.1003059389108027e-15,2.1023917179715668e-15,0.010010946711798538,True
orthonormal,400,10,1600,6,6,0.1,312,400,1.0000000000000049,2.5389419393546312e-17,2.3854505541192956e-15,1.7206768327590587e-15,1.9850295438852377e-15,2.102958599520881e-15,2.1502850630091188e-15,0.09986603662777123,True
orthonormal,400,10,1600,6,6,1.0,312,400,1.0000000000000049,2.5389419393546312e-17,2.3854505541192956e-15,1.7206768327590587e-15,2.1260952638309472e-15,2.2280501670521486e-15,2.14752432336732e-15,0.817383641367645,True
orthonormal,400,10,1600,6,6,10.0,312,400,1.0000000000000049,2.5389419393546312e-17,2.3854505541192956e-15,1.7206768327590587e-15,2.390873220258395e-15,2.4832022696937297e-15,2.748089970361536e-15,1.4006497446809585,True
orthonormal,400,10,1600,7,7,0.0,312,400,1.0000000000000044,2.3373605187626085e-17,2.393981315756221e-15,1.725126618275964e-15,1.982641925647567e-15,2.137173461399684e-15,2.5792161116958238e-15,,True
orthonormal,400,10,1600,7,7,0.01,312,400,1.0000000000000044,2.3373605187626085e-17,2.393981315756221e-15,1.725126618275964e-15,1.984223291686134e-15,2.136931565320964e-15,2.3695728640984348e-15,0.010129176307393862,True
orthonormal,400,10,1600,7,7,0.1,312,400,1.0000000000000044,2.3373605187626085e-17,2.393981315756221e-15,1.725126618275964e-15,1.9855956144681663e-15,2.1435483126685376e-15,2.6079896609060664e-15,0.10100490241645059,True
orthonormal,400,10,1600,7,7,1.0,312,400,1.0000000000000044,2.3373605187626085e-17,2.393981315756221e-15,1.725126618275964e-15,2.1197516386796266e-15,2.2561659370089827e-15,2.630221544325678e-15,0.8223876255453045,True
orthonormal,400,10,1600,7,7,10.0,312,400,1.0000000000000044,2.3373605187626085e-17,2.393981315756221e-15,1.725126618275964e-15,2.35139327035687e-15,2.4787021172838354e-15,2.2952289159752974e-15,1.4036278762039436,True
orthonormal,400,10,1600,8,8,0.0,312,400,1.000000000000004,2.2348778406041993e-17,2.3620734946274035e-15,1.7159789624033499e-15,1.9541007622302666e-15,2.17203552652922e-15,2.3329191048959502e-15,,True
orthonormal,400,10,1600,8,8,0.01,312,400,1.000000000000004,2.2348778406041993e-17,2.3620734946274035e-15,1.7159789624033499e-15,1.9548725346338195e-15,2.1803114328164057e-15,2.249696705407655e-15,0.010332896417802365,True
orthonormal,400,10,1600,8,8,0.1,312,400,1.000000000000004,2.2348778406041993e-17,2.3620734946274035e-15,1.7159789624033499e-15,1.954579488459084e-15,2.172560390488798e-15,2.180446588180331e-15,0.10304726620150403,True
orthonormal,400,10,1600,8,8,1.0,312,400,1.000000000000004,2.2348778406041993e-17,2.3620734946274035e-15,1.7159789624033499e-15,2.087566747184624e-15,2.2757410552481094e-15,2.3341329147645264e-15,0.834806822899007,True
orthonormal,400,10,1600,8,8,10.0,312,400,1.000000000000004,2.2348778406041993e-17,2.3620734946274035e-15,1.7159789624033499e-15,2.3047393140372207e-15,2.456493552490183e-15,2.357686843273792e-15,1.406387080242424,True
orthonormal,400,10,1600,9,9,0.0,312,400,1.000000000000004,2.3995584990827555e-17,2.400267662168975e-15,1.7237202871955629e-15,1.954678343996644e-15,2.0974700021973355e-15,2.2465954718646265e-15,,True
orthonormal,400,10,1600,9,9,0.01,312,400,1.000000000000004,2.3995584990827555e-17,2.400267662168975e-15,1.7237202871955629e-15,1.9537203569177142e-15,2.0903924512204313e-15,2.317967079298479e-15,0.009863545173877407,True
orthonormal,400,10,1600,9,9,0.1,312,400,1.000000000000004,2.3995584990827555e-17,2.400267662168975e-15,1.7237202871955629e-15,1.9587429606510586e-15,2.0993697216003788e-15,2.3285095785687193e-15,0.09843486770325917,True
orthonormal,400,10,1600,9,9,1.0,312,400,1.000000000000004,2.3995584990827555e-17,2.400267662168975e-15,1.7237202871955629e-15,2.110076259767593e-15,2.2378657528173175e-15,2.402675508703653e-15,0.8120802119308231,True
orthonormal,400,10,1600,9,9,10.0,312,400,1.000000000000004,2.3995584990827555e-17,2.400267662168975e-15,1.7237202871955629e-15,2.389346226153341e-15,2.508316299593848e-15,2.6945465909752535e-15,1.4058488366280821,True
orthonormal,400,50,1600,0,0,0.0,1592,400,1.000000000000006,2.51416498526342e-17,2.4300043320721365e-15,1.7317856332238253e-15,2.0340674492725156e-15,2.126443853627713e-15,2.902326508975991e-15,,True
orthonormal,400,50,1600,0,0,0.01,1592,400,1.000000000000006,2.51416498526342e-17,2.4300043320721365e-15,1.7317856332238253e-15,2.033927676237388e-15,2.1180804005300382e-15,2.886747240578704e-15,0.009825106431387221,True
orthonormal,400,50,1600,0,0,0.1,1592,400,1.000000000000006,2.51416498526342e-17,2.4300043320721365e-15,1.7317856332238253e-15,2.0370442764049223e-15,2.1254621821590555e-15,2.775887243317327e-15,0.09802048553433149,True
orthonormal,400,50,1600,0,0,1.0,1592,400,1.000000000000006,2.51416498526342e-17,2.4300043320721365e-15,1.7317856332238253e-15,2.1863848324545704e-15,2.2495326993804444e-15,2.4953748163727687e-15,0.8069466515052214,True
orthonormal,400,50,1600,0,0,10.0,1592,400,1.000000000000006,2.51416498526342e-17,2.4300043320721365e-15,1.7317856332238253e-15,2.461880000961378e-15,2.54200726219025e-15,2.7546467498329036e-15,1.3989490606477704,True
orthonormal,400,50,1600,1,1,0.0,1592,400,1.000000000000004,2.3664547957232917e-17,2.413244341269858e-15,1.7290489646898561e-15,2.0226670542217322e-15,2.105798198880318e-15,2.6266250066758856e-15,,True
orthonormal,400,50,1600,1,1,0.01,1592,400,1.000000000000004,2.3664547957232917e-17,2.413244341269858e-15,1.7290489646898561e-15,2.023436165983565e-15,2.103807108721426e-15,2.624083548086674e-15,0.009949154636755064,True
orthonormal,400,50,1600,1,1,0.1,1592,400,1.000000000000004,2.3664547957232917e-17,2.413244341269858e-15,1.7290489646898561e-15,2.026575730342492e-15,2.1143515406221922e-15,2.5338602191547297e-15,0.09925067328726814,True
orthonormal,400,50,1600,1,1,1.0,1592,400,1.000000000000004,2.3664547957232917e-17,2.413244341269858e-15,1.7290489646898561e-15,2.1737973745105477e-15,2.246542072059902e-15,2.114203883738852e-15,0.8137555299790005,True
orthonormal,400,50,1600,1,1,10.0,1592,400,1.000000000000004,2.3664547957232917e-17,2.413244341269858e-15,1.7290489646898561e-15,2.441357936893987e-15,2.5154988867563646e-15,2.334546061448499e-15,1.3996379176324,True
orthonormal,400,50,1600,2,2,0.0,1592,400,1.0000000000000053,2.5658580715876638e-17,2.3893688055888735e-15,1.7430014980676815e-15,2.0582997067692844e-15,2.1640313441489377e-15,2.4694444076934722e-15,,True
orthonormal,400,50,1600,2,2,0.01,1592,400,1.0000000000000053,2.5658580715876638e-17,2.3893688055888735e-15,1.7430014980676815e-15,2.0588364559767127e-15,2.1635456651229103e-15,2.2471523468492905e-15,0.01032247757503679,True
orthonormal,400,50,1600,2,2,0.1,1592,400,1.0000000000000053,2.5658580715876638e-17,2.3893688055888735e-15,1.7430014980676815e-15,2.0621761107760595e-15,2.1627548041609843e-15,2.3596899790237857e-15,0.10295491768748893,True
orthonormal,400,50,1600,2,2,1.0,1592,400,1.0000000000000053,2.5658580715876638e-17,2.3893688055888735e-15,1.7430014980676815e-15,2.196165665950426e-15,2.2755128445086075e-15,2.3799020614094664e-15,0.833722107381106,True
orthonormal,400,50,1600,2,2,10.0,1592,400,1.0000000000000053,2.5658580715876638e-17,2.3893688055888735e-15,1.7430014980676815e-15,2.4214712059609155e-15,2.4876717796399743e-15,2.8869975255292076e-15,1.400440611752666,True
orthonormal,400,50,1600,3,3,0.0,1592,400,1.0000000000000042,2.562326967298158e-17,2.395565298567926e-15,1.7249426989314286e-15,2.0639661914111465e-15,2.1937472055297342e-15,2.4397509412792942e-15,,True
orthonormal,400,50,1600,3,3,0.01,1592,400,1.0000000000000042,2.562326967298158e-17,2.395565298567926e-15,1.7249426989314286e-15,2.063845275340683e-15,2.18946922823107e-15,2.4592489557464652e-15,0.010119096083096812,True
orthonormal,400,50,1600,3,3,0.1,1592,400,1.0000000000000042,2.562326967298158e-17,2.395565298567926e-15,1.7249426989314286e-15,2.0654198520398373e-15,2.1960573895265613e-15,2.4402452236034352e-15,0.10093937033738211,True
orthonormal,400,50,1600,3,3,1.0,1592,400,1.0000000000000042,2.562326967298158e-17,2.395565298567926e-15,1.7249426989314286e-15,2.1982858379369004e-15,2.280709743497757e-15,2.4128341180297282e-15,0.8231961487609782,True
orthonormal,400,50,1600,3,3,10.0,1592,400,1.0000000000000042,2.562326967298158e-17,2.395565298567926e-15,1.7249426989314286e-15,2.4378987026227537e-15,2.5110097716786126e-15,2.292261664953733e-15,1.4007694833358355,True
orthonormal,400,50,1600,4,4,0.0,1592,400,1.0000000000000042,2.3000011873951966e-17,2.4056398766078025e-15,1.7240878114744e-15,2.034771863037235e-15,2.1376818894034998e-15,2.212486211701611e-15,,True
orthonormal,400,50,1600,4,4,0.01,1592,400,1.0000000000000042,2.3000011873951966e-17,2.4056398766078025e-15,1.7240878114744e-15,2.0353363432822687e-15,2.1381063606885176e-15,2.310464134812529e-15,0.01026295630154867,True
orthonormal,400,50,1600,4,4,0.1,1592,400,1.0000000000000042,2.3000011873951966e-17,2.4056398766078025e-15,1.7240878114744e-15,2.036526287386728e-15,2.146271518162751e-15,2.1969453207209388e-15,0.10236919605344663,True
orthonormal,400,50,1600,4,4,1.0,1592,400,1.0000000000000042,2.3000011873951966e-17,2.4056398766078025e-15,1.7240878114744e-15,2.1788507409593185e-15,2.2885045277314963e-15,2.312689896999817e-15,0.8314959376709412,True
orthonormal,400,50,1600,4,4,10.0,1592,400,1.0000000000000042,2.3000011873951966e-17,2.4056398766078025e-15,1.7240878114744e-15,2.4253510742986637e-15,2.4946295298062808e-15,2.553687091356511e-15,1.4038044922026094,True
orthonormal,400,50,1600,5,5,0.0,1592,400,1.0000000000000038,2.4526413375831273e-17,2.4058006418705553e-15,1.7369538645238543e-15,2.057186089131116e-15,2.1691763162903285e-15,2.4221583415614013e-15,,True
orthonormal,400,50,1600,5,5,0.01,1592,400,1.0000000000000038,2.4526413375831273e-17,2.4058006418705553e-15,1.7369538645238543e-15,2.058906411282315e-15,2.175985470449874e-15,2.359904892203804e-15,0.010065167731639912,True
orthonormal,400,50,1600,5,5,0.1,1592,400,1.0000000000000038,2.4526413375831273e-17,2.4058006418705553e-15,1.7369538645238543e-15,2.059043342449356e-15,2.1819317693823085e-15,2.261047192039715e-15,0.1004073852416168,True
orthonormal,400,50,1600,5,5,1.0,1592,400,1.0000000000000038,2.4526413375831273e-17,2.4058006418705553e-15,1.7369538645238543e-15,2.192469862531282e-15,2.311498871679422e-15,2.397967007519504e-15,0.8203403616027016,True
orthonormal,400,50,1600,5,5,10.0,1592,400,1.0000000000000038,2.4526413375831273e-17,2.4058006418705553e-15,1.7369538645238543e-15,2.4282895535930243e-15,2.51355318619682e-15,2.1923165416481812e-15,1.3999356435366257,True
orthonormal,400,50,1600,6,6,0.0,1592,400,1.0000000000000053,2.3865688829721066e-17,2.4103226577316695e-15,1.7243512405043638e-15,2.056073044320919e-15,2.1355770709861456e-15,2.4528777005964224e-15,,True
orthonormal,400,50,1600,6,6,0.01,1592,400,1.0000000000000053,2.3865688829721066e-17,2.4103226577316695e-15,1.7243512405043638e-15,2.0569528824417106e-15,2.1342101904645318e-15,2.5213034504257324e-15,0.00986875520317777,True
orthonormal,400,50,1600,6,6,0.1,1592,400,1.0000000000000053,2.3865688829721066e-17,2.4103226577316695e-15,1.7243512405043638e-15,2.0574196371163228e-15,2.1413715628569206e-15,2.6075121568203782e-15,0.09846167787823829,True
orthonormal,400,50,1600,6,6,1.0,1592,400,1.0000000000000053,2.3865688829721066e-17,2.4103226577316695e-15,1.7243512405043638e-15,2.1931960001272963e-15,2.265305316680949e-15,2.4846270205722062e-15,0.8102573367832472,True
orthonormal,400,50,1600,6,6,10.0,1592,400,1.0000000000000053,2.3865688829721066e-17,2.4103226577316695e-15,1.7243512405043638e-15,2.4423598833466924e-15,2.494735967210815e-15,2.4352198347730244e-15,1.401741188675988,True
orthonormal,400,50,1600,7,7,0.0,1592,400,1.0000000000000058,2.5091940043608296e-17,2.4137098552025506e-15,1.7254781182038772e-15,2.0332504242847623e-15,2.1589058638825724e-15,2.6123694446208375e-15,,True
orthonormal,400,50,1600,7,7,0.01,1592,400,1.0000000000000058,2.5091940043608296e-17,2.4137098552025506e-15,1.7254781182038772e-15,2.0346995451763157e-15,2.1615517927135374e-15,2.610055308357799e-15,0.009905651395063825,True
orthonormal,400,50,1600,7,7,0.1,1592,400,1.0000000000000058,2.5091940043608296e-17,2.4137098552025506e-15,1.7254781182038772e-15,2.0364314512052773e-15,2.1514733553562827e-15,2.718881674134047e-15,0.09882145143308685,True
orthonormal,400,50,1600,7,7,1.0,1592,400,1.0000000000000058,2.5091940043608296e-17,2.4137098552025506e-15,1.7254781182038772e-15,2.1777241371441124e-15,2.266157432474302e-15,2.3759367527679053e-15,0.8115710467156234,True
orthonormal,400,50,1600,7,7,10.0,1592,400,1.0000000000000058,2.5091940043608296e-17,2.4137098552025506e-15,1.7254781182038772e-15,2.444429056422956e-15,2.502121633867557e-15,2.1333786440944944e-15,1.3998184818291661,True
orthonormal,400,50,1600,8,8,0.0,1592,400,1.0000000000000044,2.4381915661832684e-17,2.3908799022131997e-15,1.730414406288413e-15,2.0745848292943053e-15,2.210281679704456e-15,2.3941208298401825e-15,,True
orthonormal,400,50,1600,8,8,0.01,1592,400,1.0000000000000044,2.4381915661832684e-17,2.3908799022131997e-15,1.730414406288413e-15,2.0762510907862813e-15,2.2149649712781352e-15,2.327461384386493e-15,0.01023660998725249,True
orthonormal,400,50,1600,8,8,0.1,1592,400,1.0000000000000044,2.4381915661832684e-17,2.3908799022131997e-15,1.730414406288413e-15,2.0786716120812837e-15,2.2211005286970645e-15,2.2640495548897743e-15,0.10211187259893971,True
orthonormal,400,50,1600,8,8,1.0,1592,400,1.0000000000000044,2.4381915661832684e-17,2.3908799022131997e-15,1.730414406288413e-15,2.2036162588742836e-15,2.3048630018623696e-15,2.3413312979308158e-15,0.830045841967768,True
orthonormal,400,50,1600,8,8,10.0,1592,400,1.0000000000000044,2.4381915661832684e-17,2.3908799022131997e-15,1.730414406288413e-15,2.4180948501253545e-15,2.4772910263021686e-15,2.539643005733327e-15,1.4022909409990683,True
orthonormal,400,50,1600,9,9,0.0,1592,400,1.0000000000000049,2.4349345503625006e-17,2.384462828137425e-15,1.7379008425598311e-15,2.0889102461694546e-15,2.204765655748405e-15,2.3865367311250858e-15,,True
orthonormal,400,50,1600,9,9,0.01,1592,400,1.0000000000000049,2.4349345503625006e-17,2.384462828137425e-15,1.7379008425598311e-15,2.089622387526498e-15,2.207305017108143e-15,2.2574868816007815e-15,0.01027953615341377,True
orthonormal,400,50,1600,9,9,0.1,1592,400,1.0000000000000049,2.4349345503625006e-17,2.384462828137425e-15,1.7379008425598311e-15,2.091218553732211e-15,2.1980714050308646e-15,2.3908778842489487e-15,0.10250448077983855,True
orthonormal,400,50,1600,9,9,1.0,1592,400,1.0000000000000049,2.4349345503625006e-17,2.384462828137425e-15,1.7379008425598311e-15,2.2185167346136232e-15,2.304044141786478e-15,2.4256168346762266e-15,0.8299032390540407,True
orthonormal,400,50,1600,9,9,10.0,1592,400,1.0000000000000049,2.4349345503625006e-17,2.384462828137425e-15,1.7379008425598311e-15,2.4384372629301394e-15,2.4833629037979697e-15,2.5228179672003258e-15,1.3989782997022644,True
minimal_full_rank,10,10,11,0,0,0.0,312,10,10.000000000000009,3.225082960913501,2.304675506479803e-15,1.3491734530844406e-15,2.0663804792430704e-15,2.8680600506607762e-15,2.108721331472062e-15,,True
minimal_full_rank,10,10,11,0,0,0.01,312,10,10.000000000000009,3.225082960913501,2.304675506479803e-15,1.3491734530844406e-15,2.064014983475567e-15,2.866202372401665e-15,2.1568251800737136e-15,0.010006764864849742,True
minimal_full_rank,10,10,11,0,0,0.1,312,10,10.000000000000009,3.225082960913501,2.304675506479803e-15,1.3491734530844406e-15,2.058658553202092e-15,2.856277205029264e-15,2.0783484284715392e-15,0.09979426547368411,True
minimal_full_rank,10,10,11,0,0,1.0,312,10,10.000000000000009,3.225082960913501,2.304675506479803e-15,1.3491734530844406e-15,1.9295333740421633e-15,2.5798134515120544e-15,2.3846285174745495e-15,0.8214939786675565,True
minimal_full_rank,10,10,11,0,0,10.0,312,10,10.000000000000009,3.225082960913501,2.304675506479803e-15,1.3491734530844406e-15,1.7211282865428997e-15,2.214902164868402e-15,2.0472509462721768e-15,1.435215452663066,True
minimal_full_rank,10,10,11,1,1,0.0,312,10,10.000000000000002,2.381011564416401,1.768882226006595e-15,1.5812725483278865e-15,1.3608996611926837e-15,1.794671693180384e-15,1.7622726839022981e-15,,True
minimal_full_rank,10,10,11,1,1,0.01,312,10,10.000000000000002,2.381011564416401,1.768882226006595e-15,1.5812725483278865e-15,1.3641442145569262e-15,1.8069909179741587e-15,1.7900979686101797e-15,0.011451484995054067,True
minimal_full_rank,10,10,11,1,1,0.1,312,10,10.000000000000002,2.381011564416401,1.768882226006595e-15,1.5812725483278865e-15,1.3670267165410132e-15,1.796656590776078e-15,1.7508634400329332e-15,0.11396174137520144,True
minimal_full_rank,10,10,11,1,1,1.0,312,10,10.000000000000002,2.381011564416401,1.768882226006595e-15,1.5812725483278865e-15,1.3960414745628823e-15,1.803595620759069e-15,1.6420717501161392e-15,0.8804743530782879,True
minimal_full_rank,10,10,11,1,1,10.0,312,10,10.000000000000002,2.381011564416401,1.768882226006595e-15,1.5812725483278865e-15,1.3800648707748106e-15,1.7818521584601293e-15,1.841173694071991e-15,1.3994023621569014,True
minimal_full_rank,10,10,11,2,2,0.0,312,10,10.000000000000004,1.89896006170836,2.036735718692525e-15,1.5922438060083255e-15,1.3897795947466437e-15,1.7142468142481049e-15,1.665775659748931e-15,,True
minimal_full_rank,10,10,11,2,2,0.01,312,10,10.000000000000004,1.89896006170836,2.036735718692525e-15,1.5922438060083255e-15,1.3906538750136977e-15,1.7230029176204408e-15,1.605494927505013e-15,0.010766395637191374,True
minimal_full_rank,10,10,11,2,2,0.1,312,10,10.000000000000004,1.89896006170836,2.036735718692525e-15,1.5922438060083255e-15,1.396332546548161e-15,1.7294478766470512e-15,1.7098775578447245e-15,0.10752827793949095,True
minimal_full_rank,10,10,11,2,2,1.0,312,10,10.000000000000004,1.89896006170836,2.036735718692525e-15,1.5922438060083255e-15,1.4788601222634836e-15,1.869259391855013e-15,2.4275105135580504e-15,0.8697332613164395,True
minimal_full_rank,10,10,11,2,2,10.0,312,10,10.000000000000004,1.89896006170836,2.036735718692525e-15,1.5922438060083255e-15,1.5731829094581414e-15,1.9729415527491773e-15,2.5109144431178524e-15,1.4224048693763311,True
minimal_full_rank,10,10,11,3,3,0.0,312,10,9.999999999999995,2.751793021145124,2.2496095091196825e-15,1.5349324667130898e-15,1.766493815188166e-15,2.197375614241286e-15,2.254662713356267e-15,,True
minimal_full_rank,10,10,11,3,3,0.01,312,10,9.999999999999995,2.751793021145124,2.2496095091196825e-15,1.5349324667130898e-15,1.7695414308050747e-15,2.2014538874399665e-15,2.2525149698197432e-15,0.010763832417216616,True
minimal_full_rank,10,10,11,3,3,0.1,312,10,9.999999999999995,2.751793021145124,2.2496095091196825e-15,1.5349324667130898e-15,1.776356424504831e-15,2.2054357263006385e-15,2.2333678433355447e-15,0.10727051589559977,True
minimal_full_rank,10,10,11,3,3,1.0,312,10,9.999999999999995,2.751793021145124,2.2496095091196825e-15,1.5349324667130898e-15,1.7822348992423295e-15,2.141853809833951e-15,2.8976588279342483e-15,0.8597491855292249,True
minimal_full_rank,10,10,11,3,3,10.0,312,10,9.999999999999995,2.751793021145124,2.2496095091196825e-15,1.5349324667130898e-15,1.6694817104893458e-15,2.0517950242773088e-15,2.3516643271752102e-15,1.4337684736201453,True
minimal_full_rank,10,10,11,4,4,0.0,312,10,9.999999999999998,3.475915826313896,2.919305537348531e-15,1.6541701588836938e-15,2.0943413027657307e-15,2.800483871345282e-15,2.81587664370371e-15,,True
minimal_full_rank,10,10,11,4,4,0.01,312,10,9.999999999999998,3.475915826313896,2.919305537348531e-15,1.6541701588836938e-15,2.0894443931046732e-15,2.7887644501901683e-15,2.731861967593267e-15,0.01081230466350665,True
minimal_full_rank,10,10,11,4,4,0.1,312,10,9.999999999999998,3.475915826313896,2.919305537348531e-15,1.6541701588836938e-15,2.1020908431740127e-15,2.807672716652952e-15,2.981134982631846e-15,0.10780752361363534,True
minimal_full_rank,10,10,11,4,4,1.0,312,10,9.999999999999998,3.475915826313896,2.919305537348531e-15,1.6541701588836938e-15,2.22849318592009e-15,2.8584590809552286e-15,3.5138562384093564e-15,0.8556380387800916,True
minimal_full_rank,10,10,11,4,4,10.0,312,10,9.999999999999998,3.475915826313896,2.919305537348531e-15,1.6541701588836938e-15,2.4204784530724173e-15,3.0235919841524446e-15,3.546447724930071e-15,1.3873294998753143,True
minimal_full_rank,10,10,11,5,5,0.0,312,10,10.000000000000005,3.6007994312500258,2.5935799579273455e-15,1.8037517720882413e-15,3.2636490778081696e-15,5.042712140336526e-15,4.823064506978709e-15,,True
minimal_full_rank,10,10,11,5,5,0.01,312,10,10.000000000000005,3.6007994312500258,2.5935799579273455e-15,1.8037517720882413e-15,3.262349085559991e-15,5.041852702285929e-15,4.8292530380925986e-15,0.010771400876443479,True
minimal_full_rank,10,10,11,5,5,0.1,312,10,10.000000000000005,3.6007994312500258,2.5935799579273455e-15,1.8037517720882413e-15,3.2547854391982754e-15,5.0359288519909224e-15,4.8368160911189955e-15,0.1074252640204429,True
minimal_full_rank,10,10,11,5,5,1.0,312,10,10.000000000000005,3.6007994312500258,2.5935799579273455e-15,1.8037517720882413e-15,2.852995406430255e-15,4.008737287808269e-15,3.930840869088268e-15,0.8531058708483839,True
minimal_full_rank,10,10,11,5,5,10.0,312,10,10.000000000000005,3.6007994312500258,2.5935799579273455e-15,1.8037517720882413e-15,2.10163254753254e-15,2.7011073424700615e-15,2.967020716511348e-15,1.3793698239666659,True
minimal_full_rank,10,10,11,6,6,0.0,312,10,10.000000000000007,2.672566325659352,1.8872228827282595e-15,1.4014751937594355e-15,1.7255781541607069e-15,2.0499506752859617e-15,2.128987707837826e-15,,True
minimal_full_rank,10,10,11,6,6,0.01,312,10,10.000000000000007,2.672566325659352,1.8872228827282595e-15,1.4014751937594355e-15,1.7328437575772956e-15,2.054035458396178e-15,2.345340825414908e-15,0.010653538345523862,True
minimal_full_rank,10,10,11,6,6,0.1,312,10,10.000000000000007,2.672566325659352,1.8872228827282595e-15,1.4014751937594355e-15,1.731475465726311e-15,2.057022284103579e-15,2.3048675773986195e-15,0.10626170771963106,True
minimal_full_rank,10,10,11,6,6,1.0,312,10,10.000000000000007,2.672566325659352,1.8872228827282595e-15,1.4014751937594355e-15,1.7003927442742583e-15,1.94873572914662e-15,2.2880117136694228e-15,0.8588348139589486,True
minimal_full_rank,10,10,11,6,6,10.0,312,10,10.000000000000007,2.672566325659352,1.8872228827282595e-15,1.4014751937594355e-15,1.6235393504464019e-15,1.9111338171900365e-15,2.5791334382689587e-15,1.4355253273295574,True
minimal_full_rank,10,10,11,7,7,0.0,312,10,10.000000000000004,3.1919471522475806,1.7750590244970206e-15,1.349584493497023e-15,1.4863096045202846e-15,2.0071775381801516e-15,1.826091184597899e-15,,True
minimal_full_rank,10,10,11,7,7,0.01,312,10,10.000000000000004,3.1919471522475806,1.7750590244970206e-15,1.349584493497023e-15,1.482048246943392e-15,2.01322609911989e-15,1.9065333573639976e-15,0.008756883084330291,True
minimal_full_rank,10,10,11,7,7,0.1,312,10,10.000000000000004,3.1919471522475806,1.7750590244970206e-15,1.349584493497023e-15,1.476782731845045e-15,2.002887243484367e-15,1.8361738696117875e-15,0.08755243959201901,True
minimal_full_rank,10,10,11,7,7,1.0,312,10,10.000000000000004,3.1919471522475806,1.7750590244970206e-15,1.349584493497023e-15,1.447551552995162e-15,1.991875576734316e-15,1.5331175526013947e-15,0.7549829625643799,True
minimal_full_rank,10,10,11,7,7,10.0,312,10,10.000000000000004,3.1919471522475806,1.7750590244970206e-15,1.349584493497023e-15,1.5077020742807701e-15,1.880784416412524e-15,2.6678131884704646e-15,1.4037615504061989,True
minimal_full_rank,10,10,11,8,8,0.0,312,10,9.999999999999988,3.285049753041183,1.9316959307269284e-15,1.5675017000960728e-15,1.5739328643012278e-15,2.249084842182151e-15,1.875824684721962e-15,,True
minimal_full_rank,10,10,11,8,8,0.01,312,10,9.999999999999988,3.285049753041183,1.9316959307269284e-15,1.5675017000960728e-15,1.5750652475983412e-15,2.242603888921349e-15,1.8397492773893198e-15,0.010417995197394007,True
minimal_full_rank,10,10,11,8,8,0.1,312,10,9.999999999999988,3.285049753041183,1.9316959307269284e-15,1.5675017000960728e-15,1.5798097138445398e-15,2.2417357369748726e-15,1.8349210842523607e-15,0.10378115357133508,True
minimal_full_rank,10,10,11,8,8,1.0,312,10,9.999999999999988,3.285049753041183,1.9316959307269284e-15,1.5675017000960728e-15,1.5343492761368378e-15,2.043082256453331e-15,2.1439641999610112e-15,0.8341027721074898,True
minimal_full_rank,10,10,11,8,8,10.0,312,10,9.999999999999988,3.285049753041183,1.9316959307269284e-15,1.5675017000960728e-15,1.5090343137410995e-15,1.8814518227340455e-15,2.4250507693139814e-15,1.4097090551092344,True
minimal_full_rank,10,10,11,9,9,0.0,312,10,10.0,3.3965799239353656,1.848176536760828e-15,1.41138410435761e-15,1.940135295939699e-15,2.630717007224752e-15,2.6378027492783385e-15,,True
minimal_full_rank,10,10,11,9,9,0.01,312,10,10.0,3.3965799239353656,1.848176536760828e-15,1.41138410435761e-15,1.938594803586377e-15,2.6297010272400667e-15,2.5875596606924075e-15,0.011507170502213044,True
minimal_full_rank,10,10,11,9,9,0.1,312,10,10.0,3.3965799239353656,1.848176536760828e-15,1.41138410435761e-15,1.941921955250234e-15,2.640378158941592e-15,2.5192601755667774e-15,0.11467163716817039,True
minimal_full_rank,10,10,11,9,9,1.0,312,10,10.0,3.3965799239353656,1.848176536760828e-15,1.41138410435761e-15,1.790463958057594e-15,2.354165941397213e-15,2.2061749964476414e-15,0.89110316440165,True
minimal_full_rank,10,10,11,9,9,10.0,312,10,10.0,3.3965799239353656,1.848176536760828e-15,1.41138410435761e-15,1.5656887367792385e-15,1.798651709731295e-15,2.2211639772863966e-15,1.4022676042968047,True
minimal_full_rank,50,10,51,0,0,0.0,312,50,9.999999999999991,6.246756670442516,6.4473237285818515e-15,2.5461497483274593e-15,6.0259066813754665e-15,6.9554445431297465e-15,6.034238862955052e-15,,True
minimal_full_rank,50,10,51,0,0,0.01,312,50,9.999999999999991,6.246756670442516,6.4473237285818515e-15,2.5461497483274593e-15,6.025843372911522e-15,6.95434631277319e-15,6.072038324434113e-15,0.010291896341999715,True
minimal_full_rank,50,10,51,0,0,0.1,312,50,9.999999999999991,6.246756670442516,6.4473237285818515e-15,2.5461497483274593e-15,6.0227632428057884e-15,6.9516241871187e-15,6.0590407266972806e-15,0.10265156032095736,True
minimal_full_rank,50,10,51,0,0,1.0,312,50,9.999999999999991,6.246756670442516,6.4473237285818515e-15,2.5461497483274593e-15,5.9264761416767135e-15,6.554848640115099e-15,5.604015383662246e-15,0.831481457217123,True
minimal_full_rank,50,10,51,0,0,10.0,312,50,9.999999999999991,6.246756670442516,6.4473237285818515e-15,2.5461497483274593e-15,5.835481513603275e-15,6.4519340650945726e-15,6.057054691539551e-15,1.3970357327374534,True
minimal_full_rank,50,10,51,1,1,0.0,312,50,9.999999999999995,7.745848359744321,7.31908055486991e-15,2.5575996074044327e-15,7.934500499856206e-15,9.122155616714973e-15,9.417116823022416e-15,,True
minimal_full_rank,50,10,51,1,1,0.01,312,50,9.999999999999995,7.745848359744321,7.31908055486991e-15,2.5575996074044327e-15,7.937390441814584e-15,9.122318255464243e-15,9.42982886593508e-15,0.009861196938580574,True
minimal_full_rank,50,10,51,1,1,0.1,312,50,9.999999999999995,7.745848359744321,7.31908055486991e-15,2.5575996074044327e-15,7.936406562919479e-15,9.121337649813294e-15,9.468192494245231e-15,0.09844914658630714,True
minimal_full_rank,50,10,51,1,1,1.0,312,50,9.999999999999995,7.745848359744321,7.31908055486991e-15,2.5575996074044327e-15,7.531087205164261e-15,8.602685522973111e-15,8.795448534870967e-15,0.813205994565882,True
minimal_full_rank,50,10,51,1,1,10.0,312,50,9.999999999999995,7.745848359744321,7.31908055486991e-15,2.5575996074044327e-15,6.600397020124657e-15,7.486910668673053e-15,8.131799944539925e-15,1.4009267449353875,True
minimal_full_rank,50,10,51,2,2,0.0,312,50,10.000000000000014,7.886206489720501,7.507053359698745e-15,2.3876813344784666e-15,8.51085012675852e-15,1.0439007939535354e-14,9.707103344208289e-15,,True
minimal_full_rank,50,10,51,2,2,0.01,312,50,10.000000000000014,7.886206489720501,7.507053359698745e-15,2.3876813344784666e-15,8.512656114131493e-15,1.0441918588953675e-14,9.79509457223632e-15,0.010829275764934167,True
minimal_full_rank,50,10,51,2,2,0.1,312,50,10.000000000000014,7.886206489720501,7.507053359698745e-15,2.3876813344784666e-15,8.4976778733868e-15,1.0374766855249818e-14,9.770304175829339e-15,0.10796615004100828,True
minimal_full_rank,50,10,51,2,2,1.0,312,50,10.000000000000014,7.886206489720501,7.507053359698745e-15,2.3876813344784666e-15,7.83773333777601e-15,9.097707117283221e-15,8.522696698570131e-15,0.8590328812289705,True
minimal_full_rank,50,10,51,2,2,10.0,312,50,10.000000000000014,7.886206489720501,7.507053359698745e-15,2.3876813344784666e-15,6.682062160648588e-15,7.605284069908392e-15,8.356602963246981e-15,1.4018480713889043,True
minimal_full_rank,50,10,51,3,3,0.0,312,50,9.999999999999993,7.288113191457147,6.4328627797933244e-15,2.531668633388356e-15,7.126200792948295e-15,7.783316710548175e-15,7.429476005860703e-15,,True
minimal_full_rank,50,10,51,3,3,0.01,312,50,9.999999999999993,7.288113191457147,6.4328627797933244e-15,2.531668633388356e-15,7.12311157211723e-15,7.765609661843052e-15,7.591194398945448e-15,0.010322865883726778,True
minimal_full_rank,50,10,51,3,3,0.1,312,50,9.999999999999993,7.288113191457147,6.4328627797933244e-15,2.531668633388356e-15,7.107467921502503e-15,7.752171560397167e-15,7.87964367898786e-15,0.10304580613320649,True
minimal_full_rank,50,10,51,3,3,1.0,312,50,9.999999999999993,7.288113191457147,6.4328627797933244e-15,2.531668633388356e-15,6.625286749769328e-15,7.43467313037051e-15,6.8460525550797195e-15,0.8385041746028818,True
minimal_full_rank,50,10,51,3,3,10.0,312,50,9.999999999999993,7.288113191457147,6.4328627797933244e-15,2.531668633388356e-15,5.824644681383084e-15,6.7010099447200305e-15,7.541266216485454e-15,1.4009956291358265,True
minimal_full_rank,50,10,51,4,4,0.0,312,50,9.999999999999996,7.416846007104702,6.679491369548999e-15,2.4447448089184874e-15,6.763974286547229e-15,8.222828104937849e-15,9.094498425103897e-15,,True
minimal_full_rank,50,10,51,4,4,0.01,312,50,9.999999999999996,7.416846007104702,6.679491369548999e-15,2.4447448089184874e-15,6.761173813611457e-15,8.233807800005147e-15,9.197967992028432e-15,0.01007277930992744,True
minimal_full_rank,50,10,51,4,4,0.1,312,50,9.999999999999996,7.416846007104702,6.679491369548999e-15,2.4447448089184874e-15,6.747831236254444e-15,8.281289779556482e-15,9.162944867651101e-15,0.10060245349858984,True
minimal_full_rank,50,10,51,4,4,1.0,312,50,9.999999999999996,7.416846007104702,6.679491369548999e-15,2.4447448089184874e-15,6.460820356220012e-15,8.202245163681677e-15,7.55429635450994e-15,0.827902667647366,True
minimal_full_rank,50,10,51,4,4,10.0,312,50,9.999999999999996,7.416846007104702,6.679491369548999e-15,2.4447448089184874e-15,6.044531533551371e-15,6.877796295387916e-15,6.790666515974853e-15,1.4030349817303838,True
minimal_full_rank,50,10,51,5,5,0.0,312,50,9.999999999999986,6.229397366319033,5.861990898989481e-15,2.337863883157275e-15,4.824004511536244e-15,5.404732552584301e-15,5.738970346861958e-15,,True
minimal_full_rank,50,10,51,5,5,0.01,312,50,9.999999999999986,6.229397366319033,5.861990898989481e-15,2.337863883157275e-15,4.82085038683996e-15,5.405081855228577e-15,5.7634150282769e-15,0.008551715861039007,True
minimal_full_rank,50,10,51,5,5,0.1,312,50,9.999999999999986,6.229397366319033,5.861990898989481e-15,2.337863883157275e-15,4.826735261367724e-15,5.416983757982614e-15,5.8846494496996365e-15,0.08535819646141131,True
minimal_full_rank,50,10,51,5,5,1.0,312,50,9.999999999999986,6.229397366319033,5.861990898989481e-15,2.337863883157275e-15,4.9456307908558325e-15,5.6081131088525984e-15,5.367397017001221e-15,0.7305428854217083,True
minimal_full_rank,50,10,51,5,5,10.0,312,50,9.999999999999986,6.229397366319033,5.861990898989481e-15,2.337863883157275e-15,5.233251209111874e-15,5.881055225159939e-15,5.767737713520708e-15,1.3879115875212649,True
minimal_full_rank,50,10,51,6,6,0.0,312,50,9.999999999999995,8.801261623273342,7.235837904451969e-15,2.5985923877091967e-15,8.36108072610404e-15,1.0115490420507961e-14,1.0168236475812205e-14,,True
minimal_full_rank,50,10,51,6,6,0.01,312,50,9.999999999999995,8.801261623273342,7.235837904451969e-15,2.5985923877091967e-15,8.36052208340157e-15,1.0109010248322302e-14,9.959086389422456e-15,0.010029302743224793,True
minimal_full_rank,50,10,51,6,6,0.1,312,50,9.999999999999995,8.801261623273342,7.235837904451969e-15,2.5985923877091967e-15,8.339414161622784e-15,1.00543828203311e-14,1.010113496984455e-14,0.10011705138391332,True
minimal_full_rank,50,10,51,6,6,1.0,312,50,9.999999999999995,8.801261623273342,7.235837904451969e-15,2.5985923877091967e-15,7.744398541182549e-15,8.957684239620814e-15,1.1526908805547644e-14,0.822948339112961,True
minimal_full_rank,50,10,51,6,6,10.0,312,50,9.999999999999995,8.801261623273342,7.235837904451969e-15,2.5985923877091967e-15,6.632329189592587e-15,7.220034931147685e-15,8.177825662348803e-15,1.4049895546679405,True
minimal_full_rank,50,10,51,7,7,0.0,312,50,9.999999999999998,5.7524837150058925,5.549775544059496e-15,2.3672280217890087e-15,4.712988273456921e-15,5.44074448429618e-15,5.72354585978775e-15,,True
minimal_full_rank,50,10,51,7,7,0.01,312,50,9.999999999999998,5.7524837150058925,5.549775544059496e-15,2.3672280217890087e-15,4.716401929282665e-15,5.443345640145045e-15,5.725474023976095e-15,0.009693335892837636,True
minimal_full_rank,50,10,51,7,7,0.1,312,50,9.999999999999998,5.7524837150058925,5.549775544059496e-15,2.3672280217890087e-15,4.72230209768278e-15,5.445750622856735e-15,5.7886842725130285e-15,0.0966988464906409,True
minimal_full_rank,50,10,51,7,7,1.0,312,50,9.999999999999998,5.7524837150058925,5.549775544059496e-15,2.3672280217890087e-15,4.913444485471676e-15,5.599725470205328e-15,5.39122173238964e-15,0.7990095912880234,True
minimal_full_rank,50,10,51,7,7,10.0,312,50,9.999999999999998,5.7524837150058925,5.549775544059496e-15,2.3672280217890087e-15,5.1490522553852386e-15,5.789500511304211e-15,6.691369274567114e-15,1.3994477045776694,True
minimal_full_rank,50,10,51,8,8,0.0,312,50,9.999999999999986,6.369171961932548,6.5461455654951294e-15,2.497338406886025e-15,5.770533724333744e-15,6.9183837223733e-15,7.727847164245922e-15,,True
minimal_full_rank,50,10,51,8,8,0.01,312,50,9.999999999999986,6.369171961932548,6.5461455654951294e-15,2.497338406886025e-15,5.775083283359837e-15,6.9137281038892925e-15,7.629262542947079e-15,0.010620239801780163,True
minimal_full_rank,50,10,51,8,8,0.1,312,50,9.999999999999986,6.369171961932548,6.5461455654951294e-15,2.497338406886025e-15,5.775165396066024e-15,6.9006572026530845e-15,7.867122755902927e-15,0.10587413310659655,True
minimal_full_rank,50,10,51,8,8,1.0,312,50,9.999999999999986,6.369171961932548,6.5461455654951294e-15,2.497338406886025e-15,5.79008594488847e-15,6.716911866073666e-15,7.693167589211837e-15,0.8469297451895972,True
minimal_full_rank,50,10,51,8,8,10.0,312,50,9.999999999999986,6.369171961932548,6.5461455654951294e-15,2.497338406886025e-15,5.783539460503142e-15,6.538258465461932e-15,7.443945318909606e-15,1.3987697482245542,True
minimal_full_rank,50,10,51,9,9,0.0,312,50,10.000000000000002,6.503993581089587,6.317361572814545e-15,2.3939226740336063e-15,6.195553698750654e-15,7.26104398334315e-15,8.531842849376731e-15,,True
minimal_full_rank,50,10,51,9,9,0.01,312,50,10.000000000000002,6.503993581089587,6.317361572814545e-15,2.3939226740336063e-15,6.195516644423353e-15,7.257663880964365e-15,8.561633333698001e-15,0.009741143550872335,True
minimal_full_rank,50,10,51,9,9,0.1,312,50,10.000000000000002,6.503993581089587,6.317361572814545e-15,2.3939226740336063e-15,6.196041704304648e-15,7.246587017884202e-15,8.62579639929778e-15,0.09713810626549779,True
minimal_full_rank,50,10,51,9,9,1.0,312,50,10.000000000000002,6.503993581089587,6.317361572814545e-15,2.3939226740336063e-15,6.0467214556604386e-15,6.882817868873624e-15,7.503209903004742e-15,0.7988628463896952,True
minimal_full_rank,50,10,51,9,9,10.0,312,50,10.000000000000002,6.503993581089587,6.317361572814545e-15,2.3939226740336063e-15,5.735732363555338e-15,6.250225537086036e-15,5.99904552714838e-15,1.3946117432261416,True
minimal_full_rank,100,10,101,0,0,0.0,312,100,10.000000000000002,8.261674348861415,1.051256491556608e-14,2.784157220294625e-15,9.846063994794825e-15,1.0989230550177055e-14,1.0654044664613692e-14,,True
minimal_full_rank,100,10,101,0,0,0.01,312,100,10.000000000000002,8.261674348861415,1.051256491556608e-14,2.784157220294625e-15,9.842791086719137e-15,1.0975997541108083e-14,1.0544505510624811e-14,0.009968560164047159,True
minimal_full_rank,100,10,101,0,0,0.1,312,100,10.000000000000002,8.261674348861415,1.051256491556608e-14,2.784157220294625e-15,9.840636954211602e-15,1.097957584737713e-14,1.0686949756385143e-14,0.09935704223035714,True
minimal_full_rank,100,10,101,0,0,1.0,312,100,10.000000000000002,8.261674348861415,1.051256491556608e-14,2.784157220294625e-15,9.850310327573055e-15,1.0716835803080124e-14,1.3034659643415796e-14,0.8109325263887298,True
minimal_full_rank,100,10,101,0,0,10.0,312,100,10.000000000000002,8.261674348861415,1.051256491556608e-14,2.784157220294625e-15,9.954511589235633e-15,1.067250589193542e-14,1.1591231404407742e-14,1.4044460959597147,True
minimal_full_rank,100,10,101,1,1,0.0,312,100,10.000000000000004,10.648717841877879,1.3057461445959323e-14,2.9854861482807792e-15,1.3869077153429695e-14,1.6160133124632045e-14,1.8191547763628762e-14,,True
minimal_full_rank,100,10,101,1,1,0.01,312,100,10.000000000000004,10.648717841877879,1.3057461445959323e-14,2.9854861482807792e-15,1.3868790618242486e-14,1.6160595657056802e-14,1.8033734269259614e-14,0.009833879239497065,True
minimal_full_rank,100,10,101,1,1,0.1,312,100,10.000000000000004,10.648717841877879,1.3057461445959323e-14,2.9854861482807792e-15,1.3860130182206547e-14,1.613511237980344e-14,1.76179034938924e-14,0.09813936174970381,True
minimal_full_rank,100,10,101,1,1,1.0,312,100,10.000000000000004,10.648717841877879,1.3057461445959323e-14,2.9854861482807792e-15,1.3270892531041506e-14,1.5047587763649638e-14,1.671315497313927e-14,0.8094534844984227,True
minimal_full_rank,100,10,101,1,1,10.0,312,100,10.000000000000004,10.648717841877879,1.3057461445959323e-14,2.9854861482807792e-15,1.1960105977433713e-14,1.3323198768186316e-14,1.5333140429493347e-14,1.4003826553306644,True
minimal_full_rank,100,10,101,2,2,0.0,312,100,10.00000000000001,9.275248300370682,1.2264126341113389e-14,2.8571666998393414e-15,1.2938192964703236e-14,1.4203675292630972e-14,1.58740326309398e-14,,True
minimal_full_rank,100,10,101,2,2,0.01,312,100,10.00000000000001,9.275248300370682,1.2264126341113389e-14,2.8571666998393414e-15,1.29410076199767e-14,1.4185447217104669e-14,1.5900684244002422e-14,0.011041506919810823,True
minimal_full_rank,100,10,101,2,2,0.1,312,100,10.00000000000001,9.275248300370682,1.2264126341113389e-14,2.8571666998393414e-15,1.2939016926568752e-14,1.4216672675543634e-14,1.557894595878836e-14,0.11008734812683175,True
minimal_full_rank,100,10,101,2,2,1.0,312,100,10.00000000000001,9.275248300370682,1.2264126341113389e-14,2.8571666998393414e-15,1.2370495343245842e-14,1.3977093021687737e-14,1.4248735623539294e-14,0.8703005320207134,True
minimal_full_rank,100,10,101,2,2,10.0,312,100,10.00000000000001,9.275248300370682,1.2264126341113389e-14,2.8571666998393414e-15,1.1265988294722855e-14,1.2597221895789533e-14,1.2057487802737662e-14,1.4017404332561214,True
minimal_full_rank,100,10,101,3,3,0.0,312,100,9.999999999999991,10.066737194699552,1.1826169230545673e-14,2.8466349896313126e-15,1.3057741594734001e-14,1.439411948576448e-14,1.3614805278418067e-14,,True
minimal_full_rank,100,10,101,3,3,0.01,312,100,9.999999999999991,10.066737194699552,1.1826169230545673e-14,2.8466349896313126e-15,1.3057562299133241e-14,1.4389586988680737e-14,1.3653717906861643e-14,0.01046176570550032,True
minimal_full_rank,100,10,101,3,3,0.1,312,100,9.999999999999991,10.066737194699552,1.1826169230545673e-14,2.8466349896313126e-15,1.3038817556741295e-14,1.436899812042026e-14,1.3178866413515874e-14,0.10436673038573699,True
minimal_full_rank,100,10,101,3,3,1.0,312,100,9.999999999999991,10.066737194699552,1.1826169230545673e-14,2.8466349896313126e-15,1.2342311404412749e-14,1.3634922118322784e-14,1.3708894451888345e-14,0.8424665783842703,True
minimal_full_rank,100,10,101,3,3,10.0,312,100,9.999999999999991,10.066737194699552,1.1826169230545673e-14,2.8466349896313126e-15,1.1048652215399646e-14,1.2102371652216017e-14,1.3416551486248659e-14,1.4001884286490827,True
minimal_full_rank,100,10,101,4,4,0.0,312,100,10.000000000000009,9.625731853621783,1.2507263116487484e-14,2.9323585883682953e-15,1.3296747473197074e-14,1.532504260162592e-14,1.5869446522717643e-14,,True
minimal_full_rank,100,10,101,4,4,0.01,312,100,10.000000000000009,9.625731853621783,1.2507263116487484e-14,2.9323585883682953e-15,1.3296461825625178e-14,1.5326535326952624e-14,1.5888454139030944e-14,0.010341582047668036,True
minimal_full_rank,100,10,101,4,4,0.1,312,100,10.000000000000009,9.625731853621783,1.2507263116487484e-14,2.9323585883682953e-15,1.3294523184019435e-14,1.535184998310414e-14,1.6125840361967423e-14,0.103094449957208,True
minimal_full_rank,100,10,101,4,4,1.0,312,100,10.000000000000009,9.625731853621783,1.2507263116487484e-14,2.9323585883682953e-15,1.2748429225381181e-14,1.455075279706075e-14,1.448878550055124e-14,0.83174691616681,True
minimal_full_rank,100,10,101,4,4,10.0,312,100,10.000000000000009,9.625731853621783,1.2507263116487484e-14,2.9323585883682953e-15,1.1609090265686512e-14,1.2839762122616731e-14,1.8229490409975205e-14,1.398688431203236,True
minimal_full_rank,100,10,101,5,5,0.0,312,100,10.000000000000007,9.254760141336964,1.0776328732435358e-14,2.8197505649520605e-15,9.96321846995937e-15,1.2067863814670922e-14,1.2068244056722065e-14,,True
minimal_full_rank,100,10,101,5,5,0.01,312,100,10.000000000000007,9.254760141336964,1.0776328732435358e-14,2.8197505649520605e-15,9.964803115616908e-15,1.2068352728382872e-14,1.2051318467355236e-14,0.009594612073962314,True
minimal_full_rank,100,10,101,5,5,0.1,312,100,10.000000000000007,9.254760141336964,1.0776328732435358e-14,2.8197505649520605e-15,9.949693057218211e-15,1.208150379680386e-14,1.1975947622108342e-14,0.0957517168907227,True
minimal_full_rank,100,10,101,5,5,1.0,312,100,10.000000000000007,9.254760141336964,1.0776328732435358e-14,2.8197505649520605e-15,9.81305248773025e-15,1.1626777188447476e-14,1.2045991732427597e-14,0.7934679164507802,True
minimal_full_rank,100,10,101,5,5,10.0,312,100,10.000000000000007,9.254760141336964,1.0776328732435358e-14,2.8197505649520605e-15,9.852775193597205e-15,1.09381767823017e-14,1.1721815891794153e-14,1.387925755761188,True
minimal_full_rank,100,10,101,6,6,0.0,312,100,10.000000000000004,10.14588475720196,1.2912890487475131e-14,2.8602826883941035e-15,1.2497596949076762e-14,1.3831433808809633e-14,1.3978260409118628e-14,,True
minimal_full_rank,100,10,101,6,6,0.01,312,100,10.000000000000004,10.14588475720196,1.2912890487475131e-14,2.8602826883941035e-15,1.2496860854268888e-14,1.3824085797199059e-14,1.3965972491636606e-14,0.009364920795401736,True
minimal_full_rank,100,10,101,6,6,0.1,312,100,10.000000000000004,10.14588475720196,1.2912890487475131e-14,2.8602826883941035e-15,1.2513790959521186e-14,1.382358298105029e-14,1.3964037588091638e-14,0.09346755358367921,True
minimal_full_rank,100,10,101,6,6,1.0,312,100,10.000000000000004,10.14588475720196,1.2912890487475131e-14,2.8602826883941035e-15,1.2519923357989709e-14,1.355920835462399e-14,1.368149138469347e-14,0.781508049088163,True
minimal_full_rank,100,10,101,6,6,10.0,312,100,10.000000000000004,10.14588475720196,1.2912890487475131e-14,2.8602826883941035e-15,1.221480252270317e-14,1.310153797129981e-14,1.4649820747781725e-14,1.394918084404413,True
minimal_full_rank,100,10,101,7,7,0.0,312,100,10.000000000000009,9.505087236538731,1.1810094621030514e-14,2.8629353332617694e-15,1.1346051289993662e-14,1.312732297035262e-14,1.1017972605626422e-14,,True
minimal_full_rank,100,10,101,7,7,0.01,312,100,10.000000000000009,9.505087236538731,1.1810094621030514e-14,2.8629353332617694e-15,1.1342530589894426e-14,1.3136947582822636e-14,1.11486025161547e-14,0.01016625093294689,True
minimal_full_rank,100,10,101,7,7,0.1,312,100,10.000000000000009,9.505087236538731,1.1810094621030514e-14,2.8629353332617694e-15,1.1347698671185026e-14,1.3190612689753672e-14,1.112056570845251e-14,0.10142405268030855,True
minimal_full_rank,100,10,101,7,7,1.0,312,100,10.000000000000009,9.505087236538731,1.1810094621030514e-14,2.8629353332617694e-15,1.1195867624225003e-14,1.313968972280874e-14,1.218726933589091e-14,0.825124332466069,True
minimal_full_rank,100,10,101,7,7,10.0,312,100,10.000000000000009,9.505087236538731,1.1810094621030514e-14,2.8629353332617694e-15,1.0864724624228536e-14,1.2209875125627672e-14,1.2257568288839629e-14,1.3928101918508697,True
minimal_full_rank,100,10,101,8,8,0.0,312,100,9.999999999999993,9.35032951591787,1.200624697911838e-14,2.9626008195792203e-15,1.1598306233390696e-14,1.3068809265036575e-14,1.4156194237498311e-14,,True
minimal_full_rank,100,10,101,8,8,0.01,312,100,9.999999999999993,9.35032951591787,1.200624697911838e-14,2.9626008195792203e-15,1.1599510974733527e-14,1.3066375866807157e-14,1.4235422572902112e-14,0.009841826591519448,True
minimal_full_rank,100,10,101,8,8,0.1,312,100,9.999999999999993,9.35032951591787,1.200624697911838e-14,2.9626008195792203e-15,1.1589383993857771e-14,1.3081142469325537e-14,1.433373961467793e-14,0.09821511148292232,True
minimal_full_rank,100,10,101,8,8,1.0,312,100,9.999999999999993,9.35032951591787,1.200624697911838e-14,2.9626008195792203e-15,1.1363360384403594e-14,1.2873549586539538e-14,1.4750774656868178e-14,0.8102072161580064,True
minimal_full_rank,100,10,101,8,8,10.0,312,100,9.999999999999993,9.35032951591787,1.200624697911838e-14,2.9626008195792203e-15,1.1081197616681225e-14,1.2259589016426016e-14,1.613529593520591e-14,1.4032387282755767,True
minimal_full_rank,100,10,101,9,9,0.0,312,100,10.000000000000016,10.206396262946365,1.2640629371415623e-14,2.8111421132486615e-15,1.3635346553951583e-14,1.638052474637317e-14,1.955405167222239e-14,,True
minimal_full_rank,100,10,101,9,9,0.01,312,100,10.000000000000016,10.206396262946365,1.2640629371415623e-14,2.8111421132486615e-15,1.3634330017239414e-14,1.638723733357678e-14,1.9172318385388012e-14,0.00989837361038966,True
minimal_full_rank,100,10,101,9,9,0.1,312,100,10.000000000000016,10.206396262946365,1.2640629371415623e-14,2.8111421132486615e-15,1.3616265368451184e-14,1.643906218411585e-14,1.9762034463240343e-14,0.0987587218020883,True
minimal_full_rank,100,10,101,9,9,1.0,312,100,10.000000000000016,10.206396262946365,1.2640629371415623e-14,2.8111421132486615e-15,1.3029722545791044e-14,1.571098829935106e-14,1.5586300929406074e-14,0.811496629274934,True
minimal_full_rank,100,10,101,9,9,10.0,312,100,10.000000000000016,10.206396262946365,1.2640629371415623e-14,2.8111421132486615e-15,1.190004966291735e-14,1.2992202353750858e-14,1.343416251065596e-14,1.398644418455732,True
minimal_full_rank,400,10,401,0,0,0.0,312,400,10.000000000000004,19.765104582532782,3.3737118753742816e-14,4.145110958531685e-15,3.338329846782337e-14,3.564301042943494e-14,3.9962340876668453e-14,,True
minimal_full_rank,400,10,401,0,0,0.01,312,400,10.000000000000004,19.765104582532782,3.3737118753742816e-14,4.145110958531685e-15,3.338160681176397e-14,3.5650482414048054e-14,3.9988983036316085e-14,0.01001806933381959,True
minimal_full_rank,400,10,401,0,0,0.1,312,400,10.000000000000004,19.765104582532782,3.3737118753742816e-14,4.145110958531685e-15,3.3366867785907464e-14,3.565217006168448e-14,4.0228126407159966e-14,0.09996025318727382,True
minimal_full_rank,400,10,401,0,0,1.0,312,400,10.000000000000004,19.765104582532782,3.3737118753742816e-14,4.145110958531685e-15,3.285878226405066e-14,3.5088799587204235e-14,3.530008408292834e-14,0.8195650317254048,True
minimal_full_rank,400,10,401,0,0,10.0,312,400,10.000000000000004,19.765104582532782,3.3737118753742816e-14,4.145110958531685e-15,3.2072085111805943e-14,3.378816024505623e-14,3.205941673477152e-14,1.4034679073689447,True
minimal_full_rank,400,10,401,1,1,0.0,312,400,10.0,18.639438368237908,3.149345176520884e-14,4.1227926374218775e-15,2.927798269137261e-14,3.230953080318799e-14,3.273023519412425e-14,,True
minimal_full_rank,400,10,401,1,1,0.01,312,400,10.0,18.639438368237908,3.149345176520884e-14,4.1227926374218775e-15,2.928060521312542e-14,3.231204284026988e-14,3.261888376304665e-14,0.009784146836735457,True
minimal_full_rank,400,10,401,1,1,0.1,312,400,10.0,18.639438368237908,3.149345176520884e-14,4.1227926374218775e-15,2.927990247974866e-14,3.224125456792319e-14,3.1629680611603526e-14,0.09759406426451173,True
minimal_full_rank,400,10,401,1,1,1.0,312,400,10.0,18.639438368237908,3.149345176520884e-14,4.1227926374218775e-15,2.9359526321347044e-14,3.1551709552801465e-14,3.6020743922920937e-14,0.8034895284827945,True
minimal_full_rank,400,10,401,1,1,10.0,312,400,10.0,18.639438368237908,3.149345176520884e-14,4.1227926374218775e-15,2.954309776546528e-14,3.177982859673359e-14,3.435316529605383e-14,1.3983490212581984,True
minimal_full_rank,400,10,401,2,2,0.0,312,400,10.000000000000007,19.134619991850247,3.289161650418606e-14,4.166091562239858e-15,3.058578061228931e-14,3.381650888400709e-14,3.0648226632581664e-14,,True
minimal_full_rank,400,10,401,2,2,0.01,312,400,10.000000000000007,19.134619991850247,3.289161650418606e-14,4.166091562239858e-15,3.058405333391486e-14,3.381690239828745e-14,3.0374700685875304e-14,0.009971243494289857,True
minimal_full_rank,400,10,401,2,2,0.1,312,400,10.000000000000007,19.134619991850247,3.289161650418606e-14,4.166091562239858e-15,3.058804533369363e-14,3.381645678351863e-14,3.0180369180242253e-14,0.0994817987802803,True
minimal_full_rank,400,10,401,2,2,1.0,312,400,10.000000000000007,19.134619991850247,3.289161650418606e-14,4.166091562239858e-15,3.064524287966446e-14,3.3635660656313846e-14,3.3118182951100255e-14,0.8161770070608962,True
minimal_full_rank,400,10,401,2,2,10.0,312,400,10.000000000000007,19.134619991850247,3.289161650418606e-14,4.166091562239858e-15,3.066384657113736e-14,3.3377944971155916e-14,3.2877944090540115e-14,1.402861164709783,True
minimal_full_rank,400,10,401,3,3,0.0,312,400,10.00000000000001,19.272816890624267,3.1805642226496526e-14,4.117138933631343e-15,3.0347871872915805e-14,3.299934206325731e-14,3.05949300000739e-14,,True
minimal_full_rank,400,10,401,3,3,0.01,312,400,10.00000000000001,19.272816890624267,3.1805642226496526e-14,4.117138933631343e-15,3.034873550672373e-14,3.2994631817812567e-14,3.0531078980580395e-14,0.009630849104439882,True
minimal_full_rank,400,10,401,3,3,0.1,312,400,10.00000000000001,19.272816890624267,3.1805642226496526e-14,4.117138933631343e-15,3.034980020981408e-14,3.2945662509053065e-14,3.012536697597763e-14,0.09607341912635708,True
minimal_full_rank,400,10,401,3,3,1.0,312,400,10.00000000000001,19.272816890624267,3.1805642226496526e-14,4.117138933631343e-15,3.0362532741484905e-14,3.22486288417788e-14,3.448203540370121e-14,0.7950450610058242,True
minimal_full_rank,400,10,401,3,3,10.0,312,400,10.00000000000001,19.272816890624267,3.1805642226496526e-14,4.117138933631343e-15,3.042116716135315e-14,3.226243912099197e-14,3.6945117089203594e-14,1.398247281520407,True
minimal_full_rank,400,10,401,4,4,0.0,312,400,10.000000000000002,20.09849172598844,3.405605903035857e-14,4.130044501575782e-15,3.2922001785072605e-14,3.521936931285426e-14,3.820505017200844e-14,,True
minimal_full_rank,400,10,401,4,4,0.01,312,400,10.000000000000002,20.09849172598844,3.405605903035857e-14,4.130044501575782e-15,3.2920072729717005e-14,3.5212351862272524e-14,3.828881282752615e-14,0.010114694792260393,True
minimal_full_rank,400,10,401,4,4,0.1,312,400,10.000000000000002,20.09849172598844,3.405605903035857e-14,4.130044501575782e-15,3.289668220884815e-14,3.517634033071492e-14,3.7708288012342174e-14,0.10089860258240148,True
minimal_full_rank,400,10,401,4,4,1.0,312,400,10.000000000000002,20.09849172598844,3.405605903035857e-14,4.130044501575782e-15,3.2446950633825456e-14,3.479950467605504e-14,3.989890176357936e-14,0.8232834681891815,True
minimal_full_rank,400,10,401,4,4,10.0,312,400,10.000000000000002,20.09849172598844,3.405605903035857e-14,4.130044501575782e-15,3.193942256024808e-14,3.430405435794935e-14,3.90711070762614e-14,1.40166625262102,True
minimal_full_rank,400,10,401,5,5,0.0,312,400,9.999999999999993,21.103561670965036,3.7198388843880654e-14,4.085124219281783e-15,3.7968124320556745e-14,4.286476231465253e-14,4.093400210496391e-14,,True
minimal_full_rank,400,10,401,5,5,0.01,312,400,9.999999999999993,21.103561670965036,3.7198388843880654e-14,4.085124219281783e-15,3.7969213254457205e-14,4.2871905081569444e-14,4.099228783061055e-14,0.00986814678998723,True
minimal_full_rank,400,10,401,5,5,0.1,312,400,9.999999999999993,21.103561670965036,3.7198388843880654e-14,4.085124219281783e-15,3.7965551345109955e-14,4.288506565155869e-14,4.1325915377624424e-14,0.09841501193442395,True
minimal_full_rank,400,10,401,5,5,1.0,312,400,9.999999999999993,21.103561670965036,3.7198388843880654e-14,4.085124219281783e-15,3.6927273781591134e-14,4.139329775068974e-14,3.9255823083063017e-14,0.8067147045468743,True
minimal_full_rank,400,10,401,5,5,10.0,312,400,9.999999999999993,21.103561670965036,3.7198388843880654e-14,4.085124219281783e-15,3.448522891989996e-14,3.7604512106223605e-14,3.7738761159989235e-14,1.394515846996141,True
minimal_full_rank,400,10,401,6,6,0.0,312,400,10.000000000000004,20.185015139338326,3.449269283806785e-14,4.1280891605739615e-15,3.448951446214857e-14,3.6419102322178305e-14,3.2700025649757784e-14,,True
minimal_full_rank,400,10,401,6,6,0.01,312,400,10.000000000000004,20.185015139338326,3.449269283806785e-14,4.1280891605739615e-15,3.448497999537195e-14,3.641766168163662e-14,3.291106287424063e-14,0.009862776441521453,True
minimal_full_rank,400,10,401,6,6,0.1,312,400,10.000000000000004,20.185015139338326,3.449269283806785e-14,4.1280891605739615e-15,3.4468812139943694e-14,3.641511537488269e-14,3.318369980310865e-14,0.09839000430218006,True
minimal_full_rank,400,10,401,6,6,1.0,312,400,10.000000000000004,20.185015139338326,3.449269283806785e-14,4.1280891605739615e-15,3.393364923031731e-14,3.5783920196639946e-14,3.3870750100367937e-14,0.8092682661767006,True
minimal_full_rank,400,10,401,6,6,10.0,312,400,10.000000000000004,20.185015139338326,3.449269283806785e-14,4.1280891605739615e-15,3.3051920180390846e-14,3.4632343242816436e-14,3.670887442022362e-14,1.4018784636475967,True
minimal_full_rank,400,10,401,7,7,0.0,312,400,9.999999999999982,20.534456851732035,3.4604738605059436e-14,4.119109513404672e-15,3.356524747459764e-14,3.7080453317701466e-14,4.276274238196728e-14,,True
minimal_full_rank,400,10,401,7,7,0.01,312,400,9.999999999999982,20.534456851732035,3.4604738605059436e-14,4.119109513404672e-15,3.356787323014845e-14,3.709663468318394e-14,4.306606102349428e-14,0.009890751093779598,True
minimal_full_rank,400,10,401,7,7,0.1,312,400,9.999999999999982,20.534456851732035,3.4604738605059436e-14,4.119109513404672e-15,3.3577221129731024e-14,3.716486443298643e-14,4.2532000220548996e-14,0.09866733538145049,True
minimal_full_rank,400,10,401,7,7,1.0,312,400,9.999999999999982,20.534456851732035,3.4604738605059436e-14,4.119109513404672e-15,3.3295003127228394e-14,3.6845058756432666e-14,3.6826524376891324e-14,0.8107743420176422,True
minimal_full_rank,400,10,401,7,7,10.0,312,400,9.999999999999982,20.534456851732035,3.4604738605059436e-14,4.119109513404672e-15,3.244747069115141e-14,3.47158700909783e-14,4.299645094730868e-14,1.4018697116511805,True
minimal_full_rank,400,10,401,8,8,0.0,312,400,9.999999999999993,21.05343222168136,3.4319997885927974e-14,4.112845208455836e-15,3.477445353031468e-14,3.8900634366285924e-14,4.005970336337616e-14,,True
minimal_full_rank,400,10,401,8,8,0.01,312,400,9.999999999999993,21.05343222168136,3.4319997885927974e-14,4.112845208455836e-15,3.4770046208530506e-14,3.8892913131417927e-14,3.997945913380317e-14,0.01017294522288815,True
minimal_full_rank,400,10,401,8,8,0.1,312,400,9.999999999999993,21.05343222168136,3.4319997885927974e-14,4.112845208455836e-15,3.474806408474907e-14,3.882440105362729e-14,4.0186228512469e-14,0.10149159501463346,True
minimal_full_rank,400,10,401,8,8,1.0,312,400,9.999999999999993,21.05343222168136,3.4319997885927974e-14,4.112845208455836e-15,3.379785729021282e-14,3.732103074126078e-14,4.112120423501141e-14,0.8280970607800471,True
minimal_full_rank,400,10,401,8,8,10.0,312,400,9.999999999999993,21.05343222168136,3.4319997885927974e-14,4.112845208455836e-15,3.213796405129405e-14,3.5102128783987416e-14,3.3698196411297694e-14,1.406598992034752,True
minimal_full_rank,400,10,401,9,9,0.0,312,400,10.000000000000005,19.158510959923547,3.2087087771778507e-14,4.107611489892046e-15,3.231488312783609e-14,3.5414620973604366e-14,3.7825884242608243e-14,,True
minimal_full_rank,400,10,401,9,9,0.01,312,400,10.000000000000005,19.158510959923547,3.2087087771778507e-14,4.107611489892046e-15,3.23156747824424e-14,3.543189023832278e-14,3.7448487508671555e-14,0.010101218540700707,True
minimal_full_rank,400,10,401,9,9,0.1,312,400,10.000000000000005,19.158510959923547,3.2087087771778507e-14,4.107611489892046e-15,3.23187346768248e-14,3.54360875798027e-14,3.70237543949731e-14,0.10072643622544937,True
minimal_full_rank,400,10,401,9,9,1.0,312,400,10.000000000000005,19.158510959923547,3.2087087771778507e-14,4.107611489892046e-15,3.182717640021561e-14,3.455478416534277e-14,3.598542891382553e-14,0.8208743544603766,True
minimal_full_rank,400,10,401,9,9,10.0,312,400,10.000000000000005,19.158510959923547,3.2087087771778507e-14,4.107611489892046e-15,3.065379463999876e-14,3.22749578917605e-14,3.5481615746656175e-14,1.403846238466133,True
