accuracy,alignment,alignment_seconds,auditor_sha256,balanced_accuracy,deployment_hash,finished_utc,fit_count,fit_seconds,gpm_converged,gpm_iterations,gpm_last_step,level_index,linkage_rate,method,noise_scale,outer_seed,participant_count,realization,run_id,signature,source_hash,privacy,aggregate_model_count
0.7185185185185186,,0.0,988babfb79a4be0620cf47d259d4da35f8fc07573e92f83a2e388003c17759ba,0.7139001349527665,cfd4b59d2bbb33f7368d65efaf7d6d2758586955deae64ce09e1318a3d7e9c55,2026-09-07T08:08:23.738587+00:00,1,0.6930952870000056,,,,0,0.645,AA-GDP,0.0,0,5,0,s0_p5_AA-GDP_l0_r0,c769d74613ae3570f9c17b34cb945979bab8810928db61e6cdcab9e24f04e4ef,5752036c9746b379b08f8d81e7c675cb73d756ef6978d23021e84add7e4a9e5d,,
0.562962962962963,,0.0,988babfb79a4be0620cf47d259d4da35f8fc07573e92f83a2e388003c17759ba,0.5237854251012146,cfd4b59d2bbb33f7368d65efaf7d6d2758586955deae64ce09e1318a3d7e9c55,2026-09-07T08:42:26.840446+00:00,1,0.24219747000006464,,,,10,0.139,C-GDP-private-noise,3.0,0,5,0,s0_p5_C-GDP-private-noise_l10_r0,c769d74613ae3570f9c17b34cb945979bab8810928db61e6cdcab9e24f04e4ef,5752036c9746b379b08f8d81e7c675cb73d756ef6978d23021e84add7e4a9e5d,,
0.5925925925925926,,0.0,988babfb79a4be0620cf47d259d4da35f8fc07573e92f83a2e388003c17759ba,0.5671390013495277,cfd4b59d2bbb33f7368d65efaf7d6d2758586955deae64ce09e1318a3d7e9c55,2026-09-07T08:42:28.163127+00:00,1,0.5788181419998182,,,,10,0.118,C-GDP-private-noise,3.0,0,5,1,s0_p5_C-GDP-private-noise_l10_r1,c769d74613ae3570f9c17b34cb945979bab8810928db61e6cdcab9e24f04e4ef,5752036c9746b379b08f8d81e7c675cb73d756ef6978d23021e84add7e4a9e5d,,
0.5481481481481482,,0.0,988babfb79a4be0620cf47d259d4da35f8fc07573e92f83a2e388003c17759ba,0.5251349527665318,cfd4b59d2bbb33f7368d65efaf7d6d2758586955deae64ce09e1318a3d7e9c55,2026-09-07T08:42:28.621679+00:00,1,0.33360415900006046,,,,10,0.121,C-GDP-private-noise,3.0,0,5,2,s0_p5_C-GDP-private-noise_l10_r2,c769d74613ae3570f9c17b34cb945979bab8810928db61e6cdcab9e24f04e4ef,5752036c9746b379b08f8d81e7c675cb73d756ef6978d23021e84add7e4a9e5d,,
0.5259259259259259,,0.0,988babfb79a4be0620cf47d259d4da35f8fc07573e92f83a2e388003c17759ba,0.5188933873144399,cfd4b59d2bbb33f7368d65efaf7d6d2758586955deae64ce09e1318a3d7e9c55,2026-09-07T08:42:28.980215+00:00,1,0.23361657900022692,,,,10,0.117,C-GDP-private-noise,3.0,0,5,3,s0_p5_C-GDP-private-noise_l10_r3,c769d74613ae3570f9c17b34cb945979bab8810928db61e6cdcab9e24f04e4ef,5752036c9746b379b08f8d81e7c675cb73d756ef6978d23021e84add7e4a9e5d,,
0.6518518518518519,,0.0,988babfb79a4be0620cf47d259d4da35f8fc07573e92f83a2e388003c17759ba,0.6408569500674763,cfd4b59d2bbb33f7368d65efaf7d6d2758586955deae64ce09e1318a3d7e9c55,2026-09-07T08:42:02.358865+00:00,1,0.7257981960001416,,,,1,0.52,C-GDP-private-noise,0.3,0,5,0,s0_p5_C-GDP-private-noise_l1_r0,c769d74613ae3570f9c17b34cb945979bab8810928db61e6cdcab9e24f04e4ef,5752036c9746b379b08f8d81e7c675cb73d756ef6978d23021e84add7e4a9e5d,,
0.7111111111111111,,0.0,988babfb79a4be0620cf47d259d4da35f8fc07573e92f83a2e388003c17759ba,0.7086707152496626,cfd4b59d2bbb33f7368d65efaf7d6d2758586955deae64ce09e1318a3d7e9c55,2026-09-07T08:42:03.138811+00:00,1,0.6617395070002203,,,,1,0.478,C-GDP-private-noise,0.3,0,5,1,s0_p5_C-GDP-private-noise_l1_r1,c769d74613ae3570f9c17b34cb945979bab8810928db61e6cdcab9e24f04e4ef,5752036c9746b379b08f8d81e7c675cb73d756ef6978d23021e84add7e4a9e5d,,
0.7037037037037037,,0.0,988babfb79a4be0620cf47d259d4da35f8fc07573e92f83a2e388003c17759ba,0.7140688259109311,cfd4b59d2bbb33f7368d65efaf7d6d2758586955deae64ce09e1318a3d7e9c55,2026-09-07T08:42:04.800495+00:00,1,0.7489090429999123,,,,1,0.502,C-GDP-private-noise,0.3,0,5,2,s0_p5_C-GDP-private-noise_l1_r2,c769d74613ae3570f9c17b34cb945979bab8810928db61e6cdcab9e24f04e4ef,5752036c9746b379b08f8d81e7c675cb73d756ef6978d23021e84add7e4a9e5d,,
0.6666666666666666,,0.0,988babfb79a4be0620cf47d259d4da35f8fc07573e92f83a2e388003c17759ba,0.6678475033738192,cfd4b59d2bbb33f7368d65efaf7d6d2758586955deae64ce09e1318a3d7e9c55,2026-09-07T08:42:05.747721+00:00,1,0.8292587420000928,,,,1,0.496,C-GDP-private-noise,0.3,0,5,3,s0_p5_C-GDP-private-noise_l1_r3,c769d74613ae3570f9c17b34cb945979bab8810928db61e6cdcab9e24f04e4ef,5752036c9746b379b08f8d81e7c675cb73d756ef6978d23021e84add7e4a9e5d,,
0.6592592592592592,,0.0,988babfb79a4be0620cf47d259d4da35f8fc07573e92f83a2e388003c17759ba,0.6626180836707153,cfd4b59d2bbb33f7368d65efaf7d6d2758586955deae64ce09e1318a3d7e9c55,2026-09-07T08:42:06.356989+00:00,1,0.4708010800000011,,,,2,0.321,C-GDP-private-noise,0.6,0,5,0,s0_p5_C-GDP-private-noise_l2_r0,c769d74613ae3570f9c17b34cb945979bab8810928db61e6cdcab9e24f04e4ef,5752036c9746b379b08f8d81e7c675cb73d756ef6978d23021e84add7e4a9e5d,,
0.7037037037037037,,0.0,988babfb79a4be0620cf47d259d4da35f8fc07573e92f83a2e388003c17759ba,0.6963562753036437,cfd4b59d2bbb33f7368d65efaf7d6d2758586955deae64ce09e1318a3d7e9c55,2026-09-07T08:42:07.069503+00:00,1,0.5815224580001086,,,,2,0.335,C-GDP-private-noise,0.6,0,5,1,s0_p5_C-GDP-private-noise_l2_r1,c769d74613ae3570f9c17b34cb945979bab8810928db61e6cdcab9e24f04e4ef,5752036c9746b379b08f8d81e7c675cb73d756ef6978d23021e84add7e4a9e5d,,
0.6925925925925925,,0.0,988babfb79a4be0620cf47d259d4da35f8fc07573e92f83a2e388003c17759ba,0.6926450742240216,cfd4b59d2bbb33f7368d65efaf7d6d2758586955deae64ce09e1318a3d7e9c55,2026-09-07T08:42:07.691270+00:00,1,0.4710967249998248,,,,2,0.325,C-GDP-private-noise,0.6,0,5,2,s0_p5_C-GDP-private-noise_l2_r2,c769d74613ae3570f9c17b34cb945979bab8810928db61e6cdcab9e24f04e4ef,5752036c9746b379b08f8d81e7c675cb73d756ef6978d23021e84add7e4a9e5d,,
0.7,,0.0,988babfb79a4be0620cf47d259d4da35f8fc07573e92f83a2e388003c17759ba,0.6955128205128205,cfd4b59d2bbb33f7368d65efaf7d6d2758586955deae64ce09e1318a3d7e9c55,2026-09-07T08:42:08.830862+00:00,1,0.4229184730002089,,,,2,0.337,C-GDP-private-noise,0.6,0,5,3,s0_p5_C-GDP-private-noise_l2_r3,c769d74613ae3570f9c17b34cb945979bab8810928db61e6cdcab9e24f04e4ef,5752036c9746b379b08f8d81e7c675cb73d756ef6978d23021e84add7e4a9e5d,,
0.5962962962962963,,0.0,988babfb79a4be0620cf47d259d4da35f8fc07573e92f83a2e388003c17759ba,0.6010458839406208,cfd4b59d2bbb33f7368d65efaf7d6d2758586955deae64ce09e1318a3d7e9c55,2026-09-07T08:42:09.435056+00:00,1,0.4929486870000801,,,,3,0.261,C-GDP-private-noise,0.9,0,5,0,s0_p5_C-GDP-private-noise_l3_r0,c769d74613ae3570f9c17b34cb945979bab8810928db61e6cdcab9e24f04e4ef,5752036c9746b379b08f8d81e7c675cb73d756ef6978d23021e84add7e4a9e5d,,
0.6259259259259259,,0.0,988babfb79a4be0620cf47d259d4da35f8fc07573e92f83a2e388003c17759ba,0.6467611336032388,cfd4b59d2bbb33f7368d65efaf7d6d2758586955deae64ce09e1318a3d7e9c55,2026-09-07T08:42:09.971253+00:00,1,0.40401239299990266,,,,3,0.356,C-GDP-private-noise,0.9,0,5,1,s0_p5_C-GDP-private-noise_l3_r1,c769d74613ae3570f9c17b34cb945979bab8810928db61e6cdcab9e24f04e4ef,5752036c9746b379b08f8d81e7c675cb73d756ef6978d23021e84add7e4a9e5d,,
0.6037037037037037,,0.0,988babfb79a4be0620cf47d259d4da35f8fc07573e92f83a2e388003c17759ba,0.6062753036437247,cfd4b59d2bbb33f7368d65efaf7d6d2758586955deae64ce09e1318a3d7e9c55,2026-09-07T08:42:10.397177+00:00,1,0.3026800159996128,,,,3,0.256,C-GDP-private-noise,0.9,0,5,2,s0_p5_C-GDP-private-noise_l3_r2,c769d74613ae3570f9c17b34cb945979bab8810928db61e6cdcab9e24f04e4ef,5752036c9746b379b08f8d81e7c675cb73d756ef6978d23021e84add7e4a9e5d,,
0.6148148148148148,,0.0,988babfb79a4be0620cf47d259d4da35f8fc07573e92f83a2e388003c17759ba,0.6371457489878543,cfd4b59d2bbb33f7368d65efaf7d6d2758586955deae64ce09e1318a3d7e9c55,2026-09-07T08:42:10.942506+00:00,1,0.4099321899998358,,,,3,0.281,C-GDP-private-noise,0.9,0,5,3,s0_p5_C-GDP-private-noise_l3_r3,c769d74613ae3570f9c17b34cb945979bab8810928db61e6cdcab9e24f04e4ef,5752036c9746b379b08f8d81e7c675cb73d756ef6978d23021e84add7e4a9e5d,,
0.6037037037037037,,0.0,988babfb79a4be0620cf47d259d4da35f8fc07573e92f83a2e388003c17759ba,0.6145411605937922,cfd4b59d2bbb33f7368d65efaf7d6d2758586955deae64ce09e1318a3d7e9c55,2026-09-07T08:42:11.994515+00:00,1,0.3337841020002088,,,,4,0.19,C-GDP-private-noise,1.2,0,5,0,s0_p5_C-GDP-private-noise_l4_r0,c769d74613ae3570f9c17b34cb945979bab8810928db61e6cdcab9e24f04e4ef,5752036c9746b379b08f8d81e7c675cb73d756ef6978d23021e84add7e4a9e5d,,
0.6185185185185185,,0.0,988babfb79a4be0620cf47d259d4da35f8fc07573e92f83a2e388003c17759ba,0.6202766531713899,cfd4b59d2bbb33f7368d65efaf7d6d2758586955deae64ce09e1318a3d7e9c55,2026-09-07T08:42:12.571398+00:00,1,0.4488052599999719,,,,4,0.212,C-GDP-private-noise,1.2,0,5,1,s0_p5_C-GDP-private-noise_l4_r1,c769d74613ae3570f9c17b34cb945979bab8810928db61e6cdcab9e24f04e4ef,5752036c9746b379b08f8d81e7c675cb73d756ef6978d23021e84add7e4a9e5d,,
0.6148148148148148,,0.0,988babfb79a4be0620cf47d259d4da35f8fc07573e92f83a2e388003c17759ba,0.6064439946018894,cfd4b59d2bbb33f7368d65efaf7d6d2758586955deae64ce09e1318a3d7e9c55,2026-09-07T08:42:13.234776+00:00,1,0.5476731550002114,,,,4,0.204,C-GDP-private-noise,1.2,0,5,2,s0_p5_C-GDP-private-noise_l4_r2,c769d74613ae3570f9c17b34cb945979bab8810928db61e6cdcab9e24f04e4ef,5752036c9746b379b08f8d81e7c675cb73d756ef6978d23021e84add7e4a9e5d,,
0.7037037037037037,,0.0,988babfb79a4be0620cf47d259d4da35f8fc07573e92f83a2e388003c17759ba,0.6998987854251012,cfd4b59d2bbb33f7368d65efaf7d6d2758586955deae64ce09e1318a3d7e9c55,2026-09-07T08:42:13.780659+00:00,1,0.39702601599992704,,,,4,0.219,C-GDP-private-noise,1.2,0,5,3,s0_p5_C-GDP-private-noise_l4_r3,c769d74613ae3570f9c17b34cb945979bab8810928db61e6cdcab9e24f04e4ef,5752036c9746b379b08f8d81e7c675cb73d756ef6978d23021e84add7e4a9e5d,,
0.6518518518518519,,0.0,988babfb79a4be0620cf47d259d4da35f8fc07573e92f83a2e388003c17759ba,0.6432186234817814,cfd4b59d2bbb33f7368d65efaf7d6d2758586955deae64ce09e1318a3d7e9c55,2026-09-07T08:42:14.236991+00:00,1,0.3372482909999235,,,,5,0.148,C-GDP-private-noise,1.5,0,5,0,s0_p5_C-GDP-private-noise_l5_r0,c769d74613ae3570f9c17b34cb945979bab8810928db61e6cdcab9e24f04e4ef,5752036c9746b379b08f8d81e7c675cb73d756ef6978d23021e84add7e4a9e5d,,
0.6037037037037037,,0.0,988babfb79a4be0620cf47d259d4da35f8fc07573e92f83a2e388003c17759ba,0.5826585695006747,cfd4b59d2bbb33f7368d65efaf7d6d2758586955deae64ce09e1318a3d7e9c55,2026-09-07T08:42:15.278226+00:00,1,0.2962753619999603,,,,5,0.124,C-GDP-private-noise,1.5,0,5,1,s0_p5_C-GDP-private-noise_l5_r1,c769d74613ae3570f9c17b34cb945979bab8810928db61e6cdcab9e24f04e4ef,5752036c9746b379b08f8d81e7c675cb73d756ef6978d23021e84add7e4a9e5d,,
0.6074074074074074,,0.0,988babfb79a4be0620cf47d259d4da35f8fc07573e92f83a2e388003c17759ba,0.6071187584345479,cfd4b59d2bbb33f7368d65efaf7d6d2758586955deae64ce09e1318a3d7e9c55,2026-09-07T08:42:15.781498+00:00,1,0.3921825520001221,,,,5,0.174,C-GDP-private-noise,1.5,0,5,2,s0_p5_C-GDP-private-noise_l5_r2,c769d74613ae3570f9c17b34cb945979bab8810928db61e6cdcab9e24f04e4ef,5752036c9746b379b08f8d81e7c675cb73d756ef6978d23021e84add7e4a9e5d,,
0.5481481481481482,,0.0,988babfb79a4be0620cf47d259d4da35f8fc07573e92f83a2e388003c17759ba,0.5605600539811066,cfd4b59d2bbb33f7368d65efaf7d6d2758586955deae64ce09e1318a3d7e9c55,2026-09-07T08:42:16.273404+00:00,1,0.369548745999964,,,,5,0.204,C-GDP-private-noise,1.5,0,5,3,s0_p5_C-GDP-private-noise_l5_r3,c769d74613ae3570f9c17b34cb945979bab8810928db61e6cdcab9e24f04e4ef,5752036c9746b379b08f8d81e7c675cb73d756ef6978d23021e84add7e4a9e5d,,
0.5851851851851851,,0.0,988babfb79a4be0620cf47d259d4da35f8fc07573e92f83a2e388003c17759ba,0.5748987854251013,cfd4b59d2bbb33f7368d65efaf7d6d2758586955deae64ce09e1318a3d7e9c55,2026-09-07T08:42:16.788372+00:00,1,0.37458110700026737,,,,6,0.137,C-GDP-private-noise,1.8,0,5,0,s0_p5_C-GDP-private-noise_l6_r0,c769d74613ae3570f9c17b34cb945979bab8810928db61e6cdcab9e24f04e4ef,5752036c9746b379b08f8d81e7c675cb73d756ef6978d23021e84add7e4a9e5d,,
0.5814814814814815,,0.0,988babfb79a4be0620cf47d259d4da35f8fc07573e92f83a2e388003c17759ba,0.588225371120108,cfd4b59d2bbb33f7368d65efaf7d6d2758586955deae64ce09e1318a3d7e9c55,2026-09-07T08:42:17.153398+00:00,1,0.250759969000228,,,,6,0.206,C-GDP-private-noise,1.8,0,5,1,s0_p5_C-GDP-private-noise_l6_r1,c769d74613ae3570f9c17b34cb945979bab8810928db61e6cdcab9e24f04e4ef,5752036c9746b379b08f8d81e7c675cb73d756ef6978d23021e84add7e4a9e5d,,
0.5814814814814815,,0.0,988babfb79a4be0620cf47d259d4da35f8fc07573e92f83a2e388003c17759ba,0.5728744939271255,cfd4b59d2bbb33f7368d65efaf7d6d2758586955deae64ce09e1318a3d7e9c55,2026-09-07T08:42:18.331597+00:00,1,0.40230625799995323,,,,6,0.145,C-GDP-private-noise,1.8,0,5,2,s0_p5_C-GDP-private-noise_l6_r2,c769d74613ae3570f9c17b34cb945979bab8810928db61e6cdcab9e24f04e4ef,5752036c9746b379b08f8d81e7c675cb73d756ef6978d23021e84add7e4a9e5d,,
0.6555555555555556,,0.0,988babfb79a4be0620cf47d259d4da35f8fc07573e92f83a2e388003c17759ba,0.6452429149797572,cfd4b59d2bbb33f7368d65efaf7d6d2758586955deae64ce09e1318a3d7e9c55,2026-09-07T08:42:18.833438+00:00,1,0.38055035900015355,,,,6,0.162,C-GDP-private-noise,1.8,0,5,3,s0_p5_C-GDP-private-noise_l6_r3,c769d74613ae3570f9c17b34cb945979bab8810928db61e6cdcab9e24f04e4ef,5752036c9746b379b08f8d81e7c675cb73d756ef6978d23021e84add7e4a9e5d,,
0.5703703703703704,,0.0,988babfb79a4be0620cf47d259d4da35f8fc07573e92f83a2e388003c17759ba,0.5691632928475033,cfd4b59d2bbb33f7368d65efaf7d6d2758586955deae64ce09e1318a3d7e9c55,2026-09-07T08:42:19.279039+00:00,1,0.3169299270002739,,,,7,0.138,C-GDP-private-noise,2.1,0,5,0,s0_p5_C-GDP-private-noise_l7_r0,c769d74613ae3570f9c17b34cb945979bab8810928db61e6cdcab9e24f04e4ef,5752036c9746b379b08f8d81e7c675cb73d756ef6978d23021e84add7e4a9e5d,,
0.562962962962963,,0.0,988babfb79a4be0620cf47d259d4da35f8fc07573e92f83a2e388003c17759ba,0.562753036437247,cfd4b59d2bbb33f7368d65efaf7d6d2758586955deae64ce09e1318a3d7e9c55,2026-09-07T08:42:19.771603+00:00,1,0.3269430159998592,,,,7,0.159,C-GDP-private-noise,2.1,0,5,1,s0_p5_C-GDP-private-noise_l7_r1,c769d74613ae3570f9c17b34cb945979bab8810928db61e6cdcab9e24f04e4ef,5752036c9746b379b08f8d81e7c675cb73d756ef6978d23021e84add7e4a9e5d,,
0.6555555555555556,,0.0,988babfb79a4be0620cf47d259d4da35f8fc07573e92f83a2e388003c17759ba,0.6322537112010796,cfd4b59d2bbb33f7368d65efaf7d6d2758586955deae64ce09e1318a3d7e9c55,2026-09-07T08:42:20.191755+00:00,1,0.2803971539997292,,,,7,0.149,C-GDP-private-noise,2.1,0,5,2,s0_p5_C-GDP-private-noise_l7_r2,c769d74613ae3570f9c17b34cb945979bab8810928db61e6cdcab9e24f04e4ef,5752036c9746b379b08f8d81e7c675cb73d756ef6978d23021e84add7e4a9e5d,,
0.6185185185185185,,0.0,988babfb79a4be0620cf47d259d4da35f8fc07573e92f83a2e388003c17759ba,0.61555330634278,cfd4b59d2bbb33f7368d65efaf7d6d2758586955deae64ce09e1318a3d7e9c55,2026-09-07T08:42:21.504732+00:00,1,0.5593139769998743,,,,7,0.104,C-GDP-private-noise,2.1,0,5,3,s0_p5_C-GDP-private-noise_l7_r3,c769d74613ae3570f9c17b34cb945979bab8810928db61e6cdcab9e24f04e4ef,5752036c9746b379b08f8d81e7c675cb73d756ef6978d23021e84add7e4a9e5d,,
0.5925925925925926,,0.0,988babfb79a4be0620cf47d259d4da35f8fc07573e92f83a2e388003c17759ba,0.5777665317139001,cfd4b59d2bbb33f7368d65efaf7d6d2758586955deae64ce09e1318a3d7e9c55,2026-09-07T08:42:21.984038+00:00,1,0.349645731000237,,,,8,0.153,C-GDP-private-noise,2.4,0,5,0,s0_p5_C-GDP-private-noise_l8_r0,c769d74613ae3570f9c17b34cb945979bab8810928db61e6cdcab9e24f04e4ef,5752036c9746b379b08f8d81e7c675cb73d756ef6978d23021e84add7e4a9e5d,,
0.5814814814814815,,0.0,988babfb79a4be0620cf47d259d4da35f8fc07573e92f83a2e388003c17759ba,0.571693657219973,cfd4b59d2bbb33f7368d65efaf7d6d2758586955deae64ce09e1318a3d7e9c55,2026-09-07T08:42:22.430070+00:00,1,0.32009974399989005,,,,8,0.15,C-GDP-private-noise,2.4,0,5,1,s0_p5_C-GDP-private-noise_l8_r1,c769d74613ae3570f9c17b34cb945979bab8810928db61e6cdcab9e24f04e4ef,5752036c9746b379b08f8d81e7c675cb73d756ef6978d23021e84add7e4a9e5d,,
0.5851851851851851,,0.0,988babfb79a4be0620cf47d259d4da35f8fc07573e92f83a2e388003c17759ba,0.5725371120107963,cfd4b59d2bbb33f7368d65efaf7d6d2758586955deae64ce09e1318a3d7e9c55,2026-09-07T08:42:23.033976+00:00,1,0.464390579999872,,,,8,0.172,C-GDP-private-noise,2.4,0,5,2,s0_p5_C-GDP-private-noise_l8_r2,c769d74613ae3570f9c17b34cb945979bab8810928db61e6cdcab9e24f04e4ef,5752036c9746b379b08f8d81e7c675cb73d756ef6978d23021e84add7e4a9e5d,,
0.5777777777777777,,0.0,988babfb79a4be0620cf47d259d4da35f8fc07573e92f83a2e388003c17759ba,0.5495951417004048,cfd4b59d2bbb33f7368d65efaf7d6d2758586955deae64ce09e1318a3d7e9c55,2026-09-07T08:42:23.663363+00:00,1,0.5123770339996554,,,,8,0.125,C-GDP-private-noise,2.4,0,5,3,s0_p5_C-GDP-private-noise_l8_r3,c769d74613ae3570f9c17b34cb945979bab8810928db61e6cdcab9e24f04e4ef,5752036c9746b379b08f8d81e7c675cb73d756ef6978d23021e84add7e4a9e5d,,
0.6,,0.0,988babfb79a4be0620cf47d259d4da35f8fc07573e92f83a2e388003c17759ba,0.5676450742240216,cfd4b59d2bbb33f7368d65efaf7d6d2758586955deae64ce09e1318a3d7e9c55,2026-09-07T08:42:24.760280+00:00,1,0.366908672000136,,,,9,0.132,C-GDP-private-noise,2.7,0,5,0,s0_p5_C-GDP-private-noise_l9_r0,c769d74613ae3570f9c17b34cb945979bab8810928db61e6cdcab9e24f04e4ef,5752036c9746b379b08f8d81e7c675cb73d756ef6978d23021e84add7e4a9e5d,,
0.48518518518518516,,0.0,988babfb79a4be0620cf47d259d4da35f8fc07573e92f83a2e388003c17759ba,0.4907219973009447,cfd4b59d2bbb33f7368d65efaf7d6d2758586955deae64ce09e1318a3d7e9c55,2026-09-07T08:42:25.194958+00:00,1,0.31072069099991495,,,,9,0.112,C-GDP-private-noise,2.7,0,5,1,s0_p5_C-GDP-private-noise_l9_r1,c769d74613ae3570f9c17b34cb945979bab8810928db61e6cdcab9e24f04e4ef,5752036c9746b379b08f8d81e7c675cb73d756ef6978d23021e84add7e4a9e5d,,
0.562962962962963,,0.0,988babfb79a4be0620cf47d259d4da35f8fc07573e92f83a2e388003c17759ba,0.550944669365722,cfd4b59d2bbb33f7368d65efaf7d6d2758586955deae64ce09e1318a3d7e9c55,2026-09-07T08:42:25.902408+00:00,1,0.5846964360002858,,,,9,0.116,C-GDP-private-noise,2.7,0,5,2,s0_p5_C-GDP-private-noise_l9_r2,c769d74613ae3570f9c17b34cb945979bab8810928db61e6cdcab9e24f04e4ef,5752036c9746b379b08f8d81e7c675cb73d756ef6978d23021e84add7e4a9e5d,,
0.5925925925925926,,0.0,988babfb79a4be0620cf47d259d4da35f8fc07573e92f83a2e388003c17759ba,0.5706815114709851,cfd4b59d2bbb33f7368d65efaf7d6d2758586955deae64ce09e1318a3d7e9c55,2026-09-07T08:42:26.461029+00:00,1,0.4167133890000514,,,,9,0.145,C-GDP-private-noise,2.7,0,5,3,s0_p5_C-GDP-private-noise_l9_r3,c769d74613ae3570f9c17b34cb945979bab8810928db61e6cdcab9e24f04e4ef,5752036c9746b379b08f8d81e7c675cb73d756ef6978d23021e84add7e4a9e5d,,
0.7185185185185186,,0.0,988babfb79a4be0620cf47d259d4da35f8fc07573e92f83a2e388003c17759ba,0.7139001349527665,cfd4b59d2bbb33f7368d65efaf7d6d2758586955deae64ce09e1318a3d7e9c55,2026-09-07T08:08:22.317828+00:00,1,0.6816536139999698,,,,0,0.645,C-GDP,0.0,0,5,0,s0_p5_C-GDP_l0_r0,c769d74613ae3570f9c17b34cb945979bab8810928db61e6cdcab9e24f04e4ef,5752036c9746b379b08f8d81e7c675cb73d756ef6978d23021e84add7e4a9e5d,,
0.5666666666666667,,0.0,988babfb79a4be0620cf47d259d4da35f8fc07573e92f83a2e388003c17759ba,0.5600539811066128,cfd4b59d2bbb33f7368d65efaf7d6d2758586955deae64ce09e1318a3d7e9c55,2026-09-07T08:08:22.990980+00:00,1,0.6383692889999111,,,,0,,I-GDP,0.0,0,5,0,s0_p5_I-GDP_l0_r0,c769d74613ae3570f9c17b34cb945979bab8810928db61e6cdcab9e24f04e4ef,5752036c9746b379b08f8d81e7c675cb73d756ef6978d23021e84add7e4a9e5d,,
0.5666666666666667,,0.0,988babfb79a4be0620cf47d259d4da35f8fc07573e92f83a2e388003c17759ba,0.5399797570850202,cfd4b59d2bbb33f7368d65efaf7d6d2758586955deae64ce09e1318a3d7e9c55,2026-09-07T08:08:21.517657+00:00,0,0.9318849620000265,,,,0,,Local-only,0.0,0,5,0,s0_p5_Local-only_l0_r0,c769d74613ae3570f9c17b34cb945979bab8810928db61e6cdcab9e24f04e4ef,5752036c9746b379b08f8d81e7c675cb73d756ef6978d23021e84add7e4a9e5d,,5.0
0.6333333333333333,,94.30552777999992,988babfb79a4be0620cf47d259d4da35f8fc07573e92f83a2e388003c17759ba,0.6142037786774629,cfd4b59d2bbb33f7368d65efaf7d6d2758586955deae64ce09e1318a3d7e9c55,2026-09-07T08:37:15.332392+00:00,1,0.5597657109997272,False,500.0,0.008808907920082348,10,0.126,NAA-GDP,0.06,0,5,0,s0_p5_NAA-GDP_l10_r0,c769d74613ae3570f9c17b34cb945979bab8810928db61e6cdcab9e24f04e4ef,5752036c9746b379b08f8d81e7c675cb73d756ef6978d23021e84add7e4a9e5d,,
0.6148148148148148,,94.02041709900004,988babfb79a4be0620cf47d259d4da35f8fc07573e92f83a2e388003c17759ba,0.6099865047233468,cfd4b59d2bbb33f7368d65efaf7d6d2758586955deae64ce09e1318a3d7e9c55,2026-09-07T08:38:50.965518+00:00,1,0.5617206920001081,False,500.0,0.009186520298695254,10,0.128,NAA-GDP,0.06,0,5,1,s0_p5_NAA-GDP_l10_r1,c769d74613ae3570f9c17b34cb945979bab8810928db61e6cdcab9e24f04e4ef,5752036c9746b379b08f8d81e7c675cb73d756ef6978d23021e84add7e4a9e5d,,
0.6259259259259259,,94.05041050199998,988babfb79a4be0620cf47d259d4da35f8fc07573e92f83a2e388003c17759ba,0.618421052631579,cfd4b59d2bbb33f7368d65efaf7d6d2758586955deae64ce09e1318a3d7e9c55,2026-09-07T08:40:26.232042+00:00,1,0.6486362999999074,False,500.0,0.008886322594123103,10,0.128,NAA-GDP,0.06,0,5,2,s0_p5_NAA-GDP_l10_r2,c769d74613ae3570f9c17b34cb945979bab8810928db61e6cdcab9e24f04e4ef,5752036c9746b379b08f8d81e7c675cb73d756ef6978d23021e84add7e4a9e5d,,
0.6074074074074074,,94.267543724,988babfb79a4be0620cf47d259d4da35f8fc07573e92f83a2e388003c17759ba,0.6035762483130904,cfd4b59d2bbb33f7368d65efaf7d6d2758586955deae64ce09e1318a3d7e9c55,2026-09-07T08:42:01.483661+00:00,1,0.45872592799969425,False,500.0,0.007646046994190352,10,0.129,NAA-GDP,0.06,0,5,3,s0_p5_NAA-GDP_l10_r3,c769d74613ae3570f9c17b34cb945979bab8810928db61e6cdcab9e24f04e4ef,5752036c9746b379b08f8d81e7c675cb73d756ef6978d23021e84add7e4a9e5d,,
0.6888888888888889,,1.7367854929999567,988babfb79a4be0620cf47d259d4da35f8fc07573e92f83a2e388003c17759ba,0.676450742240216,cfd4b59d2bbb33f7368d65efaf7d6d2758586955deae64ce09e1318a3d7e9c55,2026-09-07T08:08:27.029363+00:00,1,0.8917461919999141,True,5.0,3.1482832699861956e-08,1,0.563,NAA-GDP,0.006,0,5,0,s0_p5_NAA-GDP_l1_r0,c769d74613ae3570f9c17b34cb945979bab8810928db61e6cdcab9e24f04e4ef,5752036c9746b379b08f8d81e7c675cb73d756ef6978d23021e84add7e4a9e5d,,
0.6888888888888889,,1.501086201000021,988babfb79a4be0620cf47d259d4da35f8fc07573e92f83a2e388003c17759ba,0.6906207827260459,cfd4b59d2bbb33f7368d65efaf7d6d2758586955deae64ce09e1318a3d7e9c55,2026-09-07T08:08:29.781835+00:00,1,0.7085819800000763,True,5.0,3.094323245935388e-08,1,0.532,NAA-GDP,0.006,0,5,1,s0_p5_NAA-GDP_l1_r1,c769d74613ae3570f9c17b34cb945979bab8810928db61e6cdcab9e24f04e4ef,5752036c9746b379b08f8d81e7c675cb73d756ef6978d23021e84add7e4a9e5d,,
0.7148148148148148,,1.5468004870000414,988babfb79a4be0620cf47d259d4da35f8fc07573e92f83a2e388003c17759ba,0.7012483130904184,cfd4b59d2bbb33f7368d65efaf7d6d2758586955deae64ce09e1318a3d7e9c55,2026-09-07T08:08:34.401090+00:00,1,0.9492172320000236,True,5.0,3.079182626771147e-08,1,0.517,NAA-GDP,0.006,0,5,2,s0_p5_NAA-GDP_l1_r2,c769d74613ae3570f9c17b34cb945979bab8810928db61e6cdcab9e24f04e4ef,5752036c9746b379b08f8d81e7c675cb73d756ef6978d23021e84add7e4a9e5d,,
0.7074074074074074,,1.5174543120000408,988babfb79a4be0620cf47d259d4da35f8fc07573e92f83a2e388003c17759ba,0.7101889338731444,cfd4b59d2bbb33f7368d65efaf7d6d2758586955deae64ce09e1318a3d7e9c55,2026-09-07T08:08:37.893401+00:00,1,0.789553930000011,True,5.0,3.1381259476916886e-08,1,0.566,NAA-GDP,0.006,0,5,3,s0_p5_NAA-GDP_l1_r3,c769d74613ae3570f9c17b34cb945979bab8810928db61e6cdcab9e24f04e4ef,5752036c9746b379b08f8d81e7c675cb73d756ef6978d23021e84add7e4a9e5d,,
0.7111111111111111,,2.036742712000091,988babfb79a4be0620cf47d259d4da35f8fc07573e92f83a2e388003c17759ba,0.7074898785425101,cfd4b59d2bbb33f7368d65efaf7d6d2758586955deae64ce09e1318a3d7e9c55,2026-09-07T08:08:41.145353+00:00,1,0.6785387310000033,True,8.0,4.160633536845936e-08,2,0.437,NAA-GDP,0.012,0,5,0,s0_p5_NAA-GDP_l2_r0,c769d74613ae3570f9c17b34cb945979bab8810928db61e6cdcab9e24f04e4ef,5752036c9746b379b08f8d81e7c675cb73d756ef6978d23021e84add7e4a9e5d,,
0.7222222222222222,,2.040141187999893,988babfb79a4be0620cf47d259d4da35f8fc07573e92f83a2e388003c17759ba,0.6958502024291497,cfd4b59d2bbb33f7368d65efaf7d6d2758586955deae64ce09e1318a3d7e9c55,2026-09-07T08:08:44.397018+00:00,1,0.6559024790000194,True,8.0,4.1141785057485055e-08,2,0.424,NAA-GDP,0.012,0,5,1,s0_p5_NAA-GDP_l2_r1,c769d74613ae3570f9c17b34cb945979bab8810928db61e6cdcab9e24f04e4ef,5752036c9746b379b08f8d81e7c675cb73d756ef6978d23021e84add7e4a9e5d,,
0.7,,2.036258554000028,988babfb79a4be0620cf47d259d4da35f8fc07573e92f83a2e388003c17759ba,0.691970310391363,cfd4b59d2bbb33f7368d65efaf7d6d2758586955deae64ce09e1318a3d7e9c55,2026-09-07T08:08:47.612133+00:00,1,0.5566706619999877,True,8.0,4.020079727321239e-08,2,0.447,NAA-GDP,0.012,0,5,2,s0_p5_NAA-GDP_l2_r2,c769d74613ae3570f9c17b34cb945979bab8810928db61e6cdcab9e24f04e4ef,5752036c9746b379b08f8d81e7c675cb73d756ef6978d23021e84add7e4a9e5d,,
0.6851851851851852,,2.0436451269999907,988babfb79a4be0620cf47d259d4da35f8fc07573e92f83a2e388003c17759ba,0.6874156545209177,cfd4b59d2bbb33f7368d65efaf7d6d2758586955deae64ce09e1318a3d7e9c55,2026-09-07T08:08:51.319422+00:00,1,0.6342454709999856,True,8.0,4.0877617800700924e-08,2,0.444,NAA-GDP,0.012,0,5,3,s0_p5_NAA-GDP_l2_r3,c769d74613ae3570f9c17b34cb945979bab8810928db61e6cdcab9e24f04e4ef,5752036c9746b379b08f8d81e7c675cb73d756ef6978d23021e84add7e4a9e5d,,
0.7111111111111111,,2.9473252889999912,988babfb79a4be0620cf47d259d4da35f8fc07573e92f83a2e388003c17759ba,0.6945006747638327,cfd4b59d2bbb33f7368d65efaf7d6d2758586955deae64ce09e1318a3d7e9c55,2026-09-07T08:08:55.412985+00:00,1,0.5554261089999954,True,13.0,3.376567884480077e-08,3,0.335,NAA-GDP,0.018,0,5,0,s0_p5_NAA-GDP_l3_r0,c769d74613ae3570f9c17b34cb945979bab8810928db61e6cdcab9e24f04e4ef,5752036c9746b379b08f8d81e7c675cb73d756ef6978d23021e84add7e4a9e5d,,
0.6925925925925925,,2.951915928000062,988babfb79a4be0620cf47d259d4da35f8fc07573e92f83a2e388003c17759ba,0.6843792172739541,cfd4b59d2bbb33f7368d65efaf7d6d2758586955deae64ce09e1318a3d7e9c55,2026-09-07T08:08:59.452790+00:00,1,0.549401376999981,True,13.0,3.282568451839441e-08,3,0.353,NAA-GDP,0.018,0,5,1,s0_p5_NAA-GDP_l3_r1,c769d74613ae3570f9c17b34cb945979bab8810928db61e6cdcab9e24f04e4ef,5752036c9746b379b08f8d81e7c675cb73d756ef6978d23021e84add7e4a9e5d,,
0.6814814814814815,,2.9589814039999283,988babfb79a4be0620cf47d259d4da35f8fc07573e92f83a2e388003c17759ba,0.6747638326585694,cfd4b59d2bbb33f7368d65efaf7d6d2758586955deae64ce09e1318a3d7e9c55,2026-09-07T08:09:03.630718+00:00,1,0.6717336699999805,True,13.0,3.317676451146984e-08,3,0.343,NAA-GDP,0.018,0,5,2,s0_p5_NAA-GDP_l3_r2,c769d74613ae3570f9c17b34cb945979bab8810928db61e6cdcab9e24f04e4ef,5752036c9746b379b08f8d81e7c675cb73d756ef6978d23021e84add7e4a9e5d,,
0.7037037037037037,,2.9574399709999852,988babfb79a4be0620cf47d259d4da35f8fc07573e92f83a2e388003c17759ba,0.6975371120107963,cfd4b59d2bbb33f7368d65efaf7d6d2758586955deae64ce09e1318a3d7e9c55,2026-09-07T08:09:07.863653+00:00,1,0.742694465999989,True,13.0,3.43509862804509e-08,3,0.268,NAA-GDP,0.018,0,5,3,s0_p5_NAA-GDP_l3_r3,c769d74613ae3570f9c17b34cb945979bab8810928db61e6cdcab9e24f04e4ef,5752036c9746b379b08f8d81e7c675cb73d756ef6978d23021e84add7e4a9e5d,,
0.6851851851851852,,4.629991799999971,988babfb79a4be0620cf47d259d4da35f8fc07573e92f83a2e388003c17759ba,0.6756072874493928,cfd4b59d2bbb33f7368d65efaf7d6d2758586955deae64ce09e1318a3d7e9c55,2026-09-07T08:09:14.177082+00:00,1,0.6199577190000127,True,22.0,6.50385861207537e-08,4,0.322,NAA-GDP,0.024,0,5,0,s0_p5_NAA-GDP_l4_r0,c769d74613ae3570f9c17b34cb945979bab8810928db61e6cdcab9e24f04e4ef,5752036c9746b379b08f8d81e7c675cb73d756ef6978d23021e84add7e4a9e5d,,
0.6888888888888889,,4.619655239000053,988babfb79a4be0620cf47d259d4da35f8fc07573e92f83a2e388003c17759ba,0.6717273954116059,cfd4b59d2bbb33f7368d65efaf7d6d2758586955deae64ce09e1318a3d7e9c55,2026-09-07T08:09:20.003452+00:00,1,0.6435438089999934,True,22.0,8.031352277794997e-08,4,0.255,NAA-GDP,0.024,0,5,1,s0_p5_NAA-GDP_l4_r1,c769d74613ae3570f9c17b34cb945979bab8810928db61e6cdcab9e24f04e4ef,5752036c9746b379b08f8d81e7c675cb73d756ef6978d23021e84add7e4a9e5d,,
0.6962962962962963,,4.614505762000022,988babfb79a4be0620cf47d259d4da35f8fc07573e92f83a2e388003c17759ba,0.6899460188933872,cfd4b59d2bbb33f7368d65efaf7d6d2758586955deae64ce09e1318a3d7e9c55,2026-09-07T08:09:25.776554+00:00,1,0.6016236560000152,True,22.0,7.620879673954459e-08,4,0.222,NAA-GDP,0.024,0,5,2,s0_p5_NAA-GDP_l4_r2,c769d74613ae3570f9c17b34cb945979bab8810928db61e6cdcab9e24f04e4ef,5752036c9746b379b08f8d81e7c675cb73d756ef6978d23021e84add7e4a9e5d,,
0.7111111111111111,,4.606368449999991,988babfb79a4be0620cf47d259d4da35f8fc07573e92f83a2e388003c17759ba,0.6992240215924427,cfd4b59d2bbb33f7368d65efaf7d6d2758586955deae64ce09e1318a3d7e9c55,2026-09-07T08:09:31.626479+00:00,1,0.6885765839999749,True,22.0,7.498978494333532e-08,4,0.273,NAA-GDP,0.024,0,5,3,s0_p5_NAA-GDP_l4_r3,c769d74613ae3570f9c17b34cb945979bab8810928db61e6cdcab9e24f04e4ef,5752036c9746b379b08f8d81e7c675cb73d756ef6978d23021e84add7e4a9e5d,,
0.6518518518518519,,10.23263384300003,988babfb79a4be0620cf47d259d4da35f8fc07573e92f83a2e388003c17759ba,0.6538461538461539,cfd4b59d2bbb33f7368d65efaf7d6d2758586955deae64ce09e1318a3d7e9c55,2026-09-07T08:09:42.922673+00:00,1,0.5286092390000476,True,52.0,8.462890330932188e-08,5,0.189,NAA-GDP,0.03,0,5,0,s0_p5_NAA-GDP_l5_r0,c769d74613ae3570f9c17b34cb945979bab8810928db61e6cdcab9e24f04e4ef,5752036c9746b379b08f8d81e7c675cb73d756ef6978d23021e84add7e4a9e5d,,
0.7074074074074074,,10.039133367999966,988babfb79a4be0620cf47d259d4da35f8fc07573e92f83a2e388003c17759ba,0.6995614035087719,cfd4b59d2bbb33f7368d65efaf7d6d2758586955deae64ce09e1318a3d7e9c55,2026-09-07T08:09:54.450350+00:00,1,0.4416453419999016,True,51.0,9.282876946752384e-08,5,0.28,NAA-GDP,0.03,0,5,1,s0_p5_NAA-GDP_l5_r1,c769d74613ae3570f9c17b34cb945979bab8810928db61e6cdcab9e24f04e4ef,5752036c9746b379b08f8d81e7c675cb73d756ef6978d23021e84add7e4a9e5d,,
0.6185185185185185,,11.147048307000091,988babfb79a4be0620cf47d259d4da35f8fc07573e92f83a2e388003c17759ba,0.6438933873144399,cfd4b59d2bbb33f7368d65efaf7d6d2758586955deae64ce09e1318a3d7e9c55,2026-09-07T08:10:06.576481+00:00,1,0.43556430099999943,True,57.0,8.361704500221758e-08,5,0.281,NAA-GDP,0.03,0,5,2,s0_p5_NAA-GDP_l5_r2,c769d74613ae3570f9c17b34cb945979bab8810928db61e6cdcab9e24f04e4ef,5752036c9746b379b08f8d81e7c675cb73d756ef6978d23021e84add7e4a9e5d,,
0.6518518518518519,,10.609908588000053,988babfb79a4be0620cf47d259d4da35f8fc07573e92f83a2e388003c17759ba,0.642037786774629,cfd4b59d2bbb33f7368d65efaf7d6d2758586955deae64ce09e1318a3d7e9c55,2026-09-07T08:10:18.420947+00:00,1,0.6648288439998851,True,54.0,8.788066933010554e-08,5,0.24,NAA-GDP,0.03,0,5,3,s0_p5_NAA-GDP_l5_r3,c769d74613ae3570f9c17b34cb945979bab8810928db61e6cdcab9e24f04e4ef,5752036c9746b379b08f8d81e7c675cb73d756ef6978d23021e84add7e4a9e5d,,
0.6592592592592592,,94.01470131699989,988babfb79a4be0620cf47d259d4da35f8fc07573e92f83a2e388003c17759ba,0.6614372469635628,cfd4b59d2bbb33f7368d65efaf7d6d2758586955deae64ce09e1318a3d7e9c55,2026-09-07T08:11:53.391790+00:00,1,0.4276091520000591,False,500.0,3.066622866269923e-05,6,0.253,NAA-GDP,0.036,0,5,0,s0_p5_NAA-GDP_l6_r0,c769d74613ae3570f9c17b34cb945979bab8810928db61e6cdcab9e24f04e4ef,5752036c9746b379b08f8d81e7c675cb73d756ef6978d23021e84add7e4a9e5d,,
0.6222222222222222,,93.86305671500008,988babfb79a4be0620cf47d259d4da35f8fc07573e92f83a2e388003c17759ba,0.6329284750337382,cfd4b59d2bbb33f7368d65efaf7d6d2758586955deae64ce09e1318a3d7e9c55,2026-09-07T08:13:28.202312+00:00,1,0.3962230180000006,False,500.0,0.002263172744772451,6,0.146,NAA-GDP,0.036,0,5,1,s0_p5_NAA-GDP_l6_r1,c769d74613ae3570f9c17b34cb945979bab8810928db61e6cdcab9e24f04e4ef,5752036c9746b379b08f8d81e7c675cb73d756ef6978d23021e84add7e4a9e5d,,
0.6370370370370371,,93.93629852000004,988babfb79a4be0620cf47d259d4da35f8fc07573e92f83a2e388003c17759ba,0.6469298245614035,cfd4b59d2bbb33f7368d65efaf7d6d2758586955deae64ce09e1318a3d7e9c55,2026-09-07T08:15:03.621030+00:00,1,0.4537604370000281,False,500.0,0.0012107877758183096,6,0.129,NAA-GDP,0.036,0,5,2,s0_p5_NAA-GDP_l6_r2,c769d74613ae3570f9c17b34cb945979bab8810928db61e6cdcab9e24f04e4ef,5752036c9746b379b08f8d81e7c675cb73d756ef6978d23021e84add7e4a9e5d,,
0.6481481481481481,,93.91577019500005,988babfb79a4be0620cf47d259d4da35f8fc07573e92f83a2e388003c17759ba,0.6577260458839407,cfd4b59d2bbb33f7368d65efaf7d6d2758586955deae64ce09e1318a3d7e9c55,2026-09-07T08:16:38.521898+00:00,1,0.4416505199999392,False,500.0,0.0056798802777270375,6,0.203,NAA-GDP,0.036,0,5,3,s0_p5_NAA-GDP_l6_r3,c769d74613ae3570f9c17b34cb945979bab8810928db61e6cdcab9e24f04e4ef,5752036c9746b379b08f8d81e7c675cb73d756ef6978d23021e84add7e4a9e5d,,
0.6074074074074074,,93.82551170500005,988babfb79a4be0620cf47d259d4da35f8fc07573e92f83a2e388003c17759ba,0.6153846153846154,cfd4b59d2bbb33f7368d65efaf7d6d2758586955deae64ce09e1318a3d7e9c55,2026-09-07T08:18:13.297214+00:00,1,0.39849176999996416,False,500.0,0.008532479581019287,7,0.139,NAA-GDP,0.042,0,5,0,s0_p5_NAA-GDP_l7_r0,c769d74613ae3570f9c17b34cb945979bab8810928db61e6cdcab9e24f04e4ef,5752036c9746b379b08f8d81e7c675cb73d756ef6978d23021e84add7e4a9e5d,,
0.6148148148148148,,93.81325354599994,988babfb79a4be0620cf47d259d4da35f8fc07573e92f83a2e388003c17759ba,0.6088056680161944,cfd4b59d2bbb33f7368d65efaf7d6d2758586955deae64ce09e1318a3d7e9c55,2026-09-07T08:19:48.063817+00:00,1,0.430930257,False,500.0,0.006612428102258873,7,0.123,NAA-GDP,0.042,0,5,1,s0_p5_NAA-GDP_l7_r1,c769d74613ae3570f9c17b34cb945979bab8810928db61e6cdcab9e24f04e4ef,5752036c9746b379b08f8d81e7c675cb73d756ef6978d23021e84add7e4a9e5d,,
0.6074074074074074,,93.81804338999996,988babfb79a4be0620cf47d259d4da35f8fc07573e92f83a2e388003c17759ba,0.5941295546558705,cfd4b59d2bbb33f7368d65efaf7d6d2758586955deae64ce09e1318a3d7e9c55,2026-09-07T08:21:22.760163+00:00,1,0.3551721879998695,False,500.0,0.009023064190210317,7,0.143,NAA-GDP,0.042,0,5,2,s0_p5_NAA-GDP_l7_r2,c769d74613ae3570f9c17b34cb945979bab8810928db61e6cdcab9e24f04e4ef,5752036c9746b379b08f8d81e7c675cb73d756ef6978d23021e84add7e4a9e5d,,
0.6148148148148148,,94.0446934659999,988babfb79a4be0620cf47d259d4da35f8fc07573e92f83a2e388003c17759ba,0.5981781376518218,cfd4b59d2bbb33f7368d65efaf7d6d2758586955deae64ce09e1318a3d7e9c55,2026-09-07T08:22:58.457175+00:00,1,0.6124248249998345,False,500.0,0.01129519354435346,7,0.198,NAA-GDP,0.042,0,5,3,s0_p5_NAA-GDP_l7_r3,c769d74613ae3570f9c17b34cb945979bab8810928db61e6cdcab9e24f04e4ef,5752036c9746b379b08f8d81e7c675cb73d756ef6978d23021e84add7e4a9e5d,,
0.6481481481481481,,94.02424161299996,988babfb79a4be0620cf47d259d4da35f8fc07573e92f83a2e388003c17759ba,0.6423751686909582,cfd4b59d2bbb33f7368d65efaf7d6d2758586955deae64ce09e1318a3d7e9c55,2026-09-07T08:24:33.473514+00:00,1,0.43036444200015467,False,500.0,0.012052406165000846,8,0.105,NAA-GDP,0.048,0,5,0,s0_p5_NAA-GDP_l8_r0,c769d74613ae3570f9c17b34cb945979bab8810928db61e6cdcab9e24f04e4ef,5752036c9746b379b08f8d81e7c675cb73d756ef6978d23021e84add7e4a9e5d,,
0.6185185185185185,,94.14578734799989,988babfb79a4be0620cf47d259d4da35f8fc07573e92f83a2e388003c17759ba,0.6002024291497976,cfd4b59d2bbb33f7368d65efaf7d6d2758586955deae64ce09e1318a3d7e9c55,2026-09-07T08:26:08.703703+00:00,1,0.5443091209999693,False,500.0,0.009742872492152695,8,0.165,NAA-GDP,0.048,0,5,1,s0_p5_NAA-GDP_l8_r1,c769d74613ae3570f9c17b34cb945979bab8810928db61e6cdcab9e24f04e4ef,5752036c9746b379b08f8d81e7c675cb73d756ef6978d23021e84add7e4a9e5d,,
0.6296296296296297,,94.21733242500022,988babfb79a4be0620cf47d259d4da35f8fc07573e92f83a2e388003c17759ba,0.6263495276653172,cfd4b59d2bbb33f7368d65efaf7d6d2758586955deae64ce09e1318a3d7e9c55,2026-09-07T08:27:43.868840+00:00,1,0.39763093400006255,False,500.0,0.009697088546411695,8,0.138,NAA-GDP,0.048,0,5,2,s0_p5_NAA-GDP_l8_r2,c769d74613ae3570f9c17b34cb945979bab8810928db61e6cdcab9e24f04e4ef,5752036c9746b379b08f8d81e7c675cb73d756ef6978d23021e84add7e4a9e5d,,
0.6370370370370371,,93.915956198,988babfb79a4be0620cf47d259d4da35f8fc07573e92f83a2e388003c17759ba,0.6209514170040487,cfd4b59d2bbb33f7368d65efaf7d6d2758586955deae64ce09e1318a3d7e9c55,2026-09-07T08:29:18.726727+00:00,1,0.40984795599979407,False,500.0,0.006994936875276763,8,0.139,NAA-GDP,0.048,0,5,3,s0_p5_NAA-GDP_l8_r3,c769d74613ae3570f9c17b34cb945979bab8810928db61e6cdcab9e24f04e4ef,5752036c9746b379b08f8d81e7c675cb73d756ef6978d23021e84add7e4a9e5d,,
0.6148148148148148,,94.25542300500001,988babfb79a4be0620cf47d259d4da35f8fc07573e92f83a2e388003c17759ba,0.6029014844804319,cfd4b59d2bbb33f7368d65efaf7d6d2758586955deae64ce09e1318a3d7e9c55,2026-09-07T08:30:54.530624+00:00,1,0.4776815879999958,False,500.0,0.012599167883234752,9,0.159,NAA-GDP,0.054,0,5,0,s0_p5_NAA-GDP_l9_r0,c769d74613ae3570f9c17b34cb945979bab8810928db61e6cdcab9e24f04e4ef,5752036c9746b379b08f8d81e7c675cb73d756ef6978d23021e84add7e4a9e5d,,
0.6259259259259259,,94.11283700600006,988babfb79a4be0620cf47d259d4da35f8fc07573e92f83a2e388003c17759ba,0.6125168690958165,cfd4b59d2bbb33f7368d65efaf7d6d2758586955deae64ce09e1318a3d7e9c55,2026-09-07T08:32:29.799400+00:00,1,0.5516083120000985,False,500.0,0.014784394135619409,9,0.118,NAA-GDP,0.054,0,5,1,s0_p5_NAA-GDP_l9_r1,c769d74613ae3570f9c17b34cb945979bab8810928db61e6cdcab9e24f04e4ef,5752036c9746b379b08f8d81e7c675cb73d756ef6978d23021e84add7e4a9e5d,,
0.5851851851851851,,94.15455793000001,988babfb79a4be0620cf47d259d4da35f8fc07573e92f83a2e388003c17759ba,0.5748987854251013,cfd4b59d2bbb33f7368d65efaf7d6d2758586955deae64ce09e1318a3d7e9c55,2026-09-07T08:34:04.859265+00:00,1,0.37371839399975215,False,500.0,0.010315077191855754,9,0.115,NAA-GDP,0.054,0,5,2,s0_p5_NAA-GDP_l9_r2,c769d74613ae3570f9c17b34cb945979bab8810928db61e6cdcab9e24f04e4ef,5752036c9746b379b08f8d81e7c675cb73d756ef6978d23021e84add7e4a9e5d,,
0.6666666666666666,,94.0441791899998,988babfb79a4be0620cf47d259d4da35f8fc07573e92f83a2e388003c17759ba,0.6454116059379218,cfd4b59d2bbb33f7368d65efaf7d6d2758586955deae64ce09e1318a3d7e9c55,2026-09-07T08:35:39.948601+00:00,1,0.494411780000064,False,500.0,0.014801464680949464,9,0.139,NAA-GDP,0.054,0,5,3,s0_p5_NAA-GDP_l9_r3,c769d74613ae3570f9c17b34cb945979bab8810928db61e6cdcab9e24f04e4ef,5752036c9746b379b08f8d81e7c675cb73d756ef6978d23021e84add7e4a9e5d,,
0.6923076923076923,,0.0,988babfb79a4be0620cf47d259d4da35f8fc07573e92f83a2e388003c17759ba,0.6994536446314646,385efa3ec2ef5ea6f851e34fec6c17472035673856bd941cb3224224d0bd45bd,2026-09-07T08:42:37.348470+00:00,1,0.7865150689999609,,,,0,0.634,AA-GDP,0.0,1,5,0,s1_p5_AA-GDP_l0_r0,c769d74613ae3570f9c17b34cb945979bab8810928db61e6cdcab9e24f04e4ef,5752036c9746b379b08f8d81e7c675cb73d756ef6978d23021e84add7e4a9e5d,,
0.5270655270655271,,0.0,988babfb79a4be0620cf47d259d4da35f8fc07573e92f83a2e388003c17759ba,0.48958191937016426,385efa3ec2ef5ea6f851e34fec6c17472035673856bd941cb3224224d0bd45bd,2026-09-07T09:17:02.629092+00:00,1,0.681412676999571,,,,10,0.134,C-GDP-private-noise,3.0,1,5,0,s1_p5_C-GDP-private-noise_l10_r0,c769d74613ae3570f9c17b34cb945979bab8810928db61e6cdcab9e24f04e4ef,5752036c9746b379b08f8d81e7c675cb73d756ef6978d23021e84add7e4a9e5d,,
0.5470085470085471,,0.0,988babfb79a4be0620cf47d259d4da35f8fc07573e92f83a2e388003c17759ba,0.5184776706936338,385efa3ec2ef5ea6f851e34fec6c17472035673856bd941cb3224224d0bd45bd,2026-09-07T09:17:03.252164+00:00,1,0.4884705570002552,,,,10,0.108,C-GDP-private-noise,3.0,1,5,1,s1_p5_C-GDP-private-noise_l10_r1,c769d74613ae3570f9c17b34cb945979bab8810928db61e6cdcab9e24f04e4ef,5752036c9746b379b08f8d81e7c675cb73d756ef6978d23021e84add7e4a9e5d,,
0.603988603988604,,0.0,988babfb79a4be0620cf47d259d4da35f8fc07573e92f83a2e388003c17759ba,0.5396362155558572,385efa3ec2ef5ea6f851e34fec6c17472035673856bd941cb3224224d0bd45bd,2026-09-07T09:17:03.861102+00:00,1,0.4539421589997801,,,,10,0.11,C-GDP-private-noise,3.0,1,5,2,s1_p5_C-GDP-private-noise_l10_r2,c769d74613ae3570f9c17b34cb945979bab8810928db61e6cdcab9e24f04e4ef,5752036c9746b379b08f8d81e7c675cb73d756ef6978d23021e84add7e4a9e5d,,
0.5641025641025641,,0.0,988babfb79a4be0620cf47d259d4da35f8fc07573e92f83a2e388003c17759ba,0.5313899823537396,385efa3ec2ef5ea6f851e34fec6c17472035673856bd941cb3224224d0bd45bd,2026-09-07T09:17:05.300137+00:00,1,0.5414604930001587,,,,10,0.107,C-GDP-private-noise,3.0,1,5,3,s1_p5_C-GDP-private-noise_l10_r3,c769d74613ae3570f9c17b34cb945979bab8810928db61e6cdcab9e24f04e4ef,5752036c9746b379b08f8d81e7c675cb73d756ef6978d23021e84add7e4a9e5d,,
0.6837606837606838,,0.0,988babfb79a4be0620cf47d259d4da35f8fc07573e92f83a2e388003c17759ba,0.6700828016831817,385efa3ec2ef5ea6f851e34fec6c17472035673856bd941cb3224224d0bd45bd,2026-09-07T09:16:29.678517+00:00,1,0.9453723609994995,,,,1,0.544,C-GDP-private-noise,0.3,1,5,0,s1_p5_C-GDP-private-noise_l1_r0,c769d74613ae3570f9c17b34cb945979bab8810928db61e6cdcab9e24f04e4ef,5752036c9746b379b08f8d81e7c675cb73d756ef6978d23021e84add7e4a9e5d,,
0.6609686609686609,,0.0,988babfb79a4be0620cf47d259d4da35f8fc07573e92f83a2e388003c17759ba,0.6574080358354826,385efa3ec2ef5ea6f851e34fec6c17472035673856bd941cb3224224d0bd45bd,2026-09-07T09:16:30.613666+00:00,1,0.7872039419999055,,,,1,0.519,C-GDP-private-noise,0.3,1,5,1,s1_p5_C-GDP-private-noise_l1_r1,c769d74613ae3570f9c17b34cb945979bab8810928db61e6cdcab9e24f04e4ef,5752036c9746b379b08f8d81e7c675cb73d756ef6978d23021e84add7e4a9e5d,,
0.6752136752136753,,0.0,988babfb79a4be0620cf47d259d4da35f8fc07573e92f83a2e388003c17759ba,0.677870910818515,385efa3ec2ef5ea6f851e34fec6c17472035673856bd941cb3224224d0bd45bd,2026-09-07T09:16:31.834191+00:00,1,1.0750570970003537,,,,1,0.528,C-GDP-private-noise,0.3,1,5,2,s1_p5_C-GDP-private-noise_l1_r2,c769d74613ae3570f9c17b34cb945979bab8810928db61e6cdcab9e24f04e4ef,5752036c9746b379b08f8d81e7c675cb73d756ef6978d23021e84add7e4a9e5d,,
0.6752136752136753,,0.0,988babfb79a4be0620cf47d259d4da35f8fc07573e92f83a2e388003c17759ba,0.6766322790823944,385efa3ec2ef5ea6f851e34fec6c17472035673856bd941cb3224224d0bd45bd,2026-09-07T09:16:32.822276+00:00,1,0.8626508099996499,,,,1,0.516,C-GDP-private-noise,0.3,1,5,3,s1_p5_C-GDP-private-noise_l1_r3,c769d74613ae3570f9c17b34cb945979bab8810928db61e6cdcab9e24f04e4ef,5752036c9746b379b08f8d81e7c675cb73d756ef6978d23021e84add7e4a9e5d,,
0.6324786324786325,,0.0,988babfb79a4be0620cf47d259d4da35f8fc07573e92f83a2e388003c17759ba,0.5830392289941632,385efa3ec2ef5ea6f851e34fec6c17472035673856bd941cb3224224d0bd45bd,2026-09-07T09:16:34.527776+00:00,1,0.8467880230000446,,,,2,0.335,C-GDP-private-noise,0.6,1,5,0,s1_p5_C-GDP-private-noise_l2_r0,c769d74613ae3570f9c17b34cb945979bab8810928db61e6cdcab9e24f04e4ef,5752036c9746b379b08f8d81e7c675cb73d756ef6978d23021e84add7e4a9e5d,,
0.6239316239316239,,0.0,988babfb79a4be0620cf47d259d4da35f8fc07573e92f83a2e388003c17759ba,0.6044522872268223,385efa3ec2ef5ea6f851e34fec6c17472035673856bd941cb3224224d0bd45bd,2026-09-07T09:16:35.471058+00:00,1,0.7908313469997665,,,,2,0.344,C-GDP-private-noise,0.6,1,5,1,s1_p5_C-GDP-private-noise_l2_r1,c769d74613ae3570f9c17b34cb945979bab8810928db61e6cdcab9e24f04e4ef,5752036c9746b379b08f8d81e7c675cb73d756ef6978d23021e84add7e4a9e5d,,
0.6153846153846154,,0.0,988babfb79a4be0620cf47d259d4da35f8fc07573e92f83a2e388003c17759ba,0.6072858694176735,385efa3ec2ef5ea6f851e34fec6c17472035673856bd941cb3224224d0bd45bd,2026-09-07T09:16:36.339286+00:00,1,0.7259578590001183,,,,2,0.399,C-GDP-private-noise,0.6,1,5,2,s1_p5_C-GDP-private-noise_l2_r2,c769d74613ae3570f9c17b34cb945979bab8810928db61e6cdcab9e24f04e4ef,5752036c9746b379b08f8d81e7c675cb73d756ef6978d23021e84add7e4a9e5d,,
0.7037037037037037,,0.0,988babfb79a4be0620cf47d259d4da35f8fc07573e92f83a2e388003c17759ba,0.6828763404370843,385efa3ec2ef5ea6f851e34fec6c17472035673856bd941cb3224224d0bd45bd,2026-09-07T09:16:37.337223+00:00,1,0.8649247189996458,,,,2,0.326,C-GDP-private-noise,0.6,1,5,3,s1_p5_C-GDP-private-noise_l2_r3,c769d74613ae3570f9c17b34cb945979bab8810928db61e6cdcab9e24f04e4ef,5752036c9746b379b08f8d81e7c675cb73d756ef6978d23021e84add7e4a9e5d,,
0.6381766381766382,,0.0,988babfb79a4be0620cf47d259d4da35f8fc07573e92f83a2e388003c17759ba,0.6174833717931315,385efa3ec2ef5ea6f851e34fec6c17472035673856bd941cb3224224d0bd45bd,2026-09-07T09:16:38.112684+00:00,1,0.6377946880002128,,,,3,0.322,C-GDP-private-noise,0.9,1,5,0,s1_p5_C-GDP-private-noise_l3_r0,c769d74613ae3570f9c17b34cb945979bab8810928db61e6cdcab9e24f04e4ef,5752036c9746b379b08f8d81e7c675cb73d756ef6978d23021e84add7e4a9e5d,,
0.5982905982905983,,0.0,988babfb79a4be0620cf47d259d4da35f8fc07573e92f83a2e388003c17759ba,0.5683622912990363,385efa3ec2ef5ea6f851e34fec6c17472035673856bd941cb3224224d0bd45bd,2026-09-07T09:16:39.712922+00:00,1,0.7278735729996697,,,,3,0.23,C-GDP-private-noise,0.9,1,5,1,s1_p5_C-GDP-private-noise_l3_r1,c769d74613ae3570f9c17b34cb945979bab8810928db61e6cdcab9e24f04e4ef,5752036c9746b379b08f8d81e7c675cb73d756ef6978d23021e84add7e4a9e5d,,
0.5783475783475783,,0.0,988babfb79a4be0620cf47d259d4da35f8fc07573e92f83a2e388003c17759ba,0.5716709651147007,385efa3ec2ef5ea6f851e34fec6c17472035673856bd941cb3224224d0bd45bd,2026-09-07T09:16:40.660961+00:00,1,0.8012961920003363,,,,3,0.319,C-GDP-private-noise,0.9,1,5,2,s1_p5_C-GDP-private-noise_l3_r2,c769d74613ae3570f9c17b34cb945979bab8810928db61e6cdcab9e24f04e4ef,5752036c9746b379b08f8d81e7c675cb73d756ef6978d23021e84add7e4a9e5d,,
0.6381766381766382,,0.0,988babfb79a4be0620cf47d259d4da35f8fc07573e92f83a2e388003c17759ba,0.6236765304737342,385efa3ec2ef5ea6f851e34fec6c17472035673856bd941cb3224224d0bd45bd,2026-09-07T09:16:41.525264+00:00,1,0.7285147649999999,,,,3,0.278,C-GDP-private-noise,0.9,1,5,3,s1_p5_C-GDP-private-noise_l3_r3,c769d74613ae3570f9c17b34cb945979bab8810928db61e6cdcab9e24f04e4ef,5752036c9746b379b08f8d81e7c675cb73d756ef6978d23021e84add7e4a9e5d,,
0.6381766381766382,,0.0,988babfb79a4be0620cf47d259d4da35f8fc07573e92f83a2e388003c17759ba,0.600142527487444,385efa3ec2ef5ea6f851e34fec6c17472035673856bd941cb3224224d0bd45bd,2026-09-07T09:16:42.193303+00:00,1,0.5269912280000426,,,,4,0.234,C-GDP-private-noise,1.2,1,5,0,s1_p5_C-GDP-private-noise_l4_r0,c769d74613ae3570f9c17b34cb945979bab8810928db61e6cdcab9e24f04e4ef,5752036c9746b379b08f8d81e7c675cb73d756ef6978d23021e84add7e4a9e5d,,
0.584045584045584,,0.0,988babfb79a4be0620cf47d259d4da35f8fc07573e92f83a2e388003c17759ba,0.5788652097190172,385efa3ec2ef5ea6f851e34fec6c17472035673856bd941cb3224224d0bd45bd,2026-09-07T09:16:43.053152+00:00,1,0.7163938889998462,,,,4,0.167,C-GDP-private-noise,1.2,1,5,1,s1_p5_C-GDP-private-noise_l4_r1,c769d74613ae3570f9c17b34cb945979bab8810928db61e6cdcab9e24f04e4ef,5752036c9746b379b08f8d81e7c675cb73d756ef6978d23021e84add7e4a9e5d,,
0.6210826210826211,,0.0,988babfb79a4be0620cf47d259d4da35f8fc07573e92f83a2e388003c17759ba,0.6020937966607847,385efa3ec2ef5ea6f851e34fec6c17472035673856bd941cb3224224d0bd45bd,2026-09-07T09:16:44.676029+00:00,1,0.7194939390001309,,,,4,0.159,C-GDP-private-noise,1.2,1,5,2,s1_p5_C-GDP-private-noise_l4_r2,c769d74613ae3570f9c17b34cb945979bab8810928db61e6cdcab9e24f04e4ef,5752036c9746b379b08f8d81e7c675cb73d756ef6978d23021e84add7e4a9e5d,,
0.6210826210826211,,0.0,988babfb79a4be0620cf47d259d4da35f8fc07573e92f83a2e388003c17759ba,0.5884688475634586,385efa3ec2ef5ea6f851e34fec6c17472035673856bd941cb3224224d0bd45bd,2026-09-07T09:16:45.425741+00:00,1,0.5961547779998,,,,4,0.191,C-GDP-private-noise,1.2,1,5,3,s1_p5_C-GDP-private-noise_l4_r3,c769d74613ae3570f9c17b34cb945979bab8810928db61e6cdcab9e24f04e4ef,5752036c9746b379b08f8d81e7c675cb73d756ef6978d23021e84add7e4a9e5d,,
0.5726495726495726,,0.0,988babfb79a4be0620cf47d259d4da35f8fc07573e92f83a2e388003c17759ba,0.5508517714130583,385efa3ec2ef5ea6f851e34fec6c17472035673856bd941cb3224224d0bd45bd,2026-09-07T09:16:46.185893+00:00,1,0.626687535000201,,,,5,0.188,C-GDP-private-noise,1.5,1,5,0,s1_p5_C-GDP-private-noise_l5_r0,c769d74613ae3570f9c17b34cb945979bab8810928db61e6cdcab9e24f04e4ef,5752036c9746b379b08f8d81e7c675cb73d756ef6978d23021e84add7e4a9e5d,,
0.6182336182336182,,0.0,988babfb79a4be0620cf47d259d4da35f8fc07573e92f83a2e388003c17759ba,0.5799171983168183,385efa3ec2ef5ea6f851e34fec6c17472035673856bd941cb3224224d0bd45bd,2026-09-07T09:16:46.824037+00:00,1,0.49649381800008996,,,,5,0.173,C-GDP-private-noise,1.5,1,5,1,s1_p5_C-GDP-private-noise_l5_r1,c769d74613ae3570f9c17b34cb945979bab8810928db61e6cdcab9e24f04e4ef,5752036c9746b379b08f8d81e7c675cb73d756ef6978d23021e84add7e4a9e5d,,
0.5754985754985755,,0.0,988babfb79a4be0620cf47d259d4da35f8fc07573e92f83a2e388003c17759ba,0.5371080494095289,385efa3ec2ef5ea6f851e34fec6c17472035673856bd941cb3224224d0bd45bd,2026-09-07T09:16:47.538233+00:00,1,0.577812098999857,,,,5,0.183,C-GDP-private-noise,1.5,1,5,2,s1_p5_C-GDP-private-noise_l5_r2,c769d74613ae3570f9c17b34cb945979bab8810928db61e6cdcab9e24f04e4ef,5752036c9746b379b08f8d81e7c675cb73d756ef6978d23021e84add7e4a9e5d,,
0.5726495726495726,,0.0,988babfb79a4be0620cf47d259d4da35f8fc07573e92f83a2e388003c17759ba,0.5372268223157323,385efa3ec2ef5ea6f851e34fec6c17472035673856bd941cb3224224d0bd45bd,2026-09-07T09:16:48.943407+00:00,1,0.48047537000002194,,,,5,0.154,C-GDP-private-noise,1.5,1,5,3,s1_p5_C-GDP-private-noise_l5_r3,c769d74613ae3570f9c17b34cb945979bab8810928db61e6cdcab9e24f04e4ef,5752036c9746b379b08f8d81e7c675cb73d756ef6978d23021e84add7e4a9e5d,,
0.5754985754985755,,0.0,988babfb79a4be0620cf47d259d4da35f8fc07573e92f83a2e388003c17759ba,0.5470171032984933,385efa3ec2ef5ea6f851e34fec6c17472035673856bd941cb3224224d0bd45bd,2026-09-07T09:16:49.695958+00:00,1,0.5934405499992863,,,,6,0.132,C-GDP-private-noise,1.8,1,5,0,s1_p5_C-GDP-private-noise_l6_r0,c769d74613ae3570f9c17b34cb945979bab8810928db61e6cdcab9e24f04e4ef,5752036c9746b379b08f8d81e7c675cb73d756ef6978d23021e84add7e4a9e5d,,
0.5982905982905983,,0.0,988babfb79a4be0620cf47d259d4da35f8fc07573e92f83a2e388003c17759ba,0.5646463960906746,385efa3ec2ef5ea6f851e34fec6c17472035673856bd941cb3224224d0bd45bd,2026-09-07T09:16:50.315464+00:00,1,0.48721085700071853,,,,6,0.161,C-GDP-private-noise,1.8,1,5,1,s1_p5_C-GDP-private-noise_l6_r1,c769d74613ae3570f9c17b34cb945979bab8810928db61e6cdcab9e24f04e4ef,5752036c9746b379b08f8d81e7c675cb73d756ef6978d23021e84add7e4a9e5d,,
0.5698005698005698,,0.0,988babfb79a4be0620cf47d259d4da35f8fc07573e92f83a2e388003c17759ba,0.5484932808470204,385efa3ec2ef5ea6f851e34fec6c17472035673856bd941cb3224224d0bd45bd,2026-09-07T09:16:50.924059+00:00,1,0.4632993000004717,,,,6,0.122,C-GDP-private-noise,1.8,1,5,2,s1_p5_C-GDP-private-noise_l6_r2,c769d74613ae3570f9c17b34cb945979bab8810928db61e6cdcab9e24f04e4ef,5752036c9746b379b08f8d81e7c675cb73d756ef6978d23021e84add7e4a9e5d,,
0.5470085470085471,,0.0,988babfb79a4be0620cf47d259d4da35f8fc07573e92f83a2e388003c17759ba,0.4998981946518257,385efa3ec2ef5ea6f851e34fec6c17472035673856bd941cb3224224d0bd45bd,2026-09-07T09:16:51.625877+00:00,1,0.560551358000339,,,,6,0.141,C-GDP-private-noise,1.8,1,5,3,s1_p5_C-GDP-private-noise_l6_r3,c769d74613ae3570f9c17b34cb945979bab8810928db61e6cdcab9e24f04e4ef,5752036c9746b379b08f8d81e7c675cb73d756ef6978d23021e84add7e4a9e5d,,
0.6096866096866097,,0.0,988babfb79a4be0620cf47d259d4da35f8fc07573e92f83a2e388003c17759ba,0.5666485679381024,385efa3ec2ef5ea6f851e34fec6c17472035673856bd941cb3224224d0bd45bd,2026-09-07T09:16:53.025487+00:00,1,0.5112517670004308,,,,7,0.132,C-GDP-private-noise,2.1,1,5,0,s1_p5_C-GDP-private-noise_l7_r0,c769d74613ae3570f9c17b34cb945979bab8810928db61e6cdcab9e24f04e4ef,5752036c9746b379b08f8d81e7c675cb73d756ef6978d23021e84add7e4a9e5d,,
0.5954415954415955,,0.0,988babfb79a4be0620cf47d259d4da35f8fc07573e92f83a2e388003c17759ba,0.5870605402470477,385efa3ec2ef5ea6f851e34fec6c17472035673856bd941cb3224224d0bd45bd,2026-09-07T09:16:53.680709+00:00,1,0.502474097999766,,,,7,0.143,C-GDP-private-noise,2.1,1,5,1,s1_p5_C-GDP-private-noise_l7_r1,c769d74613ae3570f9c17b34cb945979bab8810928db61e6cdcab9e24f04e4ef,5752036c9746b379b08f8d81e7c675cb73d756ef6978d23021e84add7e4a9e5d,,
0.5384615384615384,,0.0,988babfb79a4be0620cf47d259d4da35f8fc07573e92f83a2e388003c17759ba,0.5163567259400027,385efa3ec2ef5ea6f851e34fec6c17472035673856bd941cb3224224d0bd45bd,2026-09-07T09:16:54.458352+00:00,1,0.6349934509999002,,,,7,0.136,C-GDP-private-noise,2.1,1,5,2,s1_p5_C-GDP-private-noise_l7_r2,c769d74613ae3570f9c17b34cb945979bab8810928db61e6cdcab9e24f04e4ef,5752036c9746b379b08f8d81e7c675cb73d756ef6978d23021e84add7e4a9e5d,,
0.5498575498575499,,0.0,988babfb79a4be0620cf47d259d4da35f8fc07573e92f83a2e388003c17759ba,0.5319838468847564,385efa3ec2ef5ea6f851e34fec6c17472035673856bd941cb3224224d0bd45bd,2026-09-07T09:16:55.284122+00:00,1,0.6602290860000721,,,,7,0.124,C-GDP-private-noise,2.1,1,5,3,s1_p5_C-GDP-private-noise_l7_r3,c769d74613ae3570f9c17b34cb945979bab8810928db61e6cdcab9e24f04e4ef,5752036c9746b379b08f8d81e7c675cb73d756ef6978d23021e84add7e4a9e5d,,
0.5868945868945868,,0.0,988babfb79a4be0620cf47d259d4da35f8fc07573e92f83a2e388003c17759ba,0.5614055925071264,385efa3ec2ef5ea6f851e34fec6c17472035673856bd941cb3224224d0bd45bd,2026-09-07T09:16:55.955819+00:00,1,0.5091033710004922,,,,8,0.104,C-GDP-private-noise,2.4,1,5,0,s1_p5_C-GDP-private-noise_l8_r0,c769d74613ae3570f9c17b34cb945979bab8810928db61e6cdcab9e24f04e4ef,5752036c9746b379b08f8d81e7c675cb73d756ef6978d23021e84add7e4a9e5d,,
0.6153846153846154,,0.0,988babfb79a4be0620cf47d259d4da35f8fc07573e92f83a2e388003c17759ba,0.5317293335143206,385efa3ec2ef5ea6f851e34fec6c17472035673856bd941cb3224224d0bd45bd,2026-09-07T09:16:57.356497+00:00,1,0.45769396600007894,,,,8,0.137,C-GDP-private-noise,2.4,1,5,1,s1_p5_C-GDP-private-noise_l8_r1,c769d74613ae3570f9c17b34cb945979bab8810928db61e6cdcab9e24f04e4ef,5752036c9746b379b08f8d81e7c675cb73d756ef6978d23021e84add7e4a9e5d,,
0.5413105413105413,,0.0,988babfb79a4be0620cf47d259d4da35f8fc07573e92f83a2e388003c17759ba,0.5162379530337994,385efa3ec2ef5ea6f851e34fec6c17472035673856bd941cb3224224d0bd45bd,2026-09-07T09:16:58.002617+00:00,1,0.4890079529996001,,,,8,0.098,C-GDP-private-noise,2.4,1,5,2,s1_p5_C-GDP-private-noise_l8_r2,c769d74613ae3570f9c17b34cb945979bab8810928db61e6cdcab9e24f04e4ef,5752036c9746b379b08f8d81e7c675cb73d756ef6978d23021e84add7e4a9e5d,,
0.5498575498575499,,0.0,988babfb79a4be0620cf47d259d4da35f8fc07573e92f83a2e388003c17759ba,0.5245520564680332,385efa3ec2ef5ea6f851e34fec6c17472035673856bd941cb3224224d0bd45bd,2026-09-07T09:16:58.621303+00:00,1,0.48063267999987147,,,,8,0.113,C-GDP-private-noise,2.4,1,5,3,s1_p5_C-GDP-private-noise_l8_r3,c769d74613ae3570f9c17b34cb945979bab8810928db61e6cdcab9e24f04e4ef,5752036c9746b379b08f8d81e7c675cb73d756ef6978d23021e84add7e4a9e5d,,
0.6182336182336182,,0.0,988babfb79a4be0620cf47d259d4da35f8fc07573e92f83a2e388003c17759ba,0.5588604588027691,385efa3ec2ef5ea6f851e34fec6c17472035673856bd941cb3224224d0bd45bd,2026-09-07T09:16:59.196058+00:00,1,0.4289025259995469,,,,9,0.123,C-GDP-private-noise,2.7,1,5,0,s1_p5_C-GDP-private-noise_l9_r0,c769d74613ae3570f9c17b34cb945979bab8810928db61e6cdcab9e24f04e4ef,5752036c9746b379b08f8d81e7c675cb73d756ef6978d23021e84add7e4a9e5d,,
0.6096866096866097,,0.0,988babfb79a4be0620cf47d259d4da35f8fc07573e92f83a2e388003c17759ba,0.5393986697434505,385efa3ec2ef5ea6f851e34fec6c17472035673856bd941cb3224224d0bd45bd,2026-09-07T09:16:59.799556+00:00,1,0.4489068329994552,,,,9,0.139,C-GDP-private-noise,2.7,1,5,1,s1_p5_C-GDP-private-noise_l9_r1,c769d74613ae3570f9c17b34cb945979bab8810928db61e6cdcab9e24f04e4ef,5752036c9746b379b08f8d81e7c675cb73d756ef6978d23021e84add7e4a9e5d,,
0.5868945868945868,,0.0,988babfb79a4be0620cf47d259d4da35f8fc07573e92f83a2e388003c17759ba,0.5415874847291977,385efa3ec2ef5ea6f851e34fec6c17472035673856bd941cb3224224d0bd45bd,2026-09-07T09:17:01.165095+00:00,1,0.47977396399983263,,,,9,0.099,C-GDP-private-noise,2.7,1,5,2,s1_p5_C-GDP-private-noise_l9_r2,c769d74613ae3570f9c17b34cb945979bab8810928db61e6cdcab9e24f04e4ef,5752036c9746b379b08f8d81e7c675cb73d756ef6978d23021e84add7e4a9e5d,,
0.5014245014245015,,0.0,988babfb79a4be0620cf47d259d4da35f8fc07573e92f83a2e388003c17759ba,0.48569634858151217,385efa3ec2ef5ea6f851e34fec6c17472035673856bd941cb3224224d0bd45bd,2026-09-07T09:17:01.813989+00:00,1,0.49569358400003694,,,,9,0.154,C-GDP-private-noise,2.7,1,5,3,s1_p5_C-GDP-private-noise_l9_r3,c769d74613ae3570f9c17b34cb945979bab8810928db61e6cdcab9e24f04e4ef,5752036c9746b379b08f8d81e7c675cb73d756ef6978d23021e84add7e4a9e5d,,
0.6923076923076923,,0.0,988babfb79a4be0620cf47d259d4da35f8fc07573e92f83a2e388003c17759ba,0.6994536446314646,385efa3ec2ef5ea6f851e34fec6c17472035673856bd941cb3224224d0bd45bd,2026-09-07T08:42:35.035353+00:00,1,0.7967932290002864,,,,0,0.634,C-GDP,0.0,1,5,0,s1_p5_C-GDP_l0_r0,c769d74613ae3570f9c17b34cb945979bab8810928db61e6cdcab9e24f04e4ef,5752036c9746b379b08f8d81e7c675cb73d756ef6978d23021e84add7e4a9e5d,,
0.5783475783475783,,0.0,988babfb79a4be0620cf47d259d4da35f8fc07573e92f83a2e388003c17759ba,0.5345120130310845,385efa3ec2ef5ea6f851e34fec6c17472035673856bd941cb3224224d0bd45bd,2026-09-07T08:42:35.854119+00:00,1,0.7837071600001764,,,,0,,I-GDP,0.0,1,5,0,s1_p5_I-GDP_l0_r0,c769d74613ae3570f9c17b34cb945979bab8810928db61e6cdcab9e24f04e4ef,5752036c9746b379b08f8d81e7c675cb73d756ef6978d23021e84add7e4a9e5d,,
0.603988603988604,,0.0,988babfb79a4be0620cf47d259d4da35f8fc07573e92f83a2e388003c17759ba,0.5544997963893037,385efa3ec2ef5ea6f851e34fec6c17472035673856bd941cb3224224d0bd45bd,2026-09-07T08:42:33.512116+00:00,0,0.8357765739997376,,,,0,,Local-only,0.0,1,5,0,s1_p5_Local-only_l0_r0,c769d74613ae3570f9c17b34cb945979bab8810928db61e6cdcab9e24f04e4ef,5752036c9746b379b08f8d81e7c675cb73d756ef6978d23021e84add7e4a9e5d,,5.0
0.603988603988604,,94.33756788000028,988babfb79a4be0620cf47d259d4da35f8fc07573e92f83a2e388003c17759ba,0.5904201167367993,385efa3ec2ef5ea6f851e34fec6c17472035673856bd941cb3224224d0bd45bd,2026-09-07T09:11:40.442785+00:00,1,0.9206838170002811,False,500.0,0.01058208478617093,10,0.123,NAA-GDP,0.06,1,5,0,s1_p5_NAA-GDP_l10_r0,c769d74613ae3570f9c17b34cb945979bab8810928db61e6cdcab9e24f04e4ef,5752036c9746b379b08f8d81e7c675cb73d756ef6978d23021e84add7e4a9e5d,,
0.6125356125356125,,94.44905662100064,988babfb79a4be0620cf47d259d4da35f8fc07573e92f83a2e388003c17759ba,0.5739615854486222,385efa3ec2ef5ea6f851e34fec6c17472035673856bd941cb3224224d0bd45bd,2026-09-07T09:13:16.559832+00:00,1,1.107184198000141,False,500.0,0.010654691401119316,10,0.116,NAA-GDP,0.06,1,5,1,s1_p5_NAA-GDP_l10_r1,c769d74613ae3570f9c17b34cb945979bab8810928db61e6cdcab9e24f04e4ef,5752036c9746b379b08f8d81e7c675cb73d756ef6978d23021e84add7e4a9e5d,,
0.6011396011396012,,94.29870322700026,988babfb79a4be0620cf47d259d4da35f8fc07573e92f83a2e388003c17759ba,0.5843457309623998,385efa3ec2ef5ea6f851e34fec6c17472035673856bd941cb3224224d0bd45bd,2026-09-07T09:14:52.487528+00:00,1,1.088053509999554,False,500.0,0.005517676496896939,10,0.161,NAA-GDP,0.06,1,5,2,s1_p5_NAA-GDP_l10_r2,c769d74613ae3570f9c17b34cb945979bab8810928db61e6cdcab9e24f04e4ef,5752036c9746b379b08f8d81e7c675cb73d756ef6978d23021e84add7e4a9e5d,,
0.6324786324786325,,94.05033055999957,988babfb79a4be0620cf47d259d4da35f8fc07573e92f83a2e388003c17759ba,0.5743688068413194,385efa3ec2ef5ea6f851e34fec6c17472035673856bd941cb3224224d0bd45bd,2026-09-07T09:16:28.569018+00:00,1,0.7329128379997201,False,500.0,0.009702045817445696,10,0.105,NAA-GDP,0.06,1,5,3,s1_p5_NAA-GDP_l10_r3,c769d74613ae3570f9c17b34cb945979bab8810928db61e6cdcab9e24f04e4ef,5752036c9746b379b08f8d81e7c675cb73d756ef6978d23021e84add7e4a9e5d,,
0.6837606837606838,,1.5363875110001572,988babfb79a4be0620cf47d259d4da35f8fc07573e92f83a2e388003c17759ba,0.6564578525858558,385efa3ec2ef5ea6f851e34fec6c17472035673856bd941cb3224224d0bd45bd,2026-09-07T08:42:41.049011+00:00,1,1.5955358320002233,True,5.0,3.188234984285026e-08,1,0.58,NAA-GDP,0.006,1,5,0,s1_p5_NAA-GDP_l1_r0,c769d74613ae3570f9c17b34cb945979bab8810928db61e6cdcab9e24f04e4ef,5752036c9746b379b08f8d81e7c675cb73d756ef6978d23021e84add7e4a9e5d,,
0.6581196581196581,,1.5045741779999844,988babfb79a4be0620cf47d259d4da35f8fc07573e92f83a2e388003c17759ba,0.64390185964436,385efa3ec2ef5ea6f851e34fec6c17472035673856bd941cb3224224d0bd45bd,2026-09-07T08:42:44.222821+00:00,1,1.1298861469999792,True,5.0,3.143110752611844e-08,1,0.6,NAA-GDP,0.006,1,5,1,s1_p5_NAA-GDP_l1_r1,c769d74613ae3570f9c17b34cb945979bab8810928db61e6cdcab9e24f04e4ef,5752036c9746b379b08f8d81e7c675cb73d756ef6978d23021e84add7e4a9e5d,,
0.6381766381766382,,1.502299648999724,988babfb79a4be0620cf47d259d4da35f8fc07573e92f83a2e388003c17759ba,0.6546423238767476,385efa3ec2ef5ea6f851e34fec6c17472035673856bd941cb3224224d0bd45bd,2026-09-07T08:42:47.264115+00:00,1,0.9356989369998701,True,5.0,3.160254037427218e-08,1,0.575,NAA-GDP,0.006,1,5,2,s1_p5_NAA-GDP_l1_r2,c769d74613ae3570f9c17b34cb945979bab8810928db61e6cdcab9e24f04e4ef,5752036c9746b379b08f8d81e7c675cb73d756ef6978d23021e84add7e4a9e5d,,
0.6780626780626781,,1.5134652759998062,988babfb79a4be0620cf47d259d4da35f8fc07573e92f83a2e388003c17759ba,0.6777521379123117,385efa3ec2ef5ea6f851e34fec6c17472035673856bd941cb3224224d0bd45bd,2026-09-07T08:42:50.473032+00:00,1,1.1446250279996093,True,5.0,3.141176964473097e-08,1,0.528,NAA-GDP,0.006,1,5,3,s1_p5_NAA-GDP_l1_r3,c769d74613ae3570f9c17b34cb945979bab8810928db61e6cdcab9e24f04e4ef,5752036c9746b379b08f8d81e7c675cb73d756ef6978d23021e84add7e4a9e5d,,
0.6495726495726496,,2.0673006110000642,988babfb79a4be0620cf47d259d4da35f8fc07573e92f83a2e388003c17759ba,0.6393036514184878,385efa3ec2ef5ea6f851e34fec6c17472035673856bd941cb3224224d0bd45bd,2026-09-07T08:42:54.601439+00:00,1,0.7966830539999137,True,8.0,4.1799400115721474e-08,2,0.467,NAA-GDP,0.012,1,5,0,s1_p5_NAA-GDP_l2_r0,c769d74613ae3570f9c17b34cb945979bab8810928db61e6cdcab9e24f04e4ef,5752036c9746b379b08f8d81e7c675cb73d756ef6978d23021e84add7e4a9e5d,,
0.6666666666666666,,2.0269997149998744,988babfb79a4be0620cf47d259d4da35f8fc07573e92f83a2e388003c17759ba,0.6522159630785938,385efa3ec2ef5ea6f851e34fec6c17472035673856bd941cb3224224d0bd45bd,2026-09-07T08:42:58.406173+00:00,1,1.1895916139997098,True,8.0,4.1806946503670064e-08,2,0.426,NAA-GDP,0.012,1,5,1,s1_p5_NAA-GDP_l2_r1,c769d74613ae3570f9c17b34cb945979bab8810928db61e6cdcab9e24f04e4ef,5752036c9746b379b08f8d81e7c675cb73d756ef6978d23021e84add7e4a9e5d,,
0.6467236467236467,,2.033522881999943,988babfb79a4be0620cf47d259d4da35f8fc07573e92f83a2e388003c17759ba,0.6282747386996064,385efa3ec2ef5ea6f851e34fec6c17472035673856bd941cb3224224d0bd45bd,2026-09-07T08:43:01.986364+00:00,1,0.9896154690000003,True,8.0,4.1972347995755444e-08,2,0.42,NAA-GDP,0.012,1,5,2,s1_p5_NAA-GDP_l2_r2,c769d74613ae3570f9c17b34cb945979bab8810928db61e6cdcab9e24f04e4ef,5752036c9746b379b08f8d81e7c675cb73d756ef6978d23021e84add7e4a9e5d,,
0.6666666666666666,,2.0351516769997033,988babfb79a4be0620cf47d259d4da35f8fc07573e92f83a2e388003c17759ba,0.6509773313424732,385efa3ec2ef5ea6f851e34fec6c17472035673856bd941cb3224224d0bd45bd,2026-09-07T08:43:05.430527+00:00,1,0.8141332519999196,True,8.0,4.068038110890304e-08,2,0.427,NAA-GDP,0.012,1,5,3,s1_p5_NAA-GDP_l2_r3,c769d74613ae3570f9c17b34cb945979bab8810928db61e6cdcab9e24f04e4ef,5752036c9746b379b08f8d81e7c675cb73d756ef6978d23021e84add7e4a9e5d,,
0.6524216524216524,,2.951755922999837,988babfb79a4be0620cf47d259d4da35f8fc07573e92f83a2e388003c17759ba,0.6280371928871997,385efa3ec2ef5ea6f851e34fec6c17472035673856bd941cb3224224d0bd45bd,2026-09-07T08:43:10.098019+00:00,1,1.1449718219996612,True,13.0,3.350037300947256e-08,3,0.365,NAA-GDP,0.018,1,5,0,s1_p5_NAA-GDP_l3_r0,c769d74613ae3570f9c17b34cb945979bab8810928db61e6cdcab9e24f04e4ef,5752036c9746b379b08f8d81e7c675cb73d756ef6978d23021e84add7e4a9e5d,,
0.6381766381766382,,3.007987779999894,988babfb79a4be0620cf47d259d4da35f8fc07573e92f83a2e388003c17759ba,0.6348242160988191,385efa3ec2ef5ea6f851e34fec6c17472035673856bd941cb3224224d0bd45bd,2026-09-07T08:43:15.432297+00:00,1,1.0815027450003072,True,13.0,3.354242920605155e-08,3,0.308,NAA-GDP,0.018,1,5,1,s1_p5_NAA-GDP_l3_r1,c769d74613ae3570f9c17b34cb945979bab8810928db61e6cdcab9e24f04e4ef,5752036c9746b379b08f8d81e7c675cb73d756ef6978d23021e84add7e4a9e5d,,
0.6609686609686609,,2.948139199999787,988babfb79a4be0620cf47d259d4da35f8fc07573e92f83a2e388003c17759ba,0.6276808741685896,385efa3ec2ef5ea6f851e34fec6c17472035673856bd941cb3224224d0bd45bd,2026-09-07T08:43:19.693123+00:00,1,0.7657261370000015,True,13.0,3.5444514621303704e-08,3,0.353,NAA-GDP,0.018,1,5,2,s1_p5_NAA-GDP_l3_r2,c769d74613ae3570f9c17b34cb945979bab8810928db61e6cdcab9e24f04e4ef,5752036c9746b379b08f8d81e7c675cb73d756ef6978d23021e84add7e4a9e5d,,
0.6182336182336182,,2.955098067000108,988babfb79a4be0620cf47d259d4da35f8fc07573e92f83a2e388003c17759ba,0.6158375186643139,385efa3ec2ef5ea6f851e34fec6c17472035673856bd941cb3224224d0bd45bd,2026-09-07T08:43:24.186774+00:00,1,0.9553231240001878,True,13.0,3.681822398011151e-08,3,0.244,NAA-GDP,0.018,1,5,3,s1_p5_NAA-GDP_l3_r3,c769d74613ae3570f9c17b34cb945979bab8810928db61e6cdcab9e24f04e4ef,5752036c9746b379b08f8d81e7c675cb73d756ef6978d23021e84add7e4a9e5d,,
0.6011396011396012,,4.612341200999708,988babfb79a4be0620cf47d259d4da35f8fc07573e92f83a2e388003c17759ba,0.6103569974209312,385efa3ec2ef5ea6f851e34fec6c17472035673856bd941cb3224224d0bd45bd,2026-09-07T08:43:30.068379+00:00,1,0.729264078000142,True,22.0,7.680394174276629e-08,4,0.225,NAA-GDP,0.024,1,5,0,s1_p5_NAA-GDP_l4_r0,c769d74613ae3570f9c17b34cb945979bab8810928db61e6cdcab9e24f04e4ef,5752036c9746b379b08f8d81e7c675cb73d756ef6978d23021e84add7e4a9e5d,,
0.6381766381766382,,4.621427610999945,988babfb79a4be0620cf47d259d4da35f8fc07573e92f83a2e388003c17759ba,0.6013811592235645,385efa3ec2ef5ea6f851e34fec6c17472035673856bd941cb3224224d0bd45bd,2026-09-07T08:43:36.397571+00:00,1,1.1249685030002183,True,22.0,7.279761913913818e-08,4,0.271,NAA-GDP,0.024,1,5,1,s1_p5_NAA-GDP_l4_r1,c769d74613ae3570f9c17b34cb945979bab8810928db61e6cdcab9e24f04e4ef,5752036c9746b379b08f8d81e7c675cb73d756ef6978d23021e84add7e4a9e5d,,
0.5982905982905983,,4.669420654000078,988babfb79a4be0620cf47d259d4da35f8fc07573e92f83a2e388003c17759ba,0.62286208768834,385efa3ec2ef5ea6f851e34fec6c17472035673856bd941cb3224224d0bd45bd,2026-09-07T08:43:43.235051+00:00,1,0.8762137480002821,True,22.0,7.178233052258311e-08,4,0.222,NAA-GDP,0.024,1,5,2,s1_p5_NAA-GDP_l4_r2,c769d74613ae3570f9c17b34cb945979bab8810928db61e6cdcab9e24f04e4ef,5752036c9746b379b08f8d81e7c675cb73d756ef6978d23021e84add7e4a9e5d,,
0.6267806267806267,,4.6125124889999825,988babfb79a4be0620cf47d259d4da35f8fc07573e92f83a2e388003c17759ba,0.5969017239038957,385efa3ec2ef5ea6f851e34fec6c17472035673856bd941cb3224224d0bd45bd,2026-09-07T08:43:49.452026+00:00,1,1.04631046600025,True,22.0,7.012680670014621e-08,4,0.242,NAA-GDP,0.024,1,5,3,s1_p5_NAA-GDP_l4_r3,c769d74613ae3570f9c17b34cb945979bab8810928db61e6cdcab9e24f04e4ef,5752036c9746b379b08f8d81e7c675cb73d756ef6978d23021e84add7e4a9e5d,,
0.6495726495726496,,10.371132966000005,988babfb79a4be0620cf47d259d4da35f8fc07573e92f83a2e388003c17759ba,0.5971901723903896,385efa3ec2ef5ea6f851e34fec6c17472035673856bd941cb3224224d0bd45bd,2026-09-07T08:44:01.349704+00:00,1,0.9598922119998861,True,53.0,9.650350623428379e-08,5,0.22,NAA-GDP,0.03,1,5,0,s1_p5_NAA-GDP_l5_r0,c769d74613ae3570f9c17b34cb945979bab8810928db61e6cdcab9e24f04e4ef,5752036c9746b379b08f8d81e7c675cb73d756ef6978d23021e84add7e4a9e5d,,
0.6210826210826211,,10.211099674000252,988babfb79a4be0620cf47d259d4da35f8fc07573e92f83a2e388003c17759ba,0.6058096918691462,385efa3ec2ef5ea6f851e34fec6c17472035673856bd941cb3224224d0bd45bd,2026-09-07T08:44:12.720924+00:00,1,0.6270350479999252,True,52.0,8.644045681640222e-08,5,0.209,NAA-GDP,0.03,1,5,1,s1_p5_NAA-GDP_l5_r1,c769d74613ae3570f9c17b34cb945979bab8810928db61e6cdcab9e24f04e4ef,5752036c9746b379b08f8d81e7c675cb73d756ef6978d23021e84add7e4a9e5d,,
0.6524216524216524,,10.210993772000165,988babfb79a4be0620cf47d259d4da35f8fc07573e92f83a2e388003c17759ba,0.6267985611510791,385efa3ec2ef5ea6f851e34fec6c17472035673856bd941cb3224224d0bd45bd,2026-09-07T08:44:24.314606+00:00,1,0.8219991609998942,True,52.0,7.6011216408005e-08,5,0.27,NAA-GDP,0.03,1,5,2,s1_p5_NAA-GDP_l5_r2,c769d74613ae3570f9c17b34cb945979bab8810928db61e6cdcab9e24f04e4ef,5752036c9746b379b08f8d81e7c675cb73d756ef6978d23021e84add7e4a9e5d,,
0.6467236467236467,,10.038106035000055,988babfb79a4be0620cf47d259d4da35f8fc07573e92f83a2e388003c17759ba,0.6096952626577983,385efa3ec2ef5ea6f851e34fec6c17472035673856bd941cb3224224d0bd45bd,2026-09-07T08:44:36.954316+00:00,1,1.3895283479996579,True,51.0,8.219444648462942e-08,5,0.261,NAA-GDP,0.03,1,5,3,s1_p5_NAA-GDP_l5_r3,c769d74613ae3570f9c17b34cb945979bab8810928db61e6cdcab9e24f04e4ef,5752036c9746b379b08f8d81e7c675cb73d756ef6978d23021e84add7e4a9e5d,,
0.6096866096866097,,93.79465112199978,988babfb79a4be0620cf47d259d4da35f8fc07573e92f83a2e388003c17759ba,0.588943939188272,385efa3ec2ef5ea6f851e34fec6c17472035673856bd941cb3224224d0bd45bd,2026-09-07T08:46:11.766781+00:00,1,0.4852392380003039,False,500.0,0.0013406670227624367,6,0.254,NAA-GDP,0.036,1,5,0,s1_p5_NAA-GDP_l6_r0,c769d74613ae3570f9c17b34cb945979bab8810928db61e6cdcab9e24f04e4ef,5752036c9746b379b08f8d81e7c675cb73d756ef6978d23021e84add7e4a9e5d,,
0.6210826210826211,,94.0803616129997,988babfb79a4be0620cf47d259d4da35f8fc07573e92f83a2e388003c17759ba,0.6070483236052667,385efa3ec2ef5ea6f851e34fec6c17472035673856bd941cb3224224d0bd45bd,2026-09-07T08:47:47.430931+00:00,1,1.0310267090003435,False,500.0,0.0012780918135853448,6,0.192,NAA-GDP,0.036,1,5,1,s1_p5_NAA-GDP_l6_r1,c769d74613ae3570f9c17b34cb945979bab8810928db61e6cdcab9e24f04e4ef,5752036c9746b379b08f8d81e7c675cb73d756ef6978d23021e84add7e4a9e5d,,
0.6324786324786325,,93.92589686200017,988babfb79a4be0620cf47d259d4da35f8fc07573e92f83a2e388003c17759ba,0.6276299714945025,385efa3ec2ef5ea6f851e34fec6c17472035673856bd941cb3224224d0bd45bd,2026-09-07T08:49:22.753274+00:00,1,0.8564686760000768,False,500.0,0.00499730879458315,6,0.176,NAA-GDP,0.036,1,5,2,s1_p5_NAA-GDP_l6_r2,c769d74613ae3570f9c17b34cb945979bab8810928db61e6cdcab9e24f04e4ef,5752036c9746b379b08f8d81e7c675cb73d756ef6978d23021e84add7e4a9e5d,,
0.6381766381766382,,93.78478502999997,988babfb79a4be0620cf47d259d4da35f8fc07573e92f83a2e388003c17759ba,0.6174833717931315,385efa3ec2ef5ea6f851e34fec6c17472035673856bd941cb3224224d0bd45bd,2026-09-07T08:50:57.862539+00:00,1,0.7870804069998485,False,500.0,0.00028755950075078145,6,0.217,NAA-GDP,0.036,1,5,3,s1_p5_NAA-GDP_l6_r3,c769d74613ae3570f9c17b34cb945979bab8810928db61e6cdcab9e24f04e4ef,5752036c9746b379b08f8d81e7c675cb73d756ef6978d23021e84add7e4a9e5d,,
0.5897435897435898,,94.0035061929998,988babfb79a4be0620cf47d259d4da35f8fc07573e92f83a2e388003c17759ba,0.5984457716845392,385efa3ec2ef5ea6f851e34fec6c17472035673856bd941cb3224224d0bd45bd,2026-09-07T08:52:34.181997+00:00,1,1.0294831149999482,False,500.0,0.006561938581271951,7,0.152,NAA-GDP,0.042,1,5,0,s1_p5_NAA-GDP_l7_r0,c769d74613ae3570f9c17b34cb945979bab8810928db61e6cdcab9e24f04e4ef,5752036c9746b379b08f8d81e7c675cb73d756ef6978d23021e84add7e4a9e5d,,
0.5754985754985755,,93.94094057899974,988babfb79a4be0620cf47d259d4da35f8fc07573e92f83a2e388003c17759ba,0.5618806841319397,385efa3ec2ef5ea6f851e34fec6c17472035673856bd941cb3224224d0bd45bd,2026-09-07T08:54:09.270265+00:00,1,0.6016657749996739,False,500.0,0.006369840179804744,7,0.196,NAA-GDP,0.042,1,5,1,s1_p5_NAA-GDP_l7_r1,c769d74613ae3570f9c17b34cb945979bab8810928db61e6cdcab9e24f04e4ef,5752036c9746b379b08f8d81e7c675cb73d756ef6978d23021e84add7e4a9e5d,,
0.584045584045584,,93.70477175099995,988babfb79a4be0620cf47d259d4da35f8fc07573e92f83a2e388003c17759ba,0.5441835211076421,385efa3ec2ef5ea6f851e34fec6c17472035673856bd941cb3224224d0bd45bd,2026-09-07T08:55:44.275464+00:00,1,0.7562866110001778,False,500.0,0.010741622031256736,7,0.2,NAA-GDP,0.042,1,5,2,s1_p5_NAA-GDP_l7_r2,c769d74613ae3570f9c17b34cb945979bab8810928db61e6cdcab9e24f04e4ef,5752036c9746b379b08f8d81e7c675cb73d756ef6978d23021e84add7e4a9e5d,,
0.6324786324786325,,93.89443131100006,988babfb79a4be0620cf47d259d4da35f8fc07573e92f83a2e388003c17759ba,0.5966641780914891,385efa3ec2ef5ea6f851e34fec6c17472035673856bd941cb3224224d0bd45bd,2026-09-07T08:57:19.407800+00:00,1,0.6911835750001956,False,500.0,0.01749761297797721,7,0.184,NAA-GDP,0.042,1,5,3,s1_p5_NAA-GDP_l7_r3,c769d74613ae3570f9c17b34cb945979bab8810928db61e6cdcab9e24f04e4ef,5752036c9746b379b08f8d81e7c675cb73d756ef6978d23021e84add7e4a9e5d,,
0.5868945868945868,,94.11754314100017,988babfb79a4be0620cf47d259d4da35f8fc07573e92f83a2e388003c17759ba,0.5626442242432469,385efa3ec2ef5ea6f851e34fec6c17472035673856bd941cb3224224d0bd45bd,2026-09-07T08:58:54.690320+00:00,1,0.6061886150000646,False,500.0,0.009766066622657206,8,0.116,NAA-GDP,0.048,1,5,0,s1_p5_NAA-GDP_l8_r0,c769d74613ae3570f9c17b34cb945979bab8810928db61e6cdcab9e24f04e4ef,5752036c9746b379b08f8d81e7c675cb73d756ef6978d23021e84add7e4a9e5d,,
0.5925925925925926,,94.11330090799993,988babfb79a4be0620cf47d259d4da35f8fc07573e92f83a2e388003c17759ba,0.5537362562779965,385efa3ec2ef5ea6f851e34fec6c17472035673856bd941cb3224224d0bd45bd,2026-09-07T09:00:30.770503+00:00,1,0.7145096099998227,False,500.0,0.010826849776888922,8,0.144,NAA-GDP,0.048,1,5,1,s1_p5_NAA-GDP_l8_r1,c769d74613ae3570f9c17b34cb945979bab8810928db61e6cdcab9e24f04e4ef,5752036c9746b379b08f8d81e7c675cb73d756ef6978d23021e84add7e4a9e5d,,
0.5555555555555556,,94.05165532700039,988babfb79a4be0620cf47d259d4da35f8fc07573e92f83a2e388003c17759ba,0.50945092982218,385efa3ec2ef5ea6f851e34fec6c17472035673856bd941cb3224224d0bd45bd,2026-09-07T09:02:06.034660+00:00,1,0.6713357999997243,False,500.0,0.00979363233554576,8,0.136,NAA-GDP,0.048,1,5,2,s1_p5_NAA-GDP_l8_r2,c769d74613ae3570f9c17b34cb945979bab8810928db61e6cdcab9e24f04e4ef,5752036c9746b379b08f8d81e7c675cb73d756ef6978d23021e84add7e4a9e5d,,
0.6267806267806267,,94.04285448600058,988babfb79a4be0620cf47d259d4da35f8fc07573e92f83a2e388003c17759ba,0.5993789873761368,385efa3ec2ef5ea6f851e34fec6c17472035673856bd941cb3224224d0bd45bd,2026-09-07T09:03:41.748284+00:00,1,1.1128288979998615,False,500.0,0.008798178136064826,8,0.143,NAA-GDP,0.048,1,5,3,s1_p5_NAA-GDP_l8_r3,c769d74613ae3570f9c17b34cb945979bab8810928db61e6cdcab9e24f04e4ef,5752036c9746b379b08f8d81e7c675cb73d756ef6978d23021e84add7e4a9e5d,,
0.6125356125356125,,94.1233745590007,988babfb79a4be0620cf47d259d4da35f8fc07573e92f83a2e388003c17759ba,0.5566207411429347,385efa3ec2ef5ea6f851e34fec6c17472035673856bd941cb3224224d0bd45bd,2026-09-07T09:05:17.139751+00:00,1,0.7080090569997992,False,500.0,0.01338078443281861,9,0.121,NAA-GDP,0.054,1,5,0,s1_p5_NAA-GDP_l9_r0,c769d74613ae3570f9c17b34cb945979bab8810928db61e6cdcab9e24f04e4ef,5752036c9746b379b08f8d81e7c675cb73d756ef6978d23021e84add7e4a9e5d,,
0.6096866096866097,,94.25309817700054,988babfb79a4be0620cf47d259d4da35f8fc07573e92f83a2e388003c17759ba,0.588943939188272,385efa3ec2ef5ea6f851e34fec6c17472035673856bd941cb3224224d0bd45bd,2026-09-07T09:06:52.614464+00:00,1,0.674866166999891,False,500.0,0.008219452822063171,9,0.106,NAA-GDP,0.054,1,5,1,s1_p5_NAA-GDP_l9_r1,c769d74613ae3570f9c17b34cb945979bab8810928db61e6cdcab9e24f04e4ef,5752036c9746b379b08f8d81e7c675cb73d756ef6978d23021e84add7e4a9e5d,,
0.5783475783475783,,94.20725449200017,988babfb79a4be0620cf47d259d4da35f8fc07573e92f83a2e388003c17759ba,0.5667164381702186,385efa3ec2ef5ea6f851e34fec6c17472035673856bd941cb3224224d0bd45bd,2026-09-07T09:08:29.279378+00:00,1,0.7277833560001454,False,500.0,0.007386993366352227,9,0.127,NAA-GDP,0.054,1,5,2,s1_p5_NAA-GDP_l9_r2,c769d74613ae3570f9c17b34cb945979bab8810928db61e6cdcab9e24f04e4ef,5752036c9746b379b08f8d81e7c675cb73d756ef6978d23021e84add7e4a9e5d,,
0.603988603988604,,94.13278283199998,988babfb79a4be0620cf47d259d4da35f8fc07573e92f83a2e388003c17759ba,0.5470680059725804,385efa3ec2ef5ea6f851e34fec6c17472035673856bd941cb3224224d0bd45bd,2026-09-07T09:10:04.613060+00:00,1,0.6538403110007494,False,500.0,0.014827004935588375,9,0.125,NAA-GDP,0.054,1,5,3,s1_p5_NAA-GDP_l9_r3,c769d74613ae3570f9c17b34cb945979bab8810928db61e6cdcab9e24f04e4ef,5752036c9746b379b08f8d81e7c675cb73d756ef6978d23021e84add7e4a9e5d,,
0.717687074829932,,0.0,988babfb79a4be0620cf47d259d4da35f8fc07573e92f83a2e388003c17759ba,0.707892882311487,2f8ced1c73658d0f2011ef9e26969687589474ac94b4bf2d0d65d7bf905cf37b,2026-09-07T09:17:14.149723+00:00,1,0.545979594999153,,,,0,0.679,AA-GDP,0.0,2,5,0,s2_p5_AA-GDP_l0_r0,c769d74613ae3570f9c17b34cb945979bab8810928db61e6cdcab9e24f04e4ef,5752036c9746b379b08f8d81e7c675cb73d756ef6978d23021e84add7e4a9e5d,,
0.5782312925170068,,0.0,988babfb79a4be0620cf47d259d4da35f8fc07573e92f83a2e388003c17759ba,0.5481324876673714,2f8ced1c73658d0f2011ef9e26969687589474ac94b4bf2d0d65d7bf905cf37b,2026-09-07T09:51:38.252910+00:00,1,0.4231806579991826,,,,10,0.137,C-GDP-private-noise,3.0,2,5,0,s2_p5_C-GDP-private-noise_l10_r0,c769d74613ae3570f9c17b34cb945979bab8810928db61e6cdcab9e24f04e4ef,5752036c9746b379b08f8d81e7c675cb73d756ef6978d23021e84add7e4a9e5d,,
0.5578231292517006,,0.0,988babfb79a4be0620cf47d259d4da35f8fc07573e92f83a2e388003c17759ba,0.49696969696969695,2f8ced1c73658d0f2011ef9e26969687589474ac94b4bf2d0d65d7bf905cf37b,2026-09-07T09:51:38.680412+00:00,1,0.2858673410000847,,,,10,0.134,C-GDP-private-noise,3.0,2,5,1,s2_p5_C-GDP-private-noise_l10_r1,c769d74613ae3570f9c17b34cb945979bab8810928db61e6cdcab9e24f04e4ef,5752036c9746b379b08f8d81e7c675cb73d756ef6978d23021e84add7e4a9e5d,,
0.5578231292517006,,0.0,988babfb79a4be0620cf47d259d4da35f8fc07573e92f83a2e388003c17759ba,0.5291050035236082,2f8ced1c73658d0f2011ef9e26969687589474ac94b4bf2d0d65d7bf905cf37b,2026-09-07T09:51:39.227215+00:00,1,0.41182033800032514,,,,10,0.108,C-GDP-private-noise,3.0,2,5,2,s2_p5_C-GDP-private-noise_l10_r2,c769d74613ae3570f9c17b34cb945979bab8810928db61e6cdcab9e24f04e4ef,5752036c9746b379b08f8d81e7c675cb73d756ef6978d23021e84add7e4a9e5d,,
0.5,,0.0,988babfb79a4be0620cf47d259d4da35f8fc07573e92f83a2e388003c17759ba,0.47420718816067653,2f8ced1c73658d0f2011ef9e26969687589474ac94b4bf2d0d65d7bf905cf37b,2026-09-07T09:51:39.849066+00:00,1,0.4709312380000483,,,,10,0.143,C-GDP-private-noise,3.0,2,5,3,s2_p5_C-GDP-private-noise_l10_r3,c769d74613ae3570f9c17b34cb945979bab8810928db61e6cdcab9e24f04e4ef,5752036c9746b379b08f8d81e7c675cb73d756ef6978d23021e84add7e4a9e5d,,
0.7006802721088435,,0.0,988babfb79a4be0620cf47d259d4da35f8fc07573e92f83a2e388003c17759ba,0.6876673713883017,2f8ced1c73658d0f2011ef9e26969687589474ac94b4bf2d0d65d7bf905cf37b,2026-09-07T09:51:04.028516+00:00,1,0.7027271590004602,,,,1,0.503,C-GDP-private-noise,0.3,2,5,0,s2_p5_C-GDP-private-noise_l1_r0,c769d74613ae3570f9c17b34cb945979bab8810928db61e6cdcab9e24f04e4ef,5752036c9746b379b08f8d81e7c675cb73d756ef6978d23021e84add7e4a9e5d,,
0.6972789115646258,,0.0,988babfb79a4be0620cf47d259d4da35f8fc07573e92f83a2e388003c17759ba,0.6854827343199437,2f8ced1c73658d0f2011ef9e26969687589474ac94b4bf2d0d65d7bf905cf37b,2026-09-07T09:51:06.032440+00:00,1,0.9860842950001825,,,,1,0.487,C-GDP-private-noise,0.3,2,5,1,s2_p5_C-GDP-private-noise_l1_r1,c769d74613ae3570f9c17b34cb945979bab8810928db61e6cdcab9e24f04e4ef,5752036c9746b379b08f8d81e7c675cb73d756ef6978d23021e84add7e4a9e5d,,
0.7074829931972789,,0.0,988babfb79a4be0620cf47d259d4da35f8fc07573e92f83a2e388003c17759ba,0.6861169837914024,2f8ced1c73658d0f2011ef9e26969687589474ac94b4bf2d0d65d7bf905cf37b,2026-09-07T09:51:07.045811+00:00,1,0.8736558840000725,,,,1,0.524,C-GDP-private-noise,0.3,2,5,2,s2_p5_C-GDP-private-noise_l1_r2,c769d74613ae3570f9c17b34cb945979bab8810928db61e6cdcab9e24f04e4ef,5752036c9746b379b08f8d81e7c675cb73d756ef6978d23021e84add7e4a9e5d,,
0.7244897959183674,,0.0,988babfb79a4be0620cf47d259d4da35f8fc07573e92f83a2e388003c17759ba,0.7114164904862579,2f8ced1c73658d0f2011ef9e26969687589474ac94b4bf2d0d65d7bf905cf37b,2026-09-07T09:51:07.855111+00:00,1,0.6626269529997444,,,,1,0.55,C-GDP-private-noise,0.3,2,5,3,s2_p5_C-GDP-private-noise_l1_r3,c769d74613ae3570f9c17b34cb945979bab8810928db61e6cdcab9e24f04e4ef,5752036c9746b379b08f8d81e7c675cb73d756ef6978d23021e84add7e4a9e5d,,
0.6632653061224489,,0.0,988babfb79a4be0620cf47d259d4da35f8fc07573e92f83a2e388003c17759ba,0.6441860465116279,2f8ced1c73658d0f2011ef9e26969687589474ac94b4bf2d0d65d7bf905cf37b,2026-09-07T09:51:08.817344+00:00,1,0.8218380079997587,,,,2,0.369,C-GDP-private-noise,0.6,2,5,0,s2_p5_C-GDP-private-noise_l2_r0,c769d74613ae3570f9c17b34cb945979bab8810928db61e6cdcab9e24f04e4ef,5752036c9746b379b08f8d81e7c675cb73d756ef6978d23021e84add7e4a9e5d,,
0.673469387755102,,0.0,988babfb79a4be0620cf47d259d4da35f8fc07573e92f83a2e388003c17759ba,0.6575052854122622,2f8ced1c73658d0f2011ef9e26969687589474ac94b4bf2d0d65d7bf905cf37b,2026-09-07T09:51:09.723074+00:00,1,0.7250322110003253,,,,2,0.31,C-GDP-private-noise,0.6,2,5,1,s2_p5_C-GDP-private-noise_l2_r1,c769d74613ae3570f9c17b34cb945979bab8810928db61e6cdcab9e24f04e4ef,5752036c9746b379b08f8d81e7c675cb73d756ef6978d23021e84add7e4a9e5d,,
0.6258503401360545,,0.0,988babfb79a4be0620cf47d259d4da35f8fc07573e92f83a2e388003c17759ba,0.6277660324171952,2f8ced1c73658d0f2011ef9e26969687589474ac94b4bf2d0d65d7bf905cf37b,2026-09-07T09:51:11.282999+00:00,1,0.6226000980004756,,,,2,0.346,C-GDP-private-noise,0.6,2,5,2,s2_p5_C-GDP-private-noise_l2_r2,c769d74613ae3570f9c17b34cb945979bab8810928db61e6cdcab9e24f04e4ef,5752036c9746b379b08f8d81e7c675cb73d756ef6978d23021e84add7e4a9e5d,,
0.6326530612244898,,0.0,988babfb79a4be0620cf47d259d4da35f8fc07573e92f83a2e388003c17759ba,0.6194503171247357,2f8ced1c73658d0f2011ef9e26969687589474ac94b4bf2d0d65d7bf905cf37b,2026-09-07T09:51:11.941112+00:00,1,0.52325589999964,,,,2,0.375,C-GDP-private-noise,0.6,2,5,3,s2_p5_C-GDP-private-noise_l2_r3,c769d74613ae3570f9c17b34cb945979bab8810928db61e6cdcab9e24f04e4ef,5752036c9746b379b08f8d81e7c675cb73d756ef6978d23021e84add7e4a9e5d,,
0.6360544217687075,,0.0,988babfb79a4be0620cf47d259d4da35f8fc07573e92f83a2e388003c17759ba,0.6140239605355884,2f8ced1c73658d0f2011ef9e26969687589474ac94b4bf2d0d65d7bf905cf37b,2026-09-07T09:51:12.540871+00:00,1,0.46822712599987426,,,,3,0.296,C-GDP-private-noise,0.9,2,5,0,s2_p5_C-GDP-private-noise_l3_r0,c769d74613ae3570f9c17b34cb945979bab8810928db61e6cdcab9e24f04e4ef,5752036c9746b379b08f8d81e7c675cb73d756ef6978d23021e84add7e4a9e5d,,
0.608843537414966,,0.0,988babfb79a4be0620cf47d259d4da35f8fc07573e92f83a2e388003c17759ba,0.5872445384073292,2f8ced1c73658d0f2011ef9e26969687589474ac94b4bf2d0d65d7bf905cf37b,2026-09-07T09:51:13.375420+00:00,1,0.6964286740003445,,,,3,0.292,C-GDP-private-noise,0.9,2,5,1,s2_p5_C-GDP-private-noise_l3_r1,c769d74613ae3570f9c17b34cb945979bab8810928db61e6cdcab9e24f04e4ef,5752036c9746b379b08f8d81e7c675cb73d756ef6978d23021e84add7e4a9e5d,,
0.6360544217687075,,0.0,988babfb79a4be0620cf47d259d4da35f8fc07573e92f83a2e388003c17759ba,0.6097956307258633,2f8ced1c73658d0f2011ef9e26969687589474ac94b4bf2d0d65d7bf905cf37b,2026-09-07T09:51:14.481473+00:00,1,0.9595385780003198,,,,3,0.248,C-GDP-private-noise,0.9,2,5,2,s2_p5_C-GDP-private-noise_l3_r2,c769d74613ae3570f9c17b34cb945979bab8810928db61e6cdcab9e24f04e4ef,5752036c9746b379b08f8d81e7c675cb73d756ef6978d23021e84add7e4a9e5d,,
0.6360544217687075,,0.0,988babfb79a4be0620cf47d259d4da35f8fc07573e92f83a2e388003c17759ba,0.6300916138125441,2f8ced1c73658d0f2011ef9e26969687589474ac94b4bf2d0d65d7bf905cf37b,2026-09-07T09:51:16.643128+00:00,1,0.5742658660001325,,,,3,0.257,C-GDP-private-noise,0.9,2,5,3,s2_p5_C-GDP-private-noise_l3_r3,c769d74613ae3570f9c17b34cb945979bab8810928db61e6cdcab9e24f04e4ef,5752036c9746b379b08f8d81e7c675cb73d756ef6978d23021e84add7e4a9e5d,,
0.6054421768707483,,0.0,988babfb79a4be0620cf47d259d4da35f8fc07573e92f83a2e388003c17759ba,0.5774489076814658,2f8ced1c73658d0f2011ef9e26969687589474ac94b4bf2d0d65d7bf905cf37b,2026-09-07T09:51:17.219855+00:00,1,0.4404991709998285,,,,4,0.184,C-GDP-private-noise,1.2,2,5,0,s2_p5_C-GDP-private-noise_l4_r0,c769d74613ae3570f9c17b34cb945979bab8810928db61e6cdcab9e24f04e4ef,5752036c9746b379b08f8d81e7c675cb73d756ef6978d23021e84add7e4a9e5d,,
0.6020408163265306,,0.0,988babfb79a4be0620cf47d259d4da35f8fc07573e92f83a2e388003c17759ba,0.581183932346723,2f8ced1c73658d0f2011ef9e26969687589474ac94b4bf2d0d65d7bf905cf37b,2026-09-07T09:51:17.909917+00:00,1,0.5610757190006552,,,,4,0.167,C-GDP-private-noise,1.2,2,5,1,s2_p5_C-GDP-private-noise_l4_r1,c769d74613ae3570f9c17b34cb945979bab8810928db61e6cdcab9e24f04e4ef,5752036c9746b379b08f8d81e7c675cb73d756ef6978d23021e84add7e4a9e5d,,
0.5952380952380952,,0.0,988babfb79a4be0620cf47d259d4da35f8fc07573e92f83a2e388003c17759ba,0.5801973220577872,2f8ced1c73658d0f2011ef9e26969687589474ac94b4bf2d0d65d7bf905cf37b,2026-09-07T09:51:18.599447+00:00,1,0.5618385329999,,,,4,0.213,C-GDP-private-noise,1.2,2,5,2,s2_p5_C-GDP-private-noise_l4_r2,c769d74613ae3570f9c17b34cb945979bab8810928db61e6cdcab9e24f04e4ef,5752036c9746b379b08f8d81e7c675cb73d756ef6978d23021e84add7e4a9e5d,,
0.5782312925170068,,0.0,988babfb79a4be0620cf47d259d4da35f8fc07573e92f83a2e388003c17759ba,0.5785764622973926,2f8ced1c73658d0f2011ef9e26969687589474ac94b4bf2d0d65d7bf905cf37b,2026-09-07T09:51:19.258917+00:00,1,0.5069202450004013,,,,4,0.219,C-GDP-private-noise,1.2,2,5,3,s2_p5_C-GDP-private-noise_l4_r3,c769d74613ae3570f9c17b34cb945979bab8810928db61e6cdcab9e24f04e4ef,5752036c9746b379b08f8d81e7c675cb73d756ef6978d23021e84add7e4a9e5d,,
0.5748299319727891,,0.0,988babfb79a4be0620cf47d259d4da35f8fc07573e92f83a2e388003c17759ba,0.562015503875969,2f8ced1c73658d0f2011ef9e26969687589474ac94b4bf2d0d65d7bf905cf37b,2026-09-07T09:51:20.770037+00:00,1,0.5193530849992385,,,,5,0.165,C-GDP-private-noise,1.5,2,5,0,s2_p5_C-GDP-private-noise_l5_r0,c769d74613ae3570f9c17b34cb945979bab8810928db61e6cdcab9e24f04e4ef,5752036c9746b379b08f8d81e7c675cb73d756ef6978d23021e84add7e4a9e5d,,
0.5782312925170068,,0.0,988babfb79a4be0620cf47d259d4da35f8fc07573e92f83a2e388003c17759ba,0.5413671599718112,2f8ced1c73658d0f2011ef9e26969687589474ac94b4bf2d0d65d7bf905cf37b,2026-09-07T09:51:21.525218+00:00,1,0.598179789999449,,,,5,0.179,C-GDP-private-noise,1.5,2,5,1,s2_p5_C-GDP-private-noise_l5_r1,c769d74613ae3570f9c17b34cb945979bab8810928db61e6cdcab9e24f04e4ef,5752036c9746b379b08f8d81e7c675cb73d756ef6978d23021e84add7e4a9e5d,,
0.5578231292517006,,0.0,988babfb79a4be0620cf47d259d4da35f8fc07573e92f83a2e388003c17759ba,0.5324876673713883,2f8ced1c73658d0f2011ef9e26969687589474ac94b4bf2d0d65d7bf905cf37b,2026-09-07T09:51:22.236657+00:00,1,0.5677894299997206,,,,5,0.154,C-GDP-private-noise,1.5,2,5,2,s2_p5_C-GDP-private-noise_l5_r2,c769d74613ae3570f9c17b34cb945979bab8810928db61e6cdcab9e24f04e4ef,5752036c9746b379b08f8d81e7c675cb73d756ef6978d23021e84add7e4a9e5d,,
0.5578231292517006,,0.0,988babfb79a4be0620cf47d259d4da35f8fc07573e92f83a2e388003c17759ba,0.5502466525722339,2f8ced1c73658d0f2011ef9e26969687589474ac94b4bf2d0d65d7bf905cf37b,2026-09-07T09:51:22.882931+00:00,1,0.4971655510007622,,,,5,0.168,C-GDP-private-noise,1.5,2,5,3,s2_p5_C-GDP-private-noise_l5_r3,c769d74613ae3570f9c17b34cb945979bab8810928db61e6cdcab9e24f04e4ef,5752036c9746b379b08f8d81e7c675cb73d756ef6978d23021e84add7e4a9e5d,,
0.5884353741496599,,0.0,988babfb79a4be0620cf47d259d4da35f8fc07573e92f83a2e388003c17759ba,0.5555320648343904,2f8ced1c73658d0f2011ef9e26969687589474ac94b4bf2d0d65d7bf905cf37b,2026-09-07T09:51:23.787928+00:00,1,0.756760521000615,,,,6,0.161,C-GDP-private-noise,1.8,2,5,0,s2_p5_C-GDP-private-noise_l6_r0,c769d74613ae3570f9c17b34cb945979bab8810928db61e6cdcab9e24f04e4ef,5752036c9746b379b08f8d81e7c675cb73d756ef6978d23021e84add7e4a9e5d,,
0.5782312925170068,,0.0,988babfb79a4be0620cf47d259d4da35f8fc07573e92f83a2e388003c17759ba,0.5413671599718112,2f8ced1c73658d0f2011ef9e26969687589474ac94b4bf2d0d65d7bf905cf37b,2026-09-07T09:51:25.392735+00:00,1,0.6386174809995282,,,,6,0.175,C-GDP-private-noise,1.8,2,5,1,s2_p5_C-GDP-private-noise_l6_r1,c769d74613ae3570f9c17b34cb945979bab8810928db61e6cdcab9e24f04e4ef,5752036c9746b379b08f8d81e7c675cb73d756ef6978d23021e84add7e4a9e5d,,
0.5816326530612245,,0.0,988babfb79a4be0620cf47d259d4da35f8fc07573e92f83a2e388003c17759ba,0.5689217758985201,2f8ced1c73658d0f2011ef9e26969687589474ac94b4bf2d0d65d7bf905cf37b,2026-09-07T09:51:25.986748+00:00,1,0.4566548610000609,,,,6,0.221,C-GDP-private-noise,1.8,2,5,2,s2_p5_C-GDP-private-noise_l6_r2,c769d74613ae3570f9c17b34cb945979bab8810928db61e6cdcab9e24f04e4ef,5752036c9746b379b08f8d81e7c675cb73d756ef6978d23021e84add7e4a9e5d,,
0.5884353741496599,,0.0,988babfb79a4be0620cf47d259d4da35f8fc07573e92f83a2e388003c17759ba,0.5377730796335447,2f8ced1c73658d0f2011ef9e26969687589474ac94b4bf2d0d65d7bf905cf37b,2026-09-07T09:51:26.537928+00:00,1,0.4166343839997353,,,,6,0.173,C-GDP-private-noise,1.8,2,5,3,s2_p5_C-GDP-private-noise_l6_r3,c769d74613ae3570f9c17b34cb945979bab8810928db61e6cdcab9e24f04e4ef,5752036c9746b379b08f8d81e7c675cb73d756ef6978d23021e84add7e4a9e5d,,
0.5510204081632653,,0.0,988babfb79a4be0620cf47d259d4da35f8fc07573e92f83a2e388003c17759ba,0.5120507399577168,2f8ced1c73658d0f2011ef9e26969687589474ac94b4bf2d0d65d7bf905cf37b,2026-09-07T09:51:27.204248+00:00,1,0.5137495429999035,,,,7,0.145,C-GDP-private-noise,2.1,2,5,0,s2_p5_C-GDP-private-noise_l7_r0,c769d74613ae3570f9c17b34cb945979bab8810928db61e6cdcab9e24f04e4ef,5752036c9746b379b08f8d81e7c675cb73d756ef6978d23021e84add7e4a9e5d,,
0.54421768707483,,0.0,988babfb79a4be0620cf47d259d4da35f8fc07573e92f83a2e388003c17759ba,0.5017618040873855,2f8ced1c73658d0f2011ef9e26969687589474ac94b4bf2d0d65d7bf905cf37b,2026-09-07T09:51:27.723837+00:00,1,0.39139406999947823,,,,7,0.168,C-GDP-private-noise,2.1,2,5,1,s2_p5_C-GDP-private-noise_l7_r1,c769d74613ae3570f9c17b34cb945979bab8810928db61e6cdcab9e24f04e4ef,5752036c9746b379b08f8d81e7c675cb73d756ef6978d23021e84add7e4a9e5d,,
0.5918367346938775,,0.0,988babfb79a4be0620cf47d259d4da35f8fc07573e92f83a2e388003c17759ba,0.5534883720930233,2f8ced1c73658d0f2011ef9e26969687589474ac94b4bf2d0d65d7bf905cf37b,2026-09-07T09:51:29.304802+00:00,1,0.5222503349996259,,,,7,0.174,C-GDP-private-noise,2.1,2,5,2,s2_p5_C-GDP-private-noise_l7_r2,c769d74613ae3570f9c17b34cb945979bab8810928db61e6cdcab9e24f04e4ef,5752036c9746b379b08f8d81e7c675cb73d756ef6978d23021e84add7e4a9e5d,,
0.564625850340136,,0.0,988babfb79a4be0620cf47d259d4da35f8fc07573e92f83a2e388003c17759ba,0.5402396053558844,2f8ced1c73658d0f2011ef9e26969687589474ac94b4bf2d0d65d7bf905cf37b,2026-09-07T09:51:30.147556+00:00,1,0.7038000210004611,,,,7,0.177,C-GDP-private-noise,2.1,2,5,3,s2_p5_C-GDP-private-noise_l7_r3,c769d74613ae3570f9c17b34cb945979bab8810928db61e6cdcab9e24f04e4ef,5752036c9746b379b08f8d81e7c675cb73d756ef6978d23021e84add7e4a9e5d,,
0.5918367346938775,,0.0,988babfb79a4be0620cf47d259d4da35f8fc07573e92f83a2e388003c17759ba,0.5526427061310782,2f8ced1c73658d0f2011ef9e26969687589474ac94b4bf2d0d65d7bf905cf37b,2026-09-07T09:51:30.744997+00:00,1,0.46762529500028904,,,,8,0.103,C-GDP-private-noise,2.4,2,5,0,s2_p5_C-GDP-private-noise_l8_r0,c769d74613ae3570f9c17b34cb945979bab8810928db61e6cdcab9e24f04e4ef,5752036c9746b379b08f8d81e7c675cb73d756ef6978d23021e84add7e4a9e5d,,
0.5102040816326531,,0.0,988babfb79a4be0620cf47d259d4da35f8fc07573e92f83a2e388003c17759ba,0.4832980972515856,2f8ced1c73658d0f2011ef9e26969687589474ac94b4bf2d0d65d7bf905cf37b,2026-09-07T09:51:31.494429+00:00,1,0.5868217650004226,,,,8,0.168,C-GDP-private-noise,2.4,2,5,1,s2_p5_C-GDP-private-noise_l8_r1,c769d74613ae3570f9c17b34cb945979bab8810928db61e6cdcab9e24f04e4ef,5752036c9746b379b08f8d81e7c675cb73d756ef6978d23021e84add7e4a9e5d,,
0.5986394557823129,,0.0,988babfb79a4be0620cf47d259d4da35f8fc07573e92f83a2e388003c17759ba,0.5637773079633545,2f8ced1c73658d0f2011ef9e26969687589474ac94b4bf2d0d65d7bf905cf37b,2026-09-07T09:51:32.212008+00:00,1,0.5845542509996449,,,,8,0.153,C-GDP-private-noise,2.4,2,5,2,s2_p5_C-GDP-private-noise_l8_r2,c769d74613ae3570f9c17b34cb945979bab8810928db61e6cdcab9e24f04e4ef,5752036c9746b379b08f8d81e7c675cb73d756ef6978d23021e84add7e4a9e5d,,
0.5510204081632653,,0.0,988babfb79a4be0620cf47d259d4da35f8fc07573e92f83a2e388003c17759ba,0.5306553911205074,2f8ced1c73658d0f2011ef9e26969687589474ac94b4bf2d0d65d7bf905cf37b,2026-09-07T09:51:33.797980+00:00,1,0.5569544520003546,,,,8,0.172,C-GDP-private-noise,2.4,2,5,3,s2_p5_C-GDP-private-noise_l8_r3,c769d74613ae3570f9c17b34cb945979bab8810928db61e6cdcab9e24f04e4ef,5752036c9746b379b08f8d81e7c675cb73d756ef6978d23021e84add7e4a9e5d,,
0.5748299319727891,,0.0,988babfb79a4be0620cf47d259d4da35f8fc07573e92f83a2e388003c17759ba,0.5586328400281888,2f8ced1c73658d0f2011ef9e26969687589474ac94b4bf2d0d65d7bf905cf37b,2026-09-07T09:51:34.452634+00:00,1,0.4989770669999416,,,,9,0.13,C-GDP-private-noise,2.7,2,5,0,s2_p5_C-GDP-private-noise_l9_r0,c769d74613ae3570f9c17b34cb945979bab8810928db61e6cdcab9e24f04e4ef,5752036c9746b379b08f8d81e7c675cb73d756ef6978d23021e84add7e4a9e5d,,
0.5612244897959183,,0.0,988babfb79a4be0620cf47d259d4da35f8fc07573e92f83a2e388003c17759ba,0.5389006342494714,2f8ced1c73658d0f2011ef9e26969687589474ac94b4bf2d0d65d7bf905cf37b,2026-09-07T09:51:35.303747+00:00,1,0.7013544210003602,,,,9,0.116,C-GDP-private-noise,2.7,2,5,1,s2_p5_C-GDP-private-noise_l9_r1,c769d74613ae3570f9c17b34cb945979bab8810928db61e6cdcab9e24f04e4ef,5752036c9746b379b08f8d81e7c675cb73d756ef6978d23021e84add7e4a9e5d,,
0.5374149659863946,,0.0,988babfb79a4be0620cf47d259d4da35f8fc07573e92f83a2e388003c17759ba,0.5050035236081748,2f8ced1c73658d0f2011ef9e26969687589474ac94b4bf2d0d65d7bf905cf37b,2026-09-07T09:51:36.181599+00:00,1,0.7262436940000043,,,,9,0.134,C-GDP-private-noise,2.7,2,5,2,s2_p5_C-GDP-private-noise_l9_r2,c769d74613ae3570f9c17b34cb945979bab8810928db61e6cdcab9e24f04e4ef,5752036c9746b379b08f8d81e7c675cb73d756ef6978d23021e84add7e4a9e5d,,
0.6020408163265306,,0.0,988babfb79a4be0620cf47d259d4da35f8fc07573e92f83a2e388003c17759ba,0.5879492600422833,2f8ced1c73658d0f2011ef9e26969687589474ac94b4bf2d0d65d7bf905cf37b,2026-09-07T09:51:36.822713+00:00,1,0.5043006629994125,,,,9,0.148,C-GDP-private-noise,2.7,2,5,3,s2_p5_C-GDP-private-noise_l9_r3,c769d74613ae3570f9c17b34cb945979bab8810928db61e6cdcab9e24f04e4ef,5752036c9746b379b08f8d81e7c675cb73d756ef6978d23021e84add7e4a9e5d,,
0.717687074829932,,0.0,988babfb79a4be0620cf47d259d4da35f8fc07573e92f83a2e388003c17759ba,0.707892882311487,2f8ced1c73658d0f2011ef9e26969687589474ac94b4bf2d0d65d7bf905cf37b,2026-09-07T09:17:13.147120+00:00,1,0.5281889890002276,,,,0,0.679,C-GDP,0.0,2,5,0,s2_p5_C-GDP_l0_r0,c769d74613ae3570f9c17b34cb945979bab8810928db61e6cdcab9e24f04e4ef,5752036c9746b379b08f8d81e7c675cb73d756ef6978d23021e84add7e4a9e5d,,
0.5544217687074829,,0.0,988babfb79a4be0620cf47d259d4da35f8fc07573e92f83a2e388003c17759ba,0.5277660324171952,2f8ced1c73658d0f2011ef9e26969687589474ac94b4bf2d0d65d7bf905cf37b,2026-09-07T09:17:13.545492+00:00,1,0.3401815130000614,,,,0,,I-GDP,0.0,2,5,0,s2_p5_I-GDP_l0_r0,c769d74613ae3570f9c17b34cb945979bab8810928db61e6cdcab9e24f04e4ef,5752036c9746b379b08f8d81e7c675cb73d756ef6978d23021e84add7e4a9e5d,,
0.5918367346938775,,0.0,988babfb79a4be0620cf47d259d4da35f8fc07573e92f83a2e388003c17759ba,0.5610993657505285,2f8ced1c73658d0f2011ef9e26969687589474ac94b4bf2d0d65d7bf905cf37b,2026-09-07T09:17:11.825648+00:00,0,0.9567688150009417,,,,0,,Local-only,0.0,2,5,0,s2_p5_Local-only_l0_r0,c769d74613ae3570f9c17b34cb945979bab8810928db61e6cdcab9e24f04e4ef,5752036c9746b379b08f8d81e7c675cb73d756ef6978d23021e84add7e4a9e5d,,5.0
0.5782312925170068,,94.29501159599931,988babfb79a4be0620cf47d259d4da35f8fc07573e92f83a2e388003c17759ba,0.5532064834390416,2f8ced1c73658d0f2011ef9e26969687589474ac94b4bf2d0d65d7bf905cf37b,2026-09-07T09:46:16.728344+00:00,1,0.9332075120000809,False,500.0,0.006924439644203993,10,0.101,NAA-GDP,0.06,2,5,0,s2_p5_NAA-GDP_l10_r0,c769d74613ae3570f9c17b34cb945979bab8810928db61e6cdcab9e24f04e4ef,5752036c9746b379b08f8d81e7c675cb73d756ef6978d23021e84add7e4a9e5d,,
0.5578231292517006,,94.20980331700048,988babfb79a4be0620cf47d259d4da35f8fc07573e92f83a2e388003c17759ba,0.5274136715997181,2f8ced1c73658d0f2011ef9e26969687589474ac94b4bf2d0d65d7bf905cf37b,2026-09-07T09:47:52.282571+00:00,1,0.7884066990000065,False,500.0,0.012596364091149632,10,0.181,NAA-GDP,0.06,2,5,1,s2_p5_NAA-GDP_l10_r1,c769d74613ae3570f9c17b34cb945979bab8810928db61e6cdcab9e24f04e4ef,5752036c9746b379b08f8d81e7c675cb73d756ef6978d23021e84add7e4a9e5d,,
0.5578231292517006,,94.49494981399948,988babfb79a4be0620cf47d259d4da35f8fc07573e92f83a2e388003c17759ba,0.5172656800563777,2f8ced1c73658d0f2011ef9e26969687589474ac94b4bf2d0d65d7bf905cf37b,2026-09-07T09:49:27.864883+00:00,1,0.5111194869996325,False,500.0,0.008197260644730846,10,0.177,NAA-GDP,0.06,2,5,2,s2_p5_NAA-GDP_l10_r2,c769d74613ae3570f9c17b34cb945979bab8810928db61e6cdcab9e24f04e4ef,5752036c9746b379b08f8d81e7c675cb73d756ef6978d23021e84add7e4a9e5d,,
0.5714285714285714,,94.10035337299996,988babfb79a4be0620cf47d259d4da35f8fc07573e92f83a2e388003c17759ba,0.5665961945031712,2f8ced1c73658d0f2011ef9e26969687589474ac94b4bf2d0d65d7bf905cf37b,2026-09-07T09:51:03.182289+00:00,1,0.6686342550001427,False,500.0,0.008786355064656075,10,0.142,NAA-GDP,0.06,2,5,3,s2_p5_NAA-GDP_l10_r3,c769d74613ae3570f9c17b34cb945979bab8810928db61e6cdcab9e24f04e4ef,5752036c9746b379b08f8d81e7c675cb73d756ef6978d23021e84add7e4a9e5d,,
0.6938775510204082,,1.549960108999585,988babfb79a4be0620cf47d259d4da35f8fc07573e92f83a2e388003c17759ba,0.6756871035940804,2f8ced1c73658d0f2011ef9e26969687589474ac94b4bf2d0d65d7bf905cf37b,2026-09-07T09:17:17.225101+00:00,1,0.9388307760000316,True,5.0,3.105437786540578e-08,1,0.537,NAA-GDP,0.006,2,5,0,s2_p5_NAA-GDP_l1_r0,c769d74613ae3570f9c17b34cb945979bab8810928db61e6cdcab9e24f04e4ef,5752036c9746b379b08f8d81e7c675cb73d756ef6978d23021e84add7e4a9e5d,,
0.6700680272108843,,1.54850056199939,988babfb79a4be0620cf47d259d4da35f8fc07573e92f83a2e388003c17759ba,0.67815362931642,2f8ced1c73658d0f2011ef9e26969687589474ac94b4bf2d0d65d7bf905cf37b,2026-09-07T09:17:21.064852+00:00,1,0.9829343769997649,True,5.0,3.1615211065670226e-08,1,0.578,NAA-GDP,0.006,2,5,1,s2_p5_NAA-GDP_l1_r1,c769d74613ae3570f9c17b34cb945979bab8810928db61e6cdcab9e24f04e4ef,5752036c9746b379b08f8d81e7c675cb73d756ef6978d23021e84add7e4a9e5d,,
0.6802721088435374,,1.5105862460004573,988babfb79a4be0620cf47d259d4da35f8fc07573e92f83a2e388003c17759ba,0.6711768851303734,2f8ced1c73658d0f2011ef9e26969687589474ac94b4bf2d0d65d7bf905cf37b,2026-09-07T09:17:24.028837+00:00,1,0.8782086910005091,True,5.0,3.116247225647069e-08,1,0.568,NAA-GDP,0.006,2,5,2,s2_p5_NAA-GDP_l1_r2,c769d74613ae3570f9c17b34cb945979bab8810928db61e6cdcab9e24f04e4ef,5752036c9746b379b08f8d81e7c675cb73d756ef6978d23021e84add7e4a9e5d,,
0.6530612244897959,,1.5072325730006924,988babfb79a4be0620cf47d259d4da35f8fc07573e92f83a2e388003c17759ba,0.6503171247357293,2f8ced1c73658d0f2011ef9e26969687589474ac94b4bf2d0d65d7bf905cf37b,2026-09-07T09:17:26.697618+00:00,1,0.5947350870001173,True,5.0,3.086797323850211e-08,1,0.596,NAA-GDP,0.006,2,5,3,s2_p5_NAA-GDP_l1_r3,c769d74613ae3570f9c17b34cb945979bab8810928db61e6cdcab9e24f04e4ef,5752036c9746b379b08f8d81e7c675cb73d756ef6978d23021e84add7e4a9e5d,,
0.6870748299319728,,2.0358156709999093,988babfb79a4be0620cf47d259d4da35f8fc07573e92f83a2e388003c17759ba,0.6704721634954193,2f8ced1c73658d0f2011ef9e26969687589474ac94b4bf2d0d65d7bf905cf37b,2026-09-07T09:17:30.493473+00:00,1,1.2046804790006718,True,8.0,4.1833335487838964e-08,2,0.454,NAA-GDP,0.012,2,5,0,s2_p5_NAA-GDP_l2_r0,c769d74613ae3570f9c17b34cb945979bab8810928db61e6cdcab9e24f04e4ef,5752036c9746b379b08f8d81e7c675cb73d756ef6978d23021e84add7e4a9e5d,,
0.6870748299319728,,2.0277322510000886,988babfb79a4be0620cf47d259d4da35f8fc07573e92f83a2e388003c17759ba,0.6848484848484848,2f8ced1c73658d0f2011ef9e26969687589474ac94b4bf2d0d65d7bf905cf37b,2026-09-07T09:17:34.056895+00:00,1,0.9569372549995023,True,8.0,4.257577342549009e-08,2,0.487,NAA-GDP,0.012,2,5,1,s2_p5_NAA-GDP_l2_r1,c769d74613ae3570f9c17b34cb945979bab8810928db61e6cdcab9e24f04e4ef,5752036c9746b379b08f8d81e7c675cb73d756ef6978d23021e84add7e4a9e5d,,
0.6768707482993197,,2.0791963109995777,988babfb79a4be0620cf47d259d4da35f8fc07573e92f83a2e388003c17759ba,0.6689922480620154,2f8ced1c73658d0f2011ef9e26969687589474ac94b4bf2d0d65d7bf905cf37b,2026-09-07T09:17:38.406713+00:00,1,0.9171919119999075,True,8.0,4.112713689658562e-08,2,0.44,NAA-GDP,0.012,2,5,2,s2_p5_NAA-GDP_l2_r2,c769d74613ae3570f9c17b34cb945979bab8810928db61e6cdcab9e24f04e4ef,5752036c9746b379b08f8d81e7c675cb73d756ef6978d23021e84add7e4a9e5d,,
0.6768707482993197,,2.0333475030001864,988babfb79a4be0620cf47d259d4da35f8fc07573e92f83a2e388003c17759ba,0.6613812544045101,2f8ced1c73658d0f2011ef9e26969687589474ac94b4bf2d0d65d7bf905cf37b,2026-09-07T09:17:42.281799+00:00,1,1.2239944319999267,True,8.0,4.092226343060934e-08,2,0.429,NAA-GDP,0.012,2,5,3,s2_p5_NAA-GDP_l2_r3,c769d74613ae3570f9c17b34cb945979bab8810928db61e6cdcab9e24f04e4ef,5752036c9746b379b08f8d81e7c675cb73d756ef6978d23021e84add7e4a9e5d,,
0.6598639455782312,,2.9429157829999895,988babfb79a4be0620cf47d259d4da35f8fc07573e92f83a2e388003c17759ba,0.6563777307963354,2f8ced1c73658d0f2011ef9e26969687589474ac94b4bf2d0d65d7bf905cf37b,2026-09-07T09:17:46.654643+00:00,1,0.8548931240002275,True,13.0,3.392047517641228e-08,3,0.267,NAA-GDP,0.018,2,5,0,s2_p5_NAA-GDP_l3_r0,c769d74613ae3570f9c17b34cb945979bab8810928db61e6cdcab9e24f04e4ef,5752036c9746b379b08f8d81e7c675cb73d756ef6978d23021e84add7e4a9e5d,,
0.6666666666666666,,2.9680474480001067,988babfb79a4be0620cf47d259d4da35f8fc07573e92f83a2e388003c17759ba,0.6539816772374911,2f8ced1c73658d0f2011ef9e26969687589474ac94b4bf2d0d65d7bf905cf37b,2026-09-07T09:17:51.261650+00:00,1,1.0699239760006094,True,13.0,3.38097935173633e-08,3,0.332,NAA-GDP,0.018,2,5,1,s2_p5_NAA-GDP_l3_r1,c769d74613ae3570f9c17b34cb945979bab8810928db61e6cdcab9e24f04e4ef,5752036c9746b379b08f8d81e7c675cb73d756ef6978d23021e84add7e4a9e5d,,
0.6972789115646258,,2.9461452569994435,988babfb79a4be0620cf47d259d4da35f8fc07573e92f83a2e388003c17759ba,0.6914023960535589,2f8ced1c73658d0f2011ef9e26969687589474ac94b4bf2d0d65d7bf905cf37b,2026-09-07T09:17:55.700595+00:00,1,0.9326897399996597,True,13.0,3.307557203281609e-08,3,0.251,NAA-GDP,0.018,2,5,2,s2_p5_NAA-GDP_l3_r2,c769d74613ae3570f9c17b34cb945979bab8810928db61e6cdcab9e24f04e4ef,5752036c9746b379b08f8d81e7c675cb73d756ef6978d23021e84add7e4a9e5d,,
0.6496598639455783,,2.9762829470000725,988babfb79a4be0620cf47d259d4da35f8fc07573e92f83a2e388003c17759ba,0.6219168428470754,2f8ced1c73658d0f2011ef9e26969687589474ac94b4bf2d0d65d7bf905cf37b,2026-09-07T09:18:00.868243+00:00,1,0.813437614000577,True,13.0,3.493959432410032e-08,3,0.329,NAA-GDP,0.018,2,5,3,s2_p5_NAA-GDP_l3_r3,c769d74613ae3570f9c17b34cb945979bab8810928db61e6cdcab9e24f04e4ef,5752036c9746b379b08f8d81e7c675cb73d756ef6978d23021e84add7e4a9e5d,,
0.6462585034013606,,4.627272234999509,988babfb79a4be0620cf47d259d4da35f8fc07573e92f83a2e388003c17759ba,0.6391825229034531,2f8ced1c73658d0f2011ef9e26969687589474ac94b4bf2d0d65d7bf905cf37b,2026-09-07T09:18:07.002174+00:00,1,0.9259236589996362,True,22.0,6.747930676596537e-08,4,0.292,NAA-GDP,0.024,2,5,0,s2_p5_NAA-GDP_l4_r0,c769d74613ae3570f9c17b34cb945979bab8810928db61e6cdcab9e24f04e4ef,5752036c9746b379b08f8d81e7c675cb73d756ef6978d23021e84add7e4a9e5d,,
0.608843537414966,,4.61340967400065,988babfb79a4be0620cf47d259d4da35f8fc07573e92f83a2e388003c17759ba,0.5770965468639887,2f8ced1c73658d0f2011ef9e26969687589474ac94b4bf2d0d65d7bf905cf37b,2026-09-07T09:18:13.085413+00:00,1,0.8919781750000766,True,22.0,7.609168568393444e-08,4,0.239,NAA-GDP,0.024,2,5,1,s2_p5_NAA-GDP_l4_r1,c769d74613ae3570f9c17b34cb945979bab8810928db61e6cdcab9e24f04e4ef,5752036c9746b379b08f8d81e7c675cb73d756ef6978d23021e84add7e4a9e5d,,
0.6462585034013606,,4.60960089999935,988babfb79a4be0620cf47d259d4da35f8fc07573e92f83a2e388003c17759ba,0.6180408738548273,2f8ced1c73658d0f2011ef9e26969687589474ac94b4bf2d0d65d7bf905cf37b,2026-09-07T09:18:18.950431+00:00,1,0.6870966450005653,True,22.0,7.364900619831926e-08,4,0.308,NAA-GDP,0.024,2,5,2,s2_p5_NAA-GDP_l4_r2,c769d74613ae3570f9c17b34cb945979bab8810928db61e6cdcab9e24f04e4ef,5752036c9746b379b08f8d81e7c675cb73d756ef6978d23021e84add7e4a9e5d,,
0.6258503401360545,,4.6130385400001614,988babfb79a4be0620cf47d259d4da35f8fc07573e92f83a2e388003c17759ba,0.5973220577871741,2f8ced1c73658d0f2011ef9e26969687589474ac94b4bf2d0d65d7bf905cf37b,2026-09-07T09:18:24.833191+00:00,1,0.6941955299998881,True,22.0,7.07468071315435e-08,4,0.278,NAA-GDP,0.024,2,5,3,s2_p5_NAA-GDP_l4_r3,c769d74613ae3570f9c17b34cb945979bab8810928db61e6cdcab9e24f04e4ef,5752036c9746b379b08f8d81e7c675cb73d756ef6978d23021e84add7e4a9e5d,,
0.6326530612244898,,10.5858853310001,988babfb79a4be0620cf47d259d4da35f8fc07573e92f83a2e388003c17759ba,0.6169133192389007,2f8ced1c73658d0f2011ef9e26969687589474ac94b4bf2d0d65d7bf905cf37b,2026-09-07T09:18:37.606017+00:00,1,0.7914347690002614,True,54.0,8.760381274822543e-08,5,0.216,NAA-GDP,0.03,2,5,0,s2_p5_NAA-GDP_l5_r0,c769d74613ae3570f9c17b34cb945979bab8810928db61e6cdcab9e24f04e4ef,5752036c9746b379b08f8d81e7c675cb73d756ef6978d23021e84add7e4a9e5d,,
0.6360544217687075,,10.214966373000607,988babfb79a4be0620cf47d259d4da35f8fc07573e92f83a2e388003c17759ba,0.6258632840028189,2f8ced1c73658d0f2011ef9e26969687589474ac94b4bf2d0d65d7bf905cf37b,2026-09-07T09:18:49.325864+00:00,1,0.942313853000087,True,52.0,9.442402649345714e-08,5,0.188,NAA-GDP,0.03,2,5,1,s2_p5_NAA-GDP_l5_r1,c769d74613ae3570f9c17b34cb945979bab8810928db61e6cdcab9e24f04e4ef,5752036c9746b379b08f8d81e7c675cb73d756ef6978d23021e84add7e4a9e5d,,
0.6326530612244898,,10.212917590999496,988babfb79a4be0620cf47d259d4da35f8fc07573e92f83a2e388003c17759ba,0.6177589852008456,2f8ced1c73658d0f2011ef9e26969687589474ac94b4bf2d0d65d7bf905cf37b,2026-09-07T09:19:00.711760+00:00,1,0.6141508440005055,True,52.0,7.666966043868025e-08,5,0.166,NAA-GDP,0.03,2,5,2,s2_p5_NAA-GDP_l5_r2,c769d74613ae3570f9c17b34cb945979bab8810928db61e6cdcab9e24f04e4ef,5752036c9746b379b08f8d81e7c675cb73d756ef6978d23021e84add7e4a9e5d,,
0.6122448979591837,,10.437854345000233,988babfb79a4be0620cf47d259d4da35f8fc07573e92f83a2e388003c17759ba,0.5818181818181818,2f8ced1c73658d0f2011ef9e26969687589474ac94b4bf2d0d65d7bf905cf37b,2026-09-07T09:19:12.744770+00:00,1,1.0388537360004193,True,53.0,7.791220770200915e-08,5,0.237,NAA-GDP,0.03,2,5,3,s2_p5_NAA-GDP_l5_r3,c769d74613ae3570f9c17b34cb945979bab8810928db61e6cdcab9e24f04e4ef,5752036c9746b379b08f8d81e7c675cb73d756ef6978d23021e84add7e4a9e5d,,
0.6054421768707483,,93.97142314700068,988babfb79a4be0620cf47d259d4da35f8fc07573e92f83a2e388003c17759ba,0.5892882311486962,2f8ced1c73658d0f2011ef9e26969687589474ac94b4bf2d0d65d7bf905cf37b,2026-09-07T09:20:48.081643+00:00,1,0.8042684750007538,False,500.0,0.0007072038004369967,6,0.217,NAA-GDP,0.036,2,5,0,s2_p5_NAA-GDP_l6_r0,c769d74613ae3570f9c17b34cb945979bab8810928db61e6cdcab9e24f04e4ef,5752036c9746b379b08f8d81e7c675cb73d756ef6978d23021e84add7e4a9e5d,,
0.6224489795918368,,93.99747539200052,988babfb79a4be0620cf47d259d4da35f8fc07573e92f83a2e388003c17759ba,0.6112050739957717,2f8ced1c73658d0f2011ef9e26969687589474ac94b4bf2d0d65d7bf905cf37b,2026-09-07T09:22:24.376626+00:00,1,0.8371332010001424,False,500.0,0.0017092003173319287,6,0.18,NAA-GDP,0.036,2,5,1,s2_p5_NAA-GDP_l6_r1,c769d74613ae3570f9c17b34cb945979bab8810928db61e6cdcab9e24f04e4ef,5752036c9746b379b08f8d81e7c675cb73d756ef6978d23021e84add7e4a9e5d,,
0.6258503401360545,,93.85769806799999,988babfb79a4be0620cf47d259d4da35f8fc07573e92f83a2e388003c17759ba,0.596476391825229,2f8ced1c73658d0f2011ef9e26969687589474ac94b4bf2d0d65d7bf905cf37b,2026-09-07T09:23:59.555527+00:00,1,0.7567049449999104,False,500.0,0.00012061175757456199,6,0.155,NAA-GDP,0.036,2,5,2,s2_p5_NAA-GDP_l6_r2,c769d74613ae3570f9c17b34cb945979bab8810928db61e6cdcab9e24f04e4ef,5752036c9746b379b08f8d81e7c675cb73d756ef6978d23021e84add7e4a9e5d,,
0.6156462585034014,,93.6444296969994,988babfb79a4be0620cf47d259d4da35f8fc07573e92f83a2e388003c17759ba,0.5907681465821001,2f8ced1c73658d0f2011ef9e26969687589474ac94b4bf2d0d65d7bf905cf37b,2026-09-07T09:25:34.688943+00:00,1,0.8594998279995707,False,500.0,0.0030944603859641828,6,0.196,NAA-GDP,0.036,2,5,3,s2_p5_NAA-GDP_l6_r3,c769d74613ae3570f9c17b34cb945979bab8810928db61e6cdcab9e24f04e4ef,5752036c9746b379b08f8d81e7c675cb73d756ef6978d23021e84add7e4a9e5d,,
0.6020408163265306,,94.00110634900011,988babfb79a4be0620cf47d259d4da35f8fc07573e92f83a2e388003c17759ba,0.5837209302325581,2f8ced1c73658d0f2011ef9e26969687589474ac94b4bf2d0d65d7bf905cf37b,2026-09-07T09:27:09.966169+00:00,1,0.7251594089993887,False,500.0,0.006747688567294183,7,0.121,NAA-GDP,0.042,2,5,0,s2_p5_NAA-GDP_l7_r0,c769d74613ae3570f9c17b34cb945979bab8810928db61e6cdcab9e24f04e4ef,5752036c9746b379b08f8d81e7c675cb73d756ef6978d23021e84add7e4a9e5d,,
0.5918367346938775,,93.90558546400007,988babfb79a4be0620cf47d259d4da35f8fc07573e92f83a2e388003c17759ba,0.5627906976744186,2f8ced1c73658d0f2011ef9e26969687589474ac94b4bf2d0d65d7bf905cf37b,2026-09-07T09:28:45.101084+00:00,1,0.6601120830000582,False,500.0,0.009094543406360105,7,0.19,NAA-GDP,0.042,2,5,1,s2_p5_NAA-GDP_l7_r1,c769d74613ae3570f9c17b34cb945979bab8810928db61e6cdcab9e24f04e4ef,5752036c9746b379b08f8d81e7c675cb73d756ef6978d23021e84add7e4a9e5d,,
0.6020408163265306,,93.89851020399965,988babfb79a4be0620cf47d259d4da35f8fc07573e92f83a2e388003c17759ba,0.5744186046511628,2f8ced1c73658d0f2011ef9e26969687589474ac94b4bf2d0d65d7bf905cf37b,2026-09-07T09:30:21.028675+00:00,1,0.6145948049997969,False,500.0,0.013786579259197525,7,0.2,NAA-GDP,0.042,2,5,2,s2_p5_NAA-GDP_l7_r2,c769d74613ae3570f9c17b34cb945979bab8810928db61e6cdcab9e24f04e4ef,5752036c9746b379b08f8d81e7c675cb73d756ef6978d23021e84add7e4a9e5d,,
0.608843537414966,,93.82295817699924,988babfb79a4be0620cf47d259d4da35f8fc07573e92f83a2e388003c17759ba,0.5872445384073292,2f8ced1c73658d0f2011ef9e26969687589474ac94b4bf2d0d65d7bf905cf37b,2026-09-07T09:31:56.567306+00:00,1,1.1666373509997356,False,500.0,0.006554560909500003,7,0.172,NAA-GDP,0.042,2,5,3,s2_p5_NAA-GDP_l7_r3,c769d74613ae3570f9c17b34cb945979bab8810928db61e6cdcab9e24f04e4ef,5752036c9746b379b08f8d81e7c675cb73d756ef6978d23021e84add7e4a9e5d,,
0.6054421768707483,,93.92467672799921,988babfb79a4be0620cf47d259d4da35f8fc07573e92f83a2e388003c17759ba,0.580831571529246,2f8ced1c73658d0f2011ef9e26969687589474ac94b4bf2d0d65d7bf905cf37b,2026-09-07T09:33:31.785787+00:00,1,0.7153070439999283,False,500.0,0.011486913357719281,8,0.133,NAA-GDP,0.048,2,5,0,s2_p5_NAA-GDP_l8_r0,c769d74613ae3570f9c17b34cb945979bab8810928db61e6cdcab9e24f04e4ef,5752036c9746b379b08f8d81e7c675cb73d756ef6978d23021e84add7e4a9e5d,,
0.5612244897959183,,94.11005950399976,988babfb79a4be0620cf47d259d4da35f8fc07573e92f83a2e388003c17759ba,0.5329809725158563,2f8ced1c73658d0f2011ef9e26969687589474ac94b4bf2d0d65d7bf905cf37b,2026-09-07T09:35:07.155633+00:00,1,0.6844794759999786,False,500.0,0.007242379068712222,8,0.155,NAA-GDP,0.048,2,5,1,s2_p5_NAA-GDP_l8_r1,c769d74613ae3570f9c17b34cb945979bab8810928db61e6cdcab9e24f04e4ef,5752036c9746b379b08f8d81e7c675cb73d756ef6978d23021e84add7e4a9e5d,,
0.5850340136054422,,94.0042253190004,988babfb79a4be0620cf47d259d4da35f8fc07573e92f83a2e388003c17759ba,0.5516560958421424,2f8ced1c73658d0f2011ef9e26969687589474ac94b4bf2d0d65d7bf905cf37b,2026-09-07T09:36:42.396094+00:00,1,0.6335252850003599,False,500.0,0.011990103158267991,8,0.134,NAA-GDP,0.048,2,5,2,s2_p5_NAA-GDP_l8_r2,c769d74613ae3570f9c17b34cb945979bab8810928db61e6cdcab9e24f04e4ef,5752036c9746b379b08f8d81e7c675cb73d756ef6978d23021e84add7e4a9e5d,,
0.5884353741496599,,94.06825722299982,988babfb79a4be0620cf47d259d4da35f8fc07573e92f83a2e388003c17759ba,0.5665257223396758,2f8ced1c73658d0f2011ef9e26969687589474ac94b4bf2d0d65d7bf905cf37b,2026-09-07T09:38:18.819997+00:00,1,0.9363183799996477,False,500.0,0.009201586382396007,8,0.151,NAA-GDP,0.048,2,5,3,s2_p5_NAA-GDP_l8_r3,c769d74613ae3570f9c17b34cb945979bab8810928db61e6cdcab9e24f04e4ef,5752036c9746b379b08f8d81e7c675cb73d756ef6978d23021e84add7e4a9e5d,,
0.5544217687074829,,94.03646677300003,988babfb79a4be0620cf47d259d4da35f8fc07573e92f83a2e388003c17759ba,0.5167723749119097,2f8ced1c73658d0f2011ef9e26969687589474ac94b4bf2d0d65d7bf905cf37b,2026-09-07T09:39:53.874923+00:00,1,0.4453185669999584,False,500.0,0.009992949466227885,9,0.118,NAA-GDP,0.054,2,5,0,s2_p5_NAA-GDP_l9_r0,c769d74613ae3570f9c17b34cb945979bab8810928db61e6cdcab9e24f04e4ef,5752036c9746b379b08f8d81e7c675cb73d756ef6978d23021e84add7e4a9e5d,,
0.5408163265306123,,94.20863914600068,988babfb79a4be0620cf47d259d4da35f8fc07573e92f83a2e388003c17759ba,0.5071881606765328,2f8ced1c73658d0f2011ef9e26969687589474ac94b4bf2d0d65d7bf905cf37b,2026-09-07T09:41:29.498708+00:00,1,0.7771814520001499,False,500.0,0.010564688931490547,9,0.166,NAA-GDP,0.054,2,5,1,s2_p5_NAA-GDP_l9_r1,c769d74613ae3570f9c17b34cb945979bab8810928db61e6cdcab9e24f04e4ef,5752036c9746b379b08f8d81e7c675cb73d756ef6978d23021e84add7e4a9e5d,,
0.5850340136054422,,94.077731718,988babfb79a4be0620cf47d259d4da35f8fc07573e92f83a2e388003c17759ba,0.571106412966878,2f8ced1c73658d0f2011ef9e26969687589474ac94b4bf2d0d65d7bf905cf37b,2026-09-07T09:43:04.705048+00:00,1,0.5780012080003871,False,500.0,0.00971330833531703,9,0.122,NAA-GDP,0.054,2,5,2,s2_p5_NAA-GDP_l9_r2,c769d74613ae3570f9c17b34cb945979bab8810928db61e6cdcab9e24f04e4ef,5752036c9746b379b08f8d81e7c675cb73d756ef6978d23021e84add7e4a9e5d,,
0.5544217687074829,,94.11715243399976,988babfb79a4be0620cf47d259d4da35f8fc07573e92f83a2e388003c17759ba,0.548062015503876,2f8ced1c73658d0f2011ef9e26969687589474ac94b4bf2d0d65d7bf905cf37b,2026-09-07T09:44:40.045472+00:00,1,0.6347468370004208,False,500.0,0.013368749584171004,9,0.101,NAA-GDP,0.054,2,5,3,s2_p5_NAA-GDP_l9_r3,c769d74613ae3570f9c17b34cb945979bab8810928db61e6cdcab9e24f04e4ef,5752036c9746b379b08f8d81e7c675cb73d756ef6978d23021e84add7e4a9e5d,,
0.662020905923345,,0.0,988babfb79a4be0620cf47d259d4da35f8fc07573e92f83a2e388003c17759ba,0.6676105315449578,d12b5978938ad34e38ae4efe75c38fc3e6bbb49d8df0f3363cce31ddde88eaa7,2026-09-07T09:51:49.437789+00:00,1,0.943099901000096,,,,0,0.643,AA-GDP,0.0,3,5,0,s3_p5_AA-GDP_l0_r0,c769d74613ae3570f9c17b34cb945979bab8810928db61e6cdcab9e24f04e4ef,5752036c9746b379b08f8d81e7c675cb73d756ef6978d23021e84add7e4a9e5d,,
0.5505226480836237,,0.0,988babfb79a4be0620cf47d259d4da35f8fc07573e92f83a2e388003c17759ba,0.5631644311972182,d12b5978938ad34e38ae4efe75c38fc3e6bbb49d8df0f3363cce31ddde88eaa7,2026-09-07T10:26:15.185640+00:00,1,0.31465930200101866,,,,10,0.136,C-GDP-private-noise,3.0,3,5,0,s3_p5_C-GDP-private-noise_l10_r0,c769d74613ae3570f9c17b34cb945979bab8810928db61e6cdcab9e24f04e4ef,5752036c9746b379b08f8d81e7c675cb73d756ef6978d23021e84add7e4a9e5d,,
0.5470383275261324,,0.0,988babfb79a4be0620cf47d259d4da35f8fc07573e92f83a2e388003c17759ba,0.5067312468951813,d12b5978938ad34e38ae4efe75c38fc3e6bbb49d8df0f3363cce31ddde88eaa7,2026-09-07T10:26:15.664897+00:00,1,0.33704030599983525,,,,10,0.121,C-GDP-private-noise,3.0,3,5,1,s3_p5_C-GDP-private-noise_l10_r1,c769d74613ae3570f9c17b34cb945979bab8810928db61e6cdcab9e24f04e4ef,5752036c9746b379b08f8d81e7c675cb73d756ef6978d23021e84add7e4a9e5d,,
0.5609756097560976,,0.0,988babfb79a4be0620cf47d259d4da35f8fc07573e92f83a2e388003c17759ba,0.5412816691505216,d12b5978938ad34e38ae4efe75c38fc3e6bbb49d8df0f3363cce31ddde88eaa7,2026-09-07T10:26:17.250333+00:00,1,0.49016122100147186,,,,10,0.079,C-GDP-private-noise,3.0,3,5,2,s3_p5_C-GDP-private-noise_l10_r2,c769d74613ae3570f9c17b34cb945979bab8810928db61e6cdcab9e24f04e4ef,5752036c9746b379b08f8d81e7c675cb73d756ef6978d23021e84add7e4a9e5d,,
0.4878048780487805,,0.0,988babfb79a4be0620cf47d259d4da35f8fc07573e92f83a2e388003c17759ba,0.5032786885245901,d12b5978938ad34e38ae4efe75c38fc3e6bbb49d8df0f3363cce31ddde88eaa7,2026-09-07T10:26:17.732812+00:00,1,0.3328239410002425,,,,10,0.116,C-GDP-private-noise,3.0,3,5,3,s3_p5_C-GDP-private-noise_l10_r3,c769d74613ae3570f9c17b34cb945979bab8810928db61e6cdcab9e24f04e4ef,5752036c9746b379b08f8d81e7c675cb73d756ef6978d23021e84add7e4a9e5d,,
0.6655052264808362,,0.0,988babfb79a4be0620cf47d259d4da35f8fc07573e92f83a2e388003c17759ba,0.6845255837059117,d12b5978938ad34e38ae4efe75c38fc3e6bbb49d8df0f3363cce31ddde88eaa7,2026-09-07T10:25:42.470092+00:00,1,0.7910944369996287,,,,1,0.512,C-GDP-private-noise,0.3,3,5,0,s3_p5_C-GDP-private-noise_l1_r0,c769d74613ae3570f9c17b34cb945979bab8810928db61e6cdcab9e24f04e4ef,5752036c9746b379b08f8d81e7c675cb73d756ef6978d23021e84add7e4a9e5d,,
0.6759581881533101,,0.0,988babfb79a4be0620cf47d259d4da35f8fc07573e92f83a2e388003c17759ba,0.6573025335320417,d12b5978938ad34e38ae4efe75c38fc3e6bbb49d8df0f3363cce31ddde88eaa7,2026-09-07T10:25:43.511007+00:00,1,0.8625212520000787,,,,1,0.503,C-GDP-private-noise,0.3,3,5,1,s3_p5_C-GDP-private-noise_l1_r1,c769d74613ae3570f9c17b34cb945979bab8810928db61e6cdcab9e24f04e4ef,5752036c9746b379b08f8d81e7c675cb73d756ef6978d23021e84add7e4a9e5d,,
0.6759581881533101,,0.0,988babfb79a4be0620cf47d259d4da35f8fc07573e92f83a2e388003c17759ba,0.6797317436661698,d12b5978938ad34e38ae4efe75c38fc3e6bbb49d8df0f3363cce31ddde88eaa7,2026-09-07T10:25:44.421395+00:00,1,0.7700494810014789,,,,1,0.522,C-GDP-private-noise,0.3,3,5,2,s3_p5_C-GDP-private-noise_l1_r2,c769d74613ae3570f9c17b34cb945979bab8810928db61e6cdcab9e24f04e4ef,5752036c9746b379b08f8d81e7c675cb73d756ef6978d23021e84add7e4a9e5d,,
0.6759581881533101,,0.0,988babfb79a4be0620cf47d259d4da35f8fc07573e92f83a2e388003c17759ba,0.6765275707898659,d12b5978938ad34e38ae4efe75c38fc3e6bbb49d8df0f3363cce31ddde88eaa7,2026-09-07T10:25:46.291071+00:00,1,0.7389264729990828,,,,1,0.533,C-GDP-private-noise,0.3,3,5,3,s3_p5_C-GDP-private-noise_l1_r3,c769d74613ae3570f9c17b34cb945979bab8810928db61e6cdcab9e24f04e4ef,5752036c9746b379b08f8d81e7c675cb73d756ef6978d23021e84add7e4a9e5d,,
0.5993031358885017,,0.0,988babfb79a4be0620cf47d259d4da35f8fc07573e92f83a2e388003c17759ba,0.5724788872329856,d12b5978938ad34e38ae4efe75c38fc3e6bbb49d8df0f3363cce31ddde88eaa7,2026-09-07T10:25:47.007069+00:00,1,0.5785902719999285,,,,2,0.309,C-GDP-private-noise,0.6,3,5,0,s3_p5_C-GDP-private-noise_l2_r0,c769d74613ae3570f9c17b34cb945979bab8810928db61e6cdcab9e24f04e4ef,5752036c9746b379b08f8d81e7c675cb73d756ef6978d23021e84add7e4a9e5d,,
0.627177700348432,,0.0,988babfb79a4be0620cf47d259d4da35f8fc07573e92f83a2e388003c17759ba,0.6244908097367114,d12b5978938ad34e38ae4efe75c38fc3e6bbb49d8df0f3363cce31ddde88eaa7,2026-09-07T10:25:47.914156+00:00,1,0.7677690159998747,,,,2,0.303,C-GDP-private-noise,0.6,3,5,1,s3_p5_C-GDP-private-noise_l2_r1,c769d74613ae3570f9c17b34cb945979bab8810928db61e6cdcab9e24f04e4ef,5752036c9746b379b08f8d81e7c675cb73d756ef6978d23021e84add7e4a9e5d,,
0.6829268292682927,,0.0,988babfb79a4be0620cf47d259d4da35f8fc07573e92f83a2e388003c17759ba,0.6996770988574268,d12b5978938ad34e38ae4efe75c38fc3e6bbb49d8df0f3363cce31ddde88eaa7,2026-09-07T10:25:48.765957+00:00,1,0.6927167750000081,,,,2,0.3,C-GDP-private-noise,0.6,3,5,2,s3_p5_C-GDP-private-noise_l2_r2,c769d74613ae3570f9c17b34cb945979bab8810928db61e6cdcab9e24f04e4ef,5752036c9746b379b08f8d81e7c675cb73d756ef6978d23021e84add7e4a9e5d,,
0.6202090592334495,,0.0,988babfb79a4be0620cf47d259d4da35f8fc07573e92f83a2e388003c17759ba,0.6045454545454545,d12b5978938ad34e38ae4efe75c38fc3e6bbb49d8df0f3363cce31ddde88eaa7,2026-09-07T10:25:49.708157+00:00,1,0.7966217810007947,,,,2,0.261,C-GDP-private-noise,0.6,3,5,3,s3_p5_C-GDP-private-noise_l2_r3,c769d74613ae3570f9c17b34cb945979bab8810928db61e6cdcab9e24f04e4ef,5752036c9746b379b08f8d81e7c675cb73d756ef6978d23021e84add7e4a9e5d,,
0.5993031358885017,,0.0,988babfb79a4be0620cf47d259d4da35f8fc07573e92f83a2e388003c17759ba,0.587431693989071,d12b5978938ad34e38ae4efe75c38fc3e6bbb49d8df0f3363cce31ddde88eaa7,2026-09-07T10:25:51.377784+00:00,1,0.5593870290013001,,,,3,0.281,C-GDP-private-noise,0.9,3,5,0,s3_p5_C-GDP-private-noise_l3_r0,c769d74613ae3570f9c17b34cb945979bab8810928db61e6cdcab9e24f04e4ef,5752036c9746b379b08f8d81e7c675cb73d756ef6978d23021e84add7e4a9e5d,,
0.6202090592334495,,0.0,988babfb79a4be0620cf47d259d4da35f8fc07573e92f83a2e388003c17759ba,0.613089915548932,d12b5978938ad34e38ae4efe75c38fc3e6bbb49d8df0f3363cce31ddde88eaa7,2026-09-07T10:25:52.137938+00:00,1,0.6147077410005295,,,,3,0.256,C-GDP-private-noise,0.9,3,5,1,s3_p5_C-GDP-private-noise_l3_r1,c769d74613ae3570f9c17b34cb945979bab8810928db61e6cdcab9e24f04e4ef,5752036c9746b379b08f8d81e7c675cb73d756ef6978d23021e84add7e4a9e5d,,
0.6202090592334495,,0.0,988babfb79a4be0620cf47d259d4da35f8fc07573e92f83a2e388003c17759ba,0.5906607054148038,d12b5978938ad34e38ae4efe75c38fc3e6bbb49d8df0f3363cce31ddde88eaa7,2026-09-07T10:25:52.954815+00:00,1,0.6741313059992535,,,,3,0.247,C-GDP-private-noise,0.9,3,5,2,s3_p5_C-GDP-private-noise_l3_r2,c769d74613ae3570f9c17b34cb945979bab8810928db61e6cdcab9e24f04e4ef,5752036c9746b379b08f8d81e7c675cb73d756ef6978d23021e84add7e4a9e5d,,
0.6132404181184669,,0.0,988babfb79a4be0620cf47d259d4da35f8fc07573e92f83a2e388003c17759ba,0.6006209637357178,d12b5978938ad34e38ae4efe75c38fc3e6bbb49d8df0f3363cce31ddde88eaa7,2026-09-07T10:25:53.717863+00:00,1,0.5776473719997739,,,,3,0.218,C-GDP-private-noise,0.9,3,5,3,s3_p5_C-GDP-private-noise_l3_r3,c769d74613ae3570f9c17b34cb945979bab8810928db61e6cdcab9e24f04e4ef,5752036c9746b379b08f8d81e7c675cb73d756ef6978d23021e84add7e4a9e5d,,
0.5400696864111498,,0.0,988babfb79a4be0620cf47d259d4da35f8fc07573e92f83a2e388003c17759ba,0.5465971187282663,d12b5978938ad34e38ae4efe75c38fc3e6bbb49d8df0f3363cce31ddde88eaa7,2026-09-07T10:25:54.435588+00:00,1,0.5827704679995804,,,,4,0.163,C-GDP-private-noise,1.2,3,5,0,s3_p5_C-GDP-private-noise_l4_r0,c769d74613ae3570f9c17b34cb945979bab8810928db61e6cdcab9e24f04e4ef,5752036c9746b379b08f8d81e7c675cb73d756ef6978d23021e84add7e4a9e5d,,
0.5609756097560976,,0.0,988babfb79a4be0620cf47d259d4da35f8fc07573e92f83a2e388003c17759ba,0.5679831097863886,d12b5978938ad34e38ae4efe75c38fc3e6bbb49d8df0f3363cce31ddde88eaa7,2026-09-07T10:25:56.138318+00:00,1,0.5694991370000935,,,,4,0.139,C-GDP-private-noise,1.2,3,5,1,s3_p5_C-GDP-private-noise_l4_r1,c769d74613ae3570f9c17b34cb945979bab8810928db61e6cdcab9e24f04e4ef,5752036c9746b379b08f8d81e7c675cb73d756ef6978d23021e84add7e4a9e5d,,
0.5470383275261324,,0.0,988babfb79a4be0620cf47d259d4da35f8fc07573e92f83a2e388003c17759ba,0.547317436661699,d12b5978938ad34e38ae4efe75c38fc3e6bbb49d8df0f3363cce31ddde88eaa7,2026-09-07T10:25:56.930892+00:00,1,0.6240291030007938,,,,4,0.186,C-GDP-private-noise,1.2,3,5,2,s3_p5_C-GDP-private-noise_l4_r2,c769d74613ae3570f9c17b34cb945979bab8810928db61e6cdcab9e24f04e4ef,5752036c9746b379b08f8d81e7c675cb73d756ef6978d23021e84add7e4a9e5d,,
0.5087108013937283,,0.0,988babfb79a4be0620cf47d259d4da35f8fc07573e92f83a2e388003c17759ba,0.5310730253353204,d12b5978938ad34e38ae4efe75c38fc3e6bbb49d8df0f3363cce31ddde88eaa7,2026-09-07T10:25:57.598049+00:00,1,0.5094760510000924,,,,4,0.172,C-GDP-private-noise,1.2,3,5,3,s3_p5_C-GDP-private-noise_l4_r3,c769d74613ae3570f9c17b34cb945979bab8810928db61e6cdcab9e24f04e4ef,5752036c9746b379b08f8d81e7c675cb73d756ef6978d23021e84add7e4a9e5d,,
0.554006968641115,,0.0,988babfb79a4be0620cf47d259d4da35f8fc07573e92f83a2e388003c17759ba,0.559786388474913,d12b5978938ad34e38ae4efe75c38fc3e6bbb49d8df0f3363cce31ddde88eaa7,2026-09-07T10:25:58.287447+00:00,1,0.5367781730001298,,,,5,0.109,C-GDP-private-noise,1.5,3,5,0,s3_p5_C-GDP-private-noise_l5_r0,c769d74613ae3570f9c17b34cb945979bab8810928db61e6cdcab9e24f04e4ef,5752036c9746b379b08f8d81e7c675cb73d756ef6978d23021e84add7e4a9e5d,,
0.5470383275261324,,0.0,988babfb79a4be0620cf47d259d4da35f8fc07573e92f83a2e388003c17759ba,0.5302285146547442,d12b5978938ad34e38ae4efe75c38fc3e6bbb49d8df0f3363cce31ddde88eaa7,2026-09-07T10:25:58.981489+00:00,1,0.554199318999963,,,,5,0.216,C-GDP-private-noise,1.5,3,5,1,s3_p5_C-GDP-private-noise_l5_r1,c769d74613ae3570f9c17b34cb945979bab8810928db61e6cdcab9e24f04e4ef,5752036c9746b379b08f8d81e7c675cb73d756ef6978d23021e84add7e4a9e5d,,
0.5853658536585366,,0.0,988babfb79a4be0620cf47d259d4da35f8fc07573e92f83a2e388003c17759ba,0.5956035767511176,d12b5978938ad34e38ae4efe75c38fc3e6bbb49d8df0f3363cce31ddde88eaa7,2026-09-07T10:26:00.460546+00:00,1,0.44213869700070063,,,,5,0.15,C-GDP-private-noise,1.5,3,5,2,s3_p5_C-GDP-private-noise_l5_r2,c769d74613ae3570f9c17b34cb945979bab8810928db61e6cdcab9e24f04e4ef,5752036c9746b379b08f8d81e7c675cb73d756ef6978d23021e84add7e4a9e5d,,
0.5365853658536586,,0.0,988babfb79a4be0620cf47d259d4da35f8fc07573e92f83a2e388003c17759ba,0.5403626428216592,d12b5978938ad34e38ae4efe75c38fc3e6bbb49d8df0f3363cce31ddde88eaa7,2026-09-07T10:26:01.163344+00:00,1,0.5653423859985196,,,,5,0.138,C-GDP-private-noise,1.5,3,5,3,s3_p5_C-GDP-private-noise_l5_r3,c769d74613ae3570f9c17b34cb945979bab8810928db61e6cdcab9e24f04e4ef,5752036c9746b379b08f8d81e7c675cb73d756ef6978d23021e84add7e4a9e5d,,
0.5923344947735192,,0.0,988babfb79a4be0620cf47d259d4da35f8fc07573e92f83a2e388003c17759ba,0.5738946845504223,d12b5978938ad34e38ae4efe75c38fc3e6bbb49d8df0f3363cce31ddde88eaa7,2026-09-07T10:26:02.053090+00:00,1,0.746361171000899,,,,6,0.131,C-GDP-private-noise,1.8,3,5,0,s3_p5_C-GDP-private-noise_l6_r0,c769d74613ae3570f9c17b34cb945979bab8810928db61e6cdcab9e24f04e4ef,5752036c9746b379b08f8d81e7c675cb73d756ef6978d23021e84add7e4a9e5d,,
0.5121951219512195,,0.0,988babfb79a4be0620cf47d259d4da35f8fc07573e92f83a2e388003c17759ba,0.49458519622454045,d12b5978938ad34e38ae4efe75c38fc3e6bbb49d8df0f3363cce31ddde88eaa7,2026-09-07T10:26:02.845139+00:00,1,0.6278222729997651,,,,6,0.146,C-GDP-private-noise,1.8,3,5,1,s3_p5_C-GDP-private-noise_l6_r1,c769d74613ae3570f9c17b34cb945979bab8810928db61e6cdcab9e24f04e4ef,5752036c9746b379b08f8d81e7c675cb73d756ef6978d23021e84add7e4a9e5d,,
0.5714285714285714,,0.0,988babfb79a4be0620cf47d259d4da35f8fc07573e92f83a2e388003c17759ba,0.5546448087431693,d12b5978938ad34e38ae4efe75c38fc3e6bbb49d8df0f3363cce31ddde88eaa7,2026-09-07T10:26:03.477964+00:00,1,0.4853663450012391,,,,6,0.142,C-GDP-private-noise,1.8,3,5,2,s3_p5_C-GDP-private-noise_l6_r2,c769d74613ae3570f9c17b34cb945979bab8810928db61e6cdcab9e24f04e4ef,5752036c9746b379b08f8d81e7c675cb73d756ef6978d23021e84add7e4a9e5d,,
0.5365853658536586,,0.0,988babfb79a4be0620cf47d259d4da35f8fc07573e92f83a2e388003c17759ba,0.5275459513164431,d12b5978938ad34e38ae4efe75c38fc3e6bbb49d8df0f3363cce31ddde88eaa7,2026-09-07T10:26:04.971255+00:00,1,0.44583909299944935,,,,6,0.173,C-GDP-private-noise,1.8,3,5,3,s3_p5_C-GDP-private-noise_l6_r3,c769d74613ae3570f9c17b34cb945979bab8810928db61e6cdcab9e24f04e4ef,5752036c9746b379b08f8d81e7c675cb73d756ef6978d23021e84add7e4a9e5d,,
0.5609756097560976,,0.0,988babfb79a4be0620cf47d259d4da35f8fc07573e92f83a2e388003c17759ba,0.5338052657724789,d12b5978938ad34e38ae4efe75c38fc3e6bbb49d8df0f3363cce31ddde88eaa7,2026-09-07T10:26:05.602013+00:00,1,0.49016981800014037,,,,7,0.162,C-GDP-private-noise,2.1,3,5,0,s3_p5_C-GDP-private-noise_l7_r0,c769d74613ae3570f9c17b34cb945979bab8810928db61e6cdcab9e24f04e4ef,5752036c9746b379b08f8d81e7c675cb73d756ef6978d23021e84add7e4a9e5d,,
0.5609756097560976,,0.0,988babfb79a4be0620cf47d259d4da35f8fc07573e92f83a2e388003c17759ba,0.5423497267759563,d12b5978938ad34e38ae4efe75c38fc3e6bbb49d8df0f3363cce31ddde88eaa7,2026-09-07T10:26:06.291128+00:00,1,0.5560566999993171,,,,7,0.154,C-GDP-private-noise,2.1,3,5,1,s3_p5_C-GDP-private-noise_l7_r1,c769d74613ae3570f9c17b34cb945979bab8810928db61e6cdcab9e24f04e4ef,5752036c9746b379b08f8d81e7c675cb73d756ef6978d23021e84add7e4a9e5d,,
0.5749128919860628,,0.0,988babfb79a4be0620cf47d259d4da35f8fc07573e92f83a2e388003c17759ba,0.5534028812717338,d12b5978938ad34e38ae4efe75c38fc3e6bbb49d8df0f3363cce31ddde88eaa7,2026-09-07T10:26:06.983984+00:00,1,0.5287121119999938,,,,7,0.169,C-GDP-private-noise,2.1,3,5,2,s3_p5_C-GDP-private-noise_l7_r2,c769d74613ae3570f9c17b34cb945979bab8810928db61e6cdcab9e24f04e4ef,5752036c9746b379b08f8d81e7c675cb73d756ef6978d23021e84add7e4a9e5d,,
0.5888501742160279,,0.0,988babfb79a4be0620cf47d259d4da35f8fc07573e92f83a2e388003c17759ba,0.5644560357675112,d12b5978938ad34e38ae4efe75c38fc3e6bbb49d8df0f3363cce31ddde88eaa7,2026-09-07T10:26:07.720428+00:00,1,0.6057059779996052,,,,7,0.137,C-GDP-private-noise,2.1,3,5,3,s3_p5_C-GDP-private-noise_l7_r3,c769d74613ae3570f9c17b34cb945979bab8810928db61e6cdcab9e24f04e4ef,5752036c9746b379b08f8d81e7c675cb73d756ef6978d23021e84add7e4a9e5d,,
0.5749128919860628,,0.0,988babfb79a4be0620cf47d259d4da35f8fc07573e92f83a2e388003c17759ba,0.5010680576254346,d12b5978938ad34e38ae4efe75c38fc3e6bbb49d8df0f3363cce31ddde88eaa7,2026-09-07T10:26:09.190687+00:00,1,0.30566482699941844,,,,8,0.134,C-GDP-private-noise,2.4,3,5,0,s3_p5_C-GDP-private-noise_l8_r0,c769d74613ae3570f9c17b34cb945979bab8810928db61e6cdcab9e24f04e4ef,5752036c9746b379b08f8d81e7c675cb73d756ef6978d23021e84add7e4a9e5d,,
0.5435540069686411,,0.0,988babfb79a4be0620cf47d259d4da35f8fc07573e92f83a2e388003c17759ba,0.5581718827620467,d12b5978938ad34e38ae4efe75c38fc3e6bbb49d8df0f3363cce31ddde88eaa7,2026-09-07T10:26:09.691700+00:00,1,0.33346664300006523,,,,8,0.122,C-GDP-private-noise,2.4,3,5,1,s3_p5_C-GDP-private-noise_l8_r1,c769d74613ae3570f9c17b34cb945979bab8810928db61e6cdcab9e24f04e4ef,5752036c9746b379b08f8d81e7c675cb73d756ef6978d23021e84add7e4a9e5d,,
0.6097560975609756,,0.0,988babfb79a4be0620cf47d259d4da35f8fc07573e92f83a2e388003c17759ba,0.5911823149528068,d12b5978938ad34e38ae4efe75c38fc3e6bbb49d8df0f3363cce31ddde88eaa7,2026-09-07T10:26:10.457763+00:00,1,0.5891588390004472,,,,8,0.16,C-GDP-private-noise,2.4,3,5,2,s3_p5_C-GDP-private-noise_l8_r2,c769d74613ae3570f9c17b34cb945979bab8810928db61e6cdcab9e24f04e4ef,5752036c9746b379b08f8d81e7c675cb73d756ef6978d23021e84add7e4a9e5d,,
0.5749128919860628,,0.0,988babfb79a4be0620cf47d259d4da35f8fc07573e92f83a2e388003c17759ba,0.5,d12b5978938ad34e38ae4efe75c38fc3e6bbb49d8df0f3363cce31ddde88eaa7,2026-09-07T10:26:10.892195+00:00,1,0.2973736919993826,,,,8,0.113,C-GDP-private-noise,2.4,3,5,3,s3_p5_C-GDP-private-noise_l8_r3,c769d74613ae3570f9c17b34cb945979bab8810928db61e6cdcab9e24f04e4ef,5752036c9746b379b08f8d81e7c675cb73d756ef6978d23021e84add7e4a9e5d,,
0.5609756097560976,,0.0,988babfb79a4be0620cf47d259d4da35f8fc07573e92f83a2e388003c17759ba,0.5327372081470442,d12b5978938ad34e38ae4efe75c38fc3e6bbb49d8df0f3363cce31ddde88eaa7,2026-09-07T10:26:11.433802+00:00,1,0.3886686829991959,,,,9,0.116,C-GDP-private-noise,2.7,3,5,0,s3_p5_C-GDP-private-noise_l9_r0,c769d74613ae3570f9c17b34cb945979bab8810928db61e6cdcab9e24f04e4ef,5752036c9746b379b08f8d81e7c675cb73d756ef6978d23021e84add7e4a9e5d,,
0.5505226480836237,,0.0,988babfb79a4be0620cf47d259d4da35f8fc07573e92f83a2e388003c17759ba,0.5247143566815698,d12b5978938ad34e38ae4efe75c38fc3e6bbb49d8df0f3363cce31ddde88eaa7,2026-09-07T10:26:13.650432+00:00,1,0.34942721399966103,,,,9,0.125,C-GDP-private-noise,2.7,3,5,1,s3_p5_C-GDP-private-noise_l9_r1,c769d74613ae3570f9c17b34cb945979bab8810928db61e6cdcab9e24f04e4ef,5752036c9746b379b08f8d81e7c675cb73d756ef6978d23021e84add7e4a9e5d,,
0.5749128919860628,,0.0,988babfb79a4be0620cf47d259d4da35f8fc07573e92f83a2e388003c17759ba,0.5544709388971685,d12b5978938ad34e38ae4efe75c38fc3e6bbb49d8df0f3363cce31ddde88eaa7,2026-09-07T10:26:14.295158+00:00,1,0.4733741090003605,,,,9,0.16,C-GDP-private-noise,2.7,3,5,2,s3_p5_C-GDP-private-noise_l9_r2,c769d74613ae3570f9c17b34cb945979bab8810928db61e6cdcab9e24f04e4ef,5752036c9746b379b08f8d81e7c675cb73d756ef6978d23021e84add7e4a9e5d,,
0.5644599303135889,,0.0,988babfb79a4be0620cf47d259d4da35f8fc07573e92f83a2e388003c17759ba,0.5122702434177844,d12b5978938ad34e38ae4efe75c38fc3e6bbb49d8df0f3363cce31ddde88eaa7,2026-09-07T10:26:14.705737+00:00,1,0.2634983829993871,,,,9,0.14,C-GDP-private-noise,2.7,3,5,3,s3_p5_C-GDP-private-noise_l9_r3,c769d74613ae3570f9c17b34cb945979bab8810928db61e6cdcab9e24f04e4ef,5752036c9746b379b08f8d81e7c675cb73d756ef6978d23021e84add7e4a9e5d,,
0.6898954703832753,,0.0,988babfb79a4be0620cf47d259d4da35f8fc07573e92f83a2e388003c17759ba,0.685444610034774,d12b5978938ad34e38ae4efe75c38fc3e6bbb49d8df0f3363cce31ddde88eaa7,2026-09-07T09:51:46.943271+00:00,1,0.8455351689999588,,,,0,0.643,C-GDP,0.0,3,5,0,s3_p5_C-GDP_l0_r0,c769d74613ae3570f9c17b34cb945979bab8810928db61e6cdcab9e24f04e4ef,5752036c9746b379b08f8d81e7c675cb73d756ef6978d23021e84add7e4a9e5d,,
0.5888501742160279,,0.0,988babfb79a4be0620cf47d259d4da35f8fc07573e92f83a2e388003c17759ba,0.5730004967709886,d12b5978938ad34e38ae4efe75c38fc3e6bbb49d8df0f3363cce31ddde88eaa7,2026-09-07T09:51:48.428274+00:00,1,0.5538771779993112,,,,0,,I-GDP,0.0,3,5,0,s3_p5_I-GDP_l0_r0,c769d74613ae3570f9c17b34cb945979bab8810928db61e6cdcab9e24f04e4ef,5752036c9746b379b08f8d81e7c675cb73d756ef6978d23021e84add7e4a9e5d,,
0.6132404181184669,,0.0,988babfb79a4be0620cf47d259d4da35f8fc07573e92f83a2e388003c17759ba,0.5856681569796324,d12b5978938ad34e38ae4efe75c38fc3e6bbb49d8df0f3363cce31ddde88eaa7,2026-09-07T09:51:45.090530+00:00,0,1.0548421730009068,,,,0,,Local-only,0.0,3,5,0,s3_p5_Local-only_l0_r0,c769d74613ae3570f9c17b34cb945979bab8810928db61e6cdcab9e24f04e4ef,5752036c9746b379b08f8d81e7c675cb73d756ef6978d23021e84add7e4a9e5d,,5.0
0.5714285714285714,,94.2279528379986,988babfb79a4be0620cf47d259d4da35f8fc07573e92f83a2e388003c17759ba,0.5738698460009936,d12b5978938ad34e38ae4efe75c38fc3e6bbb49d8df0f3363cce31ddde88eaa7,2026-09-07T10:20:53.810490+00:00,1,0.6648806520006474,False,500.0,0.009712980082923914,10,0.12,NAA-GDP,0.06,3,5,0,s3_p5_NAA-GDP_l10_r0,c769d74613ae3570f9c17b34cb945979bab8810928db61e6cdcab9e24f04e4ef,5752036c9746b379b08f8d81e7c675cb73d756ef6978d23021e84add7e4a9e5d,,
0.6515679442508711,,94.034447172,988babfb79a4be0620cf47d259d4da35f8fc07573e92f83a2e388003c17759ba,0.6318181818181818,d12b5978938ad34e38ae4efe75c38fc3e6bbb49d8df0f3363cce31ddde88eaa7,2026-09-07T10:22:29.311997+00:00,1,0.8925439700014977,False,500.0,0.013267899980521927,10,0.132,NAA-GDP,0.06,3,5,1,s3_p5_NAA-GDP_l10_r1,c769d74613ae3570f9c17b34cb945979bab8810928db61e6cdcab9e24f04e4ef,5752036c9746b379b08f8d81e7c675cb73d756ef6978d23021e84add7e4a9e5d,,
0.627177700348432,,94.2103440310002,988babfb79a4be0620cf47d259d4da35f8fc07573e92f83a2e388003c17759ba,0.6041977148534525,d12b5978938ad34e38ae4efe75c38fc3e6bbb49d8df0f3363cce31ddde88eaa7,2026-09-07T10:24:05.922613+00:00,1,0.8691428860001906,False,500.0,0.010148481568815875,10,0.118,NAA-GDP,0.06,3,5,2,s3_p5_NAA-GDP_l10_r2,c769d74613ae3570f9c17b34cb945979bab8810928db61e6cdcab9e24f04e4ef,5752036c9746b379b08f8d81e7c675cb73d756ef6978d23021e84add7e4a9e5d,,
0.6236933797909407,,94.34900195699993,988babfb79a4be0620cf47d259d4da35f8fc07573e92f83a2e388003c17759ba,0.6011674118231495,d12b5978938ad34e38ae4efe75c38fc3e6bbb49d8df0f3363cce31ddde88eaa7,2026-09-07T10:25:41.529924+00:00,1,0.7003662810002425,False,500.0,0.01190181479495954,10,0.102,NAA-GDP,0.06,3,5,3,s3_p5_NAA-GDP_l10_r3,c769d74613ae3570f9c17b34cb945979bab8810928db61e6cdcab9e24f04e4ef,5752036c9746b379b08f8d81e7c675cb73d756ef6978d23021e84add7e4a9e5d,,
0.6829268292682927,,1.549154121000356,988babfb79a4be0620cf47d259d4da35f8fc07573e92f83a2e388003c17759ba,0.6815201192250373,d12b5978938ad34e38ae4efe75c38fc3e6bbb49d8df0f3363cce31ddde88eaa7,2026-09-07T09:51:52.338618+00:00,1,0.7878351749996,True,5.0,3.120252847968768e-08,1,0.601,NAA-GDP,0.006,3,5,0,s3_p5_NAA-GDP_l1_r0,c769d74613ae3570f9c17b34cb945979bab8810928db61e6cdcab9e24f04e4ef,5752036c9746b379b08f8d81e7c675cb73d756ef6978d23021e84add7e4a9e5d,,
0.686411149825784,,1.5107987970004615,988babfb79a4be0620cf47d259d4da35f8fc07573e92f83a2e388003c17759ba,0.6973671137605564,d12b5978938ad34e38ae4efe75c38fc3e6bbb49d8df0f3363cce31ddde88eaa7,2026-09-07T09:51:55.418472+00:00,1,0.941469669000071,True,5.0,3.0716833389727416e-08,1,0.557,NAA-GDP,0.006,3,5,1,s3_p5_NAA-GDP_l1_r1,c769d74613ae3570f9c17b34cb945979bab8810928db61e6cdcab9e24f04e4ef,5752036c9746b379b08f8d81e7c675cb73d756ef6978d23021e84add7e4a9e5d,,
0.6724738675958188,,1.5047347720001198,988babfb79a4be0620cf47d259d4da35f8fc07573e92f83a2e388003c17759ba,0.6649528067560855,d12b5978938ad34e38ae4efe75c38fc3e6bbb49d8df0f3363cce31ddde88eaa7,2026-09-07T09:51:58.347901+00:00,1,0.8612860499997623,True,5.0,3.1496270824521796e-08,1,0.55,NAA-GDP,0.006,3,5,2,s3_p5_NAA-GDP_l1_r2,c769d74613ae3570f9c17b34cb945979bab8810928db61e6cdcab9e24f04e4ef,5752036c9746b379b08f8d81e7c675cb73d756ef6978d23021e84add7e4a9e5d,,
0.6794425087108014,,1.5477308039999116,988babfb79a4be0620cf47d259d4da35f8fc07573e92f83a2e388003c17759ba,0.6699453551912569,d12b5978938ad34e38ae4efe75c38fc3e6bbb49d8df0f3363cce31ddde88eaa7,2026-09-07T09:52:02.201179+00:00,1,0.8621396400003505,True,5.0,3.1359743745430126e-08,1,0.525,NAA-GDP,0.006,3,5,3,s3_p5_NAA-GDP_l1_r3,c769d74613ae3570f9c17b34cb945979bab8810928db61e6cdcab9e24f04e4ef,5752036c9746b379b08f8d81e7c675cb73d756ef6978d23021e84add7e4a9e5d,,
0.6898954703832753,,2.0287740839994512,988babfb79a4be0620cf47d259d4da35f8fc07573e92f83a2e388003c17759ba,0.6833084947839047,d12b5978938ad34e38ae4efe75c38fc3e6bbb49d8df0f3363cce31ddde88eaa7,2026-09-07T09:52:05.540181+00:00,1,0.7553185859997029,True,8.0,4.0994573442936666e-08,2,0.35,NAA-GDP,0.012,3,5,0,s3_p5_NAA-GDP_l2_r0,c769d74613ae3570f9c17b34cb945979bab8810928db61e6cdcab9e24f04e4ef,5752036c9746b379b08f8d81e7c675cb73d756ef6978d23021e84add7e4a9e5d,,
0.6585365853658537,,2.0230061140000544,988babfb79a4be0620cf47d259d4da35f8fc07573e92f83a2e388003c17759ba,0.6485593641331346,d12b5978938ad34e38ae4efe75c38fc3e6bbb49d8df0f3363cce31ddde88eaa7,2026-09-07T09:52:08.885071+00:00,1,0.7553599490001943,True,8.0,4.1267989385760466e-08,2,0.441,NAA-GDP,0.012,3,5,1,s3_p5_NAA-GDP_l2_r1,c769d74613ae3570f9c17b34cb945979bab8810928db61e6cdcab9e24f04e4ef,5752036c9746b379b08f8d81e7c675cb73d756ef6978d23021e84add7e4a9e5d,,
0.6829268292682927,,2.033427127000323,988babfb79a4be0620cf47d259d4da35f8fc07573e92f83a2e388003c17759ba,0.6751117734724292,d12b5978938ad34e38ae4efe75c38fc3e6bbb49d8df0f3363cce31ddde88eaa7,2026-09-07T09:52:12.590987+00:00,1,1.0815339139999196,True,8.0,4.2020015791085405e-08,2,0.5,NAA-GDP,0.012,3,5,2,s3_p5_NAA-GDP_l2_r2,c769d74613ae3570f9c17b34cb945979bab8810928db61e6cdcab9e24f04e4ef,5752036c9746b379b08f8d81e7c675cb73d756ef6978d23021e84add7e4a9e5d,,
0.6689895470383276,,2.029891447999944,988babfb79a4be0620cf47d259d4da35f8fc07573e92f83a2e388003c17759ba,0.6587183308494784,d12b5978938ad34e38ae4efe75c38fc3e6bbb49d8df0f3363cce31ddde88eaa7,2026-09-07T09:52:16.105132+00:00,1,0.8324001099999805,True,8.0,4.163485175798542e-08,2,0.424,NAA-GDP,0.012,3,5,3,s3_p5_NAA-GDP_l2_r3,c769d74613ae3570f9c17b34cb945979bab8810928db61e6cdcab9e24f04e4ef,5752036c9746b379b08f8d81e7c675cb73d756ef6978d23021e84add7e4a9e5d,,
0.6445993031358885,,2.9897180170000865,988babfb79a4be0620cf47d259d4da35f8fc07573e92f83a2e388003c17759ba,0.6439145553899652,d12b5978938ad34e38ae4efe75c38fc3e6bbb49d8df0f3363cce31ddde88eaa7,2026-09-07T09:52:21.562588+00:00,1,1.0789055440000084,True,13.0,3.27645451901158e-08,3,0.319,NAA-GDP,0.018,3,5,0,s3_p5_NAA-GDP_l3_r0,c769d74613ae3570f9c17b34cb945979bab8810928db61e6cdcab9e24f04e4ef,5752036c9746b379b08f8d81e7c675cb73d756ef6978d23021e84add7e4a9e5d,,
0.6759581881533101,,2.9458843649999835,988babfb79a4be0620cf47d259d4da35f8fc07573e92f83a2e388003c17759ba,0.6615747640337803,d12b5978938ad34e38ae4efe75c38fc3e6bbb49d8df0f3363cce31ddde88eaa7,2026-09-07T09:52:25.933690+00:00,1,0.8094569569993837,True,13.0,3.225136354156573e-08,3,0.301,NAA-GDP,0.018,3,5,1,s3_p5_NAA-GDP_l3_r1,c769d74613ae3570f9c17b34cb945979bab8810928db61e6cdcab9e24f04e4ef,5752036c9746b379b08f8d81e7c675cb73d756ef6978d23021e84add7e4a9e5d,,
0.6550522648083623,,2.9634330460003184,988babfb79a4be0620cf47d259d4da35f8fc07573e92f83a2e388003c17759ba,0.6465971187282662,d12b5978938ad34e38ae4efe75c38fc3e6bbb49d8df0f3363cce31ddde88eaa7,2026-09-07T09:52:30.373834+00:00,1,0.9085817129998759,True,13.0,3.4037901271305965e-08,3,0.273,NAA-GDP,0.018,3,5,2,s3_p5_NAA-GDP_l3_r2,c769d74613ae3570f9c17b34cb945979bab8810928db61e6cdcab9e24f04e4ef,5752036c9746b379b08f8d81e7c675cb73d756ef6978d23021e84add7e4a9e5d,,
0.7142857142857143,,2.946822637000878,988babfb79a4be0620cf47d259d4da35f8fc07573e92f83a2e388003c17759ba,0.7055886736214605,d12b5978938ad34e38ae4efe75c38fc3e6bbb49d8df0f3363cce31ddde88eaa7,2026-09-07T09:52:35.114307+00:00,1,1.241730646999713,True,13.0,3.426517543329856e-08,3,0.289,NAA-GDP,0.018,3,5,3,s3_p5_NAA-GDP_l3_r3,c769d74613ae3570f9c17b34cb945979bab8810928db61e6cdcab9e24f04e4ef,5752036c9746b379b08f8d81e7c675cb73d756ef6978d23021e84add7e4a9e5d,,
0.710801393728223,,4.608529295999688,988babfb79a4be0620cf47d259d4da35f8fc07573e92f83a2e388003c17759ba,0.7057625434674615,d12b5978938ad34e38ae4efe75c38fc3e6bbb49d8df0f3363cce31ddde88eaa7,2026-09-07T09:52:41.154605+00:00,1,0.8648346809995928,True,22.0,7.312881208890836e-08,4,0.245,NAA-GDP,0.024,3,5,0,s3_p5_NAA-GDP_l4_r0,c769d74613ae3570f9c17b34cb945979bab8810928db61e6cdcab9e24f04e4ef,5752036c9746b379b08f8d81e7c675cb73d756ef6978d23021e84add7e4a9e5d,,
0.6480836236933798,,4.646347810999941,988babfb79a4be0620cf47d259d4da35f8fc07573e92f83a2e388003c17759ba,0.6351962245404869,d12b5978938ad34e38ae4efe75c38fc3e6bbb49d8df0f3363cce31ddde88eaa7,2026-09-07T09:52:47.855854+00:00,1,0.6764205660001608,True,22.0,8.411449558797331e-08,4,0.25,NAA-GDP,0.024,3,5,1,s3_p5_NAA-GDP_l4_r1,c769d74613ae3570f9c17b34cb945979bab8810928db61e6cdcab9e24f04e4ef,5752036c9746b379b08f8d81e7c675cb73d756ef6978d23021e84add7e4a9e5d,,
0.6376306620209059,,4.614077543999883,988babfb79a4be0620cf47d259d4da35f8fc07573e92f83a2e388003c17759ba,0.6100844510680576,d12b5978938ad34e38ae4efe75c38fc3e6bbb49d8df0f3363cce31ddde88eaa7,2026-09-07T09:52:53.865628+00:00,1,0.8454709640000146,True,22.0,8.380937039238033e-08,4,0.285,NAA-GDP,0.024,3,5,2,s3_p5_NAA-GDP_l4_r2,c769d74613ae3570f9c17b34cb945979bab8810928db61e6cdcab9e24f04e4ef,5752036c9746b379b08f8d81e7c675cb73d756ef6978d23021e84add7e4a9e5d,,
0.6759581881533101,,4.615187422000417,988babfb79a4be0620cf47d259d4da35f8fc07573e92f83a2e388003c17759ba,0.6637108792846498,d12b5978938ad34e38ae4efe75c38fc3e6bbb49d8df0f3363cce31ddde88eaa7,2026-09-07T09:53:00.044651+00:00,1,0.9881913890003489,True,22.0,7.27716295138212e-08,4,0.266,NAA-GDP,0.024,3,5,3,s3_p5_NAA-GDP_l4_r3,c769d74613ae3570f9c17b34cb945979bab8810928db61e6cdcab9e24f04e4ef,5752036c9746b379b08f8d81e7c675cb73d756ef6978d23021e84add7e4a9e5d,,
0.6655052264808362,,10.379067066000061,988babfb79a4be0620cf47d259d4da35f8fc07573e92f83a2e388003c17759ba,0.647143566815698,d12b5978938ad34e38ae4efe75c38fc3e6bbb49d8df0f3363cce31ddde88eaa7,2026-09-07T09:53:11.907051+00:00,1,0.9393258489999425,True,53.0,8.618481284307116e-08,5,0.165,NAA-GDP,0.03,3,5,0,s3_p5_NAA-GDP_l5_r0,c769d74613ae3570f9c17b34cb945979bab8810928db61e6cdcab9e24f04e4ef,5752036c9746b379b08f8d81e7c675cb73d756ef6978d23021e84add7e4a9e5d,,
0.6829268292682927,,10.418201829999816,988babfb79a4be0620cf47d259d4da35f8fc07573e92f83a2e388003c17759ba,0.6719076005961252,d12b5978938ad34e38ae4efe75c38fc3e6bbb49d8df0f3363cce31ddde88eaa7,2026-09-07T09:53:23.548453+00:00,1,0.6685860970001158,True,53.0,9.191469670856777e-08,5,0.16,NAA-GDP,0.03,3,5,1,s3_p5_NAA-GDP_l5_r1,c769d74613ae3570f9c17b34cb945979bab8810928db61e6cdcab9e24f04e4ef,5752036c9746b379b08f8d81e7c675cb73d756ef6978d23021e84add7e4a9e5d,,
0.6445993031358885,,10.63042079800016,988babfb79a4be0620cf47d259d4da35f8fc07573e92f83a2e388003c17759ba,0.6417784401390959,d12b5978938ad34e38ae4efe75c38fc3e6bbb49d8df0f3363cce31ddde88eaa7,2026-09-07T09:53:36.715234+00:00,1,1.0161376980004206,True,54.0,8.249890781026087e-08,5,0.179,NAA-GDP,0.03,3,5,2,s3_p5_NAA-GDP_l5_r2,c769d74613ae3570f9c17b34cb945979bab8810928db61e6cdcab9e24f04e4ef,5752036c9746b379b08f8d81e7c675cb73d756ef6978d23021e84add7e4a9e5d,,
0.6341463414634146,,10.780817961000139,988babfb79a4be0620cf47d259d4da35f8fc07573e92f83a2e388003c17759ba,0.6198708395429707,d12b5978938ad34e38ae4efe75c38fc3e6bbb49d8df0f3363cce31ddde88eaa7,2026-09-07T09:53:48.979183+00:00,1,0.9096237450003173,True,55.0,7.706910738459587e-08,5,0.15,NAA-GDP,0.03,3,5,3,s3_p5_NAA-GDP_l5_r3,c769d74613ae3570f9c17b34cb945979bab8810928db61e6cdcab9e24f04e4ef,5752036c9746b379b08f8d81e7c675cb73d756ef6978d23021e84add7e4a9e5d,,
0.6306620209059234,,93.9615876100006,988babfb79a4be0620cf47d259d4da35f8fc07573e92f83a2e388003c17759ba,0.6307252856433184,d12b5978938ad34e38ae4efe75c38fc3e6bbb49d8df0f3363cce31ddde88eaa7,2026-09-07T09:55:24.128361+00:00,1,0.6357502959999692,False,500.0,0.008223448040728396,6,0.146,NAA-GDP,0.036,3,5,0,s3_p5_NAA-GDP_l6_r0,c769d74613ae3570f9c17b34cb945979bab8810928db61e6cdcab9e24f04e4ef,5752036c9746b379b08f8d81e7c675cb73d756ef6978d23021e84add7e4a9e5d,,
0.6515679442508711,,93.84366294600022,988babfb79a4be0620cf47d259d4da35f8fc07573e92f83a2e388003c17759ba,0.6457029309488326,d12b5978938ad34e38ae4efe75c38fc3e6bbb49d8df0f3363cce31ddde88eaa7,2026-09-07T09:56:59.550877+00:00,1,1.030740410999897,False,500.0,0.00027942936806190966,6,0.208,NAA-GDP,0.036,3,5,1,s3_p5_NAA-GDP_l6_r1,c769d74613ae3570f9c17b34cb945979bab8810928db61e6cdcab9e24f04e4ef,5752036c9746b379b08f8d81e7c675cb73d756ef6978d23021e84add7e4a9e5d,,
0.6480836236933798,,93.95446065500073,988babfb79a4be0620cf47d259d4da35f8fc07573e92f83a2e388003c17759ba,0.6298559364133134,d12b5978938ad34e38ae4efe75c38fc3e6bbb49d8df0f3363cce31ddde88eaa7,2026-09-07T09:58:35.074984+00:00,1,0.9992290669997601,False,500.0,0.002050459358779439,6,0.17,NAA-GDP,0.036,3,5,2,s3_p5_NAA-GDP_l6_r2,c769d74613ae3570f9c17b34cb945979bab8810928db61e6cdcab9e24f04e4ef,5752036c9746b379b08f8d81e7c675cb73d756ef6978d23021e84add7e4a9e5d,,
0.6759581881533101,,94.28086236299987,988babfb79a4be0620cf47d259d4da35f8fc07573e92f83a2e388003c17759ba,0.6583705911574764,d12b5978938ad34e38ae4efe75c38fc3e6bbb49d8df0f3363cce31ddde88eaa7,2026-09-07T10:00:12.015853+00:00,1,1.114269735999187,False,500.0,0.012194482802327239,6,0.158,NAA-GDP,0.036,3,5,3,s3_p5_NAA-GDP_l6_r3,c769d74613ae3570f9c17b34cb945979bab8810928db61e6cdcab9e24f04e4ef,5752036c9746b379b08f8d81e7c675cb73d756ef6978d23021e84add7e4a9e5d,,
0.6655052264808362,,93.69288390200018,988babfb79a4be0620cf47d259d4da35f8fc07573e92f83a2e388003c17759ba,0.6492796820665674,d12b5978938ad34e38ae4efe75c38fc3e6bbb49d8df0f3363cce31ddde88eaa7,2026-09-07T10:01:47.207400+00:00,1,0.9212272059994575,False,500.0,0.008263871964924794,7,0.149,NAA-GDP,0.042,3,5,0,s3_p5_NAA-GDP_l7_r0,c769d74613ae3570f9c17b34cb945979bab8810928db61e6cdcab9e24f04e4ef,5752036c9746b379b08f8d81e7c675cb73d756ef6978d23021e84add7e4a9e5d,,
0.6515679442508711,,93.89481194000018,988babfb79a4be0620cf47d259d4da35f8fc07573e92f83a2e388003c17759ba,0.6360904123199205,d12b5978938ad34e38ae4efe75c38fc3e6bbb49d8df0f3363cce31ddde88eaa7,2026-09-07T10:03:22.479811+00:00,1,0.8115680010005235,False,500.0,0.006331897387445829,7,0.168,NAA-GDP,0.042,3,5,1,s3_p5_NAA-GDP_l7_r1,c769d74613ae3570f9c17b34cb945979bab8810928db61e6cdcab9e24f04e4ef,5752036c9746b379b08f8d81e7c675cb73d756ef6978d23021e84add7e4a9e5d,,
0.6167247386759582,,93.69492623199949,988babfb79a4be0620cf47d259d4da35f8fc07573e92f83a2e388003c17759ba,0.6100596125186288,d12b5978938ad34e38ae4efe75c38fc3e6bbb49d8df0f3363cce31ddde88eaa7,2026-09-07T10:04:57.396473+00:00,1,0.6636106390005807,False,500.0,0.006631754498956909,7,0.206,NAA-GDP,0.042,3,5,2,s3_p5_NAA-GDP_l7_r2,c769d74613ae3570f9c17b34cb945979bab8810928db61e6cdcab9e24f04e4ef,5752036c9746b379b08f8d81e7c675cb73d756ef6978d23021e84add7e4a9e5d,,
0.6445993031358885,,93.96535853600017,988babfb79a4be0620cf47d259d4da35f8fc07573e92f83a2e388003c17759ba,0.6332339791356185,d12b5978938ad34e38ae4efe75c38fc3e6bbb49d8df0f3363cce31ddde88eaa7,2026-09-07T10:06:32.918904+00:00,1,1.0075000110000474,False,500.0,0.007205891384688081,7,0.136,NAA-GDP,0.042,3,5,3,s3_p5_NAA-GDP_l7_r3,c769d74613ae3570f9c17b34cb945979bab8810928db61e6cdcab9e24f04e4ef,5752036c9746b379b08f8d81e7c675cb73d756ef6978d23021e84add7e4a9e5d,,
0.6236933797909407,,94.24615116399946,988babfb79a4be0620cf47d259d4da35f8fc07573e92f83a2e388003c17759ba,0.625732737208147,d12b5978938ad34e38ae4efe75c38fc3e6bbb49d8df0f3363cce31ddde88eaa7,2026-09-07T10:08:09.341411+00:00,1,0.6697014450001006,False,500.0,0.010168664405085341,8,0.167,NAA-GDP,0.048,3,5,0,s3_p5_NAA-GDP_l8_r0,c769d74613ae3570f9c17b34cb945979bab8810928db61e6cdcab9e24f04e4ef,5752036c9746b379b08f8d81e7c675cb73d756ef6978d23021e84add7e4a9e5d,,
0.6724738675958188,,94.19721111500075,988babfb79a4be0620cf47d259d4da35f8fc07573e92f83a2e388003c17759ba,0.6489319423745653,d12b5978938ad34e38ae4efe75c38fc3e6bbb49d8df0f3363cce31ddde88eaa7,2026-09-07T10:09:44.858876+00:00,1,0.7691305640000792,False,500.0,0.008715072765498483,8,0.121,NAA-GDP,0.048,3,5,1,s3_p5_NAA-GDP_l8_r1,c769d74613ae3570f9c17b34cb945979bab8810928db61e6cdcab9e24f04e4ef,5752036c9746b379b08f8d81e7c675cb73d756ef6978d23021e84add7e4a9e5d,,
0.6167247386759582,,94.13504387499961,988babfb79a4be0620cf47d259d4da35f8fc07573e92f83a2e388003c17759ba,0.5929706905116741,d12b5978938ad34e38ae4efe75c38fc3e6bbb49d8df0f3363cce31ddde88eaa7,2026-09-07T10:11:20.209232+00:00,1,0.647186561000126,False,500.0,0.0063056292193646385,8,0.123,NAA-GDP,0.048,3,5,2,s3_p5_NAA-GDP_l8_r2,c769d74613ae3570f9c17b34cb945979bab8810928db61e6cdcab9e24f04e4ef,5752036c9746b379b08f8d81e7c675cb73d756ef6978d23021e84add7e4a9e5d,,
0.627177700348432,,94.0044790030006,988babfb79a4be0620cf47d259d4da35f8fc07573e92f83a2e388003c17759ba,0.6330352707401887,d12b5978938ad34e38ae4efe75c38fc3e6bbb49d8df0f3363cce31ddde88eaa7,2026-09-07T10:12:55.399309+00:00,1,0.6320931560003373,False,500.0,0.004869716261269532,8,0.15,NAA-GDP,0.048,3,5,3,s3_p5_NAA-GDP_l8_r3,c769d74613ae3570f9c17b34cb945979bab8810928db61e6cdcab9e24f04e4ef,5752036c9746b379b08f8d81e7c675cb73d756ef6978d23021e84add7e4a9e5d,,
0.6236933797909407,,94.25180928200098,988babfb79a4be0620cf47d259d4da35f8fc07573e92f83a2e388003c17759ba,0.5936910084451068,d12b5978938ad34e38ae4efe75c38fc3e6bbb49d8df0f3363cce31ddde88eaa7,2026-09-07T10:14:30.850075+00:00,1,0.6404412780011626,False,500.0,0.007086472729020139,9,0.125,NAA-GDP,0.054,3,5,0,s3_p5_NAA-GDP_l9_r0,c769d74613ae3570f9c17b34cb945979bab8810928db61e6cdcab9e24f04e4ef,5752036c9746b379b08f8d81e7c675cb73d756ef6978d23021e84add7e4a9e5d,,
0.5958188153310104,,94.03706292199968,988babfb79a4be0620cf47d259d4da35f8fc07573e92f83a2e388003c17759ba,0.5876055638350721,d12b5978938ad34e38ae4efe75c38fc3e6bbb49d8df0f3363cce31ddde88eaa7,2026-09-07T10:16:07.045786+00:00,1,0.5819462380004552,False,500.0,0.007326850149358589,9,0.12,NAA-GDP,0.054,3,5,1,s3_p5_NAA-GDP_l9_r1,c769d74613ae3570f9c17b34cb945979bab8810928db61e6cdcab9e24f04e4ef,5752036c9746b379b08f8d81e7c675cb73d756ef6978d23021e84add7e4a9e5d,,
0.6236933797909407,,94.13096774400037,988babfb79a4be0620cf47d259d4da35f8fc07573e92f83a2e388003c17759ba,0.612916045702931,d12b5978938ad34e38ae4efe75c38fc3e6bbb49d8df0f3363cce31ddde88eaa7,2026-09-07T10:17:42.740121+00:00,1,1.01289019899923,False,500.0,0.010217480821300208,9,0.082,NAA-GDP,0.054,3,5,2,s3_p5_NAA-GDP_l9_r2,c769d74613ae3570f9c17b34cb945979bab8810928db61e6cdcab9e24f04e4ef,5752036c9746b379b08f8d81e7c675cb73d756ef6978d23021e84add7e4a9e5d,,
0.6306620209059234,,94.3095293589995,988babfb79a4be0620cf47d259d4da35f8fc07573e92f83a2e388003c17759ba,0.622180824639841,d12b5978938ad34e38ae4efe75c38fc3e6bbb49d8df0f3363cce31ddde88eaa7,2026-09-07T10:19:18.342399+00:00,1,0.7407214359991485,False,500.0,0.011310041174030977,9,0.117,NAA-GDP,0.054,3,5,3,s3_p5_NAA-GDP_l9_r3,c769d74613ae3570f9c17b34cb945979bab8810928db61e6cdcab9e24f04e4ef,5752036c9746b379b08f8d81e7c675cb73d756ef6978d23021e84add7e4a9e5d,,
0.7151515151515152,,0.0,988babfb79a4be0620cf47d259d4da35f8fc07573e92f83a2e388003c17759ba,0.7122507122507122,fbad1ab4d3f64d62a196f24357615111235afb174d474e7a786bfba4657d628b,2026-09-07T10:26:27.944446+00:00,1,1.2416024550002476,,,,0,0.67,AA-GDP,0.0,4,5,0,s4_p5_AA-GDP_l0_r0,c769d74613ae3570f9c17b34cb945979bab8810928db61e6cdcab9e24f04e4ef,5752036c9746b379b08f8d81e7c675cb73d756ef6978d23021e84add7e4a9e5d,,
0.5484848484848485,,0.0,988babfb79a4be0620cf47d259d4da35f8fc07573e92f83a2e388003c17759ba,0.5347578347578348,fbad1ab4d3f64d62a196f24357615111235afb174d474e7a786bfba4657d628b,2026-09-07T11:01:01.636949+00:00,1,0.5927569530012988,,,,10,0.134,C-GDP-private-noise,3.0,4,5,0,s4_p5_C-GDP-private-noise_l10_r0,c769d74613ae3570f9c17b34cb945979bab8810928db61e6cdcab9e24f04e4ef,5752036c9746b379b08f8d81e7c675cb73d756ef6978d23021e84add7e4a9e5d,,
0.5303030303030303,,0.0,988babfb79a4be0620cf47d259d4da35f8fc07573e92f83a2e388003c17759ba,0.5387464387464387,fbad1ab4d3f64d62a196f24357615111235afb174d474e7a786bfba4657d628b,2026-09-07T11:01:02.383834+00:00,1,0.5685931320003874,,,,10,0.107,C-GDP-private-noise,3.0,4,5,1,s4_p5_C-GDP-private-noise_l10_r1,c769d74613ae3570f9c17b34cb945979bab8810928db61e6cdcab9e24f04e4ef,5752036c9746b379b08f8d81e7c675cb73d756ef6978d23021e84add7e4a9e5d,,
0.5606060606060606,,0.0,988babfb79a4be0620cf47d259d4da35f8fc07573e92f83a2e388003c17759ba,0.5393162393162393,fbad1ab4d3f64d62a196f24357615111235afb174d474e7a786bfba4657d628b,2026-09-07T11:01:03.223755+00:00,1,0.6834522259996447,,,,10,0.157,C-GDP-private-noise,3.0,4,5,2,s4_p5_C-GDP-private-noise_l10_r2,c769d74613ae3570f9c17b34cb945979bab8810928db61e6cdcab9e24f04e4ef,5752036c9746b379b08f8d81e7c675cb73d756ef6978d23021e84add7e4a9e5d,,
0.5181818181818182,,0.0,988babfb79a4be0620cf47d259d4da35f8fc07573e92f83a2e388003c17759ba,0.49772079772079775,fbad1ab4d3f64d62a196f24357615111235afb174d474e7a786bfba4657d628b,2026-09-07T11:01:04.107977+00:00,1,0.7398375129996566,,,,10,0.126,C-GDP-private-noise,3.0,4,5,3,s4_p5_C-GDP-private-noise_l10_r3,c769d74613ae3570f9c17b34cb945979bab8810928db61e6cdcab9e24f04e4ef,5752036c9746b379b08f8d81e7c675cb73d756ef6978d23021e84add7e4a9e5d,,
0.7121212121212122,,0.0,988babfb79a4be0620cf47d259d4da35f8fc07573e92f83a2e388003c17759ba,0.6846153846153846,fbad1ab4d3f64d62a196f24357615111235afb174d474e7a786bfba4657d628b,2026-09-07T11:00:26.476301+00:00,1,0.655074655000135,,,,1,0.565,C-GDP-private-noise,0.3,4,5,0,s4_p5_C-GDP-private-noise_l1_r0,c769d74613ae3570f9c17b34cb945979bab8810928db61e6cdcab9e24f04e4ef,5752036c9746b379b08f8d81e7c675cb73d756ef6978d23021e84add7e4a9e5d,,
0.706060606060606,,0.0,988babfb79a4be0620cf47d259d4da35f8fc07573e92f83a2e388003c17759ba,0.6886039886039885,fbad1ab4d3f64d62a196f24357615111235afb174d474e7a786bfba4657d628b,2026-09-07T11:00:27.402990+00:00,1,0.774929533001341,,,,1,0.568,C-GDP-private-noise,0.3,4,5,1,s4_p5_C-GDP-private-noise_l1_r1,c769d74613ae3570f9c17b34cb945979bab8810928db61e6cdcab9e24f04e4ef,5752036c9746b379b08f8d81e7c675cb73d756ef6978d23021e84add7e4a9e5d,,
0.7090909090909091,,0.0,988babfb79a4be0620cf47d259d4da35f8fc07573e92f83a2e388003c17759ba,0.7162393162393162,fbad1ab4d3f64d62a196f24357615111235afb174d474e7a786bfba4657d628b,2026-09-07T11:00:28.606454+00:00,1,1.0564356449995103,,,,1,0.512,C-GDP-private-noise,0.3,4,5,2,s4_p5_C-GDP-private-noise_l1_r2,c769d74613ae3570f9c17b34cb945979bab8810928db61e6cdcab9e24f04e4ef,5752036c9746b379b08f8d81e7c675cb73d756ef6978d23021e84add7e4a9e5d,,
0.6696969696969697,,0.0,988babfb79a4be0620cf47d259d4da35f8fc07573e92f83a2e388003c17759ba,0.6965811965811965,fbad1ab4d3f64d62a196f24357615111235afb174d474e7a786bfba4657d628b,2026-09-07T11:00:30.061756+00:00,1,1.3152825610013679,,,,1,0.549,C-GDP-private-noise,0.3,4,5,3,s4_p5_C-GDP-private-noise_l1_r3,c769d74613ae3570f9c17b34cb945979bab8810928db61e6cdcab9e24f04e4ef,5752036c9746b379b08f8d81e7c675cb73d756ef6978d23021e84add7e4a9e5d,,
0.6303030303030303,,0.0,988babfb79a4be0620cf47d259d4da35f8fc07573e92f83a2e388003c17759ba,0.6415954415954417,fbad1ab4d3f64d62a196f24357615111235afb174d474e7a786bfba4657d628b,2026-09-07T11:00:31.101518+00:00,1,0.8522956420001719,,,,2,0.442,C-GDP-private-noise,0.6,4,5,0,s4_p5_C-GDP-private-noise_l2_r0,c769d74613ae3570f9c17b34cb945979bab8810928db61e6cdcab9e24f04e4ef,5752036c9746b379b08f8d81e7c675cb73d756ef6978d23021e84add7e4a9e5d,,
0.6545454545454545,,0.0,988babfb79a4be0620cf47d259d4da35f8fc07573e92f83a2e388003c17759ba,0.6609686609686609,fbad1ab4d3f64d62a196f24357615111235afb174d474e7a786bfba4657d628b,2026-09-07T11:00:33.122789+00:00,1,0.7764759750007215,,,,2,0.384,C-GDP-private-noise,0.6,4,5,1,s4_p5_C-GDP-private-noise_l2_r1,c769d74613ae3570f9c17b34cb945979bab8810928db61e6cdcab9e24f04e4ef,5752036c9746b379b08f8d81e7c675cb73d756ef6978d23021e84add7e4a9e5d,,
0.6060606060606061,,0.0,988babfb79a4be0620cf47d259d4da35f8fc07573e92f83a2e388003c17759ba,0.6188034188034188,fbad1ab4d3f64d62a196f24357615111235afb174d474e7a786bfba4657d628b,2026-09-07T11:00:33.994493+00:00,1,0.7058005639992189,,,,2,0.406,C-GDP-private-noise,0.6,4,5,2,s4_p5_C-GDP-private-noise_l2_r2,c769d74613ae3570f9c17b34cb945979bab8810928db61e6cdcab9e24f04e4ef,5752036c9746b379b08f8d81e7c675cb73d756ef6978d23021e84add7e4a9e5d,,
0.6242424242424243,,0.0,988babfb79a4be0620cf47d259d4da35f8fc07573e92f83a2e388003c17759ba,0.6227920227920227,fbad1ab4d3f64d62a196f24357615111235afb174d474e7a786bfba4657d628b,2026-09-07T11:00:34.597984+00:00,1,0.44793100800052343,,,,2,0.406,C-GDP-private-noise,0.6,4,5,3,s4_p5_C-GDP-private-noise_l2_r3,c769d74613ae3570f9c17b34cb945979bab8810928db61e6cdcab9e24f04e4ef,5752036c9746b379b08f8d81e7c675cb73d756ef6978d23021e84add7e4a9e5d,,
0.6272727272727273,,0.0,988babfb79a4be0620cf47d259d4da35f8fc07573e92f83a2e388003c17759ba,0.6447293447293447,fbad1ab4d3f64d62a196f24357615111235afb174d474e7a786bfba4657d628b,2026-09-07T11:00:35.176659+00:00,1,0.41842872699999134,,,,3,0.286,C-GDP-private-noise,0.9,4,5,0,s4_p5_C-GDP-private-noise_l3_r0,c769d74613ae3570f9c17b34cb945979bab8810928db61e6cdcab9e24f04e4ef,5752036c9746b379b08f8d81e7c675cb73d756ef6978d23021e84add7e4a9e5d,,
0.6454545454545455,,0.0,988babfb79a4be0620cf47d259d4da35f8fc07573e92f83a2e388003c17759ba,0.6361823361823362,fbad1ab4d3f64d62a196f24357615111235afb174d474e7a786bfba4657d628b,2026-09-07T11:00:36.078467+00:00,1,0.7321230050001759,,,,3,0.27,C-GDP-private-noise,0.9,4,5,1,s4_p5_C-GDP-private-noise_l3_r1,c769d74613ae3570f9c17b34cb945979bab8810928db61e6cdcab9e24f04e4ef,5752036c9746b379b08f8d81e7c675cb73d756ef6978d23021e84add7e4a9e5d,,
0.6,,0.0,988babfb79a4be0620cf47d259d4da35f8fc07573e92f83a2e388003c17759ba,0.6148148148148148,fbad1ab4d3f64d62a196f24357615111235afb174d474e7a786bfba4657d628b,2026-09-07T11:00:37.864761+00:00,1,0.6591717470000731,,,,3,0.253,C-GDP-private-noise,0.9,4,5,2,s4_p5_C-GDP-private-noise_l3_r2,c769d74613ae3570f9c17b34cb945979bab8810928db61e6cdcab9e24f04e4ef,5752036c9746b379b08f8d81e7c675cb73d756ef6978d23021e84add7e4a9e5d,,
0.5575757575757576,,0.0,988babfb79a4be0620cf47d259d4da35f8fc07573e92f83a2e388003c17759ba,0.5766381766381766,fbad1ab4d3f64d62a196f24357615111235afb174d474e7a786bfba4657d628b,2026-09-07T11:00:38.826016+00:00,1,0.7982594419991074,,,,3,0.306,C-GDP-private-noise,0.9,4,5,3,s4_p5_C-GDP-private-noise_l3_r3,c769d74613ae3570f9c17b34cb945979bab8810928db61e6cdcab9e24f04e4ef,5752036c9746b379b08f8d81e7c675cb73d756ef6978d23021e84add7e4a9e5d,,
0.6515151515151515,,0.0,988babfb79a4be0620cf47d259d4da35f8fc07573e92f83a2e388003c17759ba,0.613960113960114,fbad1ab4d3f64d62a196f24357615111235afb174d474e7a786bfba4657d628b,2026-09-07T11:00:39.916110+00:00,1,0.9318479409994325,,,,4,0.224,C-GDP-private-noise,1.2,4,5,0,s4_p5_C-GDP-private-noise_l4_r0,c769d74613ae3570f9c17b34cb945979bab8810928db61e6cdcab9e24f04e4ef,5752036c9746b379b08f8d81e7c675cb73d756ef6978d23021e84add7e4a9e5d,,
0.6515151515151515,,0.0,988babfb79a4be0620cf47d259d4da35f8fc07573e92f83a2e388003c17759ba,0.6447293447293447,fbad1ab4d3f64d62a196f24357615111235afb174d474e7a786bfba4657d628b,2026-09-07T11:00:40.843308+00:00,1,0.78399329199965,,,,4,0.246,C-GDP-private-noise,1.2,4,5,1,s4_p5_C-GDP-private-noise_l4_r1,c769d74613ae3570f9c17b34cb945979bab8810928db61e6cdcab9e24f04e4ef,5752036c9746b379b08f8d81e7c675cb73d756ef6978d23021e84add7e4a9e5d,,
0.5515151515151515,,0.0,988babfb79a4be0620cf47d259d4da35f8fc07573e92f83a2e388003c17759ba,0.5851851851851853,fbad1ab4d3f64d62a196f24357615111235afb174d474e7a786bfba4657d628b,2026-09-07T11:00:41.571283+00:00,1,0.5679587750000792,,,,4,0.216,C-GDP-private-noise,1.2,4,5,2,s4_p5_C-GDP-private-noise_l4_r2,c769d74613ae3570f9c17b34cb945979bab8810928db61e6cdcab9e24f04e4ef,5752036c9746b379b08f8d81e7c675cb73d756ef6978d23021e84add7e4a9e5d,,
0.603030303030303,,0.0,988babfb79a4be0620cf47d259d4da35f8fc07573e92f83a2e388003c17759ba,0.5740740740740741,fbad1ab4d3f64d62a196f24357615111235afb174d474e7a786bfba4657d628b,2026-09-07T11:00:43.859239+00:00,1,1.0934767489998194,,,,4,0.185,C-GDP-private-noise,1.2,4,5,3,s4_p5_C-GDP-private-noise_l4_r3,c769d74613ae3570f9c17b34cb945979bab8810928db61e6cdcab9e24f04e4ef,5752036c9746b379b08f8d81e7c675cb73d756ef6978d23021e84add7e4a9e5d,,
0.6090909090909091,,0.0,988babfb79a4be0620cf47d259d4da35f8fc07573e92f83a2e388003c17759ba,0.60997150997151,fbad1ab4d3f64d62a196f24357615111235afb174d474e7a786bfba4657d628b,2026-09-07T11:00:44.878091+00:00,1,0.8566233739984455,,,,5,0.229,C-GDP-private-noise,1.5,4,5,0,s4_p5_C-GDP-private-noise_l5_r0,c769d74613ae3570f9c17b34cb945979bab8810928db61e6cdcab9e24f04e4ef,5752036c9746b379b08f8d81e7c675cb73d756ef6978d23021e84add7e4a9e5d,,
0.5757575757575758,,0.0,988babfb79a4be0620cf47d259d4da35f8fc07573e92f83a2e388003c17759ba,0.5065527065527066,fbad1ab4d3f64d62a196f24357615111235afb174d474e7a786bfba4657d628b,2026-09-07T11:00:45.324161+00:00,1,0.2948024319994147,,,,5,0.217,C-GDP-private-noise,1.5,4,5,1,s4_p5_C-GDP-private-noise_l5_r1,c769d74613ae3570f9c17b34cb945979bab8810928db61e6cdcab9e24f04e4ef,5752036c9746b379b08f8d81e7c675cb73d756ef6978d23021e84add7e4a9e5d,,
0.5575757575757576,,0.0,988babfb79a4be0620cf47d259d4da35f8fc07573e92f83a2e388003c17759ba,0.5846153846153845,fbad1ab4d3f64d62a196f24357615111235afb174d474e7a786bfba4657d628b,2026-09-07T11:00:45.852371+00:00,1,0.36013941999954113,,,,5,0.151,C-GDP-private-noise,1.5,4,5,2,s4_p5_C-GDP-private-noise_l5_r2,c769d74613ae3570f9c17b34cb945979bab8810928db61e6cdcab9e24f04e4ef,5752036c9746b379b08f8d81e7c675cb73d756ef6978d23021e84add7e4a9e5d,,
0.5606060606060606,,0.0,988babfb79a4be0620cf47d259d4da35f8fc07573e92f83a2e388003c17759ba,0.5757834757834758,fbad1ab4d3f64d62a196f24357615111235afb174d474e7a786bfba4657d628b,2026-09-07T11:00:46.377008+00:00,1,0.3558232870000211,,,,5,0.182,C-GDP-private-noise,1.5,4,5,3,s4_p5_C-GDP-private-noise_l5_r3,c769d74613ae3570f9c17b34cb945979bab8810928db61e6cdcab9e24f04e4ef,5752036c9746b379b08f8d81e7c675cb73d756ef6978d23021e84add7e4a9e5d,,
0.5515151515151515,,0.0,988babfb79a4be0620cf47d259d4da35f8fc07573e92f83a2e388003c17759ba,0.5544159544159544,fbad1ab4d3f64d62a196f24357615111235afb174d474e7a786bfba4657d628b,2026-09-07T11:00:48.275232+00:00,1,0.7205453170008695,,,,6,0.137,C-GDP-private-noise,1.8,4,5,0,s4_p5_C-GDP-private-noise_l6_r0,c769d74613ae3570f9c17b34cb945979bab8810928db61e6cdcab9e24f04e4ef,5752036c9746b379b08f8d81e7c675cb73d756ef6978d23021e84add7e4a9e5d,,
0.5272727272727272,,0.0,988babfb79a4be0620cf47d259d4da35f8fc07573e92f83a2e388003c17759ba,0.5122507122507123,fbad1ab4d3f64d62a196f24357615111235afb174d474e7a786bfba4657d628b,2026-09-07T11:00:48.991504+00:00,1,0.5768934589996206,,,,6,0.158,C-GDP-private-noise,1.8,4,5,1,s4_p5_C-GDP-private-noise_l6_r1,c769d74613ae3570f9c17b34cb945979bab8810928db61e6cdcab9e24f04e4ef,5752036c9746b379b08f8d81e7c675cb73d756ef6978d23021e84add7e4a9e5d,,
0.5757575757575758,,0.0,988babfb79a4be0620cf47d259d4da35f8fc07573e92f83a2e388003c17759ba,0.5407407407407407,fbad1ab4d3f64d62a196f24357615111235afb174d474e7a786bfba4657d628b,2026-09-07T11:00:49.762294+00:00,1,0.6233806990003359,,,,6,0.139,C-GDP-private-noise,1.8,4,5,2,s4_p5_C-GDP-private-noise_l6_r2,c769d74613ae3570f9c17b34cb945979bab8810928db61e6cdcab9e24f04e4ef,5752036c9746b379b08f8d81e7c675cb73d756ef6978d23021e84add7e4a9e5d,,
0.593939393939394,,0.0,988babfb79a4be0620cf47d259d4da35f8fc07573e92f83a2e388003c17759ba,0.58005698005698,fbad1ab4d3f64d62a196f24357615111235afb174d474e7a786bfba4657d628b,2026-09-07T11:00:50.455463+00:00,1,0.5363548380009888,,,,6,0.161,C-GDP-private-noise,1.8,4,5,3,s4_p5_C-GDP-private-noise_l6_r3,c769d74613ae3570f9c17b34cb945979bab8810928db61e6cdcab9e24f04e4ef,5752036c9746b379b08f8d81e7c675cb73d756ef6978d23021e84add7e4a9e5d,,
0.5757575757575758,,0.0,988babfb79a4be0620cf47d259d4da35f8fc07573e92f83a2e388003c17759ba,0.5578347578347578,fbad1ab4d3f64d62a196f24357615111235afb174d474e7a786bfba4657d628b,2026-09-07T11:00:51.145049+00:00,1,0.5412339539998356,,,,7,0.172,C-GDP-private-noise,2.1,4,5,0,s4_p5_C-GDP-private-noise_l7_r0,c769d74613ae3570f9c17b34cb945979bab8810928db61e6cdcab9e24f04e4ef,5752036c9746b379b08f8d81e7c675cb73d756ef6978d23021e84add7e4a9e5d,,
0.6121212121212121,,0.0,988babfb79a4be0620cf47d259d4da35f8fc07573e92f83a2e388003c17759ba,0.5623931623931624,fbad1ab4d3f64d62a196f24357615111235afb174d474e7a786bfba4657d628b,2026-09-07T11:00:52.822638+00:00,1,0.4803651700003684,,,,7,0.173,C-GDP-private-noise,2.1,4,5,1,s4_p5_C-GDP-private-noise_l7_r1,c769d74613ae3570f9c17b34cb945979bab8810928db61e6cdcab9e24f04e4ef,5752036c9746b379b08f8d81e7c675cb73d756ef6978d23021e84add7e4a9e5d,,
0.5848484848484848,,0.0,988babfb79a4be0620cf47d259d4da35f8fc07573e92f83a2e388003c17759ba,0.5085470085470085,fbad1ab4d3f64d62a196f24357615111235afb174d474e7a786bfba4657d628b,2026-09-07T11:00:53.344241+00:00,1,0.36285524999948393,,,,7,0.151,C-GDP-private-noise,2.1,4,5,2,s4_p5_C-GDP-private-noise_l7_r2,c769d74613ae3570f9c17b34cb945979bab8810928db61e6cdcab9e24f04e4ef,5752036c9746b379b08f8d81e7c675cb73d756ef6978d23021e84add7e4a9e5d,,
0.5787878787878787,,0.0,988babfb79a4be0620cf47d259d4da35f8fc07573e92f83a2e388003c17759ba,0.5695156695156696,fbad1ab4d3f64d62a196f24357615111235afb174d474e7a786bfba4657d628b,2026-09-07T11:00:53.991940+00:00,1,0.49224943599983817,,,,7,0.175,C-GDP-private-noise,2.1,4,5,3,s4_p5_C-GDP-private-noise_l7_r3,c769d74613ae3570f9c17b34cb945979bab8810928db61e6cdcab9e24f04e4ef,5752036c9746b379b08f8d81e7c675cb73d756ef6978d23021e84add7e4a9e5d,,
0.6303030303030303,,0.0,988babfb79a4be0620cf47d259d4da35f8fc07573e92f83a2e388003c17759ba,0.5846153846153846,fbad1ab4d3f64d62a196f24357615111235afb174d474e7a786bfba4657d628b,2026-09-07T11:00:54.672686+00:00,1,0.514672570001494,,,,8,0.127,C-GDP-private-noise,2.4,4,5,0,s4_p5_C-GDP-private-noise_l8_r0,c769d74613ae3570f9c17b34cb945979bab8810928db61e6cdcab9e24f04e4ef,5752036c9746b379b08f8d81e7c675cb73d756ef6978d23021e84add7e4a9e5d,,
0.6272727272727273,,0.0,988babfb79a4be0620cf47d259d4da35f8fc07573e92f83a2e388003c17759ba,0.6105413105413104,fbad1ab4d3f64d62a196f24357615111235afb174d474e7a786bfba4657d628b,2026-09-07T11:00:55.475010+00:00,1,0.6226133210002445,,,,8,0.135,C-GDP-private-noise,2.4,4,5,1,s4_p5_C-GDP-private-noise_l8_r1,c769d74613ae3570f9c17b34cb945979bab8810928db61e6cdcab9e24f04e4ef,5752036c9746b379b08f8d81e7c675cb73d756ef6978d23021e84add7e4a9e5d,,
0.5848484848484848,,0.0,988babfb79a4be0620cf47d259d4da35f8fc07573e92f83a2e388003c17759ba,0.5769230769230769,fbad1ab4d3f64d62a196f24357615111235afb174d474e7a786bfba4657d628b,2026-09-07T11:00:57.043136+00:00,1,0.35265042200080643,,,,8,0.142,C-GDP-private-noise,2.4,4,5,2,s4_p5_C-GDP-private-noise_l8_r2,c769d74613ae3570f9c17b34cb945979bab8810928db61e6cdcab9e24f04e4ef,5752036c9746b379b08f8d81e7c675cb73d756ef6978d23021e84add7e4a9e5d,,
0.5818181818181818,,0.0,988babfb79a4be0620cf47d259d4da35f8fc07573e92f83a2e388003c17759ba,0.5789173789173789,fbad1ab4d3f64d62a196f24357615111235afb174d474e7a786bfba4657d628b,2026-09-07T11:00:57.637004+00:00,1,0.44776125399948796,,,,8,0.136,C-GDP-private-noise,2.4,4,5,3,s4_p5_C-GDP-private-noise_l8_r3,c769d74613ae3570f9c17b34cb945979bab8810928db61e6cdcab9e24f04e4ef,5752036c9746b379b08f8d81e7c675cb73d756ef6978d23021e84add7e4a9e5d,,
0.5909090909090909,,0.0,988babfb79a4be0620cf47d259d4da35f8fc07573e92f83a2e388003c17759ba,0.5752136752136752,fbad1ab4d3f64d62a196f24357615111235afb174d474e7a786bfba4657d628b,2026-09-07T11:00:58.143554+00:00,1,0.33015029599846457,,,,9,0.112,C-GDP-private-noise,2.7,4,5,0,s4_p5_C-GDP-private-noise_l9_r0,c769d74613ae3570f9c17b34cb945979bab8810928db61e6cdcab9e24f04e4ef,5752036c9746b379b08f8d81e7c675cb73d756ef6978d23021e84add7e4a9e5d,,
0.5333333333333333,,0.0,988babfb79a4be0620cf47d259d4da35f8fc07573e92f83a2e388003c17759ba,0.5105413105413106,fbad1ab4d3f64d62a196f24357615111235afb174d474e7a786bfba4657d628b,2026-09-07T11:00:58.589539+00:00,1,0.2995759539990104,,,,9,0.143,C-GDP-private-noise,2.7,4,5,1,s4_p5_C-GDP-private-noise_l9_r1,c769d74613ae3570f9c17b34cb945979bab8810928db61e6cdcab9e24f04e4ef,5752036c9746b379b08f8d81e7c675cb73d756ef6978d23021e84add7e4a9e5d,,
0.5878787878787879,,0.0,988babfb79a4be0620cf47d259d4da35f8fc07573e92f83a2e388003c17759ba,0.5908831908831909,fbad1ab4d3f64d62a196f24357615111235afb174d474e7a786bfba4657d628b,2026-09-07T11:00:59.120356+00:00,1,0.38611542400030885,,,,9,0.127,C-GDP-private-noise,2.7,4,5,2,s4_p5_C-GDP-private-noise_l9_r2,c769d74613ae3570f9c17b34cb945979bab8810928db61e6cdcab9e24f04e4ef,5752036c9746b379b08f8d81e7c675cb73d756ef6978d23021e84add7e4a9e5d,,
0.5484848484848485,,0.0,988babfb79a4be0620cf47d259d4da35f8fc07573e92f83a2e388003c17759ba,0.5472934472934473,fbad1ab4d3f64d62a196f24357615111235afb174d474e7a786bfba4657d628b,2026-09-07T11:01:00.869623+00:00,1,0.5755634749984893,,,,9,0.1,C-GDP-private-noise,2.7,4,5,3,s4_p5_C-GDP-private-noise_l9_r3,c769d74613ae3570f9c17b34cb945979bab8810928db61e6cdcab9e24f04e4ef,5752036c9746b379b08f8d81e7c675cb73d756ef6978d23021e84add7e4a9e5d,,
0.7242424242424242,,0.0,988babfb79a4be0620cf47d259d4da35f8fc07573e92f83a2e388003c17759ba,0.7393162393162394,fbad1ab4d3f64d62a196f24357615111235afb174d474e7a786bfba4657d628b,2026-09-07T10:26:26.022848+00:00,1,1.3262799770000129,,,,0,0.67,C-GDP,0.0,4,5,0,s4_p5_C-GDP_l0_r0,c769d74613ae3570f9c17b34cb945979bab8810928db61e6cdcab9e24f04e4ef,5752036c9746b379b08f8d81e7c675cb73d756ef6978d23021e84add7e4a9e5d,,
0.6060606060606061,,0.0,988babfb79a4be0620cf47d259d4da35f8fc07573e92f83a2e388003c17759ba,0.5584045584045584,fbad1ab4d3f64d62a196f24357615111235afb174d474e7a786bfba4657d628b,2026-09-07T10:26:26.617991+00:00,1,0.5476909459994204,,,,0,,I-GDP,0.0,4,5,0,s4_p5_I-GDP_l0_r0,c769d74613ae3570f9c17b34cb945979bab8810928db61e6cdcab9e24f04e4ef,5752036c9746b379b08f8d81e7c675cb73d756ef6978d23021e84add7e4a9e5d,,
0.5727272727272728,,0.0,988babfb79a4be0620cf47d259d4da35f8fc07573e92f83a2e388003c17759ba,0.5495726495726496,fbad1ab4d3f64d62a196f24357615111235afb174d474e7a786bfba4657d628b,2026-09-07T10:26:23.717343+00:00,0,0.9746368910000456,,,,0,,Local-only,0.0,4,5,0,s4_p5_Local-only_l0_r0,c769d74613ae3570f9c17b34cb945979bab8810928db61e6cdcab9e24f04e4ef,5752036c9746b379b08f8d81e7c675cb73d756ef6978d23021e84add7e4a9e5d,,5.0
0.6,,94.22372918200017,988babfb79a4be0620cf47d259d4da35f8fc07573e92f83a2e388003c17759ba,0.558974358974359,fbad1ab4d3f64d62a196f24357615111235afb174d474e7a786bfba4657d628b,2026-09-07T10:55:37.851372+00:00,1,0.5669044099995517,False,500.0,0.009783066842827363,10,0.081,NAA-GDP,0.06,4,5,0,s4_p5_NAA-GDP_l10_r0,c769d74613ae3570f9c17b34cb945979bab8810928db61e6cdcab9e24f04e4ef,5752036c9746b379b08f8d81e7c675cb73d756ef6978d23021e84add7e4a9e5d,,
0.6393939393939394,,94.37324255400017,988babfb79a4be0620cf47d259d4da35f8fc07573e92f83a2e388003c17759ba,0.6059829059829059,fbad1ab4d3f64d62a196f24357615111235afb174d474e7a786bfba4657d628b,2026-09-07T10:57:13.973586+00:00,1,1.1674247800001467,False,500.0,0.011441658432071126,10,0.12,NAA-GDP,0.06,4,5,1,s4_p5_NAA-GDP_l10_r1,c769d74613ae3570f9c17b34cb945979bab8810928db61e6cdcab9e24f04e4ef,5752036c9746b379b08f8d81e7c675cb73d756ef6978d23021e84add7e4a9e5d,,
0.593939393939394,,93.94300978300089,988babfb79a4be0620cf47d259d4da35f8fc07573e92f83a2e388003c17759ba,0.5743589743589743,fbad1ab4d3f64d62a196f24357615111235afb174d474e7a786bfba4657d628b,2026-09-07T10:58:49.161018+00:00,1,0.6702991810016101,False,500.0,0.010625865929584423,10,0.133,NAA-GDP,0.06,4,5,2,s4_p5_NAA-GDP_l10_r2,c769d74613ae3570f9c17b34cb945979bab8810928db61e6cdcab9e24f04e4ef,5752036c9746b379b08f8d81e7c675cb73d756ef6978d23021e84add7e4a9e5d,,
0.5333333333333333,,93.94257210100113,988babfb79a4be0620cf47d259d4da35f8fc07573e92f83a2e388003c17759ba,0.5470085470085471,fbad1ab4d3f64d62a196f24357615111235afb174d474e7a786bfba4657d628b,2026-09-07T11:00:24.525837+00:00,1,0.8619202500012761,False,500.0,0.009433208218937754,10,0.133,NAA-GDP,0.06,4,5,3,s4_p5_NAA-GDP_l10_r3,c769d74613ae3570f9c17b34cb945979bab8810928db61e6cdcab9e24f04e4ef,5752036c9746b379b08f8d81e7c675cb73d756ef6978d23021e84add7e4a9e5d,,
0.7333333333333333,,1.5354162929997983,988babfb79a4be0620cf47d259d4da35f8fc07573e92f83a2e388003c17759ba,0.7207977207977208,fbad1ab4d3f64d62a196f24357615111235afb174d474e7a786bfba4657d628b,2026-09-07T10:26:31.943421+00:00,1,0.8076705260009476,True,5.0,3.1475987117637116e-08,1,0.586,NAA-GDP,0.006,4,5,0,s4_p5_NAA-GDP_l1_r0,c769d74613ae3570f9c17b34cb945979bab8810928db61e6cdcab9e24f04e4ef,5752036c9746b379b08f8d81e7c675cb73d756ef6978d23021e84add7e4a9e5d,,
0.6242424242424243,,1.51193819800028,988babfb79a4be0620cf47d259d4da35f8fc07573e92f83a2e388003c17759ba,0.6102564102564103,fbad1ab4d3f64d62a196f24357615111235afb174d474e7a786bfba4657d628b,2026-09-07T10:26:34.530779+00:00,1,0.4919600269986404,True,5.0,3.193742174178571e-08,1,0.631,NAA-GDP,0.006,4,5,1,s4_p5_NAA-GDP_l1_r1,c769d74613ae3570f9c17b34cb945979bab8810928db61e6cdcab9e24f04e4ef,5752036c9746b379b08f8d81e7c675cb73d756ef6978d23021e84add7e4a9e5d,,
0.6848484848484848,,1.5080323459987994,988babfb79a4be0620cf47d259d4da35f8fc07573e92f83a2e388003c17759ba,0.7162393162393161,fbad1ab4d3f64d62a196f24357615111235afb174d474e7a786bfba4657d628b,2026-09-07T10:26:37.712764+00:00,1,1.079702682000061,True,5.0,3.232585394809575e-08,1,0.571,NAA-GDP,0.006,4,5,2,s4_p5_NAA-GDP_l1_r2,c769d74613ae3570f9c17b34cb945979bab8810928db61e6cdcab9e24f04e4ef,5752036c9746b379b08f8d81e7c675cb73d756ef6978d23021e84add7e4a9e5d,,
0.6787878787878788,,1.5061464339996746,988babfb79a4be0620cf47d259d4da35f8fc07573e92f83a2e388003c17759ba,0.70997150997151,fbad1ab4d3f64d62a196f24357615111235afb174d474e7a786bfba4657d628b,2026-09-07T10:26:41.077010+00:00,1,1.2873110239997914,True,5.0,3.1538932448610076e-08,1,0.575,NAA-GDP,0.006,4,5,3,s4_p5_NAA-GDP_l1_r3,c769d74613ae3570f9c17b34cb945979bab8810928db61e6cdcab9e24f04e4ef,5752036c9746b379b08f8d81e7c675cb73d756ef6978d23021e84add7e4a9e5d,,
0.7272727272727273,,2.03258450300018,988babfb79a4be0620cf47d259d4da35f8fc07573e92f83a2e388003c17759ba,0.7259259259259259,fbad1ab4d3f64d62a196f24357615111235afb174d474e7a786bfba4657d628b,2026-09-07T10:26:44.639676+00:00,1,0.9400011509987962,True,8.0,4.1996937028286095e-08,2,0.542,NAA-GDP,0.012,4,5,0,s4_p5_NAA-GDP_l2_r0,c769d74613ae3570f9c17b34cb945979bab8810928db61e6cdcab9e24f04e4ef,5752036c9746b379b08f8d81e7c675cb73d756ef6978d23021e84add7e4a9e5d,,
0.6666666666666666,,2.050919908000651,988babfb79a4be0620cf47d259d4da35f8fc07573e92f83a2e388003c17759ba,0.6905982905982906,fbad1ab4d3f64d62a196f24357615111235afb174d474e7a786bfba4657d628b,2026-09-07T10:26:49.080631+00:00,1,0.8851578949997929,True,8.0,4.208294351009774e-08,2,0.504,NAA-GDP,0.012,4,5,1,s4_p5_NAA-GDP_l2_r1,c769d74613ae3570f9c17b34cb945979bab8810928db61e6cdcab9e24f04e4ef,5752036c9746b379b08f8d81e7c675cb73d756ef6978d23021e84add7e4a9e5d,,
0.6818181818181818,,2.032704517001548,988babfb79a4be0620cf47d259d4da35f8fc07573e92f83a2e388003c17759ba,0.6794871794871795,fbad1ab4d3f64d62a196f24357615111235afb174d474e7a786bfba4657d628b,2026-09-07T10:26:52.380870+00:00,1,0.7103613920007774,True,8.0,4.0080005630854685e-08,2,0.462,NAA-GDP,0.012,4,5,2,s4_p5_NAA-GDP_l2_r2,c769d74613ae3570f9c17b34cb945979bab8810928db61e6cdcab9e24f04e4ef,5752036c9746b379b08f8d81e7c675cb73d756ef6978d23021e84add7e4a9e5d,,
0.6303030303030303,,2.027437558001111,988babfb79a4be0620cf47d259d4da35f8fc07573e92f83a2e388003c17759ba,0.6142450142450142,fbad1ab4d3f64d62a196f24357615111235afb174d474e7a786bfba4657d628b,2026-09-07T10:26:55.482856+00:00,1,0.44538161600030435,True,8.0,4.1770082749971676e-08,2,0.46,NAA-GDP,0.012,4,5,3,s4_p5_NAA-GDP_l2_r3,c769d74613ae3570f9c17b34cb945979bab8810928db61e6cdcab9e24f04e4ef,5752036c9746b379b08f8d81e7c675cb73d756ef6978d23021e84add7e4a9e5d,,
0.6818181818181818,,2.9575937729987345,988babfb79a4be0620cf47d259d4da35f8fc07573e92f83a2e388003c17759ba,0.6692307692307693,fbad1ab4d3f64d62a196f24357615111235afb174d474e7a786bfba4657d628b,2026-09-07T10:26:59.722816+00:00,1,0.695329998001398,True,13.0,3.3617604238162963e-08,3,0.35,NAA-GDP,0.018,4,5,0,s4_p5_NAA-GDP_l3_r0,c769d74613ae3570f9c17b34cb945979bab8810928db61e6cdcab9e24f04e4ef,5752036c9746b379b08f8d81e7c675cb73d756ef6978d23021e84add7e4a9e5d,,
0.6848484848484848,,2.9565578070014453,988babfb79a4be0620cf47d259d4da35f8fc07573e92f83a2e388003c17759ba,0.6660968660968661,fbad1ab4d3f64d62a196f24357615111235afb174d474e7a786bfba4657d628b,2026-09-07T10:27:04.068045+00:00,1,0.8090768210004171,True,13.0,3.3401987422969366e-08,3,0.396,NAA-GDP,0.018,4,5,1,s4_p5_NAA-GDP_l3_r1,c769d74613ae3570f9c17b34cb945979bab8810928db61e6cdcab9e24f04e4ef,5752036c9746b379b08f8d81e7c675cb73d756ef6978d23021e84add7e4a9e5d,,
0.6757575757575758,,2.978506171000845,988babfb79a4be0620cf47d259d4da35f8fc07573e92f83a2e388003c17759ba,0.6857549857549857,fbad1ab4d3f64d62a196f24357615111235afb174d474e7a786bfba4657d628b,2026-09-07T10:27:09.225517+00:00,1,0.6702986700001929,True,13.0,3.487563128769809e-08,3,0.379,NAA-GDP,0.018,4,5,2,s4_p5_NAA-GDP_l3_r2,c769d74613ae3570f9c17b34cb945979bab8810928db61e6cdcab9e24f04e4ef,5752036c9746b379b08f8d81e7c675cb73d756ef6978d23021e84add7e4a9e5d,,
0.7181818181818181,,2.954827840001599,988babfb79a4be0620cf47d259d4da35f8fc07573e92f83a2e388003c17759ba,0.7227920227920228,fbad1ab4d3f64d62a196f24357615111235afb174d474e7a786bfba4657d628b,2026-09-07T10:27:14.175719+00:00,1,1.3959701750009117,True,13.0,3.5396951177921504e-08,3,0.356,NAA-GDP,0.018,4,5,3,s4_p5_NAA-GDP_l3_r3,c769d74613ae3570f9c17b34cb945979bab8810928db61e6cdcab9e24f04e4ef,5752036c9746b379b08f8d81e7c675cb73d756ef6978d23021e84add7e4a9e5d,,
0.6606060606060606,,4.618597020999005,988babfb79a4be0620cf47d259d4da35f8fc07573e92f83a2e388003c17759ba,0.6809116809116809,fbad1ab4d3f64d62a196f24357615111235afb174d474e7a786bfba4657d628b,2026-09-07T10:27:20.144196+00:00,1,0.7924465260002762,True,22.0,7.535260043974454e-08,4,0.311,NAA-GDP,0.024,4,5,0,s4_p5_NAA-GDP_l4_r0,c769d74613ae3570f9c17b34cb945979bab8810928db61e6cdcab9e24f04e4ef,5752036c9746b379b08f8d81e7c675cb73d756ef6978d23021e84add7e4a9e5d,,
0.6090909090909091,,4.619269574999635,988babfb79a4be0620cf47d259d4da35f8fc07573e92f83a2e388003c17759ba,0.6145299145299146,fbad1ab4d3f64d62a196f24357615111235afb174d474e7a786bfba4657d628b,2026-09-07T10:27:26.089101+00:00,1,0.7320519029999559,True,22.0,8.653074972154001e-08,4,0.27,NAA-GDP,0.024,4,5,1,s4_p5_NAA-GDP_l4_r1,c769d74613ae3570f9c17b34cb945979bab8810928db61e6cdcab9e24f04e4ef,5752036c9746b379b08f8d81e7c675cb73d756ef6978d23021e84add7e4a9e5d,,
0.6545454545454545,,4.628227230001357,988babfb79a4be0620cf47d259d4da35f8fc07573e92f83a2e388003c17759ba,0.6598290598290598,fbad1ab4d3f64d62a196f24357615111235afb174d474e7a786bfba4657d628b,2026-09-07T10:27:32.097240+00:00,1,0.8265244859994709,True,22.0,7.354959978064926e-08,4,0.272,NAA-GDP,0.024,4,5,2,s4_p5_NAA-GDP_l4_r2,c769d74613ae3570f9c17b34cb945979bab8810928db61e6cdcab9e24f04e4ef,5752036c9746b379b08f8d81e7c675cb73d756ef6978d23021e84add7e4a9e5d,,
0.6848484848484848,,4.665088454001307,988babfb79a4be0620cf47d259d4da35f8fc07573e92f83a2e388003c17759ba,0.6934472934472935,fbad1ab4d3f64d62a196f24357615111235afb174d474e7a786bfba4657d628b,2026-09-07T10:27:39.558702+00:00,1,1.1838446050005587,True,22.0,7.448197869132887e-08,4,0.3,NAA-GDP,0.024,4,5,3,s4_p5_NAA-GDP_l4_r3,c769d74613ae3570f9c17b34cb945979bab8810928db61e6cdcab9e24f04e4ef,5752036c9746b379b08f8d81e7c675cb73d756ef6978d23021e84add7e4a9e5d,,
0.6,,10.029852149000362,988babfb79a4be0620cf47d259d4da35f8fc07573e92f83a2e388003c17759ba,0.6034188034188035,fbad1ab4d3f64d62a196f24357615111235afb174d474e7a786bfba4657d628b,2026-09-07T10:27:51.057575+00:00,1,0.8750944059993344,True,51.0,8.823107188522858e-08,5,0.241,NAA-GDP,0.03,4,5,0,s4_p5_NAA-GDP_l5_r0,c769d74613ae3570f9c17b34cb945979bab8810928db61e6cdcab9e24f04e4ef,5752036c9746b379b08f8d81e7c675cb73d756ef6978d23021e84add7e4a9e5d,,
0.5909090909090909,,10.54140025400011,988babfb79a4be0620cf47d259d4da35f8fc07573e92f83a2e388003c17759ba,0.6082621082621082,fbad1ab4d3f64d62a196f24357615111235afb174d474e7a786bfba4657d628b,2026-09-07T10:28:02.922941+00:00,1,0.7445705480004108,True,54.0,9.093440076744987e-08,5,0.202,NAA-GDP,0.03,4,5,1,s4_p5_NAA-GDP_l5_r1,c769d74613ae3570f9c17b34cb945979bab8810928db61e6cdcab9e24f04e4ef,5752036c9746b379b08f8d81e7c675cb73d756ef6978d23021e84add7e4a9e5d,,
0.6666666666666666,,10.791764662999412,988babfb79a4be0620cf47d259d4da35f8fc07573e92f83a2e388003c17759ba,0.6712250712250712,fbad1ab4d3f64d62a196f24357615111235afb174d474e7a786bfba4657d628b,2026-09-07T10:28:15.615881+00:00,1,1.3381512140003906,True,55.0,8.741504498859189e-08,5,0.305,NAA-GDP,0.03,4,5,2,s4_p5_NAA-GDP_l5_r2,c769d74613ae3570f9c17b34cb945979bab8810928db61e6cdcab9e24f04e4ef,5752036c9746b379b08f8d81e7c675cb73d756ef6978d23021e84add7e4a9e5d,,
0.6484848484848484,,10.6048727590005,988babfb79a4be0620cf47d259d4da35f8fc07573e92f83a2e388003c17759ba,0.631908831908832,fbad1ab4d3f64d62a196f24357615111235afb174d474e7a786bfba4657d628b,2026-09-07T10:28:27.845186+00:00,1,1.0294779489995562,True,54.0,8.903257851504237e-08,5,0.218,NAA-GDP,0.03,4,5,3,s4_p5_NAA-GDP_l5_r3,c769d74613ae3570f9c17b34cb945979bab8810928db61e6cdcab9e24f04e4ef,5752036c9746b379b08f8d81e7c675cb73d756ef6978d23021e84add7e4a9e5d,,
0.6090909090909091,,93.89272612199966,988babfb79a4be0620cf47d259d4da35f8fc07573e92f83a2e388003c17759ba,0.5860398860398861,fbad1ab4d3f64d62a196f24357615111235afb174d474e7a786bfba4657d628b,2026-09-07T10:30:03.830091+00:00,1,0.34664656599852606,False,500.0,0.0007684267483489999,6,0.175,NAA-GDP,0.036,4,5,0,s4_p5_NAA-GDP_l6_r0,c769d74613ae3570f9c17b34cb945979bab8810928db61e6cdcab9e24f04e4ef,5752036c9746b379b08f8d81e7c675cb73d756ef6978d23021e84add7e4a9e5d,,
0.6303030303030303,,93.84681142299996,988babfb79a4be0620cf47d259d4da35f8fc07573e92f83a2e388003c17759ba,0.6245014245014244,fbad1ab4d3f64d62a196f24357615111235afb174d474e7a786bfba4657d628b,2026-09-07T10:31:39.482877+00:00,1,1.196667829000944,False,500.0,0.011088118738205893,6,0.209,NAA-GDP,0.036,4,5,1,s4_p5_NAA-GDP_l6_r1,c769d74613ae3570f9c17b34cb945979bab8810928db61e6cdcab9e24f04e4ef,5752036c9746b379b08f8d81e7c675cb73d756ef6978d23021e84add7e4a9e5d,,
0.6727272727272727,,93.74426734600092,988babfb79a4be0620cf47d259d4da35f8fc07573e92f83a2e388003c17759ba,0.6478632478632478,fbad1ab4d3f64d62a196f24357615111235afb174d474e7a786bfba4657d628b,2026-09-07T10:33:15.058802+00:00,1,1.247451101000479,False,500.0,0.005530607170143563,6,0.111,NAA-GDP,0.036,4,5,2,s4_p5_NAA-GDP_l6_r2,c769d74613ae3570f9c17b34cb945979bab8810928db61e6cdcab9e24f04e4ef,5752036c9746b379b08f8d81e7c675cb73d756ef6978d23021e84add7e4a9e5d,,
0.6454545454545455,,93.80867666099948,988babfb79a4be0620cf47d259d4da35f8fc07573e92f83a2e388003c17759ba,0.6646723646723647,fbad1ab4d3f64d62a196f24357615111235afb174d474e7a786bfba4657d628b,2026-09-07T10:34:50.725225+00:00,1,1.2810714090010151,False,500.0,0.004356390727415952,6,0.188,NAA-GDP,0.036,4,5,3,s4_p5_NAA-GDP_l6_r3,c769d74613ae3570f9c17b34cb945979bab8810928db61e6cdcab9e24f04e4ef,5752036c9746b379b08f8d81e7c675cb73d756ef6978d23021e84add7e4a9e5d,,
0.5909090909090909,,93.9744429729999,988babfb79a4be0620cf47d259d4da35f8fc07573e92f83a2e388003c17759ba,0.5455840455840455,fbad1ab4d3f64d62a196f24357615111235afb174d474e7a786bfba4657d628b,2026-09-07T10:36:26.167742+00:00,1,0.8816654370002652,False,500.0,0.008302072778207277,7,0.146,NAA-GDP,0.042,4,5,0,s4_p5_NAA-GDP_l7_r0,c769d74613ae3570f9c17b34cb945979bab8810928db61e6cdcab9e24f04e4ef,5752036c9746b379b08f8d81e7c675cb73d756ef6978d23021e84add7e4a9e5d,,
0.5969696969696969,,93.88737817900073,988babfb79a4be0620cf47d259d4da35f8fc07573e92f83a2e388003c17759ba,0.5575498575498575,fbad1ab4d3f64d62a196f24357615111235afb174d474e7a786bfba4657d628b,2026-09-07T10:38:02.507021+00:00,1,0.6591773190011736,False,500.0,0.007496114033035607,7,0.212,NAA-GDP,0.042,4,5,1,s4_p5_NAA-GDP_l7_r1,c769d74613ae3570f9c17b34cb945979bab8810928db61e6cdcab9e24f04e4ef,5752036c9746b379b08f8d81e7c675cb73d756ef6978d23021e84add7e4a9e5d,,
0.6393939393939394,,93.96429759499915,988babfb79a4be0620cf47d259d4da35f8fc07573e92f83a2e388003c17759ba,0.6470085470085469,fbad1ab4d3f64d62a196f24357615111235afb174d474e7a786bfba4657d628b,2026-09-07T10:39:38.672793+00:00,1,1.6280691850006406,False,500.0,0.010707422002732158,7,0.193,NAA-GDP,0.042,4,5,2,s4_p5_NAA-GDP_l7_r2,c769d74613ae3570f9c17b34cb945979bab8810928db61e6cdcab9e24f04e4ef,5752036c9746b379b08f8d81e7c675cb73d756ef6978d23021e84add7e4a9e5d,,
0.6151515151515151,,94.00189380800111,988babfb79a4be0620cf47d259d4da35f8fc07573e92f83a2e388003c17759ba,0.5740740740740741,fbad1ab4d3f64d62a196f24357615111235afb174d474e7a786bfba4657d628b,2026-09-07T10:41:13.851112+00:00,1,0.6098545069999091,False,500.0,0.015351338119808145,7,0.164,NAA-GDP,0.042,4,5,3,s4_p5_NAA-GDP_l7_r3,c769d74613ae3570f9c17b34cb945979bab8810928db61e6cdcab9e24f04e4ef,5752036c9746b379b08f8d81e7c675cb73d756ef6978d23021e84add7e4a9e5d,,
0.6393939393939394,,93.93710871199983,988babfb79a4be0620cf47d259d4da35f8fc07573e92f83a2e388003c17759ba,0.6390313390313391,fbad1ab4d3f64d62a196f24357615111235afb174d474e7a786bfba4657d628b,2026-09-07T10:42:49.801877+00:00,1,1.4415799670005072,False,500.0,0.007753256458568398,8,0.187,NAA-GDP,0.048,4,5,0,s4_p5_NAA-GDP_l8_r0,c769d74613ae3570f9c17b34cb945979bab8810928db61e6cdcab9e24f04e4ef,5752036c9746b379b08f8d81e7c675cb73d756ef6978d23021e84add7e4a9e5d,,
0.5878787878787879,,94.16566896499899,988babfb79a4be0620cf47d259d4da35f8fc07573e92f83a2e388003c17759ba,0.5658119658119658,fbad1ab4d3f64d62a196f24357615111235afb174d474e7a786bfba4657d628b,2026-09-07T10:44:25.449617+00:00,1,0.8656662710000091,False,500.0,0.00780799034531803,8,0.132,NAA-GDP,0.048,4,5,1,s4_p5_NAA-GDP_l8_r1,c769d74613ae3570f9c17b34cb945979bab8810928db61e6cdcab9e24f04e4ef,5752036c9746b379b08f8d81e7c675cb73d756ef6978d23021e84add7e4a9e5d,,
0.6181818181818182,,94.4029087859999,988babfb79a4be0620cf47d259d4da35f8fc07573e92f83a2e388003c17759ba,0.5561253561253562,fbad1ab4d3f64d62a196f24357615111235afb174d474e7a786bfba4657d628b,2026-09-07T10:46:02.122030+00:00,1,0.5301403150006081,False,500.0,0.010570639009139949,8,0.151,NAA-GDP,0.048,4,5,2,s4_p5_NAA-GDP_l8_r2,c769d74613ae3570f9c17b34cb945979bab8810928db61e6cdcab9e24f04e4ef,5752036c9746b379b08f8d81e7c675cb73d756ef6978d23021e84add7e4a9e5d,,
0.6060606060606061,,94.12414347499907,988babfb79a4be0620cf47d259d4da35f8fc07573e92f83a2e388003c17759ba,0.5903133903133904,fbad1ab4d3f64d62a196f24357615111235afb174d474e7a786bfba4657d628b,2026-09-07T10:47:37.432465+00:00,1,0.6207051080000383,False,500.0,0.006607132388640826,8,0.184,NAA-GDP,0.048,4,5,3,s4_p5_NAA-GDP_l8_r3,c769d74613ae3570f9c17b34cb945979bab8810928db61e6cdcab9e24f04e4ef,5752036c9746b379b08f8d81e7c675cb73d756ef6978d23021e84add7e4a9e5d,,
0.6060606060606061,,94.16217089699967,988babfb79a4be0620cf47d259d4da35f8fc07573e92f83a2e388003c17759ba,0.5982905982905984,fbad1ab4d3f64d62a196f24357615111235afb174d474e7a786bfba4657d628b,2026-09-07T10:49:14.060272+00:00,1,1.857594484999936,False,500.0,0.006596809366598046,9,0.118,NAA-GDP,0.054,4,5,0,s4_p5_NAA-GDP_l9_r0,c769d74613ae3570f9c17b34cb945979bab8810928db61e6cdcab9e24f04e4ef,5752036c9746b379b08f8d81e7c675cb73d756ef6978d23021e84add7e4a9e5d,,
0.6303030303030303,,94.03314296600001,988babfb79a4be0620cf47d259d4da35f8fc07573e92f83a2e388003c17759ba,0.6153846153846154,fbad1ab4d3f64d62a196f24357615111235afb174d474e7a786bfba4657d628b,2026-09-07T10:50:49.929098+00:00,1,1.271952577000775,False,500.0,0.011227568971462423,9,0.136,NAA-GDP,0.054,4,5,1,s4_p5_NAA-GDP_l9_r1,c769d74613ae3570f9c17b34cb945979bab8810928db61e6cdcab9e24f04e4ef,5752036c9746b379b08f8d81e7c675cb73d756ef6978d23021e84add7e4a9e5d,,
0.6090909090909091,,94.33105203599916,988babfb79a4be0620cf47d259d4da35f8fc07573e92f83a2e388003c17759ba,0.5564102564102564,fbad1ab4d3f64d62a196f24357615111235afb174d474e7a786bfba4657d628b,2026-09-07T10:52:25.732229+00:00,1,0.9117941719996452,False,500.0,0.00572051928350269,9,0.139,NAA-GDP,0.054,4,5,2,s4_p5_NAA-GDP_l9_r2,c769d74613ae3570f9c17b34cb945979bab8810928db61e6cdcab9e24f04e4ef,5752036c9746b379b08f8d81e7c675cb73d756ef6978d23021e84add7e4a9e5d,,
0.6212121212121212,,94.40396749899992,988babfb79a4be0620cf47d259d4da35f8fc07573e92f83a2e388003c17759ba,0.5792022792022792,fbad1ab4d3f64d62a196f24357615111235afb174d474e7a786bfba4657d628b,2026-09-07T10:54:02.495944+00:00,1,0.6374353209994297,False,500.0,0.015015229322844227,9,0.107,NAA-GDP,0.054,4,5,3,s4_p5_NAA-GDP_l9_r3,c769d74613ae3570f9c17b34cb945979bab8810928db61e6cdcab9e24f04e4ef,5752036c9746b379b08f8d81e7c675cb73d756ef6978d23021e84add7e4a9e5d,,
